,PC1,PC2,PC3,PC4,PC5,PC6,PC7,PC8,PC9,PC10,PC11,PC12,PC13,PC14,PC15,PC16,PC17,PC18,PC19,PC20,PC21,PC22,PC23,PC24,PC25,PC26,PC27,PC28,PC29,PC30,PC31,PC32,PC33,PC34,PC35,PC36,PC37,PC38,PC39,PC40,PC41,PC42,PC43,PC44,PC45,PC46,PC47,PC48,PC49,PC50
DZQV_CD8_naive,-0.9068100521434387,-0.9787356222302649,-0.3392611931794933,-0.6889921795079683,1.2112098736655872,-0.2779311587715977,-0.04891799271320704,0.09867257881253569,-0.06377080371621098,-3.549591182869627,-1.1242182335746655,-0.8776644409077273,-0.6700854595382264,0.7894633645081041,0.5340576713713923,0.5841413153857847,-1.2273062090539337,-0.07482040293174576,1.8974188802229528,-1.259897165785518,0.24671258579050553,0.02511529609529012,-2.284924494449344,-0.5179809477618771,-0.3958715359045162,1.3994278527577602,0.573207958365146,-0.5075929940252415,0.6796189217326812,-0.5097349711831332,-0.1943122302047118,1.174206125875869,0.026413171271157648,-1.3178817275992263,-1.7611291712851627,-2.577187359930559,0.07794938154550636,-0.1959406809499964,0.638623140757548,1.567395320946778,1.2026919449314744,0.36982298999001323,-1.7410283779897857,1.5951124163578378,-0.931863642731665,0.9293387176217675,1.0707922927641846,0.5785032151685469,-0.45078813825077396,0.2943569198604081
DZQV_CD8_CM,-1.022579495914427,-0.1264664731928356,-0.3931392773130545,-0.1802760635879345,0.4404030548406305,-0.08234755776158896,-0.1897557323269616,0.007634632643212485,-0.5370779721825603,-0.9023508069091047,-2.173476647814457,-1.0613865223502859,-0.3601670092764877,0.3018258413553859,-0.6077632373708444,-0.33483501944807087,0.7370030588746215,-0.9798690081864305,1.4132400159377847,-0.22685308238601049,-0.7727686552918284,-1.78806617231391,-0.9261594925383617,-0.5769997955851383,-0.5269816321053334,1.0461570610654118,-2.388011342253571,1.6905829219343502,0.2342691110598784,1.444493377615413,-0.513102206174739,-0.04439876056246428,-0.02649332177638918,0.3748240419434343,0.2713635260541342,-0.8648276530567397,0.4311757768640821,-0.37888609069689877,1.9621614901571869,1.1227727183915115,0.06068119987542183,1.880745412542857,-1.7971227655192716,-1.0212107545252487,0.0994998106505761,0.09803516870447176,-1.3199296589862766,1.7556083342955282,0.8747045228309532,0.853958161490159
DZQV_CD8_EM,-0.8748155213659757,0.6271689206114336,-0.2406957847163057,0.6502291584023718,-1.135561756009361,-0.3516437542044278,-0.164633585773706,-0.06818846994411852,-0.031063227136665057,0.08105060130284213,-1.7173095020903324,-0.7961596343657679,-0.17361392573443943,-0.7072347424383223,0.0577720386327005,-0.6112566806019462,1.5994749898168612,0.3698264143339655,2.000487073001811,1.6913949482039066,0.5626948740671217,-2.716960825788281,-0.8772502510117891,-1.0072510297667063,-2.292328430620278,-0.7774622319858302,1.411377265707912,0.777855292395832,-1.5208221063820981,-0.17878587308896182,-1.858249629479859,0.9734474868605342,-0.40093478346826816,0.44047212144183173,0.03742018909024982,1.6858465282746171,2.162711133918693,0.05920450135454258,0.5350432392674379,-0.5585597547552774,-0.542728075690102,-0.00012507926808501534,1.8099403082319296,0.044786350598388515,-0.9104153776564116,0.45439225697901187,-1.3397704357497349,-0.009464054346955866,-1.0043787531109432,1.5001824871925797
DZQV_CD8_TE,-0.6977491818359273,0.793497059086067,-0.3287886894685933,1.0732704748650683,-1.76133608647385,-0.36854965039595156,-0.23530162817383313,0.06783341651422826,-0.2741770389308428,-0.7975963383342213,-0.4575659800883774,-0.5445985379328859,0.26868808699742475,-0.5885801751661323,1.0098636168201756,-0.2732496842623703,2.1475878148290812,1.3301330079477585,-1.907211608417977,-0.4292674264053244,-1.6418701576235377,0.08416465925620197,-2.031863108895002,0.6091510500210645,-0.4368578365496311,0.06906213486891602,-0.36088472651525205,-0.16883756966314722,0.41610882665458915,-0.10070660737557044,-0.9424933877794647,0.21471282692387145,0.6623457544612482,0.06957918727399508,-1.386493420859077,0.9162221640514883,-0.8940496939560868,-0.374710368923045,-0.5245299041867217,-1.0440599687701417,0.20136134580065218,0.8430581843831261,-0.17036175558797437,-0.1677327690180824,-1.992913944844132,-1.0698295103017907,-0.7863959433931466,-0.06849171148045877,-1.0327180522748558,0.06275070935531885
DZQV_MAIT,-0.9262953747433155,0.3100616475546609,-0.6195295672782404,0.042185404381948434,-0.13395986200337556,-0.5172747838154468,-0.467471720717776,-0.2840285218821876,-0.2600400814502099,1.8968979451185364,-2.323942209213739,-0.050871702021244046,-0.11232793607706892,2.8859193491380584,1.4674370830352743,1.3603746124475231,-1.23343987461898,0.18511291862288157,0.1354097776538706,-0.5504909071010546,0.09403149998372767,-0.35750392475267384,-1.4728921346316637,-1.0642081987401806,-0.706553348679207,-1.192510721254446,0.17287932143707324,-1.0497490018202014,-1.2638730791936905,0.4580888152827712,-0.8710629361583009,0.5206460127332454,-0.14401109291855868,0.803017182644435,-0.16091061018639063,-0.4976304820909843,-0.3636557625567392,-0.49702098159869124,0.4547131169345243,-1.173843978024785,-0.5179707541335503,0.5230285268615394,-0.3882337168199029,-0.49941424944945884,0.7186193358488512,0.4142139438443465,-0.5028248565074188,-0.7196842708061182,0.5975465641944774,0.01814231951846619
DZQV_VD2+,-0.7609792183758409,0.7323187339714764,-0.5020707564768957,1.0819626809638103,-1.4473187485707677,-0.5788896595627907,0.14138970797451764,-0.04083464303011415,-0.47059321249086544,-0.3534773095535865,-0.5236883710918774,-0.5137552081607673,0.5233175681339365,-0.4035551300205619,1.838542010740826,0.27620746622199244,1.5195273771539504,1.595463560344969,-1.3472206857230529,-1.980879063196101,-0.2988287774102647,-0.1207669174774064,-1.985465647746745,0.5294804435733907,-1.6808417569961278,-1.97151010559485,1.1790683246352363,-1.5753395180503735,-0.26097137045281593,-0.8394488358288095,0.7937906776124365,-1.0521099658870317,-0.7884713596684776,-1.4499881301110742,-0.2881010026475702,0.022186083059167694,-0.5101783410762397,-0.2113984444197767,0.4563473578393963,1.4087075682144437,1.6664011525118365,0.35006001762695804,0.831104524161983,2.44706744925636,-0.1985844614456353,0.48180190062731304,-0.05218344132182616,-2.1621507583778112,-1.8210662951089076,-0.2707272809462012
DZQV_VD2-,-0.7769735900099635,0.9719884811609572,-0.17516545217668186,0.9289396545108399,-1.753488703560355,-0.017738324677588894,-0.4644662903954227,0.03333549989538663,-0.05535663060008096,-0.886904412759337,-1.487439709958168,-0.4429435041827341,0.05191181235949877,-1.1417916569189863,0.1712785191506073,-0.7603118943495605,-0.40011462706972306,0.0552649746243792,0.09945634220137342,0.156097526848732,-0.2389614241600041,0.12112461210799902,-2.8638697683806806,-1.4804443079010532,0.38880742377836836,0.3423589605419443,-0.7287748749587475,-0.6843644138853222,-1.4949059658837447,-0.06161145732410156,-0.8650709773300551,0.01690674748222061,3.5405899408788475,0.6859625656219811,-0.2243769678793298,0.7167129807962069,-0.33142322922038053,-0.12512954337732782,-0.2596276489757662,0.3402956615287986,0.4723509983911075,-1.2610496828255044,-0.5525290739299156,1.508184531927944,-0.9127824541495587,-0.7645943243837217,0.7597075108192698,0.6612050533738557,-0.6330283077082797,-1.8377621579576395
DZQV_TFH,-0.9469245715291924,-0.4952531131753057,-0.6028382799879798,-0.08889634282947716,1.0231151650666728,-0.17222575089180792,0.07387114579712861,-0.14764722170603373,-0.621380227462509,-0.9173259418475573,-2.1215008483230404,-0.10379525862031465,0.15311841342499183,-1.8024480547594137,-0.041314098956679486,-0.6895615260181664,-0.5096201429922285,-0.13654319030605813,0.29490260394175527,-0.10956147498584515,0.8567984693982508,-0.6500103538203206,-3.073852904664225,-0.4372763230535579,-1.927864396498537,3.7065849480550788,-0.07701220754697541,0.9710409816611126,0.9961442486206741,-2.031599528228755,3.4154282730681413,0.4498217436048953,-1.5921497431383598,-0.47523804631298633,1.5219818426039318,0.37930623240762773,-0.46221386913278506,2.143555035856318,-3.06343021532714,-2.021962900793032,-1.1242277029803138,-0.0028168748009539143,0.2830247827771308,-1.068585891781913,-2.773964789877997e-05,0.17786843452323944,0.26650371671345835,-0.0023653856615001904,-1.5283983370227012,0.687591840994182
DZQV_Treg,-0.9952342072459309,-0.019088316145118182,-0.2775023253019329,-0.26989574559628765,1.1491578183318463,0.23815013421564346,0.11800695533008129,-0.14270028338073656,0.12482574619006924,0.585781621884612,-0.48133654603634124,0.6451167172640063,-0.2085539602204705,-1.64864453175976,1.3984378428486868,-0.4315491553241879,0.20438449233777595,0.10828132219860684,-0.6792102405455555,1.5390670954568169,1.8530382191780257,-1.5801343805671904,-0.06284550812141168,-1.2513800133961264,-1.214025425449643,-0.21285986373378454,0.08045398660928926,-2.178341524384848,0.27326948396393297,0.15620839887929314,0.21077064662483555,0.17523046645135404,0.9763195248011695,0.13220186523482602,1.0792350690119719,-0.4170289961708346,-0.6898167543350906,0.26604079243867473,0.38199082964381675,-0.15561781465875218,1.165798383466903,-0.41048961009522894,-0.593547374286079,1.4786481437626644,0.5586140160683475,-0.5498311297288325,0.11339101980845341,0.20908140449272772,0.8432582075632842,-0.6638622519873112
DZQV_Th1,-0.9879156836608254,-0.19451299653149362,-0.4541492390924883,-0.21441721840249828,0.9548013916069273,-0.08295290438806716,0.006680082478450703,0.0314417114351692,0.09973654926224917,-0.7253361580127698,-1.2372036694539954,-0.16390708245595412,-0.6009222084376246,-0.8444732078360064,0.39430898487970456,-0.13926599393287759,-0.32809508900257284,0.34583480186128635,-0.035706465052079465,0.8735511919539005,-2.0017048154762023,0.2202454346526692,0.35498374593706694,-1.3431640861633674,-0.5825599840581608,-1.6608523905120345,-0.8171755217703465,1.0728474601156868,-0.5039701446163655,-0.7570102492185806,-0.6059092488153961,-0.4096967701930447,-0.49739720977179486,0.0699115861757502,1.1215755637366636,-0.3768981394485631,0.03928066969333578,-0.36367967412710794,0.743785109063623,0.8412128473629177,-0.19822570629127653,-2.209057680446227,-2.5575314369691804,-0.5193664538884011,0.5488342376378414,-1.5637544037351245,0.6723375651002669,-1.3102504064479297,-0.7903970588968778,0.5845628520800157
DZQV_Th1/Th17,-0.9374192237108068,0.05901418633892037,-0.6419361660049667,-0.14086734793322844,0.7784203065883926,-0.36432539899369304,0.40890022862010555,-0.3251160009295822,-0.3624613481237377,1.5503867905551834,-1.7122755959127112,0.645642814169945,0.2520460236152768,-0.25235720691620256,1.7356472582509288,0.26971101046467816,-0.792439396561051,1.638678799304442,-0.6264879354084533,-1.149067615786657,-0.28008704589119665,0.8309272989174139,0.4692235292682946,-1.0558728031799178,-0.16106411068959964,-0.9836467782262367,-1.6303069848209082,1.796774952471522,-0.9968324361617735,-0.1338103745787332,0.3211911181848344,0.22246385246622435,-1.0968226007696287,-0.8717312389540147,-1.382839964777287,1.6149908758420366,1.1778682510866947,1.2904821966403366,-0.5015644363460682,0.5437341214091486,-1.144988282058655,0.9674253317554633,-1.870154242480794,-1.1809514917282011,1.0695929620820475,-0.7762162799645692,-1.064473258316001,0.6854450278955708,0.18148961162898028,2.420847205783438
DZQV_Th17,-0.9429733433041112,0.02793088712725416,-0.6149790178292464,-0.44847319264347923,1.0790363175293074,-0.25896805329487715,0.3104887013395153,-0.31572549374369263,-0.34359193020559575,1.5653531829400853,-1.0210684266658046,0.8466719246712597,0.34382467007958517,-0.5301666390950336,1.628997448371787,0.056294590851698245,-0.4896102837570547,1.504502368061348,-0.6076301477634684,-1.2569446769353838,-0.40285446865645214,1.2479564364479148,-0.237120634247882,-1.6812226316655827,1.0391587940333435,-0.48652644443047677,-1.5990396711732626,-0.2492123969952313,-0.05078804416600555,0.07529567796107586,-0.3542378401329856,1.178470430014885,-1.8176311656289426,-1.7708664367245905,0.8202131994243463,1.3682229474384802,-1.1939843848574516,0.3135476713039679,-0.11709504145148747,0.42726375753375184,1.0420599541993247,-0.7456548622336822,1.401789218067881,1.0281349452672122,1.2060964488424568,1.4309170075616797,-0.8171234340930184,0.6979938104971976,0.5899445181510512,0.2974019129117042
DZQV_Th2,-0.9311304927901192,-0.04283291414367839,-0.5333269333201276,-0.4230743890693706,1.0252820867547805,-0.2345092394845432,0.10083413444631151,-0.3460480307613056,-0.32927682644382933,0.9992170368117179,-0.6684281464421374,0.716237664249475,0.18109076460940857,-1.6156219678896804,1.1369328992976844,-0.8553984297771883,-0.17381776169089272,1.0461079121260448,-0.10380669643147561,-0.6926449335801207,-1.626636280160472,1.6959288439627047,-0.16404631597552438,-1.654646384446113,-0.16091639050267978,-1.4672367028313908,-0.5628379826841992,0.5458305566960985,0.06257910506755737,1.1047760937059923,-0.6041367938101053,-0.5073240848545879,0.7894989551545153,-0.9986041944608829,0.16133942447942554,-2.2834151321619416,-0.7174481114653293,0.7048384563986622,1.079627550078122,-1.0325466649281625,-0.9925952684211217,-1.5510694756770849,-1.3078596205594,-0.6472460600805279,-0.7903550687463733,0.29065850406399724,0.006536371203362273,0.82381857382235,0.7740799415196195,-0.8002635788413486
DZQV_CD4_naive,-0.8642981953924306,-0.5796933605749254,-0.29467166524796146,-0.29970853102189526,1.3430428423670642,-0.26686115214022255,0.17075247631079263,0.15980015111457502,0.13338842059527306,-2.0939450156965953,0.5346542700037299,-0.060776820865703005,-1.0575221308228626,-0.08911874391271671,1.8059883255260085,-0.004516072672213828,0.9407742903756449,1.6548199475759413,-0.37487358858176945,-0.6485105106155601,-0.2144659878487136,0.4960039040905329,-0.2959426206808813,-0.7222443218675608,-0.6860717386397377,-0.35890500330738184,-0.9080557819006309,0.3341278380503072,-0.589376529738199,-1.4031232107417024,-0.8540994775424173,0.5454246814441644,-0.580303984353054,2.0723124333544938,1.5757150873898553,-1.0588335631411008,0.49613694103860523,0.5196941430659281,0.6842967704013887,-0.8257590588181913,0.07366490766985781,-0.10570096887555057,0.7787138168843553,-1.1384846689329888,1.7745176654047097,0.7632617109975812,-0.05448763912926016,0.0033724576803370434,1.6935467531830737,-2.0986093985239185
DZQV_Progenitor,0.18897936202212237,-0.03360082205417509,1.3627360693590809,-2.2025203066226076,-0.6162274763385375,0.30555664134519195,2.366521752305761,-0.17037134996914924,3.8486375807074147,-0.5396223398986072,-2.6532315282299117,-0.3620373476276174,0.8791255371705368,-0.4578119859214079,0.07715151557111069,-0.5375712889028129,0.4143539050428492,0.762491626136945,0.46588366148774507,-0.4532460977644542,-0.3435193189366186,0.6387754352744877,1.6721271123937247,1.2872322778557523,-0.24062465301641628,-0.2572785054107322,0.3273297872096847,-0.10402319445369362,-0.44847993528766494,1.0850323444112158,0.2757586648505868,1.82817329957489,0.4951656189208427,-0.7819179688491471,-0.1472506804407131,0.8722692107574409,0.8710776992509727,-0.7148000222602998,0.7872309444705663,1.1337102719841656,-0.5331565114045199,-1.287498108656836,0.8463051524633822,-0.2782192918907584,-0.8030899917050567,-0.19991531599841358,3.592301858882409,0.6498884833235307,0.2852031050183793,1.5593549230274093
DZQV_B_naive,0.6926933161231783,-0.8993696542191874,1.1472932766503217,1.0105184882880562,0.40946972142713156,1.4849098129903862,-0.5333919848997555,0.1977376822254658,-0.6582641026767613,-0.852697603175372,-2.4731430579771683,-0.27462640909893005,-0.321764421556518,0.04929401916020873,0.4444436723027211,-0.6590856285895967,0.21042852069807164,-0.659924800767571,-1.0288909515497637,0.7513988977127135,1.4285026469556892,2.7296006403875452,1.0820391700358083,-0.9369443362905303,-0.8728826488266923,0.461665633535666,1.7865121524355094,1.5830201590499458,1.844441489784953,1.5344643756327359,-0.5208896289948229,-0.8436528679142983,-1.3601677889961943,0.6938687642045107,-0.7513362031211717,1.1521520575818438,-2.432507665445569,-1.7260927236119377,-0.06836386262121277,-1.4832026603816977,1.778617411165282,-1.1159626771026967,-0.09577723868711181,-0.48392275721067307,-0.8122305351157967,0.30028715752122176,-1.5125282096900425,-1.0028499187333606,-0.6693971163697381,-1.726729395259568
DZQV_B_NSM,0.578132082639094,-0.9975788695058792,1.2857393019490275,0.8904554422568521,0.32545615822837287,1.5246925909118014,-0.962876494636062,0.19297493498602394,-0.2893500063818904,-0.2712927953260362,-2.3727379584425554,-0.7220650051728006,-0.3341675298517953,-0.05777862885156174,0.8948940699509043,-0.031291269181786374,-0.435196096415726,-0.7413200322935866,0.6560228962678343,0.7580642167859996,-0.7328146465393363,0.8676481413911648,1.126520062176515,0.08559522777689628,1.3315456095331313,1.2127857238709643,0.018667115509503264,-0.4641659708659809,-0.2878018562000963,-1.024797587920618,-1.4164445084667807,-2.834060432696282,0.2509825863280397,-0.9742907382207361,1.8736916280337348,-0.5954213054510383,0.4356612710041239,-2.138576240664846,-0.6835910237437078,-1.6622147720694724,1.7914729474796434,0.3335365121029006,1.5293654700442763,1.3308233992253147,1.8467380058896954,-0.4477664621235539,1.0775605504036376,-1.3314412220301544,-0.5598642688594774,1.6101584310885322
DZQV_B_Ex,0.5746217205225714,-0.8198698991888046,1.0615076039191724,0.8260665131251902,0.35935747091400605,1.5333144331835098,-1.024674467106092,-0.0921035381015745,0.2687860387394646,0.5480137905706809,-1.5564648256983833,-0.05771913326189286,-0.763875127956907,-0.22319275770824634,0.34683889172028687,-0.7546119830146862,-0.6904430344859469,0.17993279014735825,0.926497077217074,1.8927540369493085,-2.8022784045828186,-1.693454678439031,1.9428483710513527,-0.08658560989004192,-0.3780606023113652,-2.993703023700686,2.2268136780310512,-0.46118564135737544,3.2775936730539637,-1.7802627682720817,0.5945586371078284,0.7678531531414825,3.6276243126792878,-2.4933928277983513,0.3811005540859379,-0.9038287905176048,-1.14166346301375,2.5184273052789043,-3.1001714563665375,1.2673182486841321,1.4202698313429023,2.19900026989419,-0.6205717214976414,-1.159750664298414,-0.19897138430997394,1.0279487068539432,-0.08622994201787695,-0.1588951210379573,1.1933381664648706,0.3978018903945548
DZQV_B_SM,0.5654250467044307,-0.9511484898690672,1.1090984290069796,1.0354567275069937,0.3481938527650823,1.0490257187199918,-0.5158728426774861,-0.0994910711524491,-0.15076492731270663,0.6981489018905349,-0.6711668790611892,-0.12793313118789001,-0.3356235548253264,-0.1631395622703786,1.535613756855086,-0.3921733624498133,0.0253703278085901,1.5609520735522135,0.7529871655182461,-1.12548500365542,-2.3877402958501355,-0.11377842742973347,1.0729938049193768,0.3316744566038223,1.6316434418532393,1.021957946207622,1.0261337195123017,0.7111495342487363,1.7576524830227944,1.2683634786827545,-0.4781295449200888,0.9931687961666477,-0.8517048698044007,0.197578878335969,0.964859646972593,-1.3460576213345816,0.3185310861414188,-3.0315475748915084,-0.03365216342738213,-1.1819817638186823,-1.1366731022028516,0.2550646993339361,0.9788958038068556,0.401756077459746,-1.3179023565945378,-0.5460841504334487,-0.0974518086232548,2.602559257781204,0.6000490216835547,1.08807340831653
DZQV_Plasmablasts,0.6996287250221106,-3.001803276162869,-0.8329727426518646,1.8315872796228538,-1.1740542407176582,-2.3102907499477467,1.7810498093005254,-1.7962722752805247,1.049340474153707,0.3063409056750178,-0.10372265460276915,0.6250312046482005,-0.7517177370670942,-0.12072191797366826,1.1513558823365355,-0.764410365710445,0.08017696872025443,0.2408571327048713,1.3010110557665986,0.5754844181078286,0.178087990921872,0.6150775723884139,1.1210866742823777,-0.8918067029007479,0.03311122213285943,0.6999569319961207,0.23948435765461668,0.3300266339896927,0.7586944247996358,0.02950618034546882,-0.9351447556578212,-0.6106567228301996,-0.24180129904831027,-0.45107059577888137,-0.943259163576788,0.3002508160560394,-0.057243647067200885,-0.4449099050740302,-0.12451733668113607,-0.035632813550853785,-0.23395274907933444,0.23499803348968742,1.2591552055818755,-0.589950007183786,-0.32606907723298706,0.3242004230532775,-1.0257022268440932,0.15126076727685084,-0.46622901750437445,-0.07632722529578066
DZQV_C_mono,1.8222041467073342,0.7703610874168358,-0.1656456084811433,-0.3807598067392214,1.0085446577009425,-1.3850800125348017,-0.6270500120507553,-0.5419653304267585,0.3608388605004251,0.8637844928975679,-0.8424287197896149,-1.0171115423953259,-1.4996127929505128,1.229115978291189,0.81052441818414,-4.162342031849054,-0.06378465481831148,0.6231012589753134,-0.8670414006949703,-0.5976848704471636,0.7191388646304655,-0.4619364598914562,0.5436259319702476,0.533039590889841,2.04100681855852,1.6249944852795544,0.16263488963098366,0.5127723638304139,-0.825448511399441,-0.9738639532859308,0.842134399515689,0.7322833558923213,0.16136251942026894,-0.1348719913230253,0.06238656604029495,-1.5978559319761272,0.1075451255590533,0.8794898645707924,0.6623096392384317,0.3225035001064318,1.0368779657732476,-1.4325853133390762,-0.45550078509787423,-1.0892804889154768,-1.491689954929226,1.5664504268496717,0.16733686470091938,-0.8566879618394193,-0.026408293689344605,-1.3551761711056454
DZQV_I_mono,1.4752992791158732,1.433158758368285,0.132395732788241,0.31735394482980384,0.5878688090199721,-1.3619899856244306,-1.3476838875930932,-0.5373772614540486,0.6957829285871405,0.11055209999664285,-0.8431120419312547,1.9055164203355175,-1.424749196796713,0.42508694269925285,1.4525170202627022,-1.069690659673275,1.4192953311693788,-1.443605268421443,-0.7742381200114526,-2.112368268260075,0.5061905416841996,-0.14524574996454478,0.5796396252658645,1.8763430004254655,0.8297116909560082,1.9440063745213232,2.022204849065022,1.022859468169026,-0.8428310823041698,-0.661353895598176,1.2544383780022312,0.8448156624623292,1.2496612986466136,0.48677749834617207,1.5924822850973617,1.835257250884663,0.5796500165945746,0.3980136553980652,1.9717206906748865,0.4858733998544472,0.9859291520345245,1.2790308585185328,-1.8473631398726063,0.5572242760736421,1.464747266165858,-0.22247575098104683,-0.07267823409967483,0.5698543783114625,-1.097309292451737,-0.020840720940978226
DZQV_NC_mono,1.3996634111678454,1.1486980399499367,0.16787525841538117,-0.04993124121292496,0.5037699050555504,-1.5075796974482296,-2.5316066365200633,-0.561268433153761,1.2816144340605378,-0.38438227779992157,-1.476539017202887,2.434260844467568,-0.7330643388461549,-0.43604534167665165,1.0420160345223377,0.8097133505476001,1.2335638922714962,-1.9406520784112349,0.23992877457682132,-0.6089550511280255,0.9021191069463991,0.03820304748850244,1.671215624929689,-0.07446996723454163,0.1727310878023887,-0.19467563259319204,-0.046164934113484074,-1.3469368508161572,-0.7893688719046849,0.26163788463375365,1.0967320450260793,0.3539889688499583,0.29014485272489854,-0.7358878185573812,0.36338841795197396,0.9374524968948701,0.18070468094337044,1.148253600018049,-0.05296368808070864,0.3397444624486609,1.3886422524367794,-0.9493129885566612,-0.4841340808279257,0.031259496530754244,-2.383668474124958,-2.941467892365797,-0.8753156681982287,0.6633458305879373,1.2458729737501335,-1.722657002987166
DZQV_NK,-0.4516653190519821,1.2918343996656272,0.24479937228900545,0.8331248625735406,-1.9788042434494044,0.23570091905287374,-0.0053516535431384505,0.2858507932594882,0.29300349823173444,-1.389557353455078,-0.9261247940083777,-0.08813806029814528,-0.46504098654830756,-1.8923305412390068,2.798377305185922,0.14232736155505224,-2.7859501848487644,0.049252354117306885,-0.8639863264411657,0.4163151205725548,1.679620300229633,-1.1708131887424453,0.4414650098979454,0.7317445126598721,-0.17486555224795283,-0.5970474940056062,0.7008859635569331,2.272356714749215,-0.5344793680516418,0.5532186091318005,0.18448980597612183,-1.2072085480169705,0.6991777562405536,1.122488330343922,-2.1718161176410087,-0.2465613766638061,0.3432053858667312,0.40405952749485285,0.21451613252674087,-1.0449314655126636,-0.9259333114307097,1.194734989298252,2.5072872273217857,-0.1911717978080349,1.1115708434889815,-0.5936593944495672,0.3465112924004208,0.3824615845269475,1.2001927890290756,1.0537103170375828
DZQV_pDC,0.23355900545898736,-1.667767370849277,1.07580721034644,-1.6685860076882766,-1.4336094970987925,-1.911502487121674,0.12645073712792265,3.6426045193326995,-2.0958691097679227,-0.19233405749069932,-1.8618303568171448,1.0894662905122083,-0.6175826668611416,-0.4039882147229383,-0.0204028072835935,-0.6869730730529515,-0.49769689901056857,-0.7937507425169046,0.20307759875836476,0.46282910205572814,-0.6805337687037801,0.15495380206623502,-0.09009609237843452,0.7303954977857071,0.13902119622025033,0.06377190521737099,-0.6056400901235939,0.1415871311006094,-1.0950536738738605,1.3078685088392443,1.259367931824704,-0.6278169620138973,-0.060527088391116445,1.1698964162050705,-1.3724370540398514,0.8964179940658143,-1.884447807775282,0.10350328879870821,0.09532780065568033,-0.3513551225948728,-0.5150780186357904,-0.7591463969000491,0.9051347193280995,-1.0333060049207614,0.03886877607346539,0.7302361562754959,1.5395854666315618,-1.6688700643808938,1.7943656026206098,1.3176667123556218
DZQV_mDC,1.326632649594877,0.4823928086070135,0.9256917303686639,-0.5998458676132782,0.49082003435863725,-1.7508796328001044,0.3964913100385368,-0.588205067734703,-0.7297483490034619,0.5879677288281838,-0.612120589372653,-3.7705422526727506,-0.7421480092675069,-1.7305996649310602,1.8358222717994572,1.1455051541210062,0.6407241204673886,-0.9513497197900266,0.3880797231831306,0.6289239003642961,-0.8203531371357277,0.667866112038693,1.75468962548121,0.7511771801416374,0.9420671255230268,0.9056266379788483,-0.17943126957168684,0.027404914559322254,-0.8912207517379581,0.040565943397538745,1.7213758675954496,0.7655722486424658,0.06455248796993607,-0.5818783252481972,-0.6559150970566558,0.3815429321400142,-0.16992844513644448,0.08182406734682707,1.023908279948225,-0.5114310701451494,-1.0980582112648007,0.36724512408704585,-0.49505475468993093,-0.6593887460056179,1.3295720159068112,0.3075530572160447,-0.2931775934382802,-0.5519612224864823,-0.8376921218344661,-0.8605553636024573
DZQV_Neutrophils,2.649756681476794,-0.11022819777297718,-3.988863916507765,0.6126498084029129,0.3046566207071338,1.2852822681307028,0.09002560957928876,1.987569154118731,0.7208807297695937,0.14498233995791743,-1.2537017483832518,-0.33255179043773797,-0.9156085514682003,-0.37704285907618706,1.391530516086811,-0.45457609012919287,0.7571330071936838,-2.8471620459335445,-1.9289397760916076,-0.10133917070600112,-0.18982768014150944,-0.2443124582960094,-0.43591919790764694,2.777679984394182,-0.4350218432745957,0.24958927043378243,-0.7366231006531337,-1.6816530810895531,-0.4208439278248977,1.7988342089241767,-3.0148554773779854,0.5047408192874421,-1.622781579833101,1.1254041970254987,0.8634537065550074,-2.1293247192943827,0.031159853350793222,1.1633197706784393,-2.9276750033851076,2.0447061234840156,-2.021970452068503,-0.28937800156828763,-0.46974338343610433,1.201112926994098,0.5139230135337202,1.1103213040458193,-0.6274061662213816,-0.9790880945352853,-0.4088287489711307,-0.10751379897688056
DZQV_Basophils,0.802091452924238,-0.43209656244300154,-1.0128967017347372,-3.1109950677153426,-1.9306626494831225,2.01286740891985,-0.7778105911206298,-2.7520976447991514,-1.4434760383966014,0.22841694925928874,0.2088990258756816,0.6904386634302994,-1.5942684473687931,0.4064576259074378,1.7172524675639302,-1.0968498188174989,0.8712496156401565,-1.567704402935351,-0.4589894053519102,-0.7293830321839748,-0.39013094652561564,-0.3965924615506222,0.47249599188490937,-0.9338965192909152,-0.9020906345333307,-0.2650227657701513,-0.6647691228336635,-0.8410551209528659,1.0106166501906417,-0.5613889907147237,0.4500218795163728,0.8957836708668717,0.16884717122541854,0.8602777662189436,0.470807623470798,-0.5674236665454363,1.4232923512968785,-0.21596368555210904,-0.6050667610524587,-0.7556385513480565,-1.2743539790765057,-0.8479675056769661,1.1419449646302984,0.7389433196622562,1.451191166629764,1.2779505140017675,1.6872110006401684,1.5392648702121154,0.8609701514986315,-0.08683642145009039
925L_CD8_naive,-0.8926037726323371,-0.4154454702544311,-0.09764268223044976,-0.6955085839241257,1.2955992915867238,0.2865045456721871,-0.6075232439966332,0.4429451528794538,1.3684241124801109,-1.8020882526074586,1.5463841842093102,-0.4362012522216495,-2.8863439509532642,1.5509164365309527,0.02162298600958459,0.17670027634242055,-0.8905648202364176,-0.9809121927972434,-0.13370298030766709,-2.7278635615095763,1.2798474822042953,-1.5331245831968074,0.6939674775440963,0.3255859729602965,-0.2986856279526564,0.8618148771322495,-1.7107492216552105,0.7280177410398431,2.372616091707715,-0.1217233710409667,-1.483162996599781,-1.8135355739836454,1.9647563857527917,-2.989247821392271,-0.3849745681936101,1.614588350566601,0.28051882726833993,0.0889110372629568,0.11943062909862126,-2.031075974485113,-1.1662305026077735,-2.0572463932225022,0.3287731017357922,-0.5336240471807489,0.27210982925045063,-0.3086212471046965,-1.2601279523697793,-2.4954922119181617,-0.48466610916882213,1.7348170039274924
925L_CD8_CM,-1.0228678343586841,0.006330061559517389,-0.5362596837545681,-0.30065007477920913,0.49616796704717553,-0.157689176443378,-0.1918235107340319,0.19797122377042561,0.37859740157442406,0.9918752492591673,0.3701137102684597,-0.3345931880184666,-1.5369499381887848,1.163232157236914,-1.1154689657179073,0.7136093604782461,0.6184530461779372,0.5649777497076236,0.17078630295934424,-0.24680899970858525,-1.325258939307131,-2.1397528783903756,0.9991086570760409,-0.8114344003022749,-1.0029210184011117,0.5989207601310245,-1.3655591951935289,1.7924671837791268,0.9326348625896268,0.523039202843169,0.4828947476709855,-1.7394553485633708,-0.2576175657766735,1.753050632788626,-1.518829460289718,-1.387593917835324,-0.9183660998550442,1.108490372888538,0.6865520166840052,0.3583317723936042,2.9711742534580026,2.0738325407303244,1.5677198008122917,-0.7317450669278895,1.7128643084303696,-0.31732184203070657,-0.08494505155479654,0.6653064479933166,-1.2975236685906841,-2.205645275598352
925L_CD8_EM,-0.9081690199573216,0.8269171498648673,-0.25730342284276997,0.5649994115972158,-1.0691267982656294,-0.23284425303978262,-0.15929823744058844,0.4244871700477711,0.0881147070139035,0.37739389875496665,-0.08027137292335325,-0.6215617931946597,-0.8505842849093734,-0.22596663941999973,-1.3144683572695708,-0.6924202033258503,1.5762663345817758,1.8062198875506141,1.119599491166635,-0.07060597633200637,0.08279346227908295,0.15383352312761814,2.4194607013012,-1.6014545288299225,-0.42849147041560276,0.913343059389871,0.8281135873322836,-0.2827260241572583,2.2004412876534576,-1.7959744812312015,-2.2176786603690446,-0.6184928017604449,-1.648821800119968,1.5808290889701173,-1.2827454625088934,1.962231554410058,2.161286370468103,1.1777151873834968,-1.5140392379826317,-0.4244954123783651,-1.8427218862093333,0.33827494039778433,-1.2454018657545838,0.7249408413338441,-1.3299145479026901,0.08820475338734772,2.9278903256402784,0.6330266253649515,-1.0694139942815069,-2.3778567979913094
925L_CD8_TE,-0.848844995140286,0.8656321191308435,-0.32299943954227234,0.7312112791073615,-1.6206124842145404,-0.21720086762930954,-0.4299977791909377,0.16901577986654207,-0.018828744737790643,-0.5930127821915042,-0.6657652941521583,-0.8012746381141969,-0.39443628554400906,-0.4060435787594518,-2.012461001011732,-0.5503038597133845,-0.04676678358914679,1.0623769319962673,0.21682853920593245,-0.3530277269241998,-0.6543278267211958,0.7239702923997087,1.4155666462663803,0.7124852346584761,-0.10124951294439585,0.8392779074632454,-0.20343644182783815,-0.3938547256608195,-1.267303886176076,0.7347700285784625,0.45721397217043597,-1.2833353287779552,1.0633800968270068,0.21458356690327768,-0.5888360042953289,0.4493634110988125,-1.208115574311221,-0.793657339367406,-0.9400919907273187,1.038163398873025,-0.8242185189785008,-1.294751005629379,-0.9971816420709642,1.318265142079775,-0.4340146930771732,-1.0515725420537863,-2.0127601722078277,-1.3209437693781354,2.3102212460293208,-0.5958823283843618
925L_MAIT,-0.9520374243084161,0.0601621724584813,-0.5484902402287805,0.08467557034634692,-0.2759466877747154,-0.43126592372977063,-0.12744919527232582,-0.23790135176807653,-0.5543375395004961,0.7548305288278936,-2.1427046700928845,-0.4709785051854638,0.48716521964521,2.952074876208383,-0.5290067603710358,2.2179212587323542,-1.0664730254154526,0.3245150571083557,0.21768065944955892,1.116364092473411,1.1917921254108637,-0.8337005466901031,0.8649576307568304,1.5162225823631308,-0.28710253185126133,1.5455136065415402,0.230056113920905,0.2304641292778426,-0.15830711025996969,0.18734962308915376,-0.35598678642782267,0.11816246806495707,1.8330475745933492,1.5595395453340541,-0.7872212052857362,0.5372609718753223,0.289461896349967,0.5283557249303917,-1.3662289358797481,-0.31409418892515245,0.4315506034607593,-1.4210387718138064,0.910437562477934,0.5900805997886752,-0.5349630935239673,1.5391929691304782,0.37997159070707565,1.5202377465178991,0.3892232650490144,-0.6042536633352611
925L_VD2+,-0.9610088573200696,0.527148482544539,-0.4486878472101586,0.40449151235504005,-0.684214241789866,-0.2568467463768168,-0.14372186248509766,0.19110256317945176,0.12353445271184536,0.523609235825742,-0.5219387612931262,-0.8263992607628086,-0.4831631558187343,1.8449432038762557,0.030354246281701056,0.9167959170371255,0.9213738296365461,1.5123574424761907,-0.04768867311538486,0.6312986532658305,-0.6028543709738848,-0.642358482365245,1.4311506105385718,0.5443383680675304,-1.283470697401118,-0.05266898389417265,-0.0657952359157371,0.030674333023066457,0.4994309820001068,1.236676808433674,1.6830097513595816,-1.3355015992387729,-0.9239934944768236,-0.37830891451366566,2.704750710477987,0.7103085244723595,-0.1216388118937002,0.3155999190223306,1.7302159674770912,1.5343998855604826,-1.6694499921287,-0.24504316924015968,0.8637795946540079,1.6094511161801943,-2.012128606711769,0.8718663068318402,1.234882437299305,-0.7556512480270713,2.5332357615220156,-0.5608145572922484
925L_VD2-,-0.8491049649841671,1.0932428680904396,-0.240001613490928,0.6708651814427892,-1.4089325553442973,-0.0008538287844628533,-0.5296537375665591,0.17068083686466964,0.5310514106807742,0.7704131867702465,0.5008947413449946,-0.16181844780812038,-1.54581551030361,0.6137028168228829,-0.9628691375646996,0.3426822558191786,0.12798113900003202,0.17668058661018446,-0.2359938856900608,-0.36130563562320955,-0.09077452200047859,0.05936081089281891,-0.18871338206064797,-1.9276260862423351,0.8575207880115987,1.034012497115388,-1.6585986773241117,-0.15751668932951782,0.06268316276392769,2.5400184199061666,1.4207957790639998,0.599510848300197,2.023034140775325,1.5535179635733771,1.6895290458155603,0.54170448258334,-1.5217675448531642,-0.8918725456323432,-2.572713126359238,2.2955435818986687,-0.8403977961413677,-0.4127415228919915,-0.01873954346460974,-1.597491269597138,0.9504145992434937,-2.149176403348755,1.700943654957033,-0.5065591528883737,-2.4443950024947463,1.6312828036828695
925L_TFH,-0.9624298290001373,-0.34840514783899423,-0.49569340123836003,-0.12127584677878529,1.0843771507366393,-0.24234181618136094,0.43957284438285954,-0.16409799388337437,-0.32308104774655816,0.21355148886990116,0.42817836259911857,0.4560633026372361,-0.14499089343383695,-1.521118774454879,-0.1689182125067899,0.5265162984320867,0.9164610721852601,2.2458500326020547,-1.2635470012038217,-0.4101406044765529,0.9403779805866427,-0.3537023522097103,0.9770026577111205,1.2472144130071752,-0.8715181746473502,1.737892480806119,-1.1377878414234603,0.7396310383282595,-0.4047448340511952,-1.7587866361550943,0.9154969482768491,0.24853386832320112,0.4339106122519133,-0.8514724195389789,-0.5903772253263001,-0.3833803902082622,-0.24415236413867372,-3.972491920611516,-2.50470937498713,2.033728613144481,0.381561172950382,0.8376825730071901,0.3188375139810463,-0.2627236560874631,-0.2995669558722999,0.009822855924505084,-1.4218770573181259,-0.4990349513880412,1.3536721656577653,-1.6287744765381666
925L_Treg,-0.9611206030398902,-0.07424237112922322,-0.31319906747604126,-0.160105311397814,1.1027840534551256,0.05250106791522933,0.3875362547434022,-0.2950788559983317,-0.09719523527732887,0.4556254762137803,0.49582488740989694,0.7282050583083397,-0.03762377008443438,-2.2418208178442276,-0.6859723466773346,0.34670356807089764,1.015382143559793,1.6778191661219295,-0.5689697728835565,1.8319314428147986,2.715532847445128,-1.7450133198335909,1.3667533329763955,-0.050078090217341165,0.1706776780838206,1.3902136760194213,0.7135548352048755,-1.810656975248091,0.0074568146437516475,1.1273125328957356,-1.6279252822537462,-0.025266077673703424,1.3697635443510785,-0.6135494182618093,1.3369456621909905,-0.9770959297959388,-0.9190281249215189,0.2900878037214247,1.8852221807477378,1.1383948013993361,-0.8853871978886064,-0.11415165916818228,0.619802214603418,-0.8374870318284073,0.7056407814740272,2.3318752763237227,-1.6478022122425706,-0.08216795819831227,-0.5796936339482494,1.948432900057732
925L_Th1,-1.018582580389953,0.1539656836656434,-0.5762374113699462,-0.36217668194150315,0.8026074744238378,0.037617479289191715,-0.31821889703604883,-0.11282375144318055,0.4216891343117186,1.2473911064991854,0.6534133531820433,0.3818632899767482,-1.4291910293477947,-1.1181166645909808,-0.9390468808019257,-0.30572331984268536,0.9600950580677765,-0.9433195937677652,-0.7704796933774063,-0.18361019995808758,-1.3362139705747302,-0.29239067703671884,-0.370342737383592,1.2410157649965579,-1.2680060734919838,0.16607142936650882,0.3953198630700636,-0.23198507765964138,0.19227577843657265,1.4786309265570958,-0.24784447335570983,-0.4564078850609167,-0.010115711934581098,-1.1897578432674598,-1.8931548839622563,1.2528194677336664,4.227008324385485,-0.18864818598218913,-1.0339614429121644,-2.010047836922221,1.0686970733697807,-1.124642457646218,0.7218112479513639,0.3929354681831559,1.2164898069507095,-1.0761709869555667,0.012627774871366395,-0.3998576484018609,1.6142001693362742,-1.0533472896816383
925L_Th1/Th17,-1.0782253486399846,0.16892696415691383,-0.6772463400566848,-0.5995130003762826,0.9339299058766835,0.10939756935323387,-0.5688702310266405,-0.21163806571798657,0.52175302940365,1.7564795381967588,-0.6213746844714383,0.3173184600879985,-1.233964243359028,0.11020696434980694,-1.5435023323146648,0.3536676762695251,-1.5891497241833723,-1.759337867689819,-1.7106445946259814,-0.13314432657340805,-0.358396726927598,-0.02848011685843125,0.32622116596969264,0.24824804708190432,-0.4390576974543178,-1.2853460392542986,-1.8894034653441563,-1.6110111467537822,-0.18040419710545935,-0.6460052621230704,-0.7939260213965442,1.005514811839755,-0.45746012906246936,0.02546835701108625,-1.1609780552597155,2.9086535280755044,0.32375386722509614,-1.6991343849664982,0.6130787953603325,0.04467931519024936,0.7702632664545215,0.5080879265643496,-1.023291385451979,-1.837811228438263,-2.2112796875321514,2.1683154576480086,0.06693437518972989,0.3714756282278903,0.08019197545435491,0.8199565346062423
925L_Th17,-1.0350416038698054,0.11141084249348981,-0.6071203986145476,-0.6207110488839217,1.112107959453149,0.16036972884129932,-0.24122606723860066,-0.19245004868640944,-0.3794317430546865,1.0012476311141314,-1.024613632256431,0.3561274299562551,0.10599622484552348,-0.761863126905395,-1.926730312328926,0.2887154448376686,-2.112312054678433,-1.3976501979729008,-0.21528283269231097,-2.2066579316379515,2.2699458792369818,1.9279166530917737,-0.17282107421530526,-0.2657038744529296,-0.12734476862233748,-1.0593023007680846,0.6111238393710111,0.8656426392825639,0.3475328475512262,0.24614381846880345,-0.6330706804939245,0.48775011198944523,1.425399742539857,-0.8621044175153281,1.9168691024125943,0.7223877578800607,-0.4937311861581368,0.5187700382462431,1.6336422702113074,0.4443449150312668,-2.5610950643592436,2.93181135268263,3.077508735194154,0.4275746829617611,-0.13054889035564796,-1.4874278260574108,0.47507340031284184,-0.6161730714776009,0.41585997624513554,-2.8595865809093475
925L_Th2,-0.880755710239406,-0.6292525896663388,-0.7812767895341329,-0.5548634694122548,0.98116720084702,-0.31672581886121753,0.10765801249649966,-0.4128098723671022,-0.6923218812031905,-0.47410060681053073,-0.48337757262059056,-0.24149712272098034,0.27381770279396206,-1.5479978266057965,-1.8010614796795734,0.6243748785386555,-0.641781769538842,0.47811031369823886,-1.0238173356666236,-0.2216116791362144,-1.533890540081438,0.9075245429110819,-0.3100809159588328,2.375354551994838,0.23880981826748526,0.5073519738686584,0.3124619901046985,1.0622835698364375,0.2586581837746884,0.49297415807781975,0.18311286527377546,-2.3059651333569717,2.011376443754152,0.1848974215475651,0.672604151225072,-2.095838806975333,1.2293520914652354,-0.06760678884372982,1.1767251111944326,0.12586497290025567,-0.46302643954532413,-1.2184693876190094,0.8910935579764402,0.6866046398376369,-1.962004732945239,1.5104481461827406,-0.26559656185620756,0.6206834016697321,-1.8451175177266412,-0.8452782620179924
925L_CD4_naive,-0.936357772782612,-0.5994265868953618,-0.3367496467539663,-0.46354886853047705,1.1811364544390828,-0.023508312906272203,-0.2888560619492434,0.18490434725906754,0.5519729344651167,-2.259216822231757,0.5219985401121267,-0.4001512983409227,-1.4291502709911472,0.08849229962478417,-1.2709469377529174,0.1423343777101212,-0.9933003948434183,0.3112361833831804,-0.8246294903483578,0.5436078764113854,-1.4573877831638755,0.11969053616177461,1.1851015051864597,0.6295987010642853,-0.6878633851454603,-1.3671386109047166,-0.10304496444345669,-0.36784805021110834,-0.7012596481979253,-1.3475500676564005,0.9999585643276949,-0.0011912084657182936,0.26000772814968,2.0199667000350208,2.185711268401277,0.48691829124424746,0.4318753593751973,1.4536036134965655,1.0417067658037558,0.3393580480087183,0.6104158279925314,-2.2772246629593824,1.599142839962193,0.5558096622792963,0.5480289729114168,-1.5240390666698274,-2.271085962993687,2.5176319774509808,-1.0863681465242823,1.5927709837806412
925L_CD4_TE,-0.9063754196963131,0.943946443415791,-0.3864519136223225,0.4445435633163178,-1.3406286458456618,-0.19151574558283105,-0.883701008311233,0.14268072313266597,0.662303382104201,1.132709900933174,0.5766927346824248,-0.5844578660663197,-1.4341218517183327,-0.18485165834921025,-2.097556434376586,-0.768472223049691,-1.2950775655630689,0.783936507319331,-0.6495043624814207,-1.581227962275956,-1.9849676501976006,2.2746752058559996,0.64647716149148,-0.775082511187028,-2.2838445840872996,2.692277658034553,1.76875243582035,-4.171637985240669,1.4572583337606415,0.8735203740415851,1.5915262278266828,-0.13138354694802445,-1.3179307418345534,0.3303349859099621,-0.6024246719515265,0.05154982842905858,-0.9739506417438993,0.36706040155184244,1.0989106847517331,0.29596349188963306,-0.20112910854715907,1.3597032050424045,-0.5338785797951361,-0.4439792848876601,1.28659419587306,0.6990817276112891,-0.6059810532467246,-0.3239057901813566,0.2841357536623792,1.5852376220708184
925L_Progenitor,-0.027756640606806687,0.18284168960223568,1.4891498036621629,-2.1018964185001625,-0.8887739429573589,1.1649698038061242,1.8921585541104216,0.22581308806362457,4.342133178191934,0.5016138291722866,-1.1188761208726972,0.10235381876841877,-0.2379781955781122,-0.09902790738134883,-1.1130578086750298,0.5448779624606906,0.2068684786434023,-0.6842941161609262,-1.020125937875586,-0.3878295548381212,0.08185800059788242,-0.019476716842877325,-0.7273020743060963,-0.41068021682830963,0.0953674072584551,-0.7719428282362644,-0.4836766338730241,-0.0490401635958476,0.07733306878256184,-0.7741510165716636,-0.3352091506893549,-0.6050857652468289,-0.32307516209045517,0.709519657377236,0.3488694042492599,-0.3181940745002792,-0.7338710676532839,1.1925088004336013,0.2539334078213142,-1.2337750461772035,0.5127515492692025,1.2504183819145784,-0.596536421503922,-0.37322036552358767,0.3826765659545235,0.42302929165502595,-0.8080106469434215,-0.6879012725522187,-0.78386965137889,-1.0226670534826747
925L_B_naive,0.29978392864376846,-1.3184820593052768,1.0600584768564711,0.4258126779376863,0.39920686583505993,1.8081609922588628,-1.7055063015687528,0.3891590904934054,0.8828660962271981,0.1022885512597223,0.3202099339791854,-0.47109986395799236,-1.746669112377848,1.1463730684640963,-0.9614289666292853,0.6177539679194866,0.9662377103688778,-1.0922466885452533,-2.753888092284989,2.033915255800103,1.4790568182446688,2.102165496349255,-1.839120217227291,-0.8482725005460692,-0.9371420085238426,-0.35061716670431387,0.6423975783468924,1.0172417140909646,-0.2869126042619414,0.1560592073048519,0.8586244529644257,1.5836257432351926,0.631141504232463,-0.9536605418025141,-1.0735402768951514,-0.5805930438228054,1.2272331106673218,-0.22071182209348097,0.9178383758055083,0.834710745990942,-0.10247672825230023,-1.028659430971508,0.7840465846483972,-0.46429177533652827,0.59325390178258,1.1692939675493705,0.3303528091525715,0.3453342528617808,0.695595515927542,0.1628652347414726
925L_B_NSM,0.3480540222038114,-1.468886932491404,1.3065114489283627,0.8507519592022005,0.1088097806218065,1.3860457181235528,-0.9657583345074063,0.3278265932554253,-0.16886444999936712,0.10688966244788359,-0.45469671386618077,-0.49895885480873625,-0.36031140167500175,-0.5294370530776896,-0.3845689406927008,1.3088613751234925,0.8914007005439306,2.0873765960193507,-0.5348863229908231,0.6829072588245672,0.9938742659230494,0.8070280910473382,0.2694603145600711,-0.5688125248370605,1.3504099733862167,1.2567697299620875,-1.747044990660781,-1.789565990016558,-2.896069048977012,0.13238807571930508,-0.7691408866024408,-1.5501937234532273,0.07439507958309964,-0.5527125296494111,1.3833986441123824,-1.3763591373625825,3.3147260268707543,0.4022418572914242,-0.28048406801334,-0.22819370093175428,0.6735223890267418,1.4885482017854965,-0.3957033155485979,-2.472710759246983,0.20106514685007962,-0.5259455905434908,2.5095607100795436,-1.4084029386102743,-0.513130460272435,-0.3084120089843235
925L_B_Ex,0.3966462574327712,-1.5652187890315132,0.9785528195956474,1.1224321329418971,0.0196046382321791,0.8204900311622878,-0.6746665577774822,-0.26049842888376895,-0.46303528164905344,0.23585429243992315,0.15357634219928207,0.20591487084326873,-0.06246471824886731,-0.9882765344073263,-0.7738094549012793,0.8940832539975508,1.4422618589815073,1.5463591745923948,-1.9019878687183356,-1.653173727139402,1.7133140416022485,-0.5560916965347674,-0.812802761080691,2.1659541434552656,-1.4751176639644266,-2.015670009651915,-0.35264351826117935,-1.010679606501245,0.8681915814672037,-0.5938557930812038,-0.840843701284954,2.230154020524213,0.19219715945139615,1.4506459741974749,-0.5353821646869046,-1.3865070985389383,-0.864038777243298,-1.2260096319179548,0.3500193178637478,-1.3543804347729145,1.0023699213493118,-0.2994127583361855,-1.1315935137376107,-2.708176411585895,-1.1389309470733282,-1.7121927191703246,1.1146082351900988,0.12005772000247049,0.42810962376227973,1.2262994161396372
925L_B_SM,0.16439350534786729,-1.3229240396191944,1.154646190368184,0.6993317436398165,0.006542354596275677,1.2223800034187682,-1.3718009544615772,-0.16681416689039635,0.05108937270993364,0.027694024923166114,-0.9015577076723166,-0.43870187538252514,0.46994235226165265,-1.19010124965563,-2.3644145903508544,0.8420321474706142,-1.9135092321359248,0.6152844476010421,0.7414948967411673,-1.697745206267493,-0.5931830103251037,-2.1263264702353077,0.6218693279399495,0.23343651359983994,0.8705403294739328,-0.4505657405110785,0.723022580951364,-0.34677641941741677,-0.676924210967592,3.0919525536570367,1.1214533045043773,3.1032060599620266,-2.0705655197540147,0.35721454515287676,0.4400631430181461,-0.0026269087874628127,0.8298440170446172,-1.0034009673762838,-0.3165222826456651,-1.5273403986311012,0.6188741266372355,0.45589162153343843,-0.3157335452304735,1.1136914448412627,0.7863698528810017,1.1232231185857051,-1.444666927566063,-0.05359979697406215,-1.259232395535774,-2.134050697029936
925L_Plasmablasts,0.6252683022987795,-3.3946900709483114,-1.0292718989216678,1.9256409521713767,-1.2558652317164694,-2.4734784190267494,1.644187878352557,-1.918083118081333,0.8627794109777419,0.31189925242713484,0.9320065163811457,0.5498635368617999,-0.8364474365964435,-0.12023080650101002,-0.3356627224779706,0.6064114338295276,-0.053159852843356885,0.4365613035886906,0.17089602731342055,-0.033384795555108746,0.05452876102895982,0.18993415787940432,-0.2875960047418863,-0.11658826311396334,0.5929010301799448,0.35764186822870636,-0.2718529017961387,0.2741071216208762,0.20102874805735332,0.31437223247032214,0.3210693235636223,0.19538811057246927,0.20682948931860537,0.005504749730545879,0.11755454146029684,-0.24439252049491014,0.4577244949275715,0.30800656344694477,0.2310702493468644,0.9800706798673919,-0.07254152843705094,-0.48909707606925307,0.5414688479637363,-0.15716237705371688,-0.6969050824658015,-0.2572907445525365,0.7078718837975085,-0.1919599194299722,0.7645507108957657,-0.3392409000125232
925L_C_mono,1.7306201468801239,0.5940737958887077,0.06488864557121606,-0.6252897530218666,0.6546058184173316,-1.221211901552484,-0.5027199523400333,-0.7386847296844488,-0.07349230139001733,0.07462525999092368,-0.39195872529515113,-1.5252020055012758,-0.46689893036628677,0.9409540390937626,-2.1312982495731903,-2.4156611401392425,-1.4358263479409812,2.2588350099935632,-1.5205172574816315,1.175775181165011,0.7637795013117359,-0.7286883145683631,-0.2227001180663505,0.21781994740779032,1.1872405988833798,-0.9506174537256195,0.3380615881401783,1.3045541802100338,-1.8915358912474105,0.3546851171703511,-0.21367983356389894,0.05395605405528018,-1.61528580585988,-1.018868646863241,-0.35103211133289325,0.2082948179584256,-0.4576444104313272,0.01701406237773215,-1.456424223445849,0.35788535709945096,-0.3414749880565556,-0.10576021437598868,-0.5665456609236599,0.8425499853145546,0.6155572995698624,-0.41117077273013525,0.2568718919809585,1.0121987694682466,0.5025235303145318,-0.2685871736610882
925L_I_mono,1.4691372342486835,1.1869245338389847,0.0936912112963601,0.0817095502504955,0.41153406043290375,-1.2229819983351142,-1.3772515626003632,-0.5092581520668309,0.7575978861158094,-0.3169727750529312,0.1224338189405531,1.3998447779435248,-0.6507638915901768,0.5142796744220837,-0.947808959319619,1.390420240849634,0.5770673082023701,0.467232788221167,-0.6685118989262453,0.007344194739022231,-1.1723467384291637,-0.7234733656219665,-1.706675142427658,-0.17470175860437676,1.8601294573019216,0.2600200600271733,2.519468483493471,1.3413355049067772,-0.23420053682025763,-0.9772532466120719,-1.7764757848959334,-0.8820312398316338,-0.9964390558993681,1.3204577589402768,0.13909390610787836,0.1552727654962356,-0.8473512333304503,0.13848074904793956,-0.12564873386345726,0.8020237527558592,-1.8006450944065995,0.8226946597713646,0.019955744209917508,-2.018499226404946,0.2449640492915435,1.4897623782110427,-0.7271465350864286,-0.4466300088964155,-0.4797151554840269,1.2208238239410474
925L_NC_mono,1.3677012120817273,1.0676021754723826,0.3739162910729301,-0.23439362178052164,0.3052843611873133,-1.4643326999523778,-1.9976990653046007,-0.5344138109947961,0.8794532535683898,-0.17981035787583644,0.10852947756117831,1.6575545958048217,-0.6359759723766033,-0.29961265897250583,-0.7694991957183893,2.4736553282757887,0.2632595403298796,0.10481667495773953,0.28441722059666513,0.6508072808739779,-0.7304959561875438,-0.43851515740356417,-0.5162984493288711,-1.0755844234943115,0.7695846038779227,-0.12946124035135548,0.04996285520582913,0.7332718613380317,-0.5061570450995684,-0.21419545360511738,-0.2172867845018599,-0.25599454878396466,-1.0562981586532045,-0.4256601195534215,-0.44977772264875243,-1.03647386443221,-0.23810390409146348,0.37818021737013224,-1.4182780127914714,-0.7488510293987655,-1.324582456025875,0.5117701921060304,0.007998729879108542,0.19537505107018044,-0.8853888811720877,1.2454142837149904,-0.5203598884891913,0.2636700916587462,0.42882981738274734,0.1495800802176909
925L_NK,-0.6065393938213857,1.459828353883775,0.14783462928378838,0.44102638708372677,-1.9449271370851433,0.5266752517568913,-0.739384447385633,0.25485575905688024,1.2217400197240817,0.002456044169998848,1.165859869973766,0.26710920204602956,-1.565806441067962,-1.0188897800252439,0.5120540035379534,0.31396088370521885,-3.475128455686498,-0.24186522098346852,-1.398644202451173,0.953284040548864,-0.6437214195497316,-1.492944555517849,-0.17482664810467444,-0.5591743914423827,0.7692216607461585,0.6292886613687693,-0.33730294705569597,-0.08567898802425204,0.4077034349384389,-0.31983658618988947,-0.3283543186311043,-0.009211354002039518,-0.16859069753793515,1.0522454098105438,-0.5915601653685225,-0.28290581615300187,-0.5475712962476259,0.3104046787174422,1.7816490512925087,0.7525284389829482,1.3050939644411317,-0.501666345909613,-0.9320903146206738,0.971816628791873,-0.4894699408106788,0.8295843109587507,1.5094076716729785,0.14422396017485106,0.1854678778014002,-0.15930827838347641
925L_pDC,0.4563740123003619,-1.1687051104666388,1.4880321676835178,-1.4981368314540178,-1.1928590794488074,-1.6384800449129107,0.9042816552420144,3.14177836635901,-1.9090855739280648,0.2490272768528795,0.37008448602010857,1.0842005329769582,-0.9319002059372993,-0.38112299975850344,-0.8877413695191131,0.7250562200923039,0.43894594220627353,1.658496093085094,-1.3118017704227867,-0.4877630155826849,1.2629003121825517,-0.1053336183599277,1.2151185384439127,0.15718748624611134,-0.6785475127219799,0.02368069972404586,-0.3543401445937185,0.9882823957714826,1.1012072873417216,-1.2366657724860186,-1.6736828007211937,1.9354460047198838,-0.20950059007854938,-0.6818771749270865,1.458941626695389,-0.9138983083385342,0.13372807816396115,1.1670981171702093,0.31978305517956834,0.4912877288330598,-0.3536041603101916,1.1562145586180763,-0.9479355467745066,2.6974213778236438,1.2206493790228465,-1.7036847785604066,-0.9879905174259223,-0.5906902775733547,-0.5346732474307592,-0.05760657154964996
925L_mDC,1.3084471653766059,0.5322319544972659,0.9101468188242914,-0.6857440526342439,0.287698622341329,-1.5676048905932283,0.18515428186895638,-0.6449094717722159,-0.5667861408167826,0.6942435460053263,0.9405219650770114,-3.850335525879713,-1.1137905795969616,-1.361784482358321,-0.059884777118502104,3.3383118441646134,0.04555983663677133,-0.8720588985200288,-0.7701493907062571,-0.4719765570316424,-0.6900982616524468,-0.6158555722513598,-1.7925837760889016,-0.5378141061038032,0.358172630505797,-0.49157949917885696,2.062170650812531,0.15444652320704433,0.9253766043041521,-0.8416342860789139,-1.8599510534725794,-0.890304832866415,-1.0292444574779678,-0.22365409362657568,2.043500040467663,0.759563942632679,-0.9386645648679636,-0.8908607705359792,-0.6306225109587946,1.211482519428524,0.6313860827920937,-1.1978605797989295,0.7083677900526012,-0.24394094120094695,0.33757730264698393,-1.820580038497438,1.6765166534644873,1.2792480965852837,1.0599256774757686,-0.07968350826470866
925L_Neutrophils,2.67616536446654,-0.25561108091237666,-4.083695554624409,0.19412649675210858,0.028672142199050447,1.3270285509915425,0.3145246004942989,2.431452708899017,0.9550794723056111,0.4550701983450298,0.5576214818469963,-0.529888330449786,-0.44691783186661516,-0.41652931209334526,-1.4272731175662434,1.8909951408437013,0.03488977293651603,1.5576811868298033,0.1876785878018227,-1.0538865791322383,1.4019585343077683,0.10833801184492556,0.41989365884184127,-1.3492216756116246,0.5923851903425177,-0.05716322883575182,1.5152279741761105,1.8040938422109987,-1.5257640908897596,-1.208586189880362,1.10614968500082,-0.6891736004335465,0.09235017624245061,-1.163290808450267,-1.0388274645460713,0.2107649385797725,-0.7684909145278401,1.2246814495506373,0.4497481087561268,-2.212475768395554,1.8729439264576022,-0.4482526565539944,-0.3350001136523998,0.8344007279965777,-1.29633929628788,-0.4171188981587611,1.0551202206556278,1.9622748946949258,1.354740648891535,1.7782626806799091
925L_Basophils,0.7689047584593625,-0.6416076124571276,-0.8310840224383905,-3.0684040987119974,-2.241332588826236,1.7468404354588802,-0.3070229649084473,-2.8747868187548558,-1.9522825977647067,-0.5351977303876904,0.1674681097442081,0.5719366315379156,-0.9748360141749024,-0.19077334907732493,-1.3572021151643616,0.9418604340530483,-0.12199143027463935,1.5098100205415834,0.4069149011918261,0.18642170756611526,0.2944430052784703,-0.12482781992888568,0.007251405354948864,0.7220577366094375,0.9933417183302264,-0.2671653349431721,0.8931409525016185,0.6486350366720003,-1.61147385853404,0.3329662971220317,-0.17886783321938743,-0.0041830703463666165,0.7808161903032071,-1.4415008233575606,-0.48508615754983714,0.5317813747145171,-1.259908461290654,-0.2298567961369638,0.10400418973490573,0.2002693681119853,1.256204363159536,0.19625041266701537,0.1637433958156832,-0.13517594012737602,0.6387802073677175,-0.009628504708604737,-1.153683293878595,-1.6905547509172367,-0.42336293737913616,0.588178374022761
9JD4_CD8_naive,-0.920360216872828,-0.7503480095950674,-0.15676983686556759,-0.6261779378746987,1.2097207770846152,-0.24047972273508844,-0.14720987904753804,0.49877974856689294,0.396855209490293,-2.9958516071413346,1.1651539322957336,-0.601010405899596,-0.5793118473019142,1.5069975730746294,1.4119272679123869,0.27715321378033825,-0.14705743127801027,0.9709024984008403,1.324671691513437,-0.12117559572458357,-0.2593857209438782,-0.24436280348746758,0.14106345594265,0.47598467900387403,1.4797944979086133,0.24949529063316322,-0.18020647885138655,-1.0309947708264073,0.3048170189772778,1.2911120822533575,-2.280091877434873,0.8970679689349264,-1.1175506614629696,-1.2863790194378055,-1.4200239064580766,2.000989170205381,-0.7224100902997996,1.4462196266591212,0.09742998140945797,0.9941021201554856,-0.24392187014989392,1.2981138593513752,0.5007800624602626,0.2498039317111188,-0.027369132006997875,-0.2463652763154399,0.406849940930316,-1.5578318551421346,0.9801408870437553,-0.5762220146995417
9JD4_CD8_CM,-1.0962415180610536,0.37364212175872685,-0.3220049605168975,-0.22896243222488508,0.33216556917544665,0.16867556869882702,-0.498597336046204,0.35257623290859796,0.4114076645689356,0.7473477907230196,0.8261932144156601,-0.30819291187708225,-0.8870481365265902,0.6822672080911438,-0.2454674366841813,-0.8517403329058483,1.7867704934892874,-2.005884988939521,0.8309961396603035,0.5633998377189511,-0.08451938220144177,-0.5368765704453166,-0.2287935308088664,1.1079402411236103,0.11233232272013696,-0.9708809957503292,-1.2960564090771114,1.6737881029359694,0.18629380393967154,0.5863355737531767,-0.469471206517568,0.0056052310974906506,-0.7937094232543014,0.8428318405707526,-0.20547293763116647,-1.0590267245199199,-1.4453880870173719,-1.3419463658666853,-0.31302122943581057,-0.8920819568144894,0.9440390162150583,1.2953181824584952,-0.5373168818598745,0.2433273888335342,-1.0887189163226343,-1.5541319434730028,-0.28042644685445345,-0.29166528798226743,1.252193486711566,-0.3844860509288816
9JD4_CD8_EM,-0.9526329913043423,1.1244056286626427,-0.16972713622055627,0.505850841272672,-0.9512980147530682,0.09943978030804607,-0.3885190534891224,0.2920067466059002,0.261108118546015,0.9323420673768026,1.075992029856646,-0.15221904166764857,-0.5808457091683076,-0.4084201092091938,-0.4409080865869181,-1.1706511766369734,2.030554222982603,-0.732448548467304,1.9275997553822168,-0.7330386103155841,1.307373780423158,0.5805886268887259,0.36229844532139205,-0.9116595845803233,0.3925976810347513,-0.9249230920828198,0.17736924787748104,0.7072461538369473,-0.37277311494412285,0.02579086579074727,-0.11835391295512321,0.5006124672715423,-0.7234634158854598,-0.7098159517380936,0.8379276949770434,-0.23949615760663803,-1.0294103638147756,1.0958174405333367,-0.7633464425618893,-0.964184598340024,0.9548917935925949,-0.9240332925929734,1.5073646851002356,-0.9416343914159615,-0.19820160104784473,1.4909469079902162,-0.2781644947320123,-1.4614669826566136,0.3808254356621367,-0.5474472465785752
9JD4_CD8_TE,-0.886313433795401,1.158650331815566,-0.13629726591293626,0.8676439793159565,-1.5789883058491447,-0.008083819704431738,-0.552993501308684,0.24878456034218863,0.5567005205220154,0.6002992392599706,1.3446056127869388,-0.21201702008780987,-0.5304789094441927,-0.11967968793175485,0.2866994115352615,-1.0662245248001343,1.2175662618756162,-0.22193802181421407,1.3232042560059236,-1.7061021591993315,0.8319994500923148,1.1748912289309343,-0.18185242345201136,0.045855011936724144,0.19338814655990255,-0.5031465606526532,0.6643423215093333,0.5903253816108167,-0.6270931585174655,1.4893936410404285,0.5766862111648176,0.09266971810134791,-0.13706172978298517,-0.980768213913341,-0.7902832798239104,-1.8428796915875363,0.2132715604149424,0.17945269667698252,-1.4024834358593719,0.4869603654388903,1.2464499141716958,-1.4754505265140483,0.8706172758054069,-0.31984833375935917,2.7956002481748246,-0.8700804583774611,0.44701807453067577,1.0116052108585156,-1.1048828121632495,0.5165832146752618
9JD4_MAIT,-0.9557472823600619,0.3336678279452237,-0.4798600472598399,0.09882744657340428,-0.3491745983802779,-0.4759924823332528,-0.12077779569155436,-0.01773857779922829,-0.10038991583439565,1.7482056025975088,-0.06849616791518878,-0.14488099567056792,0.7242850238650734,3.5272740851640854,1.3144143532969892,1.4885911017352478,-0.5975902146729242,1.6023516651873344,1.1844279224925243,0.3339894499885988,0.8700838676327145,0.4100722536349172,0.7283353485867395,1.2682855313295363,0.17946654015505098,0.48585390420294083,1.028962142368156,-0.4816858770344494,0.08225702617856742,-0.0735859135586904,-0.3910114948423064,0.826239501055929,1.259009106743541,0.887384051210749,-1.121583760712222,-1.2827679683354405,0.9192883100000814,0.22718474023944638,0.15423598560367624,-0.7753516287822304,0.27854304352508347,-1.1524533103691976,-1.4585527451205949,-0.2964582906212139,0.8404171056180064,-1.0145477396600004,-1.5244615268253845,-0.7572351057090356,-1.1028792794588227,0.11856557866324441
9JD4_VD2+,-0.9600734544410051,0.8264983808728665,-0.19947819805801148,0.5377608682710839,-0.7740931472412425,-0.03334268228753102,-0.3569570601884252,0.32324510912600024,0.28790473038086567,0.19940757745366683,0.4905681422068485,-0.37442359029180017,-0.19368572048773683,1.1471532200800885,0.651963148648584,-0.15100271429334405,0.29533807779079335,-0.3309874571122135,0.8812890989596591,-0.2061897254455221,2.466100247389821,-0.24284541953003894,1.3423076315412468,1.4147652754452997,-1.9318241482452059,-2.3892060252050853,0.2562508395088917,0.8908401908510702,-0.47900215234521143,1.1621555923801985,1.7704617312570263,-2.5770732767502915,-1.0894618075984106,-1.5249404888650362,1.885273962395387,-1.2339981433447704,-0.40427106656188877,-1.3724807250725843,-0.30055534405545226,-0.8119063811869534,-1.201964907137869,0.7856606615358859,-1.772241109809441,0.12635617111507366,-1.1454716711205857,1.701314795162948,0.3794004208152729,1.4262145985035741,-2.2870172524622463,0.8100604589778099
9JD4_VD2-,-0.798286269846157,0.9519837070118365,-0.019202259036715817,0.9582663686626953,-1.5946613989240532,0.12458757842145989,-0.2560768052934652,0.20745259038371633,-0.2502610489995282,-1.3658041692635503,-0.04306186770178187,-0.6305879563618304,0.7940503825801312,-0.45000562741420586,-0.7396117977279035,-0.03969955090792627,0.5688647924630899,-0.14397082944602027,1.1871046320819265,-0.7256439160131994,1.6963154436884873,1.3282228309611923,-0.33237745012082265,1.3861770404642297,1.587016075232115,-0.46819906444352294,-1.0842712105376602,1.0341135302160587,0.3109838061938762,-0.2659205227489512,-1.1520980866629305,1.1167141159020948,1.8534086651757404,0.15444628541943786,1.540875661004342,1.261504908607631,0.048151811998351335,-0.1580407696719305,-0.7340245201290406,0.47287790490033044,0.37779888622524027,1.3261016581722815,-0.6081467610222759,0.7417915313610475,1.4218364023831953,2.0582695893897305,0.10465936539498444,2.0905742813654755,0.47739413935976727,0.14532310653382136
9JD4_TFH,-1.0033740873099422,-0.24049480462193762,-0.5128871989957491,-0.5028745020474414,1.062351153151011,0.03742077163939322,-0.18255998684117689,0.12024949691805185,-0.33761429690709893,0.21777638095610202,-0.09172045110113967,0.33654392993122695,0.5965347155530923,-1.0252722035645867,-0.23366438237975753,-0.6109600872457854,-0.7674950747549288,-0.22997392674812472,0.6485254487354986,1.9885037561734342,0.16479571200413026,-0.07028218564746826,0.20548039802346868,1.9269389157259194,0.35544069990593585,0.11229192090511624,-0.5074002616256418,-0.25519465450737944,0.6783381977505516,-0.972373734718434,0.38940298120155775,-0.7486306075363169,-1.3357786307553046,1.4629702598270182,-0.2586482172409591,0.37759229514782594,-0.4621933550737424,-0.28961504066569976,-1.0104327212830682,0.24762229525915896,0.2875105194745221,-1.3570997931053714,-0.29791319128793203,0.37217334132675156,-0.25941827804930834,-2.065563956399287,-0.5465339450809545,-0.31631112801777145,-0.04202617221646545,1.34901553602365
9JD4_Treg,-1.0025130225983445,0.03631484784606146,-0.34224741749277254,-0.45528482838487794,1.2368245394538961,0.24534903302909428,0.05993678627478248,0.04563468389023502,0.15571830978464563,0.7375888124060853,1.1015963159977569,0.5803660935188837,0.005975983521591589,-1.41110592387618,0.5221285229306126,-0.4941487592646318,0.6738947193367397,-0.05341173877452556,0.8745269093139963,1.8346640567138686,1.7102759469767668,-1.1673693886228251,-1.0952354017821384,-0.40623311732882167,0.8171300031792607,0.8651914688639775,1.5394028117096696,-1.2548118406491375,0.38864288858261914,1.4080250658958362,0.4665753228519932,-0.7572050012782525,0.015702243627726046,0.44153736443277675,0.034026188094060404,1.0333381477524481,-1.2271964328893903,-0.6375788109826459,0.6837532718187447,-1.024770061104997,-0.40702233769498297,1.2971269128517144,-1.3235016256454515,0.1731603347994347,0.8354273970330959,-0.6720712460601875,0.48474716860185096,1.3863810654597977,1.845629916700923,-0.5148698731329037
9JD4_Th1,-1.031671115574522,0.24826191788673915,-0.37398262122400705,-0.2596850174895085,0.6747059355687114,-0.0258011120059989,0.02346413465334299,0.10527782738937977,0.33071229566338706,1.0519958755048486,1.1761220126481797,0.12975761620308773,-0.0850081100111606,-0.8574649679879612,0.424807507170395,-0.5150321295434489,0.5425600393830161,-0.4005037870160056,1.197893516993382,0.3766336457660965,-0.1898791060003242,0.16725220983070982,-0.19397710357170855,0.6546950584884658,-0.7934305718047937,-0.32339269360924194,1.40756077841181,0.7683572726120583,-0.7024841883114872,0.1834490130714544,0.10824758672190313,-0.48333016193834083,0.10767710547385065,-0.9761284361041482,-0.48703837713895726,-0.08928009370504955,2.123673495896713,-0.9945097847323248,0.2908959104598559,1.3775829579607304,0.24960338541479407,-0.14750164262125376,-0.5095626466102317,-0.11152018296256103,0.28459810976601696,0.21082044644075063,-0.14534757482967814,-0.13382013280783533,0.049854559233399355,0.46206140589944084
9JD4_Th1/Th17,-1.03004232220104,0.26758857420679044,-0.5340331829550318,-0.49490917953535346,0.7481962332325772,-0.05298174561135768,-0.02120520895305494,-0.08831744030774669,0.15856693030692198,2.0750427107784897,0.7962494097855928,0.3558191185467806,0.386632657328458,0.5118252102079224,0.6482950178154328,0.4632993893634311,-0.2589856409770151,-0.488741326022509,0.36364671791730957,0.1293762493620207,-0.3740853628428941,0.5772898636392083,-0.7202266380624113,1.0702107553995575,0.666071261447697,0.2716320349074352,0.22357289127237254,1.1205516751193028,0.18035574123582268,-0.45103475024948886,-0.007503054575527801,-1.332089886479148,-0.5129654512546947,-0.28012167784373293,-0.8459758139402505,-0.09748147362406379,1.0471275646174083,-0.5478543372641346,-0.2557188029740164,2.188969098669658,1.755550063463073,0.9349216774579315,-0.07950792789702787,-0.34341957129509293,-0.1250540658753453,-0.04715687704444255,0.5056496450565485,-0.10453473809473336,0.477725495603722,0.2539583373288884
9JD4_Th17,-1.0322076168701435,0.24638950618731068,-0.5079469969971869,-0.7051612754002102,0.9850057251042547,0.08604229052658062,-0.09788472271923128,-0.1189936601990383,0.3653999390412537,2.3236884881829387,0.758483751786404,0.7692429504966819,0.3578851315175491,0.001996225333529809,0.2753326782790819,-0.09741115261975271,-1.0307414492136842,-0.5217209286257191,0.8933831538960623,1.0303349836036828,0.5236781756136643,0.7577434517252485,-0.2937355455413747,0.005995167317210467,0.857872446984293,0.11430097037777681,0.6218246892895031,1.4073958979083518,0.6202291046664754,0.11760437271547977,0.06666738168897393,2.5430349591389994,-0.4535970766777544,1.2360835877859542,0.40651429667095684,-0.8835629510072218,-0.19965321496878727,-0.24353842566103057,-0.7960265060430625,1.1037962648280963,1.0569273948746196,0.8994556806907784,1.0873547300383664,2.077657379325483,-1.391774437827596,-1.7663759781784076,1.169112388633216,-1.791092145212905,-0.6395092240603287,1.8969986149742413
9JD4_Th2,-0.9907817523872118,0.10806532366595263,-0.422917935832034,-0.6532044217369888,0.9670884727645149,-0.045452740462385025,-0.021289989582057873,-0.14274851899228722,0.044645179947355965,1.04755943078476,1.1931831258668142,0.30845612954316054,0.24831138393828744,-1.0645368897896585,0.09334242094129719,-0.7990414615777913,0.1604494691750143,0.1752142689257032,1.2923889902049357,0.05342215560204655,-0.9026685537708592,1.4400182127180279,-0.7693993692391987,-0.5238352038966939,1.2992173184375948,0.27013424735950253,0.1799218443446385,1.1268321528469487,-0.1435370917339854,1.339113028822391,-1.012220059901507,-0.7772895529935145,1.1401014225923853,0.1550462724861487,0.8422445601410269,-0.7226999710383495,-0.1854551986676616,1.4568714451860734,0.8234101211754231,-1.1711531168752962,-0.624022741488361,-0.3857220925070828,-1.2434866778836897,-0.12226927057173019,-1.3046603148472864,-0.3706602576127793,0.45682710401719145,-0.6466356387041486,-0.3143715136116657,-0.18320258467505945
9JD4_CD4_naive,-0.9752395198450245,-0.438206187859586,-0.28228985076201035,-0.6623452590314487,1.5266340065237614,-0.002150048896577071,-0.28341071301950327,0.4011389479416995,0.5589707777687941,-2.11367571312428,1.3797947248989122,-0.0735302132992338,-0.6835336892477142,0.14967842869514839,0.5776062595215059,-0.15633352764220135,-0.5350353384059253,0.4296015781829466,1.568834105116172,0.08820448028635101,0.08351101064202231,1.3386135418860803,-0.04206546978126949,0.05686378279602178,-0.08142109264975625,-2.3860522493244622,2.20855410632057,-0.41838080522725407,-1.9097346104238466,-0.36016229473416267,1.1314875445150767,0.34956587236611597,0.35794006512396725,3.387444225410211,0.794081574337649,1.0959320383224236,0.7210088260188781,-0.3845063135209298,-1.7106777023439763,0.7670403469225865,0.23794663082685485,1.2752556523595877,0.6095430828760295,-1.6162950881574,-0.45819654884840894,0.6115371041580615,-0.10393139338497122,-1.816181754185618,0.13488801275121548,-0.5245290891040232
9JD4_CD4_TE,-0.9092173348458962,0.6144951221760288,-0.36158552491929064,0.4780387220237392,-0.7027229604800452,-0.11908728605825353,-0.1446656959420667,0.20928336088028654,-0.35344307813917714,-0.7005578425027195,0.027673187359917598,-0.5522849299435721,0.477876961102517,-0.2503867699562239,-1.0739594855453587,-0.4613439548804883,0.07365529648712364,0.012816750999335451,0.6132379320078973,0.38327227204519926,-0.25737244827628397,3.1428365492480665,0.29540542475953646,1.66979606860219,0.5620308911574446,-0.7460810939197128,0.47603249355837585,-0.9194219014434553,0.6673663827529261,-0.9258546979693774,-0.584338126465147,-0.6179715704262052,-0.6263371344693971,1.1376465153040145,1.0585548638537596,0.13031946084854515,0.8522341057252931,0.4573490154346138,-0.23068057577032675,-1.4953133993570584,0.18009954913553325,0.12440402769089816,-1.9079742550304837,-0.007205500896284356,1.7060026504262937,0.3100190043442048,-1.2841767665442907,1.7753865172686736,2.1432497742247976,0.9046623409020976
9JD4_Progenitor,-0.054852318169128514,-0.12613324426715872,1.364322834660976,-2.6339157483595095,-0.8241132175601814,0.44311324402217755,2.1919174858068886,0.18720959347065524,4.105222377732388,0.16965636806960274,-0.5124558301242579,-0.30768929499944336,1.615723120786529,-0.03160865038821402,0.02324038883256034,0.06736864489597527,1.1565150362823264,0.7120964696585195,0.06526042892433556,-0.4668515888526087,0.978682278051198,0.30389183953228216,-1.057999303736028,1.4748412083769182,0.3082812588356357,0.822893146065822,-0.14382777557726673,-0.30584928943316525,0.5833524013666618,-0.06058944704783682,0.19946522661876,-0.13765638388405452,-0.2468504479829924,0.5204442382971238,-0.38490949713262174,-0.9667604315070536,-0.9795988607138588,0.3871702127681533,-0.32916203914467584,-0.2532615191500885,0.3480620012344226,-0.10646734637092792,0.3691438631037601,-0.23224542708676754,-0.5522018197746373,0.12012020114771826,-0.4696367813919936,0.4435739110375113,0.7019387207684691,0.30397630032134126
9JD4_B_naive,0.24487167938127505,-1.3562194578239173,1.2329956033588716,0.49517630263161605,0.2092272013216389,1.6639618377800283,-1.6875268883330454,0.4067784713290618,0.509082800690432,-0.07796001793321432,0.029521729854901015,-0.5676678716989255,0.07895135377264278,0.8681306623914833,0.3453792194471063,-0.019367522751271057,0.9351340708973355,0.07649789450511592,-0.11056441095560227,2.669477755948228,0.6576070799807151,2.345898569437609,-0.5719147731762514,-0.4660528576649336,-0.7323007435556042,0.49098915601730725,0.12125187170779211,0.511367674141187,0.13478977691149252,0.26543431485602925,0.4904541190654664,-0.2330969438303833,-0.2027165222233131,-0.84841713758091,-1.6275580576579571,0.13676528128768045,-0.8890219290070133,0.9112077620029444,0.6397978484986357,1.6483384391390203,-1.5288134479083906,-0.8052138040895306,0.5104090353050013,0.3964224636543273,0.2575510046958151,-0.8213671748779335,-1.094828282306958,1.1950982657189932,-0.8751117163087178,-1.2022241256886435
9JD4_B_NSM,0.21429466581317927,-1.40398527473678,1.2515426289907345,0.5726113025091982,0.09881889187403613,1.4816284165500435,-2.0277522022270613,0.4548848426795527,0.4688500456797001,1.2492962346327743,0.8829586210514795,-0.437453248934647,-0.01720153885239837,0.2906681107876763,0.7454098593187374,-0.43769917182517126,0.2398196588026498,-0.1732973805500315,0.8506394072524853,-0.17610421275455193,-0.2541084671074439,0.5263804856955684,-1.4858622971997597,0.32515800266407724,0.6937576892613779,0.1497385170999928,-1.6929502609738662,-2.0998005877324477,-1.9751498030371937,-1.3064406728572608,-0.1999919255892997,-1.773405754784638,-0.4833888859100368,-0.8254798616151063,0.22042728767284103,2.066164512661069,-0.9792478677692489,0.5764966058577492,0.36391644307516624,-0.24332094275839344,-0.21148433492417382,1.3489823086210213,1.3330840111217825,0.7527039278863086,-1.2284077499674275,-0.3882699562715541,-0.4719973524867589,1.831490986040847,-0.39354252491723785,0.48586801591258877
9JD4_B_Ex,0.20849789437114033,-1.2875285767125235,1.084623620088031,0.7327777510562693,-0.08306387096408115,1.0907371108865593,-1.6438692468709264,0.031536622820238926,0.7416097589219978,1.776215017218174,1.1753686868342241,-0.2309591064210254,0.0686766845632454,-0.14777167832043012,-0.06834446989248677,-0.13396503448645775,0.3040192026859998,-0.1447815255300726,1.241191981688666,-0.9503607585056998,-0.2661342150040124,-0.9745473581747688,-1.0110859882802299,1.544332810302737,-0.7471448992826659,-0.1958549406699339,-0.24542824318611928,1.4851174356160766,0.26232791336643524,-3.641160978339181,0.7539801633402444,0.12838568455586807,1.0548044916026176,0.4813462795091737,-1.2209015431465629,0.20174748257744105,-1.5641155963784619,-1.7656843197328838,0.7973859401119153,0.07908722438752655,-4.213736679204481,-0.8296976321322906,-1.523720682613499,1.2039491035682572,1.8111452779340962,0.6325377610586301,1.1225166883361424,-0.8751116359868224,0.7858938172541533,-0.9069458709373225
9JD4_B_SM,0.18247848370359668,-1.3674049457242186,1.2165167849977307,0.4631757618589145,0.057845612343570996,1.2323254165808195,-1.6366867825568507,0.1274562926148035,0.6030880948940345,1.6773234597221758,1.2530325681966117,-0.28683774418574826,0.559124712480592,-0.1805144753255005,0.48840860411551945,-0.23626783528206177,-0.8364061848280127,0.13922921345573064,1.9682471824764138,-0.6748705042107724,-1.0905901021684001,-1.896826820464021,-1.2745647029274705,1.2223120543384398,0.4284897079610265,0.37613823661098306,-0.41158785910111245,-1.2416514546922026,-1.2129152604943738,-0.8027380693915885,0.46686842925610367,0.2619486139727798,-0.8239091872954623,0.10028796007264855,-0.12164870499032626,0.08930379903338902,0.15216887356831338,0.954246753965639,1.2297731502864562,0.8406353991601818,0.03598261052987776,-1.4295490938489392,1.4021216560371956,0.6465817848639386,-0.9219925005036864,0.034092696282288636,-1.105638292036181,0.27888344792788977,-1.2039254822496401,-0.15003028914347558
9JD4_Plasmablasts,0.4955465255449539,-3.299210165411711,-0.9113552373362267,1.5297508804004356,-1.2746833961680384,-2.2006586728654747,1.0820897503713407,-1.6904510857349158,1.2877711550115387,0.7146008358723832,0.8873972895475606,0.5743361678323909,-0.9283817827854598,-0.05746170277911347,-0.2808535129084938,-0.5078657695062928,-0.5060615437883538,-0.8859795962742407,0.41374412980474157,1.3547564728342332,0.41941882502393035,0.24050693137848977,-0.5857244646806647,0.149642434520792,0.01528690020298725,-0.6541855809780769,-0.677004928723921,-0.50776910741265,0.3186410771540599,-0.17708614161156525,-0.06521556516745902,0.39878324712799806,-0.2829509282201517,0.1091797151209411,0.26616504225173204,-0.0027952459404448843,-0.10575303742229553,0.0934798580813915,-0.04316624731885895,-1.1837558647282407,0.24128759228382182,0.5247903837287475,-0.890905239286487,0.9579289426641103,0.6541969085583648,-0.3021676543607208,-0.3802602327010256,0.6733259942811275,-1.014097228899277,0.33301957638399693
9JD4_C_mono,1.6681816870758368,0.8097736376537665,0.2431447822099632,-0.8186444525485247,0.7650351373335518,-1.0327533938721956,-0.5920560394883996,-0.39580301604710777,-0.034252953599777404,0.20571609774264316,0.3402118985216539,-1.5109661337855205,0.8463287315529571,0.9966436228333132,-0.756361400329787,-3.3989459962594903,-1.223626801649115,2.0622456899022894,0.1126382728324924,0.9675157432480441,0.6943232733268384,0.17138621914792704,-1.278115385936665,0.6538324892535607,-0.31974299854975075,-0.9966872951063416,-1.1382669370290053,-0.22279148468418156,0.9233256979377968,0.5917320888779759,-0.39849194832688245,0.24167059204490082,-0.536118778096819,-0.4246342698805371,0.2605183006668496,0.8189964927900175,0.4869529724185629,0.22637237094234577,0.4428441495515297,0.1023075792264594,-0.23825495190422863,0.2634193044243653,0.3187293030718867,0.20754521905384166,0.874764619337647,-1.0920803951806959,0.23711871263620057,-0.05066368470885022,-0.1806922748596335,-0.76618478903351
9JD4_I_mono,1.423032695724561,1.034346777870315,0.4468901620849086,0.020458728467651434,0.48143292460276316,-1.5059659349966177,-1.4992854953764299,-0.5796869028982797,0.19407245036535375,-1.0460669967595642,-0.5414078416959576,1.179739073557883,1.6586769438580897,-0.1527144814093068,-0.5637611412512069,0.13513780254068414,-0.0072619797505023695,0.5259140865738889,1.138977581821732,0.5390369899308135,-0.09600263789155263,1.1677553543648374,-0.6533555647004892,1.4700739693323799,-0.6011516940476095,-0.37431233467776615,-0.5636809524740086,-0.081795404786685,1.4950718959177258,-0.034843741692572476,-0.2937465693553784,-0.8694064571428758,0.2115096410656582,1.1094603892553652,-0.332611624799941,0.4493794613867326,-0.09022482352506155,-0.6144621275693833,1.7230591292744992,-0.8230378946374611,0.9828291344447415,0.016264014732399367,0.031818906234417146,-1.6078984949582895,1.3289331718573225,1.0496118809818928,1.9001127255584946,-1.760914674221025,-1.4608543440774742,0.04607040048463572
9JD4_NC_mono,1.249311087634706,1.0819813741822741,0.4133614352059028,-0.19920998206127577,0.16195989421927207,-1.396579173140449,-2.194541774825064,-0.6012247913755607,0.5563261333622385,-1.319474336512383,-0.5357899507994557,2.327878635425586,1.5806031131133023,-0.6822840916096117,-0.8776595672496504,1.6141465207947536,-0.10678574233239874,0.20263213338348007,1.840829879946177,1.2684584596072666,-0.0748830570847583,0.6019518983040274,0.3117505898378178,0.2344271319432387,-1.3872909621949088,-0.6834474375059179,-2.093336792944585,-0.3123298039025756,0.926335249170863,0.7525992921735873,-0.5456689362992857,0.07370559479242582,-0.9197422517603865,-1.1387756779252918,-0.19541645482998826,-0.19080051865454684,-0.320416887355802,-0.017831961205801095,-0.6651615433383133,0.1275351693710724,0.10079419743557194,-0.992789008842843,0.8875883689718279,1.274879530318406,0.3678274687819184,0.580112819679247,0.34461293351722566,-0.38764076335172737,0.15777575445772984,-0.00013389878643120078
9JD4_NK,-0.6217965991054788,1.3225024186037255,0.14156548663172888,0.6141866959786489,-1.9484688106966508,0.30054560559207066,-0.24566425803815925,0.4908502983026979,0.762478375299108,-0.8392083934921855,1.2436308583178144,0.6904365546654261,0.24323337199977565,-1.36403565394981,1.6315416392841813,-0.06087783123357563,-3.0646615061830125,-0.11141337329351969,-0.5051247603289934,1.5390029118902808,0.6753410342661843,-0.058112453760221124,-0.2510976824107091,1.4614548159374934,0.19117188662820989,-0.35624164470650527,-0.32385211383098966,0.186705831507813,0.6526491068637307,-0.20563412719879018,0.018712576254456013,0.06493533886991015,-1.6390222065821622,-1.0790151915134536,0.1207141299946328,-0.7171567857161727,1.206765203095152,-0.646582757609237,0.6508847928406001,0.695500656737303,0.20673308111739896,0.34342741000675714,-0.42783032062087795,-1.417428844918815,-0.4672563769670391,0.5210812057035478,-0.3503372728264228,0.4705300225366849,-0.23523745980824118,-2.22741091173326
9JD4_pDC,0.19853985979687344,-1.3217645613751592,1.3160556822640992,-1.9486664360649608,-1.4227843844266745,-1.6445442041338243,0.05442620098731651,4.07367375969424,-1.5521333272383713,0.7212928060417549,0.4223824973298779,1.3343341093351913,-0.598844601781373,0.25454724175579424,0.1568560902773297,-0.6710689707565125,-0.3089877250480777,-0.042418976368539536,0.9448654353541657,0.21721889002908515,-0.2841001179065558,0.3908104396055828,-1.040647830252962,0.46806459559305513,0.02080959386604107,0.14999836285593066,0.5897802612859742,-0.7401662871585475,0.5660377088077443,-0.2392815880381146,0.11997636358329648,0.10014964511074932,0.30380194756813944,-0.17968294355299316,0.28543523591888603,0.08546778721653482,0.15093583860560686,-0.045675742867146055,-0.24508495257902083,-0.35528713345210805,0.6307704700387176,-0.32500562246431397,0.6925597163642894,-1.1723922863122416,-0.7299540256161702,-0.4009023605732612,-0.5099942860015436,1.7256829512360294,-0.3663576985010657,-0.6418629498122552
9JD4_mDC,1.1295062959156654,0.6215647252264415,1.2942997165212493,-1.0558426624448594,0.24774756536209472,-1.5138028542310116,0.1370615497656302,-0.34256005688062624,-0.45651453570216727,1.0063923054380584,1.5343756237650485,-3.523654090932417,0.1951528136787321,-1.4935303371317692,1.1726253004590235,1.6860008489589524,-0.08351690621973039,-0.6978299521677438,1.021448399750206,0.511966315147671,-0.10618993457684513,1.2037581178230157,0.38594663876351826,0.5165665993026047,-0.9393890913106377,0.36838377215887314,-1.564898145730105,0.1785791646486074,0.37713838161496377,0.05265390470604399,-0.19123989256183008,1.2754051023219084,0.7905535048322324,0.35913407915586343,-0.5873504685448451,0.12873858098348737,-0.1642408466667636,1.5157640624340283,0.2226340857911095,-0.7953869450900585,0.48178752891708637,0.29403954053985376,-0.45202332160911896,0.2976220718741484,-0.8962674739469865,0.9336013268734946,-0.789304424538075,-0.5916585629220852,-0.36950355586135714,0.28765225835015856
9JD4_Neutrophils,2.580304156853351,-0.05023408829121869,-3.72599366117736,0.03396103727512194,0.025984326724118725,1.4239338990653534,0.03461329963091468,2.267435011614977,0.44974870321452737,-0.08406403709086563,0.18334968485758207,-0.6400108870052704,1.3394863948402362,-0.39727326719249034,-0.007106507018025618,0.4405788554620753,-0.5636304281068131,0.3911436672368999,1.513027049290684,0.3616136356642107,-0.31325186777907754,0.3519973171802092,0.5036326401092474,-0.05933534938633448,0.12186100677856171,-0.6640048580070806,-0.8755672448304852,-0.4820808168363758,0.919033882354289,-0.04239338075739857,0.6176156173822841,0.9756706246848393,0.30575926992370095,-0.15837933209033828,-0.2189276322908662,0.4887242591235453,0.08549017161965983,-1.0583517551095503,0.9931791741514677,0.08084819844610033,-1.038551855074424,-0.03945928737752441,0.936879334002531,-1.9151006338977004,0.47189968500349466,-0.7316899796076569,-1.0974986990454276,0.4161087382717506,-1.101642495267624,-0.6047557861341472
9JD4_Basophils,0.7684532395419399,-0.5238049283079778,-0.8732097447739007,-3.2131163009356825,-2.11807586266988,1.7342783254472667,-0.3680629651355744,-2.40927259519885,-1.7640560470718387,-0.2088327282297423,0.8872807577329935,0.7682013277164623,-0.1278164717834152,0.22043401007104807,0.5847428987307592,-0.2505086721954033,0.32174267426185776,0.6959885130068142,0.991338173156113,0.5090094674554028,-0.39715782034033953,0.6363919062862796,0.2432515633252485,0.1056432907324484,-0.1064845667316385,0.19548734435697407,-0.2849241709573521,-0.16915919754817613,0.367964592700644,0.2544003580429971,0.5803815128935198,0.4017187049838296,-0.4011130286646812,-0.06193542100402066,-0.4854552387491674,-0.2777216831979225,-0.08446247164330523,0.3814807310673031,0.2840403780426537,0.3855310535641907,-0.05235635288568191,0.16977884819808436,0.014406380299082259,-0.6199198608642603,0.30593745646276893,-0.552246457681999,0.05784919432462951,-0.11585580936075983,-0.9286852403138123,-0.7003835631269845
G4YW_CD8_naive,-0.9419867254910064,-0.8295990671852249,-0.2599804479521486,-0.7262226753286729,1.3083441082281828,-0.19585250113555439,-0.17860480082905217,0.19660692200918342,0.3223515310876127,-2.971434000929996,1.2012022946454681,-0.3868267976708921,-0.5731097206484437,1.641920127632277,0.533703489214263,0.06867278992022459,-0.3536975539335298,-0.3584031296283208,0.03393544111118302,-0.462701134129046,0.4773706998228365,-0.2931433507171737,0.5344795692714638,-0.563455284983795,0.8572450678226382,0.06571190810793187,1.3167445182042703,-1.7994364821778008,-0.30204809892973133,0.8713264273535626,0.22550483782398995,0.7174683133406753,-0.418355020364861,-1.2545912917589144,-0.8621305983911199,-0.5513535085323624,-1.1523241742133432,-1.7816208286770738,-0.37153343312161824,-0.8727685055504653,-1.370895773452423,0.9139814311667326,-1.2710457193798361,0.26249522030696465,-0.5333803227330179,-1.5860030145011113,1.230716650775421,1.2996159713217703,-1.0630233320086477,-0.10174762001322601
G4YW_CD8_CM,-0.9533091126725479,-0.008409115183047036,-0.3556683916419615,0.016768760202040392,0.37314155127911597,-0.03147831374051524,0.2090238861017507,-0.008109021877419985,-0.7357512788272828,-0.639905472290299,-0.259518409041887,-0.5300398941479519,0.8207384137867213,0.4838181518092281,-1.1613046462969705,-0.36058161045159837,1.4685881309579636,-1.5446494453850168,-0.3999647756247804,0.8797953240514941,-0.7920713635980036,-1.5757162589005855,0.6839907961610988,0.7690072816623724,0.6762183512027342,-0.3669479716334138,-1.6464201995085035,0.8375526049249712,0.5166829061743983,0.6142675169737561,-0.2135664722014604,-0.26978605008906503,-0.6056774716933471,-0.1195790583323132,-0.6915458843289807,-0.39033786376007096,-1.387730878192903,0.7629362650167157,0.3468030113013675,0.5731445156016678,0.40710227108143576,0.10471707833565173,1.0747386370060117,0.21059514683715086,1.0444030840342813,-0.6498172697562098,1.3595715836254747,0.9311102603809853,-0.5218696753164225,-0.3006156741989532
G4YW_CD8_EM,-0.9406869427226943,0.75835702727035,-0.20576578620830596,0.4711650920973708,-1.2011415253384667,-0.021789042902627766,-0.15692122422619217,0.1584437897263108,-0.3241145955592905,-0.3750805070771059,-0.9106130523737684,-0.811742154539016,0.860899830186021,0.1488960779675078,-2.3342664226828913,-0.8175837487017208,0.31434507410009216,-2.3455730880976793,1.8377429961177427,0.8353328770064964,0.8292000042946468,-0.43172992792353004,0.27793500934830706,-1.9007749686443696,0.8791795182603955,0.7493638009109483,0.9796935720833969,-0.7677728442368235,-0.6630853464769668,-2.328334165400418,0.0072048438148702675,1.2457543317154416,-1.3979321693013262,-1.0515690878384338,0.626021791273342,-2.6126493847302004,1.2717148419462045,-0.3907403525826503,1.6538509549243383,0.10730071356002514,-0.37126986322152583,-0.399490676762415,-0.17288882168852743,-0.6931838992732771,-0.9696899096052437,-1.3869625521019255,-1.0432549476027426,-2.6203480027188877,1.51833074800092,0.9853254850087465
CYFZ_PBMC,0.6264322308024141,1.021194655156082,0.6517744506731739,0.9899422173069232,0.31308867438445903,0.672466830154703,1.8016655467088751,-0.27075382695186795,-1.0650786862712378,-0.44583739837359243,-0.24743955209654012,0.8457293771124449,-0.4710645380088622,0.03964505073562106,-0.6446602153338966,0.22723614192662633,0.3743058296669562,-0.3220388308905182,0.4037916987997715,0.18388078958089962,0.13389322411514326,0.05468076822568105,0.014864224900687732,1.7849937655878971,0.46584345446505215,-0.5646164266152354,0.820253861403558,-0.9799901917206939,-0.6375745353593251,-0.004877486430621046,-0.15568261743156256,-0.5826043548201265,-0.46207920067941477,-0.7300787592602346,-0.9636179426750733,0.5869684903520421,-0.9849046246670397,2.250249763391421,-0.19762632019433185,0.17047687216332613,-0.3847496213904939,-0.6972688783948966,-0.8098959275947416,0.04568815313869121,0.3867518652119893,-0.40000985428262725,0.25763261023099926,0.4367082398746855,-1.0464688781239568,0.04025627859962599
FY2H_PBMC,0.9267677522479792,1.1398558167690982,0.5265800993205012,0.7775657465603645,0.579457951163786,0.43934035440507085,1.8704508367979156,-0.19642394143117203,-1.004893174284744,-0.21133227281821867,-0.8641635943799976,0.8780621953390306,-0.8114966084799711,-0.02203032107856532,-0.27790366910556435,-0.5654987074678531,0.4653013555791576,-0.4361930869293629,-0.14008935377156015,-0.5716397163505998,0.35231847297325714,0.12989827030834786,1.167169808132343,-0.1521760087290032,0.3949768739818987,0.11427834393056338,-0.9642750700747114,-1.9724780230274719,-0.639189038653609,-1.7903283912232044,0.3451025602315537,-0.22088019194192834,0.9471293580339134,1.2337125269225964,-2.736571809737292,-2.0297268954827197,0.3133009286810543,0.3284837905341318,0.8575890876842976,0.11294391542923285,-1.7836039286392336,1.9345236298148292,2.444271156048609,-0.3470025955555064,-0.8403258202487118,-1.7405333426805876,-0.9991989545349012,0.706521845914012,-0.18905055743187116,0.10664457829605063
FLWA_PBMC,0.7021859068099472,1.1141976556592932,0.8054110185009998,0.7033162617922368,0.4947146318000747,0.897323880465337,1.9941121886431976,-0.01332207322075874,-0.8047900880692792,0.388369590942292,0.7425115215020899,0.36897874553821,-0.7747888848334022,0.48912527270793427,0.48475591409639,0.242388934951444,-0.09005118442561195,0.26730005912325167,0.610024361347266,-0.9793174282856694,1.1488067944932128,0.3306550084345144,-1.0919927543370225,-0.36703479019589086,0.43042669635048497,0.2405222465531931,0.5252670547506968,-0.2030104798534974,2.199922211104672,0.6368197373663786,0.3443770073775828,-0.6694734308158231,-0.20901641750838074,0.4601315353380211,0.3921848269783944,0.02060632464019069,1.0610488197477335,0.4765128038006552,-0.6148792943580121,1.4226327164784316,-0.20527701146085342,-0.6331151909774779,1.0879288327387477,-1.2247745300823114,-1.910154276872488,0.7653946876965614,-0.28612267467828134,0.2463829018383576,-0.02871181558173433,0.09021102273122339
453W_PBMC,0.653160525174068,1.2492101885401707,0.7322825536167322,0.7387114395886031,0.5284186444177579,0.7440055495820691,1.689233140080465,0.08014512024964726,-0.9217082733165665,0.1365647237314905,-0.06407839982091894,0.5664823363664135,-1.3313501935313032,-0.06423825753456058,-0.44085118487398545,-0.2638593859084988,-0.23904065232876456,0.5025226173854885,1.0756258026663954,-1.221795893473161,0.9795921715547763,0.8031429687222692,-0.3830664869020048,-0.9696397741887413,1.3722770803752373,-0.7515999710126053,-0.5934611837697652,-0.3015883868559096,1.1296556999208212,-1.0351157605542796,0.3499845417459464,-0.516980371122282,-0.5608665343663933,1.9268585112814776,-1.1910923661810662,-0.5165406052631688,-0.5280923310741766,-0.6873177906217093,0.6554098491027158,0.4440254601567355,0.6687028407236376,-1.1178139972899312,-0.007700492497805309,2.244001177081096,-0.17805576255846184,1.8549767952730507,-0.2165659008913874,-0.6081340807091251,0.9986323113885673,1.388892839991961
684C_PBMC,0.5639711009969687,0.9433207252404835,0.8847462091031454,0.710014267510729,0.5790857088030744,0.7304601200390348,1.7532960552590897,-0.25452404069920315,-1.1101806321790986,-0.2988342153978032,0.007473199183401666,0.7505935784744916,-0.19186984189187756,0.0934932828683129,-0.16812308561881276,0.07400060373882167,0.007225641119332736,-0.8659850419901639,0.7959918963381695,-0.3813514125022189,1.2424395880539254,-0.5389386895311169,1.5553251964425134,-1.3130299357199322,-0.30788871862752126,-0.39595100908812353,-0.68859902617878,-0.046460544577612284,0.025434570450719098,-1.6318066431297047,-1.236362392567025,0.06868739047494418,-1.729537411848138,0.020905649918950837,-0.06318464417550121,1.220776944340122,-0.9920356975783667,-1.4302945351765763,0.6199494747924161,2.3703357285277513,1.07268260240013,-2.5273264084483418,-0.0012745234653923682,-1.6456525788246816,0.5147615159669829,0.26999552726457005,-0.05821608178096953,1.713210874918723,-1.8972515663840863,-0.8432127358333132
CZJE_PBMC,0.6964068230175722,0.8396985878770504,0.6770584665311965,0.7944178089753429,0.5459822044036041,0.6606190298604308,1.8377062190351454,-0.3133854724403955,-1.2307104675269671,-0.3855893175676602,-0.6841618228341632,0.20690021609071507,-0.7740705152237476,0.10839994419232671,-0.4063581109711496,1.0053341463023084,0.18078219028390768,0.24018561360011434,0.553927905306466,0.9775766468435259,0.13595484984751635,-0.5773509559786224,-1.693531692303518,0.4140588008099535,1.3951141003009448,-1.6306452276971617,-0.09777084400458567,-1.1085171475314506,0.7168968196874412,1.203239545821194,2.0208224111661157,-0.6585416680314714,0.3817072578496457,-1.4001739258889874,-0.15274439165189713,0.826069353173313,0.8705231353429129,0.09206353227803545,-0.7388605161932777,0.8719716939353725,-1.6202917766559457,-0.1021238988948048,-0.7914438627132449,-1.4877470869498641,0.45347408028340325,-0.3719684746471678,-0.5237610162208548,0.16190221331556537,0.5851589879902186,-0.602009862422633
G4YW_CD8_TE,-0.7939534866955527,0.670809068343044,-0.23977268060213822,0.8811834872444098,-1.6025791187671794,-0.14337954183204546,-0.2680650868710712,0.06967942531889981,-0.46051227174110826,-1.442195885658341,-0.0872164622573341,-0.8742208670487085,1.1263697228365481,-0.003828127093740287,-1.485068304063913,-0.7363430532966337,0.6505687806899232,-1.6568064942518652,-0.3300363978848853,-0.06851878725320747,-0.8572593936937357,0.20119800213969832,0.4768644338040471,-0.2346314978687406,1.504946854081776,-0.03967580742510184,-0.4836443240194731,-0.26995575770675634,0.0594425495761608,-1.2032610212680857,-0.1681254547004531,0.9077239583310194,-0.022849271622969933,-0.8266347100521728,-0.6239687542577533,-0.4943834349791815,-0.058980768352586595,0.02371830564085406,0.4970230817145912,-0.32449399159621634,0.10811016861588228,0.30397070803647547,0.7317808707863426,-0.5444114144378706,0.6359531633249478,0.40056588557065587,0.060780597087527415,1.0009519195358196,0.4574086658084586,0.29106328979523594
G4YW_MAIT,-0.8618441732902179,0.0462410798453038,-0.5763884470033335,0.11753812015482427,-0.3720060968779679,-0.45421306174502835,0.033144212294204216,-0.2539537531850667,-0.5547096602652202,0.8732936726304156,-0.6361107643591281,-0.16885449031943306,1.8408391503367223,3.441371854289345,0.885231984492585,1.4731210546989792,-0.29027574254811517,0.33799214729279276,-0.8292897920459178,0.6683728383972144,0.29684249646051947,-0.20012869877386705,-0.035564600967936504,0.15282372504996006,0.6139127468284208,0.43955831983893845,0.9068821808909908,-1.033673490108176,0.19606227164391046,-0.6814494559092795,-0.6736790951451298,0.29379038626491405,0.6801163561759552,0.06759282386029698,0.9546122850269394,-0.00702167065304489,0.1815255855126285,0.502448131019109,-0.12059255936117165,-1.4932680687667614,-0.33275658303755956,-1.3238471202517006,0.18866611727706312,-0.15439939710207448,0.38412696157754195,-1.0295522397238837,-0.3333347067687116,0.2912813462696574,0.03392737020834239,-0.981055215526338
G4YW_VD2+,-0.8429824031593363,0.33538845543989815,-0.3905431631729346,0.6647887666783285,-0.7601929343905498,-0.28940902853209455,0.28182806855941084,0.24705556025361788,-0.3588488167704827,-0.3448210025633718,0.7843323678523182,-0.5475926090384501,1.226460237023134,2.1110526766787587,0.43947257150986313,0.5223560330467757,1.6796165928407063,-0.07179253040195062,-1.8453372479567802,0.5870478156133406,-1.0835448847730362,-0.5725094518183191,0.6492454226553893,0.5295423370789366,0.10911210961893839,-0.6753573573506644,-0.8230445606593602,0.039446452703248105,0.0742318079608521,-0.5326521954545156,2.125741776565964,0.2954882601906731,-1.6922050836140021,-1.08335854428742,1.7339041473253956,-0.5846263286494776,-1.5878906270067765,0.9507933477446712,1.2594164135940238,-1.2244899058775476,-0.2044940485328767,0.3144480062059785,1.059660101155049,-1.0921477722817814,-0.7613460908709769,0.2393906586572938,1.2036121232830905,-0.5308921723716412,0.24866027238141306,-0.07217175592194283
G4YW_VD2-,-0.7211743601722949,0.8418818426247259,-0.17677428567464762,0.9794999219819935,-1.5897712172611143,-0.14250884699931163,-0.045948382579966,0.21614941524094292,-0.015638191175063015,-0.707804270340029,1.0899259544215985,-0.2821663082619975,0.9687581885657903,0.38226200960535767,0.1250169167168383,-0.12194472432004441,1.11595376087056,-0.18795264499700157,-1.40782154251431,0.05910705119420112,-1.021937521054306,0.3018855731431834,-0.09981714278533724,-0.8256906343594823,1.879034892866341,-0.11113805682693198,-1.0266479023829798,0.7538108396806408,0.20072560602226597,-0.15921652172213582,-0.37929676812198804,2.8334351523999595,1.4721081778530387,-1.0716467052130327,0.3060955035414699,0.7680430315560006,0.35607708607164157,-0.8758820180261164,-0.46198705944805374,-0.88873281166452,0.17759600710894907,0.03994353568151648,0.43457316430418663,-0.17011242682290806,-0.7772284163212146,1.3087118867735161,-1.0360861203055536,-0.21717449503913597,-0.008312917728753129,0.4204001357205612
G4YW_TFH,-0.9154737302529532,-0.3477849188633191,-0.5707031156374854,-0.3198904706580082,1.0145387593069397,-0.056061041615982014,0.10073562748813016,-0.0483185953941805,-0.23191295927651578,0.48417242540638705,0.6785872092013109,0.4764660547565261,1.2632169625090006,-0.2976809235051962,0.21197869169338845,-0.3169300177418911,-0.06183198178382582,-0.21460220823703807,-1.0087441570841995,0.9595360590368868,-0.9076430698584229,-0.051369675204322625,0.8457248865625016,-0.05485191197119666,1.5883377398819511,1.4719114444437478,-0.4926704293053206,0.4728108109951236,-0.49028610180655635,-1.0557865953137222,0.6498614513615713,0.7645497554014878,0.5353228407935674,0.3230333866500427,0.45211972249708476,1.254089777377782,-0.7077184197983807,-1.0397473811194637,-1.1545255401309245,-0.7385299580616054,-0.5245963781872416,-0.4658476124532639,0.5399055901807375,0.20987928243004325,-1.067313419695245,1.0116418137538472,-0.4592660915585418,-0.9455149497218088,-1.1872452584709694,-0.2526704405808209
G4YW_Treg,-0.8728151999791665,-0.24037059139632797,-0.44800565109454926,-0.18364763326521655,0.999581401272749,-0.09761588966559373,0.5305450990948515,-0.12557453389356513,-0.3032257418305349,0.08918330659255826,0.9648035647930221,0.5120385985471847,1.31530066973032,-1.0725771232875836,0.24113277910746503,-0.40938647853392596,1.4516076559191955,-0.040757416192321066,-0.9887073477379035,1.397209962947941,0.29819972157051855,-1.8329595426833043,0.11019265738022314,-0.3748158973967207,1.1498641584258542,0.984578650848293,1.3771286602230488,-1.1481841234081185,-0.0391942790712737,1.210527102999584,-0.42148027167878077,-0.09705652805083569,0.6747553440601348,0.2873225260284808,-0.6543573754907216,0.7311585394770538,-1.6641176820512837,0.26944673177699635,0.5996295731008074,-1.2303185349496015,0.3066023014095853,-0.5916485460110377,-0.7634511694837938,-0.16921325228485232,1.3775525065718122,1.0004542563499579,1.026093041681368,0.4209721263353192,0.382535667176855,-0.5082500865659956
G4YW_Th1,-0.900217941921967,-0.2628137539262863,-0.5230122187395361,-0.08739803408926639,0.7863289679029635,-0.29838878466945296,0.6367932943289485,-0.17144056098202903,-0.5073984806862898,-0.38504287040008134,0.36806196597783325,0.11822917857255517,1.6179459220167265,-0.5217687994080309,-0.42750884018712765,-0.09149560781129149,1.3185946207827797,-0.8715843211954939,-1.009734278904793,0.14690029110650604,-0.5991795788746459,-0.6116374048479545,0.2990250328547424,0.6411358346044124,-0.24869492332291587,0.3014190333872883,1.2631638552397204,-0.13378860301627316,-0.24442011810122954,0.04308408295116958,0.048174055233874184,0.5298930969380075,-1.158506376178211,-0.9239883677159109,-1.5948211235387182,0.6108410146518003,0.8677965649873433,-0.05329637005357989,0.4350962657908267,0.20200284605560662,0.00332838258415694,-0.23680373998373244,0.9292972868267312,0.3971241317501232,0.6701530532493027,0.1464678563620388,1.1278615955859836,-0.5598688506084492,0.08432448941694429,1.354914368544602
G4YW_Th1/Th17,-0.9168615848405846,-0.13529579893921959,-0.609308066521445,-0.14573149546352732,0.6696615347934086,-0.40927556847518903,0.38621699495177314,-0.3431277153482887,-1.1205824594809761,0.24829046596417897,-1.111091078121089,-0.09052449809160375,2.2995154481717135,0.3840164604629531,-0.7570323228735115,0.7212471990414024,-0.2174262590004756,-1.0811016529659507,-0.6582298172139982,-0.7187139158334799,0.349484322286831,0.6236420626889544,-0.40264976083396425,0.49251725474878966,0.4196128937308679,0.5977390517449451,0.052096097832038495,-0.07401785870067093,0.39558077592027757,-1.084481488668176,0.9937728827546883,-0.8029719541391609,-0.2849492834562659,-1.2592280832241587,-1.115304951969149,-0.3274376104364104,0.6551463486479601,0.573501919084483,-0.6235849119798371,1.437130092830951,0.9244335831742883,0.4684534310980571,-0.5588161846167188,-0.8142236601776224,0.6300191140442674,-0.20988729050885235,0.28797505666158846,0.8073254958767034,0.6487154509005547,-0.9910532513346738
G4YW_Th17,-0.9196965458176871,-0.0340375502192179,-0.5661744219444789,-0.3763519194642139,0.8164562110856849,-0.06287326708550749,0.022988469474277875,-0.423293984079039,-0.6428659982696108,1.0745840906248907,-0.7521273485866238,0.37703379908800716,1.7358891985963614,0.48756138640360924,-0.2899044883750834,0.34296262935327904,-1.3583630146527992,-1.5640267294799444,-0.6597713847791041,-0.7174358940366865,0.5038445320475633,0.5302303288879365,0.03817333765185461,-0.7881207935448898,0.45029045889797187,-0.37733821139785045,1.0192399689759797,-0.5667664349982724,0.4620136518769384,-1.0784144208069475,-0.6407981767042793,-0.12870272471091973,-0.06855037468409018,-0.046829214123159844,-0.18279772406343986,-0.27433333677312216,-0.5194648655963823,-0.6474684344915563,-0.2736394037812588,-0.1155954575811079,-0.40020678353343137,-0.3154693469883148,0.496539594973288,0.31228386747501036,1.3123232016286523,0.13437744674176264,1.5188056228275548,0.02928848024029854,-0.622678404701705,0.31199559514628217
G4YW_Th2,-0.9160040632242779,-0.24718083387863296,-0.5288782917814436,-0.39635987060020283,1.0051714971449892,-0.1472562741139166,0.16923109591755198,-0.38953607588762396,-0.4556747892870147,0.31324470511108504,0.6531456198652531,0.37606608342893444,1.336261622294836,-0.949716158907891,-0.26628161325390715,-0.5622482646121116,0.1751193795531574,-0.7842590869426033,-1.2108660746753932,-0.8996308313456868,-0.7212867813517996,0.8807307529526315,0.9003654212702452,-0.3334817987189701,1.0942834234092438,-1.736737737579565,0.8937642678852562,-0.2669604551322254,0.014777742858073635,0.6886727385818066,-0.9859446796328005,-0.8212331875277138,0.7230887651709227,0.36376687292507687,-1.253635912493446,-0.5351637774041442,-0.11133402221710018,1.1506794728917102,-0.29198761352578867,-0.829490449849385,-0.8837055645883003,0.44956049553500976,0.16246436209739057,0.602017200894155,-1.4923572119241233,-0.10825911272543445,0.07240380874302807,0.11219320524440397,-2.724493260146703,0.18299321166574342
G4YW_CD4_naive,-0.900815201947981,-0.6677428484962667,-0.3556870230015399,-0.44440817800637006,1.3158640840087572,-0.27358268339248093,0.1375276238239691,0.3117037462092583,0.306753350097504,-2.257489628441005,1.375916897983996,-0.11628445280762173,0.13379878401932208,0.5405542012176131,0.5064894178060938,-0.08560062457279007,0.3264831427504491,-0.008830928279789894,-0.41749579761334804,-0.12507050792457855,-0.4919118730879094,0.46892720289656903,0.8304351369106873,-0.6533806870307661,0.1812730809923048,-0.9834898289223096,0.2813944854610769,-0.14227665214293791,-1.4444510433385394,-0.7720387542813811,2.116199666063107,0.4632784874357272,0.07671760896976218,1.4518035024461418,-0.2123804836957212,-0.049718870842514765,0.5019547638466841,-0.30649113313228266,-1.3917109969602057,-0.12155470500821333,0.2652137038704202,0.0207650618829552,0.6511752908302114,1.0646179976159469,0.007729576650830926,1.583040632301036,0.039099445307717424,0.10692238093195061,0.4168428049945984,-0.026334515298365117
G4YW_Progenitor,0.22123219688719784,0.22616056044733884,1.500530922807131,-1.7667005019489748,-0.6187394312885927,0.869730922731609,2.160410821963017,0.31980527765239497,3.156127630275415,-0.05121008989393244,-0.22554920812842624,0.2531581221116741,1.8258974892298545,0.6882223261639837,-0.058241435674192515,0.310943760826372,0.48210127163950117,-0.596234809314991,-0.31181092430920304,-0.07651793622648072,-1.1937956700775068,-0.6524308324367579,-0.2993649153108644,-1.8460861625847205,0.29670248835340673,0.23817766286275266,0.5079505152501235,0.11839935301143278,-0.31274197896136974,-0.31262148624656555,-0.0183824129044963,-1.5452163480562282,-0.1108202706298621,0.0062796902159279865,0.6759012580395979,0.18574265425872988,0.5050792834632803,-1.1135273089014663,-1.3528455498751564,0.27881397391519797,-0.5364341847989111,0.047129835574688625,-0.8409211816965388,0.731999896953039,1.2755446571210547,-0.3834532277677193,-2.743822395030379,-0.2123544951774225,-0.3025924120972143,-1.0929388426131705
G4YW_B_naive,0.43990092793113755,-1.081650126911387,1.1709855244102754,0.8380703625028738,0.29493671652758136,1.3789201982189176,-0.7293432400467242,0.3700348161317397,-0.055343573515636554,-0.5551118001943631,0.7041508838357782,-0.15256000292535926,1.0347212704708197,0.9575661819442407,0.11798145533086958,-0.1517580620760734,0.8816864680238825,-0.4454669212479703,-2.1496994456240643,1.4482626678198234,0.20716114917710124,1.30829489185855,-0.27635681125271067,-1.8473402917539175,-1.0382140784741847,0.7931077001109016,0.8087870818059536,2.3619784586385197,0.8311414166825315,1.4805168033744438,0.28002510693491456,0.8196330398783588,0.004704343799868046,0.9437675513986978,-0.6483376502131343,0.7215959030284312,1.300107547176409,1.2122446803128122,1.1232092016458521,1.6463351517105957,-0.41533670937525724,0.5274236171247286,-0.6981670138070634,1.0119594900634787,-0.33005298982489734,-0.04182733653268151,-0.4767350192686584,-0.3168312737917418,-0.21416111342257518,1.2526878829566348
G4YW_B_NSM,0.3895892974454405,-1.1210016932472748,1.3718297539907884,1.0130714681647475,0.15856744531806943,1.314009004934552,-0.7741794027282831,0.23297721114372935,-0.20283608642982867,0.1856677686890487,0.5004376034122878,-0.053182298619057725,1.4287570203196482,0.16921549989563267,0.8003292292296088,-0.4955361113716859,0.01656220390729598,-0.12646112965153564,-0.5867613943939559,-1.0203847266719903,0.6846574243771374,-0.08494496382914943,1.7267220256945603,-0.9146375848246469,0.8938399697837527,0.3394174338702358,-1.48582697271153,-0.2721568308126532,-1.3032418660631855,-0.11739839575305035,-0.41466117260762614,-1.935129492934358,-0.2466367879742773,0.8820423832807005,-0.4016102545602991,0.03785038570288329,0.012148288057677715,1.0738469721806996,-0.6365362414640413,0.8881303142057196,0.535968299348973,1.408620723272873,-0.8833083952547038,1.1392973701709925,-0.16821036048610216,0.8338811280396097,0.36649259871424233,0.05617815275562371,0.9024017011882619,1.0582862606655248
G4YW_B_Ex,0.39130467885728176,-1.3361692645830063,0.9121330943144143,1.3414099058800832,-0.10054151474415556,0.621804661724705,-0.08540980355963713,-0.31313312529483334,-0.23583314616071235,0.14249525754702363,0.5028975595137015,0.2656479789252913,1.9803514254457766,-0.3810951219983796,0.09843412373172672,-0.4881729270696772,-0.2189878577589764,-0.14782041617110248,-0.020482526514142372,-1.6516403532540407,0.24595520320910547,-1.596988067134884,1.103755356579953,-0.13436561000970368,-0.5827905558152103,-1.071736331624818,0.065008160975793,0.2263635371975025,-0.21187509867811224,-0.12940836604860062,0.41087148791659023,0.21927592580007543,0.7462136422390452,1.1830472641871255,-0.21896354425256437,0.4767867508670024,-0.22995052874908034,1.3887702050164645,0.5335330007022295,0.6799976946955404,-0.6055159843941154,-1.9796343060360215,-1.269280006237849,-0.2461632367820479,0.9227892146898996,-0.2786650664853107,0.31039840282084014,-1.3328056245526272,0.8962228418503807,-0.49267450105399974
G4YW_B_SM,0.32910875666007466,-1.2514355369178245,1.1633395483173177,1.0334055983197905,0.04673883745724513,1.0345786773439192,-0.6500255966108933,-0.141000568759018,-0.7917515967573651,-0.48608892487422894,0.1018014995819439,-0.34536661850876504,2.725199874218054,-0.564991311010945,-0.3152511564020393,-0.085437904228621,-0.5750271832206529,-0.28448405592026405,0.19981349694326364,-3.4971064732668546,0.2098320688805909,-1.843973950075495,-0.048461297756716704,0.2081089394680908,0.195209986210493,0.45845709061893886,0.7051477828665262,0.9924321836839507,0.5827374357201176,1.8936819858381104,0.01742203927630689,-0.20073176036352966,-0.7565875573317818,0.9894447940753103,0.4913232420383331,0.4497544898066646,0.685907575490983,2.0265970266395685,-0.586670899477021,0.46966983773687443,0.47157123241350285,-0.7871393183647623,-0.08310935045389316,-0.9538192418024596,-0.5618097037516715,-0.4986846910032308,-0.16978419322739988,-0.38882101820518655,0.8502821279858513,0.06806296872833285
G4YW_Plasmablasts,0.6696750817387385,-3.256202352742244,-1.0491202900180385,1.8456192153762037,-1.177930125055628,-2.1374629977755695,1.5066730196792166,-1.8752853484125678,0.6792705889673201,-0.5724957914025542,-0.007895336691911007,0.406143298750435,0.20545743485565485,0.41307118452166425,-0.9450404547052822,-0.36946711010905775,-1.0531579838024328,-1.7029875697493884,-0.23785559865147057,-0.09636641932938772,0.28961522782879073,0.3082841862839896,-0.5745555052757475,-0.2610824553080266,-0.4033351347640166,-0.6406961969235445,-0.17404740345517222,-0.003237020667192413,-0.1117221090808666,0.21941269606852098,0.4075916234707201,-1.0482568624018789,0.11821835146664512,0.1932003526498079,0.9486352879561448,0.4738332376253054,0.0035245644371544303,-0.20755248138404045,0.024476905881113443,0.318983653175653,0.5961341367079778,0.7200166249590417,-0.42373741091939143,0.03407102250204535,0.29716683209219863,0.23793212274382464,0.22023793918597254,-0.46534268438614806,0.7496328645767097,-0.15256425960410733
G4YW_C_mono,1.7104465470581647,0.799661540174121,0.24551988396966004,-0.739001716644868,0.8782461382345497,-0.992576015518576,-0.43137209102153373,-0.4370378543122599,-0.09424090974596834,0.1688621501631092,0.6528128264954748,-1.459684345273947,1.3119549083429307,1.4190124731497136,-0.9945584436328381,-3.769057718360685,-1.1801600723510186,1.0688809120636014,-1.2303560235297923,0.07144570904011655,1.0625998862785828,-1.3222309513272654,-1.152760636015484,-1.1768547351706837,-0.9685294959812847,-1.0615615436254378,-0.4679169248155139,-0.7770363020426696,0.7096282961456323,0.2609074183045847,-0.6060045571281676,-1.2280574737756254,0.7816060736900459,0.13855356753899767,0.05926440503821393,-0.6397911425782301,0.5231825313929557,-1.0093097700118232,-1.0921816975815883,-0.6719193365565707,0.2720509826829013,0.23501175363337148,1.0929773643034955,-0.0595817350417312,-0.339460964296434,-0.20145648018429335,-0.1531082617093001,-0.013288101225664792,0.6557535437028703,0.8844439821081633
G4YW_I_mono,1.478353926646957,1.0993768337512537,0.47418181874400467,0.059653950045980265,0.6539915172138033,-1.4483694686390696,-0.9687240099701411,-0.49911210758250346,0.3186044711458297,-0.743955546213927,0.5542162603936727,1.224437310818872,1.7103409146726676,0.31380084465719227,-0.1345444766418106,-0.4234948013394424,0.6015727501886723,0.527760781442898,-0.7244518444732679,0.14375867096181655,-0.36819238489690725,-0.0660625804043549,0.35951694504123693,0.19419661613443504,-0.6540819002981604,0.22356775300483686,-0.4424541369934298,-0.18988878755274807,1.2226281054701857,-0.2857987264669312,0.6680745348110345,-0.2306436420433466,0.8767950921340618,0.13503125136210306,0.3181731631004075,0.5332833572030314,1.0186063338636246,-0.6646917017932203,0.9555372107478387,0.07834337301728377,0.3481367345058227,1.6630804441133886,0.22788633300799113,1.25659030647862,0.3935058523646006,-0.7123574341276373,-0.043196622798353825,0.2613331431238403,-0.7843940270795684,1.8483469036548767
G4YW_NC_mono,1.3701295265207656,1.111195637599599,0.5321724941079452,-0.17307106048145113,0.4446118156046075,-1.5914542596937433,-1.904809166921341,-0.6363428421883068,0.6475653095719609,-0.703542350889445,0.8114657411032424,2.3303705031019137,1.2993636272227371,-0.11493320774420984,-0.0791820067698215,1.5147116857748069,0.4472490416074477,0.0706816104304216,0.36133766655184535,-0.5526971638779756,-0.29510471194865706,0.18939304204049245,0.14871552779589137,-1.9047032696985409,-1.3836945432929926,0.4638344500384981,-0.7339460540815821,-0.41376148271153107,-0.11075047042132541,0.7342106877119655,-0.06037222542801288,-0.15954593278301132,0.23832300213027505,0.25852495930686514,-0.599545634079908,-2.0049946376128096,-0.11560379106422711,-0.6780270535438737,-1.0682323100455924,-0.19069286141936645,-0.7241921651938819,-0.7817526294678208,0.8386295458867161,0.1602319884758346,0.07177047002634591,0.10727608337440178,0.06850883142362142,0.5989053231251477,1.2519985664905438,0.13727277222391096
G4YW_NK,-0.566587776800389,1.235248842130587,0.15628091717227904,0.816204691587784,-1.9097379166371382,0.19851609886521182,-0.12457203410475436,0.4017629502522759,0.5474879533069413,-0.803942846292357,1.718874197165979,0.45259882446007976,0.7189182653601158,-0.7521345759143296,1.876915704886746,0.29433212227560757,-2.674329786488971,-0.16185200366060654,-1.929041741813588,0.8516288953326475,0.23102563347089425,-0.4575083305541091,1.027925908633449,-0.22172563134548412,0.996506570912199,0.770012039463251,0.08129971742360788,0.5062581280288457,0.6405216881378247,-0.4653921504845252,0.41907109568465406,-0.10416594686555916,-1.3549575479018958,-0.6003036318567277,0.24980881302924707,-0.7091738208331427,0.5090978530799314,0.2972592770309672,-0.1303788848909919,-0.5319168901377601,-0.5275221836175279,-0.23080439758535412,-0.10890896227839379,-1.022758600320608,-0.06657322164236862,-1.395353556814895,-0.26971314992633744,-0.6656066038266154,0.3243208853166398,-0.03361049552183571
G4YW_pDC,0.22716925763947463,-1.3805024013782419,1.3363106460338696,-1.7786699560141095,-1.2567052367592735,-1.8518808684536392,0.18924993210107943,3.855645357900906,-1.6288726877664996,0.5741583266717142,0.624596120951219,1.3723730118804947,0.05059089753374623,0.5221057202287367,0.11487990065127456,-0.5450821243666635,0.08734492930795834,-1.242400955461593,-0.4417420659119598,-0.30796740966286634,-0.5102109222726928,-0.9298905188702274,-0.10200022247538082,-1.235118839587863,0.21054130930544251,-0.6112716188711349,0.9363880118851142,-0.22121085094825726,-0.48523138979906044,0.2908598865553466,-0.05848983203903939,-1.0042816063435176,0.4850784507978912,-0.7253332981457935,0.24019722466672105,-0.020105816131111138,1.560284926551219,-1.2555933037036098,-0.16480139842789673,0.5747599920899336,0.07392015476918959,-0.13306497596797215,-0.6783313881447336,-0.16542017280938268,-0.04634854295077537,1.5115364254122052,0.0011880974892074958,0.503550767716333,-0.8867469338640163,-0.42257746323905604
G4YW_mDC,1.2271248712428313,0.49323352057397385,1.2044437986413952,-0.838690544150227,0.43859877061440605,-1.5556408303522693,0.4114661606094106,-0.6457901822116362,-0.9416301251855377,0.4105473200911564,1.1904323369822283,-3.7506979352973744,0.9323787541723882,-0.7792714892649089,0.6181677666193918,1.1575322777175987,-0.5425544300908987,-1.8135204623759784,-0.24556884027768724,-0.4456074228295129,1.0069217851819612,0.22403863844878624,1.562095847991789,-1.3878182461714512,-1.7740102341578539,-0.2680929303770462,-0.13058534313940284,-0.806137059073936,-0.8929872563792943,0.6965063782695727,0.3955381919792618,-0.017011291711942735,0.9258350569397629,0.7447486392858058,-0.839798729489147,-0.615880515358958,0.01926461793782181,-0.21487184191218656,-0.9790282092694554,-0.251329294426014,0.02942716179678093,0.3983034740636715,-0.46263769589282827,0.3127852456886346,-0.580193633158457,0.5435135853212276,-0.9139578504706849,-0.06793231429000825,-0.12395269675480085,0.5452244113792402
G4YW_Neutrophils,2.6102869531399846,-0.04277421789745721,-3.7183888015221354,0.12346252291638023,0.04597486988840218,1.2834300674706807,0.1791073130022251,2.3566897162998504,0.6863812871519969,-0.12170040430391667,0.29221186492850626,-0.7843182446361716,1.9229867365751125,-0.32604762699793033,0.5032825519308406,0.25746575459788806,0.014523022396316691,0.521425253798465,0.9484185817685573,0.157287275877828,-0.8340826787305872,-0.3408210526316518,0.08823479250972206,-1.3882074266009161,-0.7978705851498419,0.464791744871244,-0.1733335507894318,-0.06237447654719203,0.9173956813075018,-0.21536551965825493,0.6659322257753453,-0.24146471016364118,1.3668144576529226,0.2712452102234429,0.3403308481390357,1.1860271610461401,0.39869344557975955,-1.366036732391579,1.460804862796028,0.2732046243043942,0.9698425993693202,0.5655666615512458,-0.3660234813224972,-0.1804824347048755,0.6392588082822622,0.022358582977949307,0.49757617221046097,-1.2598506406451566,-0.07718177827672004,-0.9377665643138958
G4YW_Basophils,0.7920504698825644,-0.54506882198608,-0.8368596503088331,-2.9651186238648766,-2.1021012609394565,1.7128064501307918,-0.1887136579145981,-2.478890749532448,-2.107791867475278,-0.9723740645897495,0.36386424079016827,0.46495212201753366,0.664931414602977,0.20367889182090765,0.270692224731422,0.0008366982684376859,0.1992749763870235,-0.6261631560796469,-0.3792943954406059,-0.1813868778271474,0.2869235586503197,-0.292876146468559,-0.03727213944637206,-0.04845481047475529,-0.4995435585224501,0.6054771334174833,0.2503657434082104,0.4765560292718669,0.030198616524572446,-0.26370150201944664,-0.43971301146543795,-1.5415114996986075,-0.7521252852992562,0.9674822611659105,0.96073615917818,0.8893055173457385,0.2111510307296307,-0.06625942409462399,0.26406029831166483,0.2401508937683207,0.13966482291037938,0.7866632599890432,-1.6095132087440314,-0.011048912463532444,-2.3040808796977816,-0.5762763824688136,-0.6193814401135084,-0.13806890199652752,0.556483621659308,0.4930666643164407
DZQV_PBMC,0.7604599207570881,0.782806014308813,0.5505331384763008,1.053617141420196,0.6765211833388163,0.5468607066699575,1.6642199664822477,-0.27895160000433794,-0.7148798065541391,-0.021224993209567104,-0.44292929644489676,0.4593385102497473,-0.7781038423222045,0.46714747288240305,1.0316497207114197,-0.7810035604083113,-0.2593347693262126,-0.45114778248188864,0.37837553962210385,0.0654733498286822,-1.6161085042842736,0.2528469235104147,0.27835971078182214,0.6944735852762528,-1.7791783373588055,0.6595768625974926,1.2825796460531784,0.4549770331057828,-1.1716169978860602,0.023755551120360978,-1.3318628294521069,0.877750731711851,-0.059549556197360104,0.014369039701661998,1.0845184649771857,0.48457161434349855,-0.9284990007181033,-1.0563086668806754,0.8019565408095972,-0.3735502130825554,0.4616551900337623,1.2172090516426377,0.6049718986688096,-0.01509224222845324,-0.1948833870026325,-0.8946440585321608,-0.05006252195014556,-0.24271328250385923,0.16260470670288538,0.08763841295237225
925L_PBMC,0.6611988045641533,0.8443352820843919,0.7890127684208531,0.6840110338965453,0.4381283521449412,1.128732082218594,1.5689759616204553,-0.12120355170369086,-0.510386379787188,0.12543932891168127,0.8772604396339881,0.8672000114443299,-0.6450372920771017,0.5538563889795669,-1.3813215644335934,0.4151897877169263,-1.085353217879175,0.0757574379727599,-0.6448631847438518,0.9167741835270006,-1.1745398444136208,0.5268117213660983,0.26711458081664075,0.9840459330093855,-1.2208400703719953,0.7252509792324436,-0.3001692399267892,0.5685246102776003,-0.9930710009412259,-0.34847439223447624,-1.3012968469263007,0.996220157376519,-0.5114880265473973,-0.6975796456320235,0.5520285771168792,-0.4667713284096027,0.2297761000477254,0.8967841580059407,-0.4742331107706178,-1.3424181137046092,0.464710906614155,0.09894576576012319,-0.4719219873433861,0.6624853119130977,0.055424989994395116,0.3326685252937414,1.0223151233263896,-0.8443483628661959,-0.20693582402336225,-0.7382469844930598
9JD4_PBMC,0.5532403198130686,0.8467436703765027,0.7081551063203921,0.743085989455017,0.5004540286735017,0.8563263200954933,1.8191850739431477,0.007476926858415831,-0.6735419504907393,0.11934581308972242,1.5103442677737597,0.774122921622983,0.06144299096505594,0.8714423108759599,0.08443481143576295,-0.08843945919300021,-0.3150525281108092,-0.06486047750812428,1.2810911622849583,0.1356721535578173,-1.2069153709926494,1.0540656219347353,-1.3528477646189343,1.0183947258656194,-1.5030508093269375,1.250387220994303,-0.43484198235783883,0.2598371931866004,-1.0697847785171715,1.037953204887603,-0.8926921008167776,0.27129822965570577,0.3386878426778891,-0.1655287276025647,0.43673546409900715,-0.07797760713409774,-1.0293505348275327,0.847207057962603,-0.27547769852604564,-0.27571319444216846,0.26729401703365546,0.004722566995190362,0.36758495197351865,-0.39742539964129797,0.4718203292236301,0.39448929427813756,-0.06593220849062702,-0.09151454602380503,1.8343492093248326,0.6146741792953252
G4YW_PBMC,0.6957086632492222,0.9636826332785781,0.73575785936146,0.8320426444482311,0.548989987381957,0.5678277969950748,1.7136229642226044,-0.10263244357481474,-0.7318417030260206,-0.2293508754462604,1.8156477512640283,0.7421430113070753,0.9766866890305398,1.1168428868257751,0.0905884849643087,-0.4278242383209894,-0.7628339769038507,-0.5459805270534391,-0.20592225871718584,-0.38754131577999834,-0.9704816754037995,0.05897622025023347,-0.6485342983633927,0.027355044418830604,-1.6260968245858562,1.6461988306042188,0.1283482185714544,0.2210202943683569,-0.25851659570974983,0.23779027302538996,-0.5513201667813757,0.18828071838190538,1.3250794981204297,-0.782615567271388,1.495266054355396,0.6357996347398222,0.5430841918341534,-0.27025636427302896,-0.10066406252618504,-0.06665594813955096,0.7012209355473163,-0.44742720549967385,-0.04655028012916583,-0.9431119024643826,-0.4615364232442721,-0.12005775446083855,-0.37606368049954,0.9331148485879419,1.2298317295851093,-0.2098537597811314
4DUY_PBMC,0.6650690357128125,0.8800128075459427,0.6643516502152929,0.8862352435379456,0.5083255288647353,0.7980996564547718,1.876362408062559,-0.09791080300402741,-0.30340828220993876,-0.17775326043809797,0.9679443304074733,1.4313756811273728,-0.1755818003210654,0.30808612324597257,-0.754560374413257,-0.15729114672414807,-1.1587365899809843,-0.24752552606875194,0.7970685460880684,0.4768526713080171,-0.7640240769679234,-0.32967265460455575,0.7708393089645861,-0.4392668763598045,-2.8971947056882366,0.6932524560906465,-0.35256457910298356,0.765020614086878,-3.372537964718786,-0.08579013632395255,-0.17269006288831082,0.8612755776501554,0.5411373357934799,-1.1365309683690639,-0.24599820361088587,-0.10269327786869573,-1.1504300020596196,-0.21186386508436386,-0.6085784441694915,-1.1984502523838672,-0.3881470533027115,0.6844453514384056,-0.8602943965704407,0.5037727640063037,-0.4041237238564783,0.1172914655420917,1.744885844305306,0.3814738367037469,-1.2543629496449527,-0.5671753583758491
36TS_PBMC,0.953278725050309,0.8669948596359971,0.3025386868279129,0.8537557704223836,0.5696108087200791,0.1901784591858505,1.772986584213762,-0.3927249658356437,-0.8873893553289828,-0.015886050394461552,-0.5087793482750332,0.4258539621261924,-1.0073090949348587,0.3460552812751495,-0.6170851439156106,0.38558758692608514,0.8777741340229153,0.11948515431214068,-0.6819894348361984,0.13190152735584454,-1.3379438694332335,-0.9497361772914413,-1.2342232182135955,-0.5176677896576153,1.8730379604513503,-1.4394761258661577,0.7557174119897527,0.09235082731656162,-0.0493107435907986,0.7442431111693775,1.7481949293333758,-0.6842543686002045,-0.00930296523487753,0.19597989107194358,-0.9865950362651091,-0.24912060214770124,0.7475322385277493,-1.0116580714537942,1.2161998830842355,-0.8117551330155912,-1.031237381553652,-0.25792732507856747,0.2682607467403587,1.1950817874162414,0.9469804229080367,-0.49574404221179713,-0.42349243014682936,-0.8176381044569115,0.06622896258812369,-0.48427978320591575
CR3L_PBMC,0.7598919860149391,0.8069671088861555,0.6490428647544464,0.6062571141918256,0.7230989186720069,0.8626097058277746,1.636492887418557,0.23370674749206288,-0.8557826000664663,-0.0013370115801162401,-0.20789091053750258,0.4920049811495137,-1.2980769618404147,0.16241397369123414,0.14639423301636273,1.3175223461654937,0.4895980100838082,-0.060621178788950944,0.45884097095667636,1.0648593526091208,1.0907734395211202,-0.23051316542064143,-0.9757165006795964,-0.19039030258017517,1.806129482832935,-0.7497330216756641,-2.401092507141499,-0.6279464823441491,2.2900038147056994,0.6457424858523059,2.4552755105755577,0.42264980218775194,-0.10093118049355036,0.8668923759487558,0.6539599708320488,0.6740219929145035,1.9703848052400639,0.04626052372329531,-0.05484754573457944,-1.6174353071556782,0.522652244420325,0.369287198120398,-0.9728109475026923,2.204578963683193,-0.6189791765748587,0.17014683540464426,0.14226773669063505,-1.2634386232769668,-0.48976777519006726,0.20907046591849113
