,PC1,PC2,PC3,PC4,PC5,PC6,PC7,PC8,PC9,PC10,PC11,PC12,PC13,PC14,PC15,PC16,PC17,PC18,PC19,PC20,PC21,PC22,PC23,PC24,PC25,PC26,PC27,PC28,PC29,PC30,PC31,PC32,PC33,PC34,PC35,PC36,PC37,PC38,PC39,PC40,PC41,PC42,PC43,PC44,PC45,PC46,PC47,PC48,PC49,PC50
DZQV_CD8_naive,-20.306049224970764,-12.451030733408466,-3.847416658073249,-6.844764529490023,11.107468035174133,-2.5102867621014635,-0.3356612311670819,0.6285011143009198,-0.35851395286244175,-18.656634012969995,-5.515307327680789,-4.001395824405335,-2.8147524961609656,2.9721396846770203,1.944176536027485,1.9804339223209677,-3.850494216286806,-0.22950471190476496,5.4471907226277425,-3.428439601369653,0.6253346977683035,0.06238266510335799,-5.446729173200566,-1.1682558071354978,-0.8901156236228459,2.9451167588643643,1.1821488153509383,-1.0051903610373039,1.3084691434965936,-0.9692286793506062,-0.36723472313255184,2.198750758756737,0.048643353956665455,-2.3875704632302974,-3.1641807084303832,-4.583176622029337,0.1360314692231743,-0.3378278981680584,1.0866914545552118,2.6392435006255734,2.013385027428534,0.6086109384230663,-2.8182882965379994,2.5082991548231393,-1.4608808072631807,1.4448763615763167,1.655852497968471,0.8870061697453578,-0.6879876791212064,0.44557103384571956
DZQV_CD8_CM,-22.898455449851607,-1.6088491199304815,-4.458425056817114,-1.790945154767914,4.038740899156468,-0.743766855986742,-1.302049393303973,0.04862926642115511,-3.01940599117095,-4.742751457423163,-10.662868937926726,-4.839010674991038,-1.5129129784347897,1.1363016971817494,-2.212493310923337,-1.1352024132345706,2.312239598111337,-3.005658157620229,4.057189471392855,-0.6173139463013702,-1.9587126127082708,-4.441290788963411,-2.2077490697394087,-1.3013670962628112,-1.1849161699071094,2.2016531162191773,-4.9248876225325535,3.3478745326776176,0.45103791741807736,2.746612431686364,-0.969722525570149,-0.08313856172548657,-0.048790961729916135,0.6790585169452195,0.48755267251950113,-1.5379781630160345,0.7524559304684552,-0.6532502135067632,3.3388456943195015,1.8905700177186662,0.10158429994518194,3.095108366555296,-2.909091041556062,-1.6058442315437096,0.15598565824464172,0.15241880616652267,-2.0411137040714835,2.6918353837027578,1.3349639964228945,1.292645068635053
DZQV_CD8_EM,-19.589600928702605,7.97855858947616,-2.7296283520278055,6.45967488724048,-10.413732732105073,-3.17606224885514,-1.1296684313323049,-0.4343306910400586,-0.1746347811294507,0.42600156669754946,-8.424956470113687,-3.6298039296389737,-0.7292804579972224,-2.6625687003132517,0.21031257103703468,-2.0723640557934497,5.018119481472108,1.1344085483463247,5.743083268735976,4.6026339128744675,1.4262451503358968,-6.7485271386418715,-2.091160800276222,-2.2717570402012597,-5.154291646424665,-1.6361808465462275,2.910737609834458,1.5403928962803242,-2.9280361910394053,-0.33994998471137533,-3.511944603148572,1.8228216947411051,-0.7383745172274252,0.7979913561338307,0.0672320022606745,2.998048382840795,3.7742027867216184,0.10207646598817995,0.910438220637861,-0.9405254582222489,-0.9085623181934676,-0.0002058406664457828,2.9298394285864733,0.07042611179095062,-1.4272564041201625,0.7064600005823616,-2.0717950976409107,-0.014511024963118745,-1.5328713173172375,2.2708413381028434
DZQV_CD8_TE,-15.62458333975575,10.094509738019367,-3.7286524550371145,10.662361483045506,-16.15243130449295,-3.328757065796912,-1.6145722632466954,0.4320691561839934,-1.5413996418901712,-4.192162479499011,-2.2447750156609274,-2.4829014530976123,1.1286477758909996,-2.2158627934753983,3.676294253704839,-0.9264075827598275,6.73774352232908,4.080060796552374,-5.475304102719586,-1.1681250535621797,-4.161597088784699,0.20905251254045387,-4.843489619920899,1.373881133436878,-0.9822731627481633,0.1453422914261548,-0.7442664493790694,-0.3343503547212487,0.8011336097382249,-0.19148721901883473,-1.7812378456611353,0.40205887255230993,1.2197974504915072,0.12605472017097158,-2.4910811802898563,1.6293762991989293,-1.5602291001677207,-0.6460507115791587,-0.8925485598004277,-1.758030313102803,0.33709207120447837,1.3874054524206747,-0.27577295581225225,-0.26375818936000217,-3.124287287371187,-1.6633024547901605,-1.2160674820495596,-0.10501682456835723,-1.576122430213326,0.09498638066759589
DZQV_MAIT,-20.742380867901147,3.944463668500333,-7.025820887371947,0.4190891684459473,-1.228486422997613,-4.672049179084372,-3.207656827455227,-1.8091372967493509,-1.4619228874433465,9.97008638426382,-11.40103861758968,-0.2319312559110486,-0.47184330589627016,10.864792224645976,5.3420386933264465,4.612123742310585,-3.869737697341998,0.5678168707157382,0.38874014181970157,-1.4979991044923517,0.23833871074966204,-0.8879866487086417,-3.511032674455753,-2.400218412571752,-1.5886824829307657,-2.509656573842565,0.35653567270488346,-2.0788261275444726,-2.433332670027461,0.8710267934555554,-1.6462399502806158,0.9749317349941277,-0.2652155053480178,1.4548043778108324,-0.2891044318810494,-0.8849680187745598,-0.6346250180726261,-0.8569305401248491,0.7737471865813719,-1.9765658658971939,-0.8671169416352709,0.8607384915789889,-0.6284530190704327,-0.7853241733651527,1.1265781250917444,0.6439933306852442,-0.7775586360816383,-1.1034759561150034,0.9119687032188749,0.027462211753119057
DZQV_VD2+,-17.040483209239213,9.316226830031972,-5.693770554472619,10.748713847785226,-13.272717706474532,-5.228557515971462,0.9701756106658056,-0.2600987929510414,-2.645634412122781,-1.8578750217931193,-2.5691651533887168,-2.342282367706311,2.1982411500243204,-1.5192880009529497,6.693004200472156,0.9364354502867076,4.767295507883828,4.893937888914525,-3.8676583737484957,-5.3903797946487915,-0.7574319834862324,-0.299967085395845,-4.732888851356092,1.1941918050114433,-3.779366216167654,-4.1490723804129646,2.4316379471784257,-3.1196571220339617,-0.5024477315948559,-1.5961586560252923,1.5002015025564444,-1.970120522122183,-1.4520744608554035,-2.62690403773511,-0.5176245158619809,0.03945492624716339,-0.8903253358325505,-0.364479146484928,0.776528037309553,2.372038658024214,2.7896645889219354,0.5760873758499744,1.3453497847921023,3.8479903684656587,-0.31132047119705153,0.7490747603418695,-0.08069546470331931,-3.3151778802853507,-2.7792904639404186,-0.40980261146449165
DZQV_VD2-,-17.39864255799949,12.365196664525634,-1.986476768260789,9.228512871906961,-16.08046643963627,-0.16021334857457753,-3.1870344268571005,0.21233253536256982,-0.31121019803826006,-4.661565284811779,-7.297237214993827,-2.01944183388717,0.21806010164708625,-4.298570963171292,0.6235200726600444,-2.577710953589273,-1.2553012817977336,0.16952023221744358,0.2855234920410162,0.42477351109079603,-0.6056880700941142,0.3008555457295356,-6.826800208750627,-3.338998600854314,0.8742319947174727,0.7204995314710221,-1.5029804497955073,-1.3552521811210445,-2.8781398902210533,-0.11715027375206505,-1.6349156227331718,0.031658601531237875,6.520465412559048,1.2427397134826728,-0.403132992602575,1.2745763964862256,-0.578375195693085,-0.21574004149081896,-0.4417866023043753,0.5730035690284289,0.7907464848829284,-2.0752864252253924,-0.8944059971909286,2.3716058805372273,-1.4309672653015535,-1.188742322416697,1.174797005933,1.013811066959315,-0.9661205326480138,-2.781839085257611
DZQV_TFH,-21.204327098443553,-6.3003855105533235,-6.836532109120027,-0.8831370693280147,9.382534967195632,-1.555550750292023,0.5068826084373035,-0.9404481415447509,-3.493345992149016,-4.821460693909287,-10.407880627618344,-0.47321720589117844,0.6431872685212582,-6.785783399153997,-0.15039930349177072,-2.3378436033956667,-1.5988588655535743,-0.41883369142420307,0.8466189226922509,-0.2981393321825174,2.171700362155256,-1.614529172271718,-7.327351223479612,-0.9862343507758162,-4.334795669581761,7.800563228150225,-0.15882523714233435,1.9229600219608478,1.9178748120618616,-3.862957495625772,6.454888891542603,0.8423102879988721,-2.932154670577733,-0.8609758361603269,2.7345101446672397,0.6745444603637629,-0.8066213030407984,3.6957751134676284,-5.212782350281428,-3.404662737668871,-1.8820307512161005,-0.004635679399150309,0.4581461411053909,-1.6803411858159683,-4.3487391670000644e-05,0.27653845862667353,0.4121161947278265,-0.0036267934569155333,-2.332623987714597,1.0408146939468879
DZQV_Treg,-22.28611687193112,-0.24283290152482842,-3.147035648300178,-2.6812682074809624,10.538416183697333,2.150982753990184,0.8097298706551393,-0.9089383108780753,0.7017595682933091,3.0788653588523904,-2.3613911428865646,2.9411779928607857,-0.8760491244196816,-6.206750128072153,5.090854765137537,-1.4630955966340793,0.6412265332316419,0.33214300755007137,-1.9499056110260526,4.188118461191458,4.6968381893851525,-3.924819102559157,-0.14980909142557908,-2.8223662933938494,-2.7297314928162586,-0.44796675351042065,0.16592335045677303,-4.3137866935375175,0.5261252684290139,0.2970203511794288,0.3983398264545414,0.3281264784577897,1.7980217419619968,0.23950652172226466,1.9390370910370158,-0.7416292566365945,-1.2038169479533645,0.4586898509322747,0.6500017675525877,-0.26203555697204384,1.951622790993572,-0.6755352522019316,-0.9608043381364857,2.3251601901195813,0.8757380987096282,-0.8548422519584744,0.17534568063833436,0.32057988771945123,1.2869709912345415,-1.0048949761038704
DZQV_Th1,-22.12223436994298,-2.4745061310246346,-5.150313041584108,-2.1301190560412757,8.756059678672884,-0.749234374021234,0.04583680941612176,0.20026993223796535,0.5607102692321707,-3.8123633227750937,-6.0696030896744855,-0.7472754788280959,-2.5242262193899636,-3.1792385137716366,1.4354372522716325,-0.4721581770470464,-1.0293504858663955,1.0608164813041843,-0.10250763666200248,2.3771126578026345,-5.073658775033365,0.547056946426263,0.8461987823686945,-3.029376370648989,-1.309883880190663,-3.495288592161265,-1.6852925031777424,2.1245681844813116,-0.970292854402613,-1.439406918465861,-1.1451204846846448,-0.7671745739277208,-0.9160228540375179,0.12665691821592548,2.0151092944719875,-0.670261995097457,0.06854970629029607,-0.6270323208081491,1.2656367589280821,1.4164681432787698,-0.3318428054501033,-3.6354058679893497,-4.140001971226077,-0.8166988257205828,0.8604063592219371,-2.4312252684895883,1.0396898111541513,-2.0089779347070174,-1.2062949132707281,0.884858675898002
DZQV_Th1/Th17,-20.9914753989676,0.7507517159114084,-7.27992457775884,-1.399440886521034,7.138547052290825,-3.290603436596983,2.805756053152011,-2.070846544403295,-2.037726406177584,8.14882543925724,-8.400260606980412,2.9435765427672607,1.0587413351834951,-0.9500641867748087,6.318427494257035,0.9144102981227221,-2.486163021670206,5.026496664043511,-1.7985481778246784,-3.1268495759796298,-0.7099279010431787,2.063899992137584,1.1185198862484378,-2.3814187360390062,-0.3621520324823546,-2.0700992949712913,-3.3622447885426716,3.5581674381577826,-1.9191997783535162,-0.25443193025451744,0.607025771023143,0.4165729965351659,-2.0199441198932533,-1.5792917637558275,-2.4845170988802794,2.8720412578576933,2.055528159041443,2.224963626749671,-0.8534701486694171,0.9155614584396105,-1.9167853192941795,1.5920741948190906,-3.0273106865667825,-1.8570350266300324,1.676798791407923,-1.206811395162347,-1.6460808652751129,1.0509776831361453,0.27698736078936015,3.6644607939741203
DZQV_Th17,-21.11584789086536,0.3553240794897579,-6.974215044719078,-4.455338525940018,9.895363030253767,-2.339011138105433,2.1304843877404904,-2.011033126114154,-1.9316441677264051,8.227488724924376,-5.009264222433897,3.860096576906879,1.4442655553444754,-1.9959498798629989,5.9301809264165595,0.1908574422479492,-1.5360808508369843,4.614922788600106,-1.7444104399852745,-3.4204052712899506,-1.0211026591720327,3.099738428053371,-0.5652405054360512,-3.791834643759648,2.3365445456458804,-1.0239021485096294,-3.297761005216997,-0.49351725153667414,-0.09778213425890885,0.14316995034033703,-0.6694814577922302,2.206735849069766,-3.3474085805404084,-3.208230533973448,1.4736583918626402,2.433198115092837,-2.083652838308506,0.5405980537504645,-0.19925081443991868,0.7194439590662192,1.7444765621901006,-1.2271105845962105,2.2691451773206204,1.6167324558517853,1.8907950402026712,2.2246981863558215,-1.2635838795577463,1.070218453625542,0.9003665478598538,0.4501802704913621
DZQV_Th2,-20.850652875732187,-0.5449009091843541,-6.048233540136617,-4.203015154258653,9.402406843993118,-2.11809802855645,0.6918949007238872,-2.2041744074442766,-1.8511658902672445,5.25187989120754,-3.2792446733213048,3.2654284091144925,0.7606875726975146,-6.0824281177288375,4.138875601536133,-2.900086028518669,-0.5453278742838074,3.2088399097877023,-0.29801267376538626,-1.8848294801056806,-4.1229842546291895,4.212435350578627,-0.39104830691366044,-3.7318944948407204,-0.36181988421106903,-3.087821493772723,-1.1607624157248533,1.0809125043267624,0.12048344357418893,2.1006615885023914,-1.1417706851252083,-0.9499858601721458,1.453966914072717,-1.8091440447361193,0.2898748727638875,-4.060742736373898,-1.2520371394742207,1.2152356168137695,1.8371116827689242,-1.7386437474230505,-1.6616694409218473,-2.5525667000223438,-2.117096716363121,-1.017788294300627,-1.2390380930305547,0.45189724031720063,0.010107718049403806,1.2631427770342596,1.1813919161379964,-1.21136703816072
DZQV_CD4_naive,-19.3540881678669,-7.374596044664163,-3.341745818058743,-2.977442100706025,12.316449663933598,-2.410301962894574,1.1716545026557252,1.0178569796151535,0.7498981845438567,-11.005764829951955,2.622962806563971,-0.27709008807640867,-4.4422140715162115,-0.3355106358818698,6.57449619216408,-0.015310992871325105,2.9515421149177605,5.0760081534061365,-1.0762030225191181,-1.7647306279259807,-0.5436002515365694,1.232000025858349,-0.7054584558797209,-1.628952043194277,-1.5426296616501787,-0.7553209249035922,-1.8727183584610756,0.6616759610864523,-1.1347256210839705,-2.6679496863964878,-1.6141803572142839,1.0213308428070558,-1.0687066624284283,3.7543520430133253,2.8310514429008697,-1.8829912441209053,0.8658213277288472,0.8960220980706767,1.1644104407065834,-1.3904464304207282,0.12331987652735818,-0.17395015345398995,1.2605423692240876,-1.790256350323021,2.7819078679150633,1.1866704604096099,-0.08425863164151591,0.005170914683322068,2.5846716036647543,-3.1766861801043618
DZQV_Progenitor,4.231783953711384,-0.4274544203377277,15.454209202864712,-21.880847589617037,-5.651148611521426,2.759801366752702,16.238393296709706,-1.085190886760919,21.6367082079539,-2.83625239697937,-13.016500580274787,-1.65057926874382,3.692843599225207,-1.7235520134941569,0.28086136447987164,-1.822545997291467,1.2999749395003934,2.3388730096253685,1.3374786058741517,-1.2333759555471946,-0.8707077054723616,1.5866233033363488,3.985962576224829,2.9032275998470976,-0.5410436054447701,-0.5414464464799261,0.6750648076880088,-0.20599794248531839,-0.8634576496268835,2.0631201029535595,0.5211620330388813,3.423332020671163,0.9119130838575207,-1.4165795063371427,-0.26456194693189256,1.551211959602039,1.5201400817718616,-1.2324106865398896,1.3395648944114493,1.9089871118916406,-0.8925388931569269,-2.118812116436353,1.3699557897162271,-0.4374971992873816,-1.2590026068061748,-0.3108155389698601,5.555066138113484,0.996459620689359,0.4352737032104447,2.3604112501083017
DZQV_B_naive,15.511368165535687,-11.441372880513692,13.01096427478667,10.03895444788278,3.7550650312641563,13.411772407740717,-3.6599827673993803,1.259502438403867,-3.70070395424704,-4.481774459817827,-12.133003737800019,-1.2520604862415978,-1.3515995547435558,0.1855801258802826,1.6179469102241317,-2.2345201446862735,0.6601887906313919,-2.0242586960823346,-2.953783850416281,2.0447111139722405,3.620781113103779,6.779922560703502,2.579330007751564,-2.1131871096103043,-1.9626732736281816,0.9715822017106734,3.6843927126119054,3.134867155250009,3.5511000344363186,2.9176865712255493,-0.9844401378390051,-1.5797757672829218,-2.5049291704266525,1.2570631583083842,-1.3499086598664947,2.0489454734382955,-4.245031648314211,-2.976014342880701,-0.11632905319205009,-2.4974765007964908,2.977521950035107,-1.836519390465505,-0.15503932863993583,-0.7609639486618559,-1.2733322188055896,0.4668672544900267,-2.338944379024027,-1.5376475738098636,-1.0216261907172166,-2.613767674231882
DZQV_B_NSM,12.9460171960548,-12.690745979913196,14.581021666220932,8.846193044750759,2.9846139409612524,13.771092252327918,-6.606982251831593,1.2291658242893229,-1.626700754947108,-1.4259136142719395,-11.640425904901003,-3.2919960772928496,-1.4036998943903003,-0.21752264063950608,3.2577606245427004,-0.10608784095190828,-1.365364274895238,-2.2739310906408217,1.8833383980882668,2.062848819562181,-1.8574424326409782,2.1551091106628766,2.68536212104954,0.1930517374152832,2.993975174051722,2.552325618819952,0.038497910162512076,-0.9191914887083811,-0.5541044197515613,-1.9485875384154023,-2.676967920914772,-5.306898328524086,0.46221768141282604,-1.7650960176921704,3.366419113167867,-1.058875675796778,0.7602836815803176,-3.687191005732627,-1.1632095307911172,-2.798904319287,2.9990429591713026,0.5488949446728134,2.4756591333288473,2.092707180549502,2.8951275542194344,-0.6961586387841544,1.6663188007191674,-2.0414693430009074,-0.8544584168744187,2.437313031865356
DZQV_B_Ex,12.867410231159461,-10.430013049831183,12.038105507190394,8.206523870962773,3.295507829124916,13.848965120613919,-7.031022208755653,-0.5866592018221644,1.5110919042443638,2.8803578209454592,-7.635867843164243,-0.2631496595482029,-3.2087241896782617,-0.8402670501759208,1.262627748296923,-2.558386352735879,-2.1661643128270205,0.551927302538871,2.659827166347975,5.1505734532575325,-7.102847686418601,-4.206289890907833,4.631299164334467,-0.19528544824955937,-0.850067808044621,-6.300292600857638,4.59244348072146,-0.91328951896091,6.310345472985001,-3.38505660654287,1.1236687276674828,1.437837587352247,6.680750738028766,-4.5172119350394295,0.6847146937727928,-1.6073363727536478,-1.9923462528245073,4.342104963126778,-5.275301839662763,2.1339616154036958,2.377624648926352,3.618854571180175,-1.0045499786043703,-1.8236969264570622,-0.3119270494135239,1.5981888619114786,-0.1333443150971804,-0.24363037059705958,1.821259003705633,0.6021567274618161
DZQV_B_SM,12.661470618099653,-12.100079746161096,12.577812779626372,10.286702361880325,3.1931312431656305,9.47484760775182,-3.5397714398047686,-0.6337145520550873,-0.8475874051146219,3.669467236674449,-3.292680634090581,-0.5832651672760908,-1.4098160544567246,-0.6141812134205162,5.590228161711972,-1.3295985234554863,0.07959570298889024,4.78807707390392,2.161707541239809,-3.0626764327024447,-6.052130869085592,-0.28260871412408917,2.5577679586853463,0.7480595795659594,3.6687439940759705,2.1507257185852695,2.116235029905821,1.408294963676054,3.3840053086840105,2.411712613177884,-0.9036269660702174,1.8597506826291117,-1.5685273465724217,0.3579482772953242,1.7335413728146605,-2.393780102262839,0.5558767854466521,-5.226792825546176,-0.0572630650064646,-1.990268598053529,-1.902865164018671,0.4197553159808051,1.5845868006955632,0.6317576236026701,-2.0660729427666666,-0.849016688352268,-0.15069759264311436,3.990446480245144,0.9157879250970069,1.6470276753593687
DZQV_Plasmablasts,15.666671642999503,-38.18757997382549,-9.44638900713935,18.195828656836955,-10.766730220639325,-20.866650259121442,12.221052798806067,-11.441467732859453,5.899301551248299,1.6101263119997111,-0.5088534413449028,2.849605311359866,-3.1576560074534346,-0.4544889849871947,4.191380839653305,-2.5916061387079563,0.2515435447643714,0.7388071259395089,3.734997805110494,1.5660115941144472,0.4513940771301296,1.5277613317920653,2.672410186565839,-2.011383553792633,0.07445045542454394,1.4730697883729318,0.4938978002048964,0.6535543147302149,1.4607130738241807,0.05610412827383825,-1.7673495130546308,-1.1434806062362026,-0.445309124604528,-0.8171923236808554,-1.694732275805667,0.5339551723280036,-0.09989735979750153,-0.7670840857374944,-0.21188071192480673,-0.05999996957773538,-0.3916522132763716,0.38673197059381315,2.0382564835121366,-0.9276907942236421,-0.5111778536345932,0.5040460693184725,-1.5861260918373559,0.23192478502629102,-0.7115533716935467,-0.11553728956582415
DZQV_C_mono,40.80431950828447,9.800184398512013,-1.8785162766018135,-3.782642672788069,9.248915312716326,-12.510105147205799,-4.3026372787259906,-3.4520818061604137,2.028604920836224,4.540047098336704,-4.13287487477477,-4.6371548042733215,-6.299254508732668,4.627326029784832,2.95062245181213,-14.1117279998114,-0.20011505087640652,1.9113058647796923,-2.4891392845447196,-1.6264235960106797,1.8227788546993524,-1.1473815545357318,1.2958779295174374,1.2022191167086396,4.589195969770083,3.419825096540654,0.33540818703972863,1.0154471074181404,-1.589234602176359,-1.8517404664616748,1.5915673075273116,1.3712316337918546,0.2971704558653525,-0.2443439164958491,0.1120885236293404,-2.8415690945345955,0.18767976278359755,1.5163579659289061,1.1269967830733392,0.5430444095435722,1.7358015744234154,-2.3575794786201434,-0.7373415321279387,-1.71288324364663,-2.338519420239783,2.4354168726857846,0.2587664921475571,-1.313540681838298,-0.04030403451915212,-2.0513438171896103
DZQV_I_mono,33.03613553078715,18.23199579232117,1.5014436016494037,3.1527397399721213,5.391083863363614,-12.301554982676373,-9.247420179025617,-3.4228578161062355,3.911631554340443,0.5810613005115682,-4.1362271879666395,8.687517794136044,-5.984783434713678,1.6003500968302455,5.287723892672044,-3.6266081734139193,4.452832083431923,-4.428126530346302,-2.2227156841274645,-5.748188995301193,1.2830253810644656,-0.3607688694310612,1.3817262078235473,4.231909717715739,1.8656035411462588,4.091190368734895,4.170470824475728,2.025576574542158,-1.6227012361033433,-1.257522436269543,2.3707891672447285,1.581953149378299,2.3014168292011443,0.8818815473932168,2.8611766854927088,3.2637549983525687,1.0115621423701069,0.6862286891798047,3.355111784368543,0.8181332402588208,1.6505099258187221,2.104877717569818,-2.9904176074200683,0.8762298922566368,2.2962814198440524,-0.3458910594396237,-0.11238821599212652,0.8737450997077094,-1.6747008391157625,-0.03154680916000009
DZQV_NC_mono,31.342433907061547,14.613215534376266,1.9038017866192218,-0.49603986653622834,4.619850150785819,-13.61652782668841,-17.371158408461476,-3.575034116917745,7.205125700553187,-2.0203113847570933,-7.243759456997647,11.098138109015618,-3.079300779091285,-1.6416058332526002,3.793341493027478,2.745198369886883,3.8701267846375806,-5.952771954054497,0.6887977180941381,-1.6570920781774505,2.286573168879042,0.09489069562870274,3.9837898018625117,-0.16795979090516294,0.3883851855804063,-0.40969776824355925,-0.09520771890303145,-2.667349540484426,-1.519770534185123,0.4974878235312465,2.0727366902301214,0.6628593538206794,0.5343401829682467,-1.333187935642194,0.652891701811741,1.6671315538919025,0.3153523832627341,1.9797425342060457,-0.09012386737311327,0.5720754377712005,2.3246780119327615,-1.5622670425066796,-0.7836916567252696,0.04915526198919505,-3.7368723974674887,-4.573206028573952,-1.353571225242442,1.0170934732574155,1.9014370232017035,-2.6076032530390663
DZQV_NK,-10.114067637652218,16.434131390925092,2.7761653904585857,8.27664475386643,-18.146735227201162,2.128861332168273,-0.03672151119529636,1.820744367376014,1.6472403707039862,-7.303506699181128,-4.543479824642095,-0.40183383308024617,-1.9534452793619128,-7.124169342103858,10.187176006148702,0.4825372345250253,-8.740512346867723,0.151077071218603,-2.4803686475990663,1.132879162506913,4.2572811980556295,-2.9081260589084126,1.0523500247818467,1.6503788024408663,-0.39318452066450804,-1.25649534341393,1.4454640753384724,4.4999657075462265,-1.0290322099157374,1.0519100556833387,0.34867111939913226,-2.260549193566832,1.2876284610540183,2.033581562536727,-3.902052599970892,-0.43847581863484336,0.598936540086626,0.6966525799877167,0.3650241170473701,-1.7594977744909917,-1.5500729621483675,1.9661535455741055,4.058669196982875,-0.30061583995616176,1.7426074338582205,-0.9229836329890149,0.5358383628391299,0.5864198785259109,1.831720449935116,1.5950119180448936
DZQV_pDC,5.2300486199674605,-21.216580166257348,12.200271251691131,-16.576499210751923,-13.146996247442592,-17.264776681943992,0.8676686787862515,23.201795543498225,-11.782795188986679,-1.0109068717971592,-9.133961986367432,4.967030293693125,-2.59420993007531,-1.5209184606913333,-0.07427411179769167,-2.3290678843639485,-1.5614514266829211,-2.4347574772046827,0.5830037971373522,1.2594532833676897,-1.7249277219074115,0.3848822289060183,-0.21476815358279774,1.6473362301851395,0.31258862420517536,0.13420892433309364,-1.2490348478598092,0.2803860989109314,-2.108304958731147,2.486828919436817,2.3801056334870005,-1.1756138817268733,-0.11146865154319958,2.1194695016058582,-2.4658264258713842,1.5941572808581435,-3.2885983042265603,0.17845349081578674,0.16221132580818676,-0.5916259359252639,-0.8622743130934852,-1.2493133567231858,1.4651861040989633,-1.624863898141072,0.06093450410951153,1.1353244415242685,2.380785198011555,-2.558841515129524,2.7385401737326176,1.9945653717494047
DZQV_mDC,29.70706800443123,6.136782547931077,10.49787554622184,-5.959144152742955,4.5010926357151355,-15.814023816822662,2.7206096140296854,-3.7466086825506437,-4.102582215528277,3.0903555263275244,-3.003005173876728,-17.19043329359955,-3.117457530038282,-6.5152914925130245,6.683103298533324,3.883644600479076,2.01017847208391,-2.9181778606601005,1.114115754721855,1.7114314285423897,-2.0793235149732388,1.6588802235544529,4.182772426939277,1.6942072998630187,2.1182343029880495,1.9059047478078055,-0.3700480072992339,0.05427016583036478,-1.7158657836069469,0.07713356541841505,3.2532640352976587,1.433566496964157,0.11888195812874064,-1.0541731275744604,-1.1784677298601505,0.6785221261258088,-0.2965464971806778,0.14107561817851688,1.7422988724589388,-0.8611682769878561,-1.838221309390637,0.6043685916009389,-0.8013694888184685,-1.0368825528186132,2.08436744481058,0.47816381032652516,-0.453364161960842,-0.8463099200979498,-1.2784760951238796,-1.3026313199080306
DZQV_Neutrophils,59.33556810611087,-1.402273144030586,-45.236006321063996,6.086344377014257,2.793870616301603,11.608727418373771,0.6177299041093512,12.659945074376205,4.052729225778283,0.7620264744832174,-6.1505410898720605,-1.5161504598270277,-3.8460936871059217,-1.4194756776112791,5.065709423469418,-1.54116458715701,2.375394374812459,-8.733407994263947,-5.53768224947735,-0.2757647492617337,-0.48115030130707487,-0.6068358584598182,-1.0391300973706685,6.264787896454321,-0.9781449389413128,0.5252643369493543,-1.519166147449962,-3.330190699274787,-0.8102500918939695,3.4203690216496647,-5.697838038054234,0.945148585863436,-2.9885672557757914,2.0388641588561494,1.5513476271080826,-3.7867139292667287,0.05437786096625434,2.005718624229637,-4.981779088242187,3.4429586939399446,-3.38491086703801,-0.4762240906067606,-0.7603967268142374,1.888738692477572,0.8056761015822359,1.7262565042763247,-0.9702087646677608,-1.50121409493636,-0.623949741122523,-0.16274472020405464
DZQV_Basophils,17.961102755212487,-5.49693651337461,-11.486829974979985,-30.90605281778837,-17.70525004138072,18.1803092276868,-5.337113118295633,-17.5296567418937,-8.115097665865381,1.2005583756393399,1.0248386778909198,3.147807130024148,-6.6968638520740535,1.5302151998551685,6.251463339717385,-3.7186867829117123,2.733418588789282,-4.808789223919697,-1.3176862824952844,-1.9848014107941245,-0.988852744394717,-0.9850767682594902,1.1263206768852503,-2.1063130538669963,-2.028347316983252,-0.5577443577474405,-1.3709789258353078,-1.6655480092005437,1.9457385019637194,-1.0674455174410953,0.8505057049351771,1.6773929062337787,0.31095443368697273,1.558541818877624,0.8458893440968599,-1.009085689201612,2.4838240643126945,-0.37235023179956867,-1.0295913766781815,-1.272374689917297,-2.1333519625948774,-1.3954846327867871,1.8485224995723493,1.161981365804403,2.275029549156646,1.9868756718440723,2.609070469491291,2.360120740820158,1.3140027566401027,-0.13144516561502273
925L_CD8_naive,-19.987930330750025,-5.285108869753879,-1.1073240609444779,-6.909501481714036,11.881365922275387,2.587721979289931,-4.168650198671679,2.8213666401466364,7.693162217944718,-9.47176710101853,7.586413178391885,-1.9887029574023598,-12.124339851104228,5.838827355216932,0.07871603441391245,0.5990728820831756,-2.794017225898458,-3.0088580305718153,-0.3838401954944312,-7.423078418929322,3.2439895026407193,-3.8080537482982835,1.6542572476132364,0.7343275950133763,-0.6715934839437063,1.8137022445845035,-3.5281439069866494,1.4416992050150534,4.567993688945787,-0.23144926055652915,-2.803060578548993,-3.3959222588406175,3.6183591636781336,-5.415538933552998,-0.6916750467687867,2.871325421492501,0.48954061548002015,0.1532945006461008,0.20322508811639928,-3.420007698950253,-1.9523461867159424,-3.385572806007617,0.5322011958864908,-0.8391187560266017,0.4265860462742766,-0.47982456360250925,-1.948637501214174,-3.8262829496599973,-0.7396918492346569,2.6260099689169056
925L_CD8_CM,-22.904912165487588,0.0805281725031314,-6.081492613388382,-2.986795828519927,4.5501361521888155,-1.4242557542020593,-1.3162378954767233,1.2609899957679211,2.1284419055767962,5.213291491498315,1.8157425287687143,-1.525457478973241,-6.456092448226795,4.379289289972874,-4.060738579499735,2.4193737843102787,1.9403062249548662,1.733017340170382,0.4903005734414942,-0.6716181062664551,-3.3590925068576745,-5.314828330517034,2.3816429308333786,-1.830111617731613,-2.2550640467211758,1.260437659874841,-2.8162452410705545,3.5496367302517577,1.7956003001454244,0.9945258310286665,0.9126328218058644,-3.257203895631432,-0.47443687503035165,3.175954126792581,-2.728846331094184,-2.4676467469809054,-1.6026642850925834,1.9111854210000858,1.1682480042191263,0.6033735004301297,4.97394015234245,3.412868325953069,2.5377451756309557,-1.1506621816110776,2.6852540209604454,-0.4933516917656546,-0.13135738532818164,1.0200996445101975,-1.9802657204390302,-3.3387074651118813
925L_CD8_EM,-20.336480369021967,10.51966497703267,-2.9179685007497524,5.612963465630504,-9.804487228414288,-2.10305979588821,-1.0930588018101193,2.7037973730101212,0.4953732754796684,1.983580498446901,-0.39380369225951006,-2.833787775800392,-3.5729535763898603,-0.8507100476432434,-4.785173352143308,-2.347535473092244,4.945305710881493,5.5404135594821176,3.214193779195989,-0.19213339939461915,0.20985400702437174,0.3820996224185245,5.767432235595785,-3.6119254216838157,-0.9634614207222251,1.9221440715937932,1.7078504964113914,-0.5598845485309119,4.236505834225372,-3.414931431035209,-4.191237000262906,-1.1581539962942748,-3.036523771088544,2.8639450424098296,-2.3046795842552323,3.4895614990998514,3.771716395404119,2.0305382448675995,-2.5763136297023794,-0.7147825077646841,-3.0848370366529125,0.5566928895525449,-2.0159932756497114,1.1399626013609654,-2.0849044315495235,0.137135105566446,4.527632989376459,0.9706057072616315,-1.6321273554367082,-3.5993857807742544
925L_CD8_TE,-19.008047181376224,11.01217925895407,-3.6629990379883446,7.264188441690748,-14.861917622368358,-1.961768033266398,-2.950521392170168,1.0765564988665857,-0.10585357734274942,-3.116872302295875,-3.2661809742023578,-3.6531239522886474,-1.6568640663782712,-1.5286564119301296,-7.3261366095358,-1.865713659785869,-0.14672396211794272,3.2587436335312705,0.6224805811064228,-0.9606611334932409,-1.6585043379648978,1.7982346743672364,3.374382027747006,1.606941368180811,-0.2276591398522473,1.7662728562559784,-0.41955479716628474,-0.7799535819904567,-2.4399379968219224,1.3971185511806923,0.8640981903478349,-2.4030998184284313,1.9583553186176346,0.3887552088351495,-1.0579482502472408,0.7991316085761542,-2.108313540230112,-1.3683712311511655,-1.5996757204998,1.7481014307277138,-1.3797957427370855,-2.1307480764827105,-1.6141869867830665,2.072959440226514,-0.6804039841365912,-1.6349176889826014,-3.1124934139731986,-2.025373831299667,3.525833131900259,-0.9019930811700484
925L_MAIT,-21.31881837472522,0.7653558747174488,-6.220194143838681,0.8412059783246224,-2.5305845671433844,-3.89521327536355,-0.8745198121102182,-1.515327424086088,-3.1164377885336614,3.9673855924934105,-10.51190455294662,-2.1472573528040586,2.0463800527534595,11.113851872257298,-1.9257892659275364,7.51949294141173,-3.345903561714675,0.995420123015817,0.6249268840994129,3.0378565553773975,3.020798335676671,-2.070788327691976,2.0618580493448846,3.419693030041749,-0.6455489369766734,3.252556403467764,0.47445357058806475,0.4563899108966465,-0.30478840766113685,0.3562334115355339,-0.6727868277510926,0.221264231712806,3.3757999399231107,2.8253753555429255,-1.4143824267102056,0.9554454458810047,0.5051473951929274,0.9109558217971399,-2.324797231471191,-0.5288844719813447,0.7224439535388654,-2.3385775461728797,1.4737700772130666,0.9278961498569569,-0.8386605937670898,2.393038721869133,0.587580721192139,2.3309468733864898,0.594028076737198,-0.9146648551868095
925L_VD2+,-21.519714207234525,6.706143935249045,-5.088377722936496,4.018404328224362,-6.274625054774076,-2.3198513983400284,-0.9861781858099338,1.217239635869215,0.6945000278421065,2.7520875997653045,-2.5605817347468114,-3.767670646298419,-2.0295690341213986,6.945767414593559,0.11050119968905561,3.1082439918610607,2.8906759990958726,4.639017507686469,-0.1369066685675789,1.717893620149918,-1.5280361748199207,-1.5955230601166066,3.4115305781878016,1.2277024131665508,-2.885878919302751,-0.11084266104423088,-0.13569204519658254,0.060744620688166925,0.9615536124086669,2.3514624218142224,3.180755114687223,-2.500783371792347,-1.7016564252764625,-0.6853719657491334,4.859564056259703,1.2631869434116705,-0.21227501704810167,0.5441364028561901,2.9441634453803047,2.583684454844456,-2.7947685459755203,-0.4032630669862985,1.3982425290577378,2.5308466243787966,-3.1544100751410773,1.3555219354466541,1.9095983248263448,-1.158623325853962,3.866195324036746,-0.8489106429260693
925L_VD2-,-19.013868643582537,13.907739986673556,-2.7217560518951456,6.664682611185413,-12.920694969932047,-0.007711820093193945,-3.6343319867219264,1.0871621827484867,2.985525182708994,4.0492879669366415,2.457341781899985,-0.7377530992385725,-6.493333058189137,2.3104434967845022,-3.5052161683424274,1.1618071622849788,0.4015221563111695,0.5419514669832189,-0.6775012719261649,-0.9831870274875439,-0.2300833502204582,0.1474434373435441,-0.44984886193834095,-4.347573745653939,1.9281321887578307,2.1760947005081914,-3.4205918339541204,-0.3119315271886229,0.12068378567840338,4.829683733367772,2.685191477668562,1.1226094835774214,3.725685369844696,2.814466219728508,3.035538392224362,0.963347624323038,-2.6556756556390178,-1.5377073615542924,-4.377770223171428,3.8653289300807665,-1.4068809115798755,-0.6792411839519333,-0.030334621018499937,-2.512039878993044,1.4899631054469187,-3.3414019271712436,2.630306380608673,-0.7766959321428488,-3.730607577980005,2.4692892073894943
925L_TFH,-21.551533793722943,-4.432252290496938,-5.621447685625632,-1.2048099223827182,9.944341440537116,-2.1888422145702395,3.0162227423802723,-1.0452323558522787,-1.8163337573415788,1.122425588050293,2.1006021698192265,2.079256843252925,-0.6090469109637776,-5.726646324470718,-0.6149276433387784,1.785065891771623,2.8752629391662086,6.888938638620268,-3.627444405819769,-1.116077032874665,2.3835467428380652,-0.8785441071628828,2.3289473638961953,2.812971185589935,-1.9596052586917518,3.657420609601401,-2.3465036192024193,1.4646971081216442,-0.7792545342843572,-3.3442211050645376,1.7302167134562112,0.46539020663409153,0.7991038743754179,-1.5425894119117283,-1.0607173270038692,-0.6817897949780156,-0.42607656596615856,-6.849106523071963,-4.262053941099177,3.42447431898394,0.6387583752464063,1.3785589069849935,0.5161179711427578,-0.4131304588681701,-0.46963052989300574,0.015271947740224183,-2.198763189718609,-0.765159240594371,2.065958911775478,-2.4654923273310305
925L_Treg,-21.522216510866905,-0.9444777768940709,-3.5518571935894663,-1.5905596449894637,10.11314297363013,0.47419201346940437,2.6591625938472183,-1.879523085678501,-0.5464232214124057,2.3947652895152776,2.4324695625003714,3.319989444499073,-0.1580419321934345,-8.439916173692852,-2.4972047257539423,1.175440752284155,3.1856133719975923,5.146556143253866,-1.6334225935091071,4.985062651224117,6.882976427797432,-4.3343538980808995,3.258022428914304,-0.11294627719311162,0.38376810173773945,2.9257253866848387,1.4715915765217478,-3.585658116025599,0.01435659243454801,2.143513196549689,-3.076649831454804,-0.04731180176259216,2.522601025101629,-1.111550784942296,2.4020598497254895,-1.7376319985681699,-1.6038196020517377,0.5001501094119732,3.207924522318987,1.9168751115859426,-1.4821961144899762,-0.18785730008503138,1.0033043399338526,-1.3169404191003946,1.1062316708222955,3.625450442360299,-2.548129481074557,-0.12598631082118888,-0.8847217661249308,2.9493625020585355
925L_Th1,-22.80895317404845,1.9586816047859716,-6.534862990759966,-3.59802938217954,7.360356830624729,0.33976276967522434,-2.183526772776053,-0.7186378865841536,2.3706999067161503,6.556281595835746,3.205583531011154,1.740968532832799,-6.003441740281601,-4.209440311394522,-3.4184939375494925,-1.0365040402272667,3.0121582054288,-2.8935461868507617,-2.211925833290601,-0.4996411594903698,-3.386859882992201,-0.7262550127110033,-0.8828110498575983,2.798990735988299,-2.8511067720112826,0.3494997965290093,0.8152833557053883,-0.4594018568277681,0.3701882261968593,2.81152281325233,-0.46840642226600365,-0.8546431171372835,-0.018629423597265597,-2.1554519085386525,-3.4013883022179425,2.2279687481840256,7.376660871248354,-0.32525466306735884,-1.7594054969874604,-3.384599672237758,1.789068842979577,-1.8508035467372432,1.16843138120449,0.6178872991248416,1.9070886873492119,-1.6731617768444236,0.01952734690549255,-0.6130928780559772,2.4635737587241504,-1.5944623998804175
925L_Th1/Th17,-24.14452393127148,2.149012230316352,-7.680362218659814,-5.955837296838664,8.564656548929834,0.988083780772413,-3.9034243134255298,-1.3480417937080127,2.9332504859415063,9.232047919646606,-3.048404880966602,1.4466995608135162,-5.18337457517993,0.41490271366288844,-5.618945628257885,1.1990514022279393,-4.985725466588061,-5.3966072708220505,-4.910991169469663,-0.36231312706966934,-0.9084170075730447,-0.07074038009916842,0.7776354736968398,0.5598994014482689,-0.9872195415187021,-2.705029883239742,-3.896589423927237,-3.1902979262949143,-0.3473318910367518,-1.2283379843603792,-1.5004572915874939,1.882869120466096,-0.842473429282869,0.04614032934309165,-2.085902854407375,5.172644045490741,0.5649911949539151,-2.9295345672744513,1.043224783706998,0.07523283414999635,1.2894711188458912,0.8361510186159853,-1.6564521130306273,-2.889940736303591,-3.466618834421958,3.371158103918816,0.10350602363018681,0.5695753549998359,0.1223880719024033,1.241176463615379
925L_Th17,-23.177517395614846,1.4173182138404,-6.885093792174022,-6.166428439720887,10.198648376193095,1.44846662436631,-1.6552240643562153,-1.2258225284298343,-2.133132501346251,5.26255268499624,-5.02665666260981,1.6236351215384162,0.44524639987439907,-2.8682314285457964,-7.01404373588306,0.9788416703189109,-6.627070970171214,-4.28716357384529,-0.6180431011863765,-6.004770583627076,5.75356103457326,4.788658611098906,-0.4119652920519001,-0.5992693276640277,-0.2863342217277251,-2.229317468955432,1.2603441948113154,1.7142388633253165,0.6691043948760886,0.46802684059737143,-1.1964534390326012,0.9133327660171398,2.6250624544209935,-1.5618511133238107,3.4439950989024264,1.2846682144387422,-0.861622983053208,0.8944288179646388,2.779832081770398,0.7482059014466819,-4.2874407516679724,4.824828382583137,4.981714807489504,0.6723571360227956,-0.20466123967558666,-2.312557590327242,0.7346443207913844,-0.944764526282438,0.6346807194317283,-4.328585004325223
925L_Th2,-19.722618606863964,-8.005066082257262,-8.860127226603478,-5.512268363996504,8.997848810121697,-2.8606818818628628,0.7387183940975592,-2.62941810074779,-3.892173844756195,-2.4918704861781658,-2.3714042244573093,-1.1010194026571332,1.1501951750505042,-5.827839490836356,-6.556560567221804,2.1168391228864594,-2.013496691777127,1.4665594611153026,-2.9392182984146213,-0.603051008851912,-3.88790451941508,2.254156169160845,-0.7391608672884186,5.357381890905815,0.5369629565023657,1.0677297853826182,0.6444023779746004,2.1036484302515497,0.4979941572538715,0.9373590575485178,0.3460688105425905,-4.318017488499474,3.7042161764374004,0.33497362712403655,1.2084525737334215,-3.727163796088934,2.145373932145566,-0.11656313158775614,2.0023344615709617,0.21193652121071724,-0.7751365631181762,-2.0052128112928025,1.4424569853738145,1.0796792878929231,-3.0758309764259963,2.348348110784762,-0.4107133879962408,0.9516801156916403,-2.815997163661956,-1.2795062173951215
925L_CD4_naive,-20.96770650189057,-7.625633200975262,-3.8189342800431025,-4.605107209298807,10.831678058532136,-0.2123281425111872,-1.9820474227631446,1.177759714907179,3.1031441831721094,-11.874432642197347,2.5608750039258967,-1.8243461392325888,-6.003270531244784,0.3331522238109507,-4.626738547861572,0.4825610216312217,-3.1163351062390876,0.9546883978539487,-2.3673813706876374,1.4792689607673368,-3.6939953671024823,0.2972935140836943,2.8250066718544233,1.4199988278747524,-1.5466581719170487,-2.877163568476574,-0.21251359278426743,-0.7284523599633946,-1.3501339970154291,-2.5622808837343727,1.8898424773779305,-0.0022305883610343655,0.47883867567482696,3.6595187024089473,3.9270177011646257,0.8659178467060467,0.7536767898895691,2.506206731221676,1.772585063561071,0.5714247775417504,1.0218760454536668,-3.747587025785734,2.5886111951613633,0.8740054254740005,0.8591439472877713,-2.369478404155202,-3.5119634221652043,3.8602293619000823,-1.658002587864598,2.4109934777791504
925L_CD4_TE,-20.29631657164911,12.008458577281152,-4.382586514185142,4.41629978467041,-12.294310139417536,-1.7297788524159625,-6.063702780536575,0.9088137206640938,3.723412434458326,5.9535177365110945,2.829199500973053,-2.6646257451194786,-6.024154090293139,-0.6959220329373583,-7.635916908068371,-2.6053771900792473,-4.063116962218721,2.404653212414241,-1.8646247143905919,-4.302846860743563,-5.031235604130037,5.649955351807934,1.5410513668427046,-1.7481234563084322,-5.1352157501742095,5.665938429457699,3.647766166083385,-8.261127205968634,2.8056569687138055,1.6609435223819475,3.0078585018471546,-0.24602126251439543,-2.4271440527641017,0.5984589047812225,-1.0823627002217624,0.09167434708047537,-1.6996662978003279,0.6328611463212577,1.869924176287392,0.4983552725679529,-0.336703290843085,2.237638724461277,-0.8642155247039788,-0.6981532170538093,2.016991200533822,1.0868875296838554,-0.9370773842141705,-0.4966375756846952,0.43364472382986285,2.3995901522960215
925L_Progenitor,-0.6215499146148462,2.3260290571606115,16.887813508175284,-20.8812037029016,-8.150551259971138,10.522059813904166,12.983449128004793,1.4383304782309927,24.411097851241585,2.6364798492501555,-5.489099432762755,0.46664547854793503,-0.9996481948690308,-0.37281625297712767,-4.051961035053266,1.8473180580791746,0.6490196779518359,-2.099009332132375,-2.928620876827615,-1.0553640729555653,0.2074829214722788,-0.0483772717435719,-1.7337191821767328,-0.9262494117947735,0.21443324787470652,-1.6245651791506188,-0.9975049219077488,-0.09711461807092538,0.1488892245906055,-1.4719989991428528,-0.6335187420535193,-1.1330487519446055,-0.5949857100776891,1.2854174555717994,0.6268057202650045,-0.5658648130096494,-1.2806972624276154,2.056044409176091,0.43209718955403187,-2.077480217237273,0.8583796511152473,2.0577906875368526,-0.9656428559334058,-0.586885487070015,0.5999213028137502,0.6576988692894242,-1.2494920417035884,-1.0547437886783866,-1.1963328588865896,-1.5480214173878508
925L_B_naive,6.7130124963949775,-16.773130832255966,12.021671574536764,4.230218572635234,3.6609489388205296,16.33139163912812,-11.702694922582722,2.478772977851519,4.963396971052821,0.5376281284952826,1.5709193664792926,-2.147810644544064,-7.337036155688048,4.315818875711909,-3.4999733889749645,2.094392027224004,3.031429881057561,-3.3503663674758366,-7.905978918944424,5.534702194894896,3.7489191945990026,5.221466856414291,-4.384035343193668,-1.9131963812149153,-2.107160196386452,-0.7378790493354273,1.3248412293384977,2.014451692369997,-0.5523923445213664,0.29673667287434746,1.622732202327335,2.9654063522516316,1.1623306899405443,-1.7277208522374408,-1.9288053876228861,-1.03250563258747,2.1416760442921823,-0.3805366532216519,1.561808609796908,1.4055196425673924,-0.17155274980643442,-1.692846033228527,1.2691747827835422,-0.7300944157447355,0.9300429796870313,1.8179434273107256,0.5108511967658069,0.5294933630119215,1.0616098872235262,0.24653074592470084
925L_B_NSM,7.793916808833203,-18.686513420934535,14.816589735658091,8.451760421867055,0.9978461920173558,12.518827443641513,-6.6267566102136515,2.0881118304403055,-0.9493413590430488,0.5618115465476988,-2.230698669496331,-2.274823708383155,-1.5135195113155722,-1.9932031639886219,-1.399979723275529,4.437476683528748,2.79663967844196,6.402835931573233,-1.535574377711323,1.8583312621051826,2.5191421090630186,2.0045379095589895,0.6423307903169216,-1.2829015008825937,3.0363916235116992,2.6448906147257336,-3.6029980671671225,-3.54389147363876,-5.575796769108289,0.25172751928980497,-1.4536153501187226,-2.902803477643447,0.13700839447274904,-1.0013342493580304,2.485520865329173,-2.4476672204564203,5.784613585988322,0.6935186738411737,-0.47727622191613733,-0.3842417634014846,1.127520558709323,2.449676581764437,-0.6405444260475106,-3.888314230355727,0.3152094368461345,-0.8177065442794459,3.8807361601956183,-2.159473038833213,-0.7831338149648458,-0.4668463637911017
925L_B_Ex,8.882034786990044,-19.912003613734534,11.09735063899554,11.15075595750166,0.17978543375481776,7.41070296963546,-4.629368354063874,-1.6592609091340351,-2.603144377441437,1.239649015265557,0.7534308732894763,0.9387949038052067,-0.2623885044963573,-3.720623450560305,-2.816965781452257,3.0312404874605674,4.524886214549665,4.7433146970602165,-5.460307568888339,-4.498626100595159,4.342683673614048,-1.3812491773963889,-1.9375329563802872,4.885099571739585,-3.3167963854149694,-4.242007556207852,-0.7272702886795587,-2.001456699580662,1.6715277616125228,-1.1291790804873223,-1.5891279901106379,4.176057965218263,0.3539565302735534,2.628095835964953,-0.9619089529382978,-2.4657139869227853,-1.5078562780589055,-2.113804316064083,0.5955985265435018,-2.280560438122059,1.6780328496374939,-0.4927381064972342,-1.8317660967061673,-4.258581736704995,-1.7854998146511174,-2.6620076614510952,1.7236086241631245,0.18408184358443982,0.653375990780427,1.8562617753741255
925L_B_SM,3.6812368852427055,-16.829639691389705,13.094350536735325,6.947482504998258,0.0599970295263412,11.040591326290858,-9.412904572563063,-1.0625331883843916,0.28722004259207307,0.14555966045641122,-4.422956044434215,-2.0001036506604692,1.9740338941122546,-4.480444960342303,-8.607383835901228,2.854769872653587,-6.003356111781068,1.8873285140548826,2.128715047849476,-4.6199142725858415,-1.5035224785731902,-5.2814791268962304,1.4823920084175215,0.5264934237230837,1.9574065775858878,-0.94822231152134,1.491117272658586,-0.6867240453206155,-1.3032810214858368,5.87915144067892,2.1194579124117428,5.810884927746766,-3.813220700910133,0.6471558708055883,0.7906514356429294,-0.004671599407201803,1.4481821231479377,-1.7299972531739476,-0.5385994302043916,-2.571797405835741,1.036035790948376,0.7502525129878269,-0.5110934242065032,1.751269240451094,1.2327904779251369,1.7463154198220232,-2.2340050044322814,-0.08218338181446398,-1.9218260192927925,-3.230334030556289
925L_Plasmablasts,14.001530855642253,-43.18570760453004,-11.672534110032348,19.130201006590095,-11.516982499127693,-22.3405686468178,11.281945495053257,-12.217349455578915,4.850471360757343,1.6393409555259533,4.572334993089918,2.5069053249052335,-3.5135705103790116,-0.45264006841536975,-1.2219421685021667,2.055937052913547,-0.1667812844113193,1.3391116898994904,0.4906155747782051,-0.09084690264653547,0.13821235016635605,0.47176823708246357,-0.6855620625228013,-0.26295352370632713,1.3331356825627965,0.7526626383176964,-0.5606526935261081,0.5428164686829438,0.38704030358392694,0.5977588372924151,0.6067955888367066,0.36587252178812046,0.3809039041286036,0.009972805289641493,0.21120756974663762,-0.43461880340794273,0.7987867807274779,0.5310444438937225,0.39319286969356726,1.6502825658757556,-0.12143926617074055,-0.8048981228952922,0.8765022652405413,-0.2471363481916494,-1.092536732599642,-0.4000191833260428,1.0946393945383803,-0.29432789380193697,1.1668485138067914,-0.5135123665956771
925L_C_mono,38.75349397507029,7.5575374212574555,0.7358744852330416,-6.211915388058698,6.00309934867409,-11.030040977547388,-3.449520079943,-4.7050982280070714,-0.4131673734824701,0.3922300039769189,-1.9229120870020058,-6.953610801271002,-1.9612497346368978,3.5424656377693076,-7.758750169164989,-8.189897103245913,-4.50469573734227,6.928768863780197,-4.3651655334936335,3.1995263604711894,1.9359280844308708,-1.8099535406621297,-0.5308653449572857,0.49127177277200484,2.6695059134545507,-2.0005885896290736,0.6971974134402887,2.5834188076536715,-3.6417708047379485,0.6744112276668334,-0.4038379593254514,0.10103499903398555,-2.9747627950082687,-1.8458566017100637,-0.6306914068708473,0.37042395714009674,-0.798647023214716,0.029334515448766623,-2.478274990080071,0.6026218083407581,-0.57165147824581,-0.17404765269171976,-0.9170953361938269,1.3249018654661675,0.9650079727075598,-0.6392620029962328,0.3972217271909587,1.5519819596256044,0.7669456402878102,-0.4065631095155626
925L_I_mono,32.89814986763325,15.09951565407397,1.0625121125066672,0.8117401734147083,3.773996167823491,-11.046028571528264,-9.450305081803098,-3.243751403811165,4.259149908793821,-1.6660073657995704,0.6006486272791159,6.3820895415173,-2.7335905625040335,1.9361392790215555,-3.4503912931612675,4.713988445487234,1.8104645085713718,1.4331936510817818,-1.91919235744582,0.019985066057147133,-2.9715107196751345,-1.7970003820603015,-4.068317053810218,-0.3940228784248113,4.182493919706536,0.5472160890022707,5.1959967401194636,2.6562571515365487,-0.4509058915522365,-1.858184992499986,-3.3573985143942786,-1.6516408959971374,-1.8350745237959059,2.392237389111003,0.24990685609142627,0.27613146018199036,-1.4787344162662537,0.23875930287055933,-0.21380591565024307,1.350479964129043,-3.0143977334091554,1.3538935719832252,0.03230334500374664,-3.174070900384042,0.38402966020913604,2.316187202607123,-1.1244453426199112,-0.6848079026995942,-0.7321357605845514,1.8479733163224399
925L_NC_mono,30.626709609071117,13.581550723135955,4.240425359342023,-2.328573815522472,2.7996273455601557,-13.22591899465138,-13.707637835688152,-3.403981934496266,4.944210264271581,-0.9450823674625565,0.5324352558837766,7.557024905233224,-2.6714726163123386,-1.1279695978275461,-2.8012747705057177,8.386516747256593,0.825938408805019,0.321515520451502,0.8165170387719966,1.7709806127049377,-1.8515653205118563,-1.0892065179427688,-1.2307355594765461,-2.425876384529442,1.7304080174548455,-0.27245310848343,0.10304031762150893,1.4521039803796383,-0.9745032901492715,-0.4072790535417386,-0.4106548108826555,-0.4793606471406133,-1.945312991297264,-0.7711568553820085,-0.8081053998148179,-1.8432275660928674,-0.41552124287768294,0.6520331936352478,-2.4133647817017736,-1.260945586518418,-2.217437720270889,0.8422108557475431,0.012947937604262107,0.30722541586869834,-1.3880224146066173,1.9362904232745615,-0.8046744705017964,0.40427951296777476,0.6544751420122807,0.22642087373698827
925L_NK,-13.58213747047522,18.57127429191666,1.6765295494483639,4.381358541740778,-17.836063324464416,4.756954629539309,-5.073443944650043,1.6233195734913388,6.86851691239031,0.01290895622585685,5.71959722043436,1.217788480323761,-6.577306708816204,-3.8358749571764093,1.8640746724994066,1.0644321296825965,-10.902708648226628,-0.7418993441164833,-4.015287190013565,2.5940821558509533,-1.6316206084554228,-3.708252527519121,-0.41674611427984376,-1.2611636254705134,1.729591941221095,1.3243473603217577,-0.6956328387580826,-0.16967076756210372,0.7849507234943507,-0.6081489589017439,-0.620563652451698,-0.017248650943676645,-0.31048210341535526,1.9063243748814716,-1.0628426884605184,-0.503109452959408,-0.9555807429917518,0.5351791148434659,3.0316828118056054,1.2671377571945013,2.1848127099103816,-0.8255831406467325,-1.5088204524528879,1.5281724370295977,-0.7673410673759591,1.2897845942610495,2.334118839369436,0.22113540451617023,0.2830589449297729,-0.24114654526609836
925L_pDC,10.219508635643894,-14.867736412365032,16.875138874682424,-14.883178865080923,-10.939181048240913,-14.798825669245565,6.2049212750791005,20.01175228119507,-10.732714276386416,1.3088861573446626,1.815599157396268,4.9430229632923535,-3.91452820457044,-1.4348364259197628,-3.231722027787762,2.458182456949286,1.3771288691113814,5.087284392011371,-3.7659762471289495,-1.3273035959760562,3.201034039263695,-0.26163306270971937,2.8965603057418754,0.3545211352068322,-1.525711468656683,0.049836385263796405,-0.7307693064092231,1.9571033286620718,2.1201525001786017,-2.3514414376605415,-3.163127916791597,3.6242047095744887,-0.3858230900296846,-1.2353383223338257,2.6212472231930946,-1.6252436383989501,0.2333723063397905,2.012232998108898,0.5441480134324231,0.8272501059123564,-0.5919565064065863,1.9027611765238324,-1.5344699093483785,4.241669548059667,1.913609640338428,-2.648780059888961,-1.5278094335417107,-0.9056923226667151,-0.8160121692985894,-0.087199647468309
925L_mDC,29.29984342984333,6.7708135600978805,10.321587326919223,-6.812496146373643,2.638356341786435,-14.158678078608533,1.2704755604416278,-4.107790903105101,-3.186422750388171,3.6489407051143186,4.61411097144375,-17.55422206678461,-4.678574604919139,-5.126791038006391,-0.21800375648581038,11.317990776090125,0.1429373420998898,-2.6749605512202725,-2.2109775863511945,-1.2843453918213303,-1.7491705439272023,-1.5296937678946076,-4.273103278619481,-1.2129875728633845,0.8053497800463251,-1.0345363774865552,4.252893834311665,0.3058516532947352,1.7816259879266607,-1.6003141508989884,-3.5151601597207933,-1.66713354976719,-1.89549001666862,-0.4051880352693885,3.671510023882005,1.3507809944032672,-1.638087658106398,-1.5359629261845356,-1.0730774536233774,2.0399431609836975,1.0569816244115486,-1.971297272760441,1.1466697944664097,-0.3835948177484639,0.529219276072414,-2.8305213288802697,2.592532937791954,1.961442779493554,1.6176463953047993,-0.12061772889455886
925L_Neutrophils,59.926933426211676,-3.2517682527866465,-46.31145152828908,1.928541714583609,0.2629394871196815,11.985781728137683,2.1581775698197934,15.487288923666789,5.369374336849021,2.3918467517347084,2.7356377552461226,-2.41583554492645,-1.8773173852963425,-1.5681326758908058,-5.195826320684757,6.411104342786769,0.10946157357353718,4.778043929394063,0.5387956623420125,-2.867842377434206,3.5535005785212816,0.26909552988120966,1.0009289352062156,-3.0430386763394726,1.3319758186753061,-0.12030086645996757,3.124912919505981,3.572661092534838,-2.937550985329457,-2.2980498943994867,2.0905352837877285,-1.290506788778721,0.1700750835560355,-2.1075023017906074,-1.8664376675480603,0.3748167301535631,-1.3411132470224114,2.1115143523089337,0.7652986484453107,-3.7254559931328317,3.1354307099460974,-0.7376812078754923,-0.5422811664537935,1.3120872355795852,-2.0322685753642507,-0.6485097677396471,1.6316175086762845,3.00871264444695,2.0675896186149116,2.6917741273266396
925L_Basophils,17.217958532423005,-8.162241079249332,-9.424969835840512,-30.482934584256466,-20.55426613328212,15.777541604248846,-2.1067034986886184,-18.31113304941292,-10.97556421499603,-2.812996670885092,0.8215825586534017,2.60753967301368,-4.094883816964664,-0.7182157742363986,-4.94074076339683,3.1932210657941753,-0.3827303188428755,4.631203524945221,1.1681885838569548,0.5072918505822157,0.7463155036287942,-0.31005376391585426,0.01728566575808034,1.6285312182348473,2.2335250274103187,-0.5622534264829631,1.841958932239062,1.284497017035955,-3.102567853860548,0.6331142704978435,-0.3380460362193322,-0.007832976591860446,1.4379764523576604,-2.611527815049347,-0.8715432613757358,0.9457007288317106,-2.198698638500699,-0.3963038096127215,0.1769752096499249,0.33722164478880523,2.102968317726543,0.32296571887651343,0.26505949121608036,-0.21256288453205655,1.0014144797704156,-0.014969782907992432,-1.7840335394103095,-2.5920901648213435,-0.6461316525400133,0.8903315278720098
9JD4_CD8_naive,-20.609475848166067,-9.545587098312481,-1.7778599320108406,-6.220739024025998,11.093812191513962,-2.1720237025738385,-1.010111954730992,3.1770085624355735,2.231085725398333,-15.746181493052443,5.716133957579997,-2.740091106008058,-2.4334500100515326,5.673483397722739,5.139961491057234,0.9396418500005564,-0.461371240869432,2.978154212646684,3.802923763302977,-0.32974374606414847,-0.6574568982451001,-0.6069609084375842,0.3362625078517042,1.073537294675627,3.327312228523767,0.525066555059239,-0.37164675120757007,-2.0416869777817173,0.5868636834412089,2.4549676383228722,-4.309193036611386,1.6797978088223242,-2.0581175895910193,-2.330497864117029,-2.5513246407960697,3.5584866387309515,-1.2606964162731422,2.493475751920695,0.16578843054377584,1.673909271334081,-0.40834117438954376,2.136282263417868,0.8106373261996352,0.3928143147510504,-0.04290653463340227,-0.3830329645280883,0.6291448822896503,-2.3885890876757547,1.4958797645068154,-0.8722330663607117
9JD4_CD8_CM,-24.54795706729032,4.753305627839238,-3.6517210750345703,-2.2746178857905757,3.04614297011615,1.523485344594152,-3.421231869735171,2.2457561961573296,2.3128983714693283,3.9280563573659224,4.05322503537228,-1.4050949009861153,-3.7261231697577477,2.568571938718085,-0.8935964341355251,-2.887683859823662,5.605731805362429,-6.152867913857881,2.3856590179840436,1.5331269626569812,-0.2142286424308416,-1.3335216582300196,-0.5453906253460418,2.498851794152856,0.2525787949431022,-2.0432335156203068,-2.672906972520603,3.3146156217563627,0.35867114096559,1.1148798609717134,-0.8872633923379422,0.010496032900035203,-1.461721048856405,1.526935510125463,-0.36916855160749856,-1.8833347553182076,-2.5223839006325113,-2.3136947265723746,-0.5326419814959421,-1.5021236028226779,1.5803830969068793,2.1316814690287758,-0.8697812734255492,0.3826300124665041,-1.7067825124046554,-2.4162648831001508,-0.4336460354245675,-0.44720392757964705,1.911083317489892,-0.5820004071685564
9JD4_CD8_EM,-21.332154809083725,14.304178494488555,-1.9248031438613333,5.025354421335391,-8.723931764869102,0.8981445809705074,-2.665906276870187,1.859955094250347,1.4679272997873523,4.90038537674148,5.278714176272385,-0.6939880543570365,-2.4398931307844793,-1.537603477467392,-1.6050760103976651,-3.968898005246683,6.370567698405311,-2.2467186290669896,5.533835261101509,-1.9947489915750498,3.3137595523616086,1.4420959138446952,0.8636353263886742,-2.056159803596323,0.8827543735587493,-1.9465144228662727,0.3657954206638602,1.4005650690329514,-0.717699438364589,0.049039693571846565,-0.2236795203777914,0.9374180716655105,-1.3323537205107776,-1.2859542440025034,1.5054856229376423,-0.42591128905667514,-1.7964504842355453,1.8893355933868183,-1.2989226400614462,-1.6235329406464343,1.5985513565098755,-1.520664708687667,2.4400453802698476,-1.480711154850169,-0.3107202617014285,2.3180288336992727,-0.43014819639683166,-2.240834962547032,0.5812114059792827,-0.8286764100863832
9JD4_CD8_TE,-19.847071801708964,14.739824078167112,-1.5456892266656312,8.619573502399607,-14.480200761619194,-0.07301342419087152,-3.7944827492186755,1.584648696503565,3.1297222638295,3.15516988524955,6.596506770277347,-0.9666154618327711,-2.2283229896493633,-0.4505652395578377,1.0436967741113523,-3.614856819929234,3.819936552681439,-0.68077449146659,3.798710987112175,-4.642655262212907,2.1088430612480535,2.9182553050216713,-0.43349393051694685,0.1034215335772798,0.43483250262770523,-1.0588794306351397,1.3700987170514203,1.169025952791918,-1.207341381734904,2.831987431406144,1.0898912583544398,0.17352797647612794,-0.2524173325233014,-1.7768310841371153,-1.4198839863569614,-3.277310470715722,0.3721856816763423,0.30940041161971016,-2.3864884744009336,0.819963516779241,2.086638731729314,-2.428121976848361,1.4093110199611982,-0.502958473028532,4.382657032703668,-1.352745412561982,0.6912601074461454,1.5510718693527552,-1.6862594579146528,0.7819572141852706
9JD4_MAIT,-21.401892619476154,4.244770790122735,-5.441888363561056,0.9817972118766066,-3.2021252258009,-4.299185570060255,-0.8287425822468037,-0.11298697213649966,-0.5643834396926035,9.188560154332377,-0.3360356606381303,-0.6605328689314487,3.0424224997526923,13.27933854635682,4.784976756790456,5.046820412616491,-1.874852134156006,4.915066517677177,3.400305993721545,0.9088540619635906,2.205374446771006,1.018558569631332,1.736182268016973,2.860495050028003,0.40352982425106343,1.022486777584132,2.122068195128956,-0.9538862954021605,0.15836931131352835,-0.1399189418998553,-0.7389807522603247,1.5471684994884485,2.3186320561540077,1.6076495377715145,-2.015124021791457,-2.281228076534361,1.6042736577197245,0.391696828442353,0.2624504450959865,-1.305568365309951,0.46629928444372465,-1.896571358993954,-2.3610310914075523,-0.46617785190550964,1.3175202501666414,-1.5773538957644349,-2.357397829913739,-1.161051819765602,-1.6832016893125092,0.17947391040968547
9JD4_VD2+,-21.49876788351153,10.514337587826464,-2.2621972614615524,5.342363274889836,-7.098864594959031,-0.30115261034164603,-2.449336934143681,2.058929782954081,1.618575538046746,1.0480852583587978,2.406680472382222,-1.707049893924068,-0.8135937848722872,4.318755958903097,2.3733980877052407,-0.5119495743107583,0.9265801411200554,-1.0152736153790287,2.530042181957174,-0.5610846974738773,6.250747394692506,-0.6031919520657248,3.1997495557888995,3.1908659110227426,-4.34369915613157,-5.02811966429342,0.5284759604910245,1.7641377710260469,-0.9222220217386621,2.209765061612578,3.346032429404867,-4.825678982384585,-2.0063882441540777,-2.7626931864597073,3.3872288297651942,-2.1944975868412393,-0.7055038290038063,-2.3663400391354656,-0.5114298295212565,-1.367120732738779,-2.0121679185801797,1.2929473976519281,-2.8688138812455164,0.19869388136185556,-1.7957536949272415,2.6450953613787327,0.5866974751149148,2.1867832625355303,-3.4904194634250834,1.2261966742804888
9JD4_VD2-,-17.8758939127312,12.110704999883847,-0.21776463909154237,9.519857910012421,-14.623931740144819,1.1252806278215235,-1.75712556813337,1.3213821488185689,-1.4069460112749699,-7.178660078465293,-0.21125741193868008,-2.874939325212789,3.335477982144594,-1.6941629513094567,-2.6924730792074585,-0.1345947209144759,1.7847303118565632,-0.44161729207528,3.4079904053159145,-1.974626505808117,4.299597857562843,3.299108229985141,-0.7923106249177797,3.1263879187786285,3.5683995321286264,-0.9853319043635768,-2.2361342133350273,2.047863081301214,0.5987365882844942,-0.5056309879582325,-2.1773741232421053,2.091094532335679,3.4132975855475314,0.27980613244773794,2.7684562382678233,2.2434146215359134,0.08403096473664597,-0.2724833903009435,-1.249027983095039,0.7962509013640311,0.6324600610411631,2.1823412726353526,-0.9844370837570728,1.1664601517028588,2.229010142750964,3.200065830756642,0.16184321907819674,3.2054312530344005,0.7285934524334791,0.21997704980284982
9JD4_TFH,-22.468391875251246,-3.0594658409892044,-5.816435221003196,-4.995786101458176,9.742350795113484,0.3379860973097518,-1.2526742522779721,0.7659366332231612,-1.898038429399142,1.144631600330507,-0.4499717767855487,1.5343511861583474,2.5057961723372584,-3.8599032466937033,-0.850628750190094,-2.0713585053757604,-2.4079038503769157,-0.7054238915564781,1.8618144072250957,5.411128154167068,0.41770255226104075,-0.17457051007255267,0.48981753276928786,4.346023899178383,0.7992070446156668,0.2363200199931825,-1.0464310717183178,-0.5053639626994277,1.3060033678120668,-1.848906910484995,0.7359407888936673,-1.4018425556425718,-2.460013304594509,2.6504234088672,-0.4647073665053941,0.6714964564417818,-0.806585503429102,-0.49933500277524645,-1.719368644109537,0.4169564146573813,0.4813114260702772,-2.233354336997582,-0.4822467404928136,0.5852390514451201,-0.40668952631798955,-3.2114066457522155,-0.8451495255449726,-0.48499284836149614,-0.0641398613498337,2.0420184018267498
9JD4_Treg,-22.44911019395729,0.4619810256625005,-3.881282155803711,-4.523008441647665,11.342368763496518,2.2160035327793817,0.41126903123644054,0.2906729510969177,0.8754348937233145,3.876763214741999,5.4043263597050295,2.645970777659715,0.02510264070796237,-5.3124744024675685,1.9007498206433624,-1.6753291365363816,2.114246387780076,-0.16383560151316665,2.5106290006684038,4.992498656289644,4.334983109906162,-2.899572170921981,-2.610786758556091,-0.9162194100396229,1.8373136646436734,1.8208083321740551,3.1747696165991384,-2.484913665048078,0.7482534863115012,2.677270252702508,0.8817904016001403,-1.41789847149116,0.028917761780893024,0.7999212278727588,0.06113407789962423,1.837651121165568,-2.141612036959206,-1.0992710068498979,1.163485614737043,-1.7255491880461402,-0.6813820313652559,2.1346580635936543,-2.1424171996049313,0.27229298510386424,1.309697893792522,-1.0448933616071714,0.7496036490330676,2.125707388372426,2.8167791810914022,-0.7793637118387944
9JD4_Th1,-23.102042602327725,3.158275533589885,-4.24117758132708,-2.579830148176052,6.187428599629197,-0.23303680739655178,0.16100416000685625,0.6705736550284523,1.8592359742888631,5.529285210974892,5.769942312694546,0.5915832514791529,-0.35708399047000833,-3.228149365949672,1.546463672449833,-1.7461307282458203,1.7022029858734633,-1.2285085705796919,3.438963594425466,1.024897699128993,-0.48128064882775917,0.4154296470994927,-0.4623963511807837,1.4766012288422592,-1.7840255844860766,-0.6805847402322146,2.902866721320006,1.5215838936976052,-1.3524916019942377,0.3488166492770185,0.2045793643442038,-0.9050562221341084,0.19830165415666184,-1.7684253249394668,-0.8750507698897229,-0.15877248377184097,3.7060772012475094,-1.714667667044748,0.4949931812473975,2.3196297831068144,0.41785240277655156,-0.24274075859126348,-0.8248541272788886,-0.17536443062077067,0.4461638991749751,0.3277701378661158,-0.2247626794493431,-0.2051834463912359,0.07608745570300753,0.6994270031920936
9JD4_Th1/Th17,-23.06556929863964,3.404140490733917,-6.056242816366011,-4.916654931877088,6.861375493511766,-0.47853351610179706,-0.14550405994921223,-0.5625434169616725,0.8914495923648929,10.906414407131269,3.906323588515535,1.6222294863901903,1.624084244512014,1.9268988116059795,2.3600446723735615,1.5707394815584341,-0.8125296729754458,-1.4991691147008819,1.043972445304455,0.3520594131290706,-0.9481825037963274,1.433902275901143,-1.7168529858996924,2.413756597142591,1.4976586657237592,0.5716536630836914,0.4610829712065105,2.219037213145843,0.3472385990341128,-0.8576139367304368,-0.014180178812161274,-2.494394794988347,-0.9446938331169021,-0.5074888209798444,-1.5199454951478972,-0.17335752066035795,1.8273692267312398,-0.9445740331352087,-0.43513524679252347,3.685874513932075,2.938905700311441,1.538583524742755,-0.12870339479067036,-0.5400240206242402,-0.1960470141017432,-0.07331649444417883,0.7819268344772689,-0.16028079915809765,0.7290991645272474,0.38441929264321234
9JD4_Th17,-23.11405638811715,3.13445556108081,-5.760410494787432,-7.005395749014424,9.033050211973253,0.777137848970946,-0.6716568836544898,-0.7579375033050146,2.054246910613637,12.213295405228337,3.721048875762196,3.507086976073891,1.5033277516156158,0.007515308246175447,1.0023174675821522,-0.3302563026776056,-3.2338009531816523,-1.6003310157011754,2.5647623086172318,2.8037536367192497,1.3273507414546744,1.8821221857743817,-0.7001973014831537,0.013521518626010262,1.928922892603378,0.24054809453068743,1.2824129691013177,2.787077062514707,1.1941260306372319,0.22361724679849249,0.1259960705032783,4.761940789383078,-0.8353591065620668,2.2393789992503463,0.7303749867982338,-1.5712963380577272,-0.3484199570137581,-0.4198927658377387,-1.3545315640932098,1.8586166993293314,1.769365630897987,1.4802177817824556,1.7601546009207807,3.267096535097797,-2.1818820598061617,-2.7462483248921816,1.8078927932202866,-2.7462419252474244,-0.9760116327486655,2.8715059067706292
9JD4_Th2,-22.186413778301528,1.3747580404955884,-4.796132136625621,-6.489232518726541,8.868739045123604,-0.4105312020007298,-0.1460858003014193,-0.9092455505993172,0.2509913472379959,5.505967279078703,5.853642505364368,1.4062949474057562,1.0430536550474245,-4.007725346340646,0.3398025238436657,-2.709017106253621,0.5033868064115143,0.5374536722033013,3.710245213035591,0.1453726850337002,-2.2879658346111653,3.5767913532012963,-1.83406935347647,-1.1814595142515798,2.9212851360488252,0.5685015468813862,0.3710597385186325,2.231474492124964,-0.27635171634469774,2.546238390146507,-1.9130157327489208,-1.455507646192306,2.099647803602397,0.2808931126894388,1.5132416363496535,-1.2852234430070644,-0.3236426338432186,2.511840909412141,1.4011279660398497,-1.9720348852920049,-1.044654909166418,-0.6347758009786896,-2.0128930668131133,-0.1922672689967403,-2.0453134198596143,-0.5762788467169634,0.7064286009884037,-0.9914721060637501,-0.4797901933949997,-0.2773155973217315
9JD4_CD4_naive,-21.838379106297612,-5.574660397234239,-3.201328934937021,-6.580041791667258,14.000082725179553,-0.019419338611777946,-1.9446830007066882,2.5550794233303966,3.1424854540690226,-11.109469279778587,6.769141194884248,-0.3352346007762207,-2.8712429595860525,0.5635032831981187,2.102710244645814,-0.5300228098644976,-1.6785953341091067,1.3177633716387793,4.503875592155306,0.24002255219251512,0.21167275448403253,3.324917212580996,-0.10027430753121877,0.12825074890145216,-0.18307501319688682,-5.021482495981083,4.554786063807841,-0.8285227684536332,-3.676808767531593,-0.6848257330016738,2.1384218311948917,0.6545769181089357,0.659194047710204,6.136940522851659,1.4267082956814927,1.9489658281994808,1.2582510339606163,-0.6629402281309498,-2.910916817749801,1.2915734934759084,0.3983382327060911,2.0986649297623368,0.9866973786427768,-2.541608705439676,-0.7183138320588126,0.9507787518914412,-0.16071749723711337,-2.784711267114109,0.2058645358196067,-0.7939849643251699
9JD4_CD4_TE,-20.35995511291166,7.817328273296736,-4.100587393609179,4.7490560641305395,-6.444360296942319,-1.0756017391065338,-0.9926545002008424,1.3330433551128695,-1.9870264709135788,-3.6821286168292717,0.13576201529940765,-2.5179447970714124,2.0073639115346213,-0.9426459655524018,-3.9096280127945793,-1.5641099063496677,0.23108274938263398,0.039314206157656136,1.7605095052096933,1.0429627681299054,-0.6523539187960327,7.8063391800147,0.7041779056017478,3.7660631386259418,1.2637242938794626,-1.5701387741030999,0.9817401173800672,-1.8207383552098295,1.2848793512294432,-1.7604539160822392,-1.1043527721448503,-1.1571779685199415,-1.1534828065673477,2.0610432337390643,1.9018814369970305,0.23175540732615438,1.487255642384154,0.7885307730094904,-0.39252979483977135,-2.517869051865985,0.30149843208334876,0.20472943566491428,-3.088531801679667,-0.011330581859236901,2.6744970131489016,0.48199770710368034,-1.9858261224744633,2.722160833697744,3.2710031893645013,1.369396495615571
9JD4_Progenitor,-1.2282989918487315,-1.6046099326559762,15.472204032151696,-26.16652790008604,-7.557576453460753,4.002218806617579,15.040308914882367,1.1924431237139301,23.079205784669345,0.8917130463698688,-2.514059379743504,-1.4027988406954648,6.786986081555811,-0.11899896616029561,0.08460400641824553,0.22840217964153303,3.628397237301138,2.1842904971584485,0.18735241158219,-1.2703992981734384,2.480635451148084,0.7548221920720543,-2.5220245513074073,3.3263613531228846,0.6931692230226539,1.731790881864478,-0.2966215524958158,-0.6056757309243679,1.1231273770702195,-0.11520698610976801,0.3769734781734559,-0.2577674156545567,-0.4546078012491558,0.942874664011184,-0.6915581350741685,-1.7192517228958883,-1.709523149897727,0.6675331461470441,-0.560107444083814,-0.4264519674409085,0.5826785694005187,-0.1752113668973741,0.5975513336120114,-0.365203732664441,-0.8656857111409625,0.1867552011932497,-0.7262372384081639,0.6801220555251687,1.071290813597574,0.46013198691917173
9JD4_B_naive,5.483371477371869,-17.2532089024541,13.98287785064814,4.919308655313564,1.9187297769756275,15.02897837177685,-11.579325347348089,2.5910007175312635,2.8620195539955717,-0.40975747552108566,0.14483078830417698,-2.5880777955591716,0.331642056910142,3.268303140053042,1.2573139765154593,-0.06566236292087646,2.933846748985766,0.2346502631873493,-0.31741300768515,7.264198620339102,1.6668161589422361,5.826863608074896,-1.3633119550386672,-1.0511370345796038,-1.6465754011338964,1.0332939915106487,0.2500623977853794,1.0126653894817632,0.2595105261310691,0.5047064945242181,0.9269194349448504,-0.4364839109731498,-0.3733293303610511,-1.5370542407297023,-2.924196527920587,0.24321842084459716,-1.5514550183293423,1.5710438564334333,1.0886903562272146,2.7755387898575217,-2.559333766823827,-1.3251256471410016,0.8262242183026475,0.6233705664504026,0.40376220553956144,-1.2770091169696154,-1.6930212874662056,1.8324177071961059,-1.3355854504318838,-1.819818765773833
9JD4_B_NSM,4.798665412194574,-17.860863963616772,14.193211766841106,5.688583483485992,0.9062241867632276,13.382134687084257,-13.913853838846077,2.8974172352975573,2.635834478806108,6.566294940050628,4.33171070107957,-1.9944109867881419,-0.07225656628329635,1.0942955252653537,2.713580266508774,-1.4839462041507505,0.7523991994494179,-0.5315737932241226,2.4420517450226056,-0.47921582282415776,-0.644080807510696,1.3074509427044816,-3.541950528858565,0.7333623495038647,1.5599114920174073,0.3151269394057317,-3.4914364259112984,-4.15825146472404,-3.8027525255897565,-2.4841139799851732,-0.3779688975066453,-3.3207774708275495,-0.8902246699061338,-1.4954994020396792,0.3960366920485819,3.6743921062650284,-1.7089106230887186,0.9939571288294368,0.6192460993392793,-0.40971362371636194,-0.354038617508387,2.219995541077976,2.1579286784425378,1.1836197918013953,-1.9257724232702096,-0.6036572791916784,-0.729887579907923,2.80818457331811,-0.6006200815397014,0.7354633085079345
9JD4_B_Ex,4.668859257124153,-16.37935466398882,12.30025439855889,7.279750492975543,-0.7617418844342185,9.851586783191319,-11.279759137243364,0.2008744761953042,4.169266038039598,9.335777501506657,5.766246568169367,-1.052975101834664,0.28848241153549153,-0.5563248266512426,-0.24880031100575223,-0.4541861561815058,0.9538159042517539,-0.44410402783079955,3.563266666167043,-2.5861273035067054,-0.6745620956956617,-2.4206308873172766,-2.410194105913965,3.4830929237487362,-1.679952428107958,-0.41217963965538806,-0.506156103909695,2.940989629213603,0.5050594813380437,-6.923436385279393,1.4249627840717116,0.24040763807134277,1.942562205551423,0.8720419560224646,-2.1935660215645343,0.358780413127246,-2.729578328803421,-3.0442755413097866,1.3568447990691619,0.13317026034071305,-7.054070974026616,-1.3654182356620548,-2.4665216381830333,1.8931985532566233,2.8393289043267833,0.9834292292231687,1.735838103199753,-1.3417892934443085,1.1994221175970836,-1.3728530980256495
9JD4_B_SM,4.0862108484844395,-17.39550560694868,13.795998592004278,4.601400596383335,0.5304764302628948,11.130418746558062,-11.23047512780719,0.8118407656625583,3.3905092020939374,8.816003955730643,6.147258155761323,-1.307733683137068,2.348652187147258,-0.6795935820376676,1.7779962708465538,-0.8010267779756564,-2.6241024068715095,0.4270728206587436,5.650527621483303,-1.836461598030458,-2.7642847232272256,-4.711436084652153,-3.038266151652336,2.7568063300062984,0.9634574578499,0.7915885210585779,-0.8488334695089158,-2.458852050196901,-2.335223669150973,-1.5263554647917976,0.8823443494862229,0.49050988666772966,-1.517337915024464,0.18168896819236285,-0.21856346020039022,0.15881464046885066,0.2655538123730812,1.6452488256288786,2.0926018619877884,1.4154958126895105,0.06023724495201186,-2.3525828276731575,2.2696833110179733,1.0167437278191334,-1.4454058369291665,0.05300514228734332,-1.7097376775020265,0.4276058152586496,-1.8374172434569087,-0.22710235952167257
9JD4_Plasmablasts,11.096692319625246,-41.971055546040375,-10.335291486446497,15.19724733682546,-11.6895555309953,-19.87644839396289,7.4249894097732305,-10.767433098856205,7.239738254201358,3.755938521758256,4.353486384973026,2.6184794970075655,-3.8997487608320016,-0.2163294902041857,-1.0224154414924032,-1.7218343771004199,-1.5876942796079325,-2.717661012623938,1.1877942234606915,3.6865713074137214,1.0630878167171722,0.5973834948350102,-1.3962310513907397,0.3375040025664746,0.03437253622277203,-1.3767432984481665,-1.3962132988528886,-1.0055391197505967,0.6134791189209997,-0.3367180532406663,-0.12325225227961056,0.7467385392391112,-0.5210916179841544,0.19779791884778783,0.4782126749606364,-0.004970964100728468,-0.18455234371513093,0.161171757817582,-0.07345238387537543,-1.9932559007667832,0.4039312208382735,0.8636379472384318,-1.442152144644837,1.5063341822335785,1.025583212026894,-0.46979093062650107,-0.588027071590749,1.03239583725266,-1.5477035434449176,0.5040950863687821
9JD4_C_mono,37.35531975399686,10.301572989195776,2.7574013892690306,-8.13278971478241,7.015797607396035,-9.327875235763816,-4.062518678958993,-2.521091873983418,-0.19256714792114663,1.0812428103503704,1.6690470949882974,-6.888707456683772,3.555077752848231,3.752123526021782,-2.753448112639234,-11.523560778582683,-3.8389506122317605,6.325749185949006,0.3233667384578098,2.632809549207988,1.7598795492663801,0.42569791221536696,-3.046730155070369,1.4746557875628292,-0.7189409006203398,-2.0975432569677364,-2.347491676493442,-0.4411957130255293,1.777677381419745,1.1251409918008666,-0.7531182168008742,0.4525384307900391,-0.987333751712579,-0.7692983514454261,0.4680673028438722,1.4564736881917542,0.8497941480397493,0.3902961952974381,0.753550759915412,0.1722696309792924,-0.39885438236805554,0.4335043369499383,0.5159428048199697,0.3263628896632882,1.3713667801408564,-1.697896706569489,0.36667579257613064,-0.07768150589394862,-0.2757704745697066,-1.1597816308460542
9JD4_I_mono,31.86573847502409,13.158490636029361,5.067990941789975,0.20324639828837188,4.415007619548209,-13.601952251436744,-10.28766691633145,-3.692351702993413,1.0910585607767058,-5.498123053092638,-2.6560951845398413,5.378596628501929,6.9674173668334385,-0.5749332914318065,-2.052308657846172,0.4581622311079504,-0.022783402236394346,1.6131931424628254,3.2698252250190016,1.4668306375065747,-0.24333489253706533,2.9005308524973046,-1.55744788213875,3.3156093076628164,-1.3516872684884889,-0.7877458832455854,-1.1625009047389312,-0.16198007741736484,2.8784593550306723,-0.06625316223828866,-0.5551577476863491,-1.6280004551032188,0.38952302356964535,2.009979196187505,-0.5975957378660941,0.7991601518266435,-0.1574536585303192,-1.0594147578450683,2.9319852538616487,-1.385864424348521,1.6453202934890654,0.02676539192190143,0.05150682905734058,-2.5284051422244813,2.0833659302456415,1.6318693786280167,2.9382975804912803,-2.6999714772097065,-2.2295391214506255,0.06973722915486509
9JD4_NC_mono,27.97561891031984,13.764476368215343,4.687755934333564,-1.9790433907495366,1.4852622878447919,-12.613966084465293,-15.05831603320268,-3.829538620276458,3.127617491539819,-6.935150702599124,-2.628534348127264,10.61312663172329,6.639461422042186,-2.5686355011042727,-3.195020367154697,5.4724951671447695,-0.3350246908224712,0.6215554524244834,5.284732616764365,3.4517366446320272,-0.18980374965477845,1.4951591069345351,0.7431409819261184,0.5287276673517944,-3.119318384786079,-1.4383253113299315,-4.317168967730167,-0.618509144221814,1.7834716652430964,1.431019763742167,-1.0312710658139654,0.1380168514736539,-1.6938271986346334,-2.063088906932866,-0.3511002977888821,-0.33931272912658955,-0.5591677456155357,-0.030744682243436017,-1.1318496291679498,0.21474886543649188,0.16873608310399005,-1.6338147348391328,1.436782963471737,2.004735976979323,0.5766424022644654,0.90192228550093,0.5329027773665591,-0.5943609987329193,0.24079554433747208,-0.00020268394141731799
9JD4_NK,-13.923789573693494,16.82427602003432,1.6054338734433276,6.101612523557987,-17.86854244083075,2.7145414658078963,-1.6856776562823628,3.1265014368813846,4.286587597626995,-4.410875239254638,6.1011342646531155,3.147797515868025,1.0217230224004914,-5.135266157593796,5.939442765615217,-0.20639615606144684,-9.61492846478049,-0.3417502865280365,-1.4501336193673493,4.1879438044914945,1.7117658598576062,-0.14434270364576893,-0.5985585411823688,3.296169642845652,0.42984925070811086,-0.7497158470606368,-0.6678926681445748,0.3697350128748535,1.2565442052210847,-0.39100023502741543,0.03536528685128006,0.12159417538708694,-3.018476521396438,-1.9548224599239201,0.21688433057141465,-1.275365643075568,2.1059569727131353,-1.1147950131426743,1.107556079851401,1.171112075839274,0.34608470768435706,0.5651722146588558,-0.6925499898526027,-2.2288934229787976,-0.7325169068529016,0.8101437100451945,-0.54175478499531,0.7214532643848196,-0.35901670936560437,-3.3716543277150763
9JD4_pDC,4.445870617142647,-16.814889334987736,14.924826819835953,-19.35894673131181,-13.047723944931702,-14.853597428852572,0.3734569760099255,25.9475178218508,-8.725959562844677,3.7911114844583573,2.0721682081247508,6.083417174715844,-2.515499051178084,0.9583091411960067,0.5710168519199526,-2.2751476721441897,-0.9694039184551674,-0.13011631278753877,2.71255982916543,0.5910973252146016,-0.7200997095376915,0.9707150845568934,-2.4806626695262732,1.055674314429604,0.04679029165127242,0.31567378866918194,1.2163265129554333,-1.4657570655507177,1.0897914292059179,-0.45497874518751796,0.22674582354669207,0.18753445696105855,0.559491532333287,-0.32552669923948463,0.512834993438747,0.1519928160434398,0.26340201136767377,-0.0787510798434474,-0.4170405151491436,-0.598246814500478,1.0559510483728838,-0.534855815443276,1.1210804878073077,-1.8435757572452265,-1.1443474960362066,-0.623297332940994,-0.788645303231819,2.6459514565096565,-0.5591309116916457,-0.9715944108626232
9JD4_mDC,25.292849798658743,7.907264557267994,14.678101680933237,-10.489225595834649,2.2719829344880855,-13.672735659445792,0.9404770308079112,-2.1819575413499552,-2.56648530669437,5.289593068249567,7.527500327278858,-16.064835384606972,0.8197564379528403,-5.6227824935539665,4.268809750172488,5.716105309440527,-0.2620221115064093,-2.1405292654848957,2.9324174565547088,1.3931657575602345,-0.2691563157666969,2.989956369404832,0.9200071257315495,1.165065881312943,-2.1122127533770176,0.7752691351260184,-3.2273496243771094,0.35364171117371035,0.726103878793305,0.10011805625664429,-0.36142824835500065,2.3882501331363057,1.455909007004742,0.6506334383237646,-1.055279221966973,0.22894402785393592,-0.28662092290616625,2.613379645554279,0.37883775748389337,-1.339304639523448,0.8065438545684472,0.4838955001317799,-0.7317123908825139,0.46800788689439105,-1.4050767631895225,1.4515035936389367,-1.220565101057156,-0.9071769731507192,-0.563932083063527,0.4354221201999178
9JD4_Neutrophils,57.7803290784131,-0.6390552902871317,-42.2549067446822,0.3373845309702189,0.23829072465385195,12.861035202853095,0.23750653132852892,14.442568021987121,2.5284483805746465,-0.4418401705598965,0.8994960499862986,-2.9178997934429085,5.626629588483296,-1.4956382983266066,-0.025870434857872267,1.493709292310869,-1.7683082571720032,1.199797263113766,4.343662325639245,0.9840251590164266,-0.7939897408773579,0.8743090533999781,1.2005432127507325,-0.13382512771659943,0.27400400434491073,-1.3974081132016118,-1.8057159991088139,-0.9546683977691344,1.7694143562433995,-0.08060832151525778,1.1672445939855316,1.8269846145814062,0.5630962007455514,-0.28693152607396283,-0.3933422953477013,0.8691295145472069,0.14919109579816872,-1.8247397488752155,1.690009729544625,0.13613545953248665,-1.7386037746632717,-0.0649374283653624,1.5165726737529035,-3.0114775937705693,0.7397962117657817,-1.1375847529981349,-1.6971507682785834,0.6380103142978462,-1.6813141234848492,-0.9154249235239945
9JD4_Basophils,17.2078477431331,-6.663608754539696,-9.9026997062335,-31.920572017924336,-19.423933417483987,15.664080060010365,-2.5255424675481257,-15.3460113129705,-9.91737079747433,-1.097623805049731,4.352914691015754,3.5023380710834315,-0.5369042528557221,0.8298810288592311,2.1286903723370707,-0.8493079656995483,1.0094207111792528,2.134880820040076,2.8459757389829465,1.3851195661735982,-1.0066635423282997,1.5807029713573277,0.579855216051494,0.23826819966325166,-0.23943013812794695,0.41140602773987606,-0.5876100745752707,-0.33498727692797203,0.7084415987426916,0.48372612630446626,1.0968750859076595,0.7522353085418547,-0.7387027793694899,-0.11220671682452016,-0.8722063811683135,-0.49389017874806324,-0.1473976301550508,0.6577237199709947,0.4833276965213622,0.6491727478132316,-0.08764796125478513,0.2794019488323692,0.023320316604637407,-0.9748181050551585,0.479617551189379,-0.858597449281917,0.08945687560061201,-0.1776391470424161,-1.4173487474556956,-1.0601776525553783
G4YW_CD8_naive,-21.093754719498563,-10.553783112943716,-2.9483275020353914,-7.2146293621951925,11.99824297763718,-1.7689486241773857,-1.2255349006265668,1.252299991032031,1.8122324776675536,-15.617842673428296,5.892983781822932,-1.7635978636294396,-2.4073974353674124,6.1814343638941,1.9428871759521917,0.23282366632227516,-1.1096744852172402,-1.099368672020523,0.09742330590037993,-1.2591050562905446,1.2099766266105312,-0.7281245423379598,1.2740751256781162,-1.2708187658016266,1.9275122329750003,0.13829168931020688,2.7155728555384773,-3.563438086172743,-0.5815326864263114,1.656771872071077,0.426186280689064,1.343489838434462,-0.7704561912025322,-2.272908902900011,-1.5489704287766954,-0.9805071024589614,-2.0109505339450444,-3.0717522107520354,-0.632207292670128,-1.469602834104015,-2.294969244673399,1.5041225439734391,-2.0575042432271773,0.41277124576865415,-0.8361792870986413,-2.465815984623692,1.9031564330904882,1.9926723908114454,-1.6223740000751126,-0.15401639703980427
G4YW_CD8_CM,-21.347295084329225,-0.1069769498593538,-4.033483705958139,0.1665885599984872,3.421915510715532,-0.28431354953271337,1.4342619363713098,-0.05165091808871947,-4.136330168736945,-3.3633400536467684,-1.273172539201409,-2.4165265451774633,3.4475833880851123,1.8214589730269066,-4.227598189372645,-1.222491945518098,4.607481052931423,-4.738070259797131,-1.1482358681416656,2.39410422690917,-2.0076385855202195,-3.913845144566865,1.6304751569259925,1.7344213651359177,1.5204743579523625,-0.7722474715357266,-3.3954756908294503,1.6586119494202465,0.9947687124097853,1.1679906773171982,-0.4036237153300777,-0.5051858181142057,-1.1154353006952247,-0.21663812595324883,-1.2424847545915079,-0.6941627138533808,-2.4217648235828615,1.3154039967461426,0.5901256073310496,0.9650838671683515,0.6815158450855151,0.17233098276692796,1.7397323103994897,0.3311588721926035,1.6373086689374208,-1.0102943034779872,2.1024152098645845,1.4276507442236335,-0.7964715045916951,-0.4550449733153073
G4YW_CD8_EM,-21.064648896495466,9.64747418912064,-2.3335021200038266,4.680770269736695,-11.015135682505932,-0.19679961829064987,-1.0767484191106005,1.0092175515777209,-1.82214427391377,-1.9714213230267066,-4.467380701048962,-3.700846834248917,3.616284925254999,0.5605579208805078,-8.49763284209233,-2.771881645108218,0.9862118196840832,-7.194829949345562,5.275870659540612,2.273112753666328,2.1017473932820505,-1.0723530157305543,0.6625324938958314,-4.287013653246212,1.9768317602949388,1.5770472798579902,2.0204597279990204,-1.5204265456324881,-1.2766370794354178,-4.4271795654514365,0.013616584096530538,2.3327278079397304,-2.5744772795604702,-1.9050991007689158,1.1247591075665622,-4.646241002042407,2.2193022568353102,-0.6736885439125819,2.814219506190066,0.1806772720903132,-0.6215300492332222,-0.6574345085528756,-0.27986364204448344,-1.090025110991373,-1.5201809717422219,-2.1563606120403134,-1.6132692798400674,-4.017721568953433,2.31725894897973,1.4914971091492704
CYFZ_PBMC,14.027594516309978,12.991175295292791,7.391496372825008,9.834540328318445,2.8711972371689805,6.073750741553014,12.362512074138019,-1.7245833035719602,-5.987780421020003,-2.3433191999385046,-1.2139148201650853,3.8557993698077238,-1.978747733351937,0.1492540805434212,-2.3468125851355865,0.7704063246264683,1.1743299444121973,-0.9878245265946886,1.1592223617579687,0.5003774895685418,0.3393749798656966,0.1358189064892877,0.03543285898517218,4.025880375251518,1.0474472129812216,-1.1882436790705209,1.6916410813814153,-1.940682212370636,-1.2275211585780321,-0.009274230725681846,-0.29422781493886935,-1.0909513576759786,-0.8509800615727832,-1.322663820991719,-1.731310430957672,1.0438434956943998,-1.7187823749434215,3.8797310708218644,-0.33628413949363267,0.28705583770165854,-0.6440960466069754,-1.1474826549441306,-1.3110183860354272,0.07184418773748702,0.6063101414764901,-0.6219097212796665,0.3983980871844814,0.6695950739610386,-1.59710878269064,0.0609363343077613
FY2H_PBMC,20.75295874012455,14.500728780981715,5.9717205700673155,7.724694996108098,5.313951619962025,3.9681418974198004,12.834496999865333,-1.2511344848847348,-5.649422668727121,-1.1107613992637788,-4.239504094542356,4.003209242890093,-3.4087623777409424,-0.08293886010097293,-1.0116768688362427,-1.9172292625087792,1.4598151343738741,-1.3379822191267312,-0.4021744677241175,-1.5555493690075883,0.8930106468180056,0.3226480095399195,2.7822616718743736,-0.3432182335518793,0.8881039797359915,0.240500476835534,-1.9886615583852576,-3.9061135977903882,-1.2306295589993421,-3.4041957494137502,0.6522165024067308,-0.4136075250539004,1.744264182919314,2.2350834128063433,-4.916736301225624,-3.609592768114165,0.5467495032348417,0.5663499177424116,1.459287447681345,0.1901795231542171,-2.985869706635103,3.18361019625901,3.956661981932162,-0.5456582923106376,-1.3173771422720169,-2.706069849118368,-1.5451419439740701,1.0832943014897884,-0.288526789433329,0.16142897210619778
FLWA_PBMC,15.723934196649267,14.174317291213985,9.133823235529997,6.987066537049642,4.536808259845344,8.104669762129015,13.6830257171315,-0.08485577213860743,-4.524460393853933,2.0412686832627083,3.6426906388152838,1.682226079666519,-3.254568378614668,1.8414390067353126,1.7646990660515407,0.8217793477868631,-0.2825224562889478,0.8199183732968035,1.751283850046484,-2.664924364166442,2.9118447578454822,0.8212979284678371,-2.603057040361629,-0.827811383642298,0.9678127687825074,0.5061826501506212,1.083278446250842,-0.4020232350333542,4.235506457036951,1.2108722923196586,0.6508452649855693,-1.2536173858535784,-0.3849314221013984,0.8336077813106695,0.7046295546615571,0.03664554111402176,1.8516635668691819,0.8215717031177685,-1.0462885418921362,2.3954863846824623,-0.3436471517850781,-1.0419061035689183,1.761083929208562,-1.9259463390479892,-2.9945451180116915,1.1899866760731908,-0.4424545719958707,0.37777344761466114,-0.04381964317447231,0.1365533335574129
453W_PBMC,14.62611684182613,15.89188550689259,8.30450446983728,7.338698478167718,4.845892796677137,6.7198916821727295,11.59103315730623,0.5104893171828725,-5.181764337223438,0.7177835244905583,-0.3143625121206519,2.5826727729695693,-5.592452764292287,-0.24184158895318902,-1.6048688661488815,-0.8945713388392278,-0.7499551802633179,1.541441959807336,3.0879522462720197,-3.32475819434243,2.482941729837671,1.9948878427642047,-0.9131415127953406,-2.1869284998225607,3.0855597293465533,-1.5817533331418958,-1.2239178209442876,-0.5972378323513167,2.1749241800875576,-1.9682068884706343,0.6614430607550521,-0.9680676656490397,-1.0329100233194928,3.4908371305369426,-2.1400085516036107,-0.9185970966561098,-0.9215875002109294,-1.1850276494573448,1.1152559886984086,0.7476679904359226,1.119452319428822,-1.8395660742763327,-0.012465166081439773,3.5286705803134764,-0.2791376701657288,2.883999204963119,-0.334893321878598,-0.9324385197483404,1.5241011639606656,2.102381078418713
684C_PBMC,12.628912649607383,12.000498474415524,10.033529833368377,7.053607599958363,5.31053795052881,6.59754875157386,12.03061450127262,-1.6212066728258947,-6.241339667053227,-1.5706711843707652,0.03666280174657542,3.4220618618512,-0.8059660282366747,0.3519797228802175,-0.6120330738538009,0.25088673246782184,0.022669395081446546,-2.6563295543475456,2.2851673492943507,-1.0377357138078016,3.1491728798579084,-1.3386436557507595,3.707533943400136,-2.961411715962844,-0.6922865978767343,-0.833284795823299,-1.4201242518871342,-0.0920061784297161,0.048969134832221546,-3.1027767116020155,-2.336626986615892,0.12862005110997948,-3.1851722628131856,0.03787419706626055,-0.11352241245499667,2.17098548557324,-1.731226993566843,-2.466018767706911,1.054916042838286,3.9912669651448285,1.7957408794140972,-4.159174899290821,-0.0020631338418071726,-2.5877730812374704,0.8069906202043019,0.4197717663955996,-0.09002422326940109,2.626828298067464,-2.8955635499431196,-1.2763796096089708
CZJE_PBMC,15.59452411822566,10.682264635093759,7.678231625046083,7.8921111185221,5.006960407970828,5.966740874900478,12.609812827381297,-1.9961282152026407,-6.918947995477649,-2.0266555799124335,-3.3564325876467795,0.9432872315958274,-3.2515508043289416,0.40809971739667833,-1.4793007327202345,3.4084181244563503,0.5671777531643358,0.7367473027811602,1.5902397610987469,2.6601873394348643,0.34460051832022687,-1.4340540201981467,-4.0369861221310455,0.9338694803967292,3.1369086806835385,-3.431717168119281,-0.20163657138593952,-2.195205144395217,1.3802402164441534,2.2878835902348014,3.8191942827417864,-1.2331471965171765,0.7029644816517702,-2.536656999507606,-0.2744323728583628,1.4690518068274403,1.5191722980422693,0.15872982300879634,-1.2572569921331946,1.4682611305476447,-2.7124744760559047,-0.16806343473527144,-1.281149120743769,-2.339468192033546,0.7109104273403982,-0.5783127788376831,-0.8099339086658933,0.2482410785988376,0.8930629266920667,-0.9112683911496883
G4YW_CD8_TE,-17.778870608093882,8.533728758289051,-2.719159821534532,8.75408118822212,-14.696541633757088,-1.2950104889568739,-1.8393857168174859,0.44382742382742485,-2.5889602335621498,-7.580174568719354,-0.4278756375021223,-3.9856960860790807,4.731414394723853,-0.01441197776211238,-5.4062231589055525,-2.49644858667625,2.041064657592088,-5.082101702821519,-0.9474825108079353,-0.18645372815824574,-2.1728686525936545,0.4997459531961934,1.1367340275671658,-0.5291885948825824,3.3838672044947065,-0.08349832764788363,-0.9974382880542892,-0.5345954903779849,0.11444463867026734,-2.2879244244333665,-0.31774379174902895,1.6997516007960174,-0.04207996063016643,-1.4975916095269706,-1.1210704626764911,-0.8791935878407361,-0.1029288548008572,0.040893526060584565,0.8457425062537702,-0.5463960794492132,0.18098349766231633,0.5002390410509606,1.1845697002071705,-0.856081788786128,0.9969825283625217,0.6227742031409451,0.09398994015505137,1.5347374136685754,0.6980918522404099,0.4405854328483316
G4YW_MAIT,-19.299135652189655,0.5882580476512145,-6.536575821533244,1.1676776306419236,-3.411502762487193,-4.102472860947314,0.22742607551295183,-1.6175741911129393,-3.118529819346023,4.590027300816209,-3.1206986820797886,-0.7698314082287221,7.732605624679333,12.955937308423273,3.2225868954790964,4.994371792524804,-0.9106978026872813,1.036759858955429,-2.38076036276798,1.8187801114801043,0.7523974191026913,-0.49708996246005055,-0.08477774652767288,0.34467909491484083,1.3803804465118161,0.9250570307749952,1.8702979959678583,-2.046991666446953,0.3774783550697128,-1.2957328681257942,-1.2732001260299983,0.5501349554223878,1.252524367693432,0.12245607962799478,1.715130170780525,-0.012487084674157531,0.3167849649257843,0.8662876704198678,-0.20520224742447843,-2.514425041669622,-0.5570562976575635,-2.1786310207670407,0.30540312667915237,-0.24279158840768242,0.6021950851907458,-1.6006819321934505,-0.5154623455849946,0.4466152382535065,0.05177956274292725,-1.4850331592309909
G4YW_VD2+,-18.8767671177403,4.266659832812446,-4.428983632363736,6.604316718097989,-6.9713919139001135,-2.613955399487234,1.9338233484906067,1.5736357231388207,-2.017417066796219,-1.8123775143055698,3.847859718480373,-2.496551845048534,5.1518533411873,7.947605574718442,1.599850180155852,1.770961204296322,5.269552071522427,-0.22021699110394397,-5.297672560319653,1.5974779796345377,-2.746427430391817,-1.422028442976887,1.5476502583496805,1.1943313998123533,0.24533815818900329,-1.4212996171515282,-1.6973964477734946,0.07811611763980873,0.1429183724536513,-1.0128043260506507,4.017483572423984,0.5533142963407051,-3.1164198348038123,-1.9626911939516711,3.1152661273737365,-1.0396782801857756,-2.7710687458288277,1.6392946921661713,2.1430433177785257,-2.061845523257543,-0.3423364206016995,0.517481339241378,1.7153239425320095,-1.7173920195614722,-1.1935607752415915,0.37218927536050667,1.8612425158371497,-0.8140052120988883,0.37950245174855485,-0.10924711372795629
G4YW_VD2-,-16.14913952798684,10.71003901189658,-2.0047218635578066,9.730801773988873,-14.579086055108498,-1.287146333954958,-0.31528461842964184,1.3767771144658276,-0.08791656066842372,-3.7202158063384556,5.347072679951937,-1.28643594868637,4.069353379673477,1.4391245240371238,0.4551099424585449,-0.41343329487317204,3.5011421519556363,-0.5765274704698637,-4.041633887715047,0.1608424564619443,-2.5902731667254,0.7498389243540703,-0.23794087940986736,-1.862265171442766,4.225002718751243,-0.2338916958552735,-2.1172954490130147,1.492777479223316,0.386456664744094,-0.30274010574821036,-0.7168408467115216,5.305727464656428,2.7110822257076834,-1.9414731738072892,0.5499548261621376,1.3658598989228525,0.6213992749481206,-1.510137556725511,-0.7861246446875761,-1.496484177049498,0.29730733888354366,0.06573434695263113,0.7034649626803273,-0.26750017870156934,-1.2184594657377086,2.034701485538005,-1.6021835439155847,-0.3329888442450955,-0.012687079560529444,0.6363639189821748
G4YW_TFH,-20.50005355227753,-4.424362018739704,-6.472100900606884,-3.177938751707529,9.303884557465551,-0.5063458565071158,0.6912189742390142,-0.3077682919830575,-1.3037946349281206,2.5448079157882972,3.3290840653580975,2.1722758643403783,5.306253176819228,-1.1206970784165073,0.7716844464939672,-1.0744984845376002,-0.19398882404717693,-0.6582725572929303,-2.895945577040075,2.6110951854496576,-2.300574585414019,-0.12759464322383357,2.0160116552349554,-0.12371316931582209,3.5713712900028596,3.0976595571203855,-1.0160531720857846,0.9363109329733857,-0.9439469902685294,-2.007511168160268,1.228186665933788,1.4316518350152196,0.9858679277275697,0.5852307960957145,0.8123132176512737,2.2302278208281683,-1.235057604469561,-1.7926633238504024,-1.9645593127705472,-1.24356655004813,-0.8782086699230433,-0.7666369053610815,0.8739717429526828,0.33003318219802874,-1.673225157273574,1.5728359481413776,-0.710200204164998,-1.4497371354200126,-1.8119600775047602,-0.38246979036619694
G4YW_Treg,-19.5448080589607,-3.0578856566631885,-5.080641227422022,-1.8244398753498587,9.166717267248018,-0.8816711184213551,3.6404482537927336,-0.7998547867069383,-1.7047089416826073,0.46874702619097636,4.733234181548339,2.3344561026558353,5.525035337846201,-4.037994891613518,0.8778166035963886,-1.387956729088162,4.554207289265729,-0.12501962960202692,-2.83842305361637,3.802095995201589,0.7558375352655753,-4.55279925290862,0.2626736958194315,-0.8453609165210484,2.585465131056199,2.0720604347834923,2.840105393706779,-2.2737579657935814,-0.07546067822185722,2.301740417447007,-0.7965643269737748,-0.18174246411368808,1.2426513536869468,0.5205344016841337,-1.1756690069678153,1.300265854640325,-2.9040945388071413,0.4645621451509864,1.0203393698109358,-2.0716600041293396,0.5132723185140833,-0.9736652034913899,-1.2358359709327191,-0.2660862352636557,2.1595863660361116,1.5554422498802916,1.5867304403453852,0.6454672395233948,0.5838215416743714,-0.7693432742494419
G4YW_Th1,-20.158433178658495,-3.3433973924868274,-5.931258756405184,-0.8682521826424453,7.2110738741592435,-2.6950609619514805,4.369492886319716,-1.0920012926619798,-2.8525504523474643,-2.023783456254322,1.8056768671536756,0.5390234802879897,6.796323152256434,-1.9643340333001276,-1.5562975697022456,-0.3102006324157801,4.1368982927779445,-2.673504828878824,-2.898788060822451,0.3997459389221419,-1.518721793879946,-1.519216466592718,0.7128062104125211,1.4460197139984392,-0.5591895771430422,0.6343408450248015,2.6050713938527146,-0.26494261298239447,-0.47058163385134044,0.08192164787687617,0.09104514840545892,0.9922472922574164,-2.1335429638101755,-1.673964581894382,-2.865378823301191,1.086297527939237,1.5144140900352954,-0.09189005870497491,0.7403668357255438,0.34014054491249374,0.005571930275859554,-0.3897035887830638,1.5042992409418727,0.6244739328800049,1.0505976288020507,0.227718849301612,1.744103364428159,-0.858434511194981,0.1286950672485768,2.050947524016538
G4YW_Th1/Th17,-20.531131553130002,-1.7211717980128345,-6.90990320190476,-1.4477635605249284,6.14116863957891,-3.69659539482987,2.6501102116596744,-2.1855732771882375,-6.299817842106251,1.305013482893138,-5.450906756241466,-0.41271393916278454,9.659315473227034,1.4457296095333,-2.7558905302598844,2.4452686049389074,-0.6821431738665773,-3.316179994781084,-1.8896741204892702,-1.9557685484296383,0.8858270134526975,1.5490342536072201,-0.9598234883665673,1.1108249163620219,0.9434979752460091,1.257950736976262,0.107439785923767,-0.14657814230358748,0.7616109888943273,-2.0620726857377063,1.8781520291881484,-1.5035990313088357,-0.5247718538817502,-2.2813092518195934,-2.0038430289939453,-0.5823031823987131,1.143312731875261,0.9887938889479626,-1.0611021614942076,2.419897652090992,1.547562318895609,0.7709252534997698,-0.9045832525944937,-1.2803589876905408,0.9876797309295325,-0.32631932674408104,0.4453190596794061,1.23785430583429,0.9900620704151215,-1.500167286716967
G4YW_Th17,-20.594614370745273,-0.4330102779989642,-6.420742914771569,-3.738852697564391,7.487357446408581,-0.5678741842130907,0.15774028201896814,-2.6961973009339566,-3.6141371406600133,5.6480087599105095,-3.689864968493614,1.718950203531198,7.291754186361707,1.8355513509473793,-1.0553644937644506,1.1627577220951282,-4.2616658279357456,-4.797508298479707,-1.894099718140097,-1.9522907879754283,1.2770790235959688,1.3170133813736788,0.0909963687342321,-1.7775300380475096,1.0124763623572601,-0.7941138858696695,2.102017783074355,-1.1223719872528592,0.8895140909465952,-2.0505365414605734,-1.2110577947560046,-0.24100130920463977,-0.1262445961292616,-0.08483921289388087,-0.32842851135356205,-0.487864466235683,-0.9065314884588486,-1.116322038353362,-0.4656292306695012,-0.19464429684432827,-0.6699723476467222,-0.5191621411082503,0.803773072841405,0.4910634214991581,2.0573265124557745,0.20892145419596472,2.3486516493273033,0.04490737820366443,-0.9503246295520416,0.47227087425213143
G4YW_Th2,-20.511929211789564,-3.144522473105938,-5.997783391679249,-3.937620866952303,9.217981554771166,-1.3300253097866246,1.1612152268893927,-2.4811742097154563,-2.561764324847596,1.6464126482964807,3.204270056918796,1.7145382515174872,5.61308364976382,-3.5754529113937052,-0.9693680892822087,-1.9062091769155782,0.5494115104729631,-2.4056426957717827,-3.476205764085915,-2.448080726394558,-1.8282231122327228,2.187604374609589,2.1462619961783522,-0.7521358644768699,2.4604920624629085,-3.6549904352826545,1.8432444195244424,-0.5286638693513972,0.028451562959753287,1.309467481446556,-1.8633573453791952,-1.5377939651318595,1.3316637515884433,0.6590265447262347,-2.252379118115799,-0.9517158712208145,-0.19429186372538607,1.9839250629701521,-0.49685084082305037,-1.3967294972359474,-1.4793809502887605,0.7398334945939666,0.26298905640599207,0.9466663419495619,-2.33956547772358,-0.16831434000995618,0.11196384992656626,0.17202335725359721,-4.158090321770974,0.276998667289088
G4YW_CD4_naive,-20.17180752476293,-8.494721699916521,-4.033694996269692,-4.414954804865255,12.067205337030128,-2.4710111363394325,0.9436750972771194,1.9854163556066033,1.7245408508046776,-11.865354520023999,6.750116946245876,-0.5301572015683327,0.5620334778808995,2.0350565528253375,1.8438174276501489,-0.29021467273523355,1.0242932396184932,-0.02708806116098741,-1.1985646707743702,-0.34034260412411954,-1.2468336850365354,1.1647455218191358,1.9795644440987559,-1.4736367914535353,0.40759182436500996,-2.0697689928236125,0.5803306684416154,-0.2817515628035384,-2.780999114446892,-1.4679826665272961,3.9994497394278565,0.8675086114076911,0.14128564001325522,2.6301928983939966,-0.3815791824439117,-0.08841823844939477,0.8759741598433786,-0.5284316396738926,-2.368157918319681,-0.20467871817404573,0.4439850975072373,0.03417268298906907,1.054089482022378,1.6741017098512292,0.012117642173878836,2.4612102623679806,0.06046262624363323,0.16394171904968882,0.636180701380988,-0.03986282100275719
G4YW_Progenitor,4.954016411178099,2.8771120871211133,17.016881931756227,-17.55121362713916,-5.674184635186832,7.855448923298471,14.824119227014286,2.037019562909304,17.743477054230233,-0.2691599836998716,-1.1065228824726134,1.154183541587108,7.669841872237472,2.5909915259300296,-0.2120213578648824,1.0542030766440644,1.512522420581056,-1.8288954987887343,-0.8951600470590302,-0.20822105954209466,-3.0258766578650853,-1.6205412816390996,-0.7136164112282231,-4.163668353500046,0.6671344021936542,0.5012484388544342,1.0475658809281878,0.23446716129069853,-0.6021215952959751,-0.5944299045209566,-0.03474130427291816,-2.893483131164582,-0.2040902091794024,0.011376743879055132,1.214376410523056,0.33031800634596853,0.8814268393340309,-1.9198697712748956,-2.30202384561024,0.4694782220574607,-0.8980259329303946,0.07756070940211321,-1.3612404913368754,1.1510628994101182,1.9996688602774764,-0.5961685379788602,-4.242993900399183,-0.3255984451886858,-0.46181306395120697,-1.6543925322504194
G4YW_B_naive,9.850629550880887,-13.7602623906544,13.279647963140667,8.325775619939641,2.704733690219095,12.454469426466492,-5.004544060765966,2.356959725465169,-0.3111367922367924,-2.9176649250448485,3.454497012616225,-0.695542544762819,4.346437066244742,3.6050063600283995,0.4294981411869633,-0.5145104552699816,2.7661626908261767,-1.3664288538700127,-6.171448486517357,3.9410209169277772,0.5250849047482296,3.249610189168757,-0.6587704362745599,-4.1664969202478055,-2.334420356350063,1.6691069672352117,1.6679927008602167,4.677444345268328,1.600195142946446,2.815108688266661,0.5292252706227869,1.5347976208098482,0.008663672311120382,1.7097979907343777,-1.1648535035374266,1.2832600084617711,2.2688510964939086,2.090071701445187,1.9112709252258697,2.7721655736339588,-0.695300833702037,0.8679714113323171,-1.1301572960649775,1.59129670586932,-0.5174234256007609,-0.06503046594080067,-0.7372138162175806,-0.48579037635888894,-0.3268502315818379,1.896206263333943
G4YW_B_NSM,8.724009435878564,-14.260875171805045,15.557336806135226,10.064316921687574,1.4541516450484024,11.86818860090472,-5.312196945354513,1.4839628047904234,-1.1403269661257214,0.975868890241035,2.455099106843914,-0.24246559129874476,6.001618647453753,0.6370556571876325,2.913508019779223,-1.680032722984806,0.05196149899963936,-0.38790789665090625,-1.684499536319207,-2.776676938846728,1.7353798233514324,-0.2109906732003195,4.116104166332681,-2.062876394417114,2.009795729074581,0.7143090447800338,-3.06427810356481,-0.5389542925995064,-2.509129327813705,-0.22322559468404352,-0.783676769887066,-3.6236120278355273,-0.45421431803869167,1.5979721833419926,-0.7215640059270542,0.06731175450624816,0.021200289729912742,1.8514555722020734,-1.0831403529993238,1.495469667511906,0.8972460101967688,2.3181413905512813,-1.4298547594349995,1.7915343153162733,-0.26370305262325533,1.296465010467143,0.5667370685881271,0.08613671764057064,1.3772351119189514,1.6019385699954873
G4YW_B_Ex,8.762421691351596,-16.99813943672393,10.344112831049541,13.326181655402028,-0.9220215963472475,5.61616775117772,-0.5860575675016687,-1.994520874398487,-1.3258335871431064,0.7489543814140013,2.4671674166317383,1.2111265582709554,8.318639120882818,-1.4347314728580896,0.35833829184070426,-1.6550690719231298,-0.6870424621969142,-0.4534255456755495,-0.05880210720297148,-4.494453474530871,0.6234149837572925,-3.966681156700201,2.6310963514832695,-0.3030486060373445,-1.310402319898249,-2.255485072082837,0.13406883028082808,0.44826947644971477,-0.4079227638171183,-0.24606179056359626,0.7765145660113418,0.41060346868005676,1.3742512761564378,2.1432945350294452,-0.3934068175521256,0.8479002823938474,-0.4012925780061742,2.39442527771385,0.9078683742943588,1.14500756266231,-1.013673386593791,-3.257848012000591,-2.0546459964886314,-0.3870893564848436,1.446654844198195,-0.43325061113572205,0.47999408862900794,-2.0435613511759994,1.3678050077640802,-0.7457663536096162
G4YW_B_SM,7.3696785752561365,-15.920195379766707,13.192938205647975,10.266325503153137,0.4286211286293473,9.344361278409771,-4.4602891481608795,-0.8981118731118825,-4.451159121371951,-2.5548810276807727,0.4994284382204852,-1.5745750662527436,11.447440082909646,-2.1270563935536355,-1.1476361713118306,-0.2896629964867708,-1.8040639140134238,-0.8726287047002375,0.5736330749893561,-9.516346769205557,0.5318548016312502,-4.580157404891062,-0.11552047557977657,0.46936953588913727,0.4389289020645096,0.9648297753551689,1.4542533891896696,1.9653211859986817,1.1219433847664708,3.6007160465835404,0.03292627418921748,-0.37587873260043164,-1.3933562150746763,1.7925502083063987,0.8827492891544615,0.799827088780298,1.1969949394771375,3.4941238880250762,-0.9982886813992483,0.7908490283983729,0.7894411056037008,-1.2953807961819992,-0.13453319467860816,-1.499871716584047,-0.8807479720306733,-0.775323042339673,-0.2625509936622854,-0.5961706573647821,1.2976908179110052,0.10302760117640186
G4YW_Plasmablasts,14.995924606680637,-41.423929657126706,-11.897626257543976,18.335228346675525,-10.802274235205308,-19.30566220611188,10.338357988577366,-11.944746405672655,3.8188006065848943,-3.009035098382306,-0.038733768062935284,1.8516645132043787,0.8630418991830012,1.5551136573365076,-3.440312865306733,-1.2526167534625288,-3.304129560782933,-5.223757909046175,-0.6828459565802965,-0.2622328688747203,0.7340786866755175,0.7657321290041126,-1.3696068468829594,-0.5888461648497033,-0.9068974969093794,-1.348354688797821,-0.358944653169612,-0.006410297248860215,-0.21509838485069988,0.41719930878912714,0.770315882014856,-1.962905422469021,0.21771475509436375,0.35001582145968757,1.7043914361470216,0.8426478614590479,0.006150807989130406,-0.35784819265494516,0.04165029852098007,0.5371175492224356,0.9979675595609514,1.1849182058918646,-0.6859245955417962,0.05357635992889709,0.4658678605445961,0.3699216370668233,0.34057169089919065,-0.7134996336643039,1.1440810680919162,-0.23093805612569204
G4YW_C_mono,38.30174985284615,10.172931470854609,2.7843364064728466,-7.341582223669535,8.0540054366736,-8.964991342274507,-2.959951525654382,-2.783739735319883,-0.5298142583357611,0.8875386409117119,3.2026374044175943,-6.654906558693623,5.510981174929126,5.342240658789499,-3.6205775021520563,-12.778362981734077,-3.702580089106778,3.2786939948377922,-3.532158337179157,0.1944184849946478,2.6933387958524797,-3.2842252909536955,-2.747913553010395,-2.6542817539113535,-2.177734841032977,-2.234072079197341,-0.9650030678760166,-1.5387710433027009,1.3662461405449888,0.49609888819120657,-1.1453006098461747,-2.2995896910748064,1.4394311272536067,0.2510137279419747,0.10647900800012093,-1.1377813864976385,0.9130192825934743,-1.740184817927607,-1.8584740229983436,-1.1314048971898067,0.45543114971322274,0.3867545495836241,1.7692562356473918,-0.09369171358424458,-0.5321722887503103,-0.31321164241337546,-0.23676365558860935,-0.020374351364549466,1.000803526814782,1.3387917623049046
G4YW_I_mono,33.104537753484735,13.985773516082075,5.377493993030699,0.592629718395773,5.997465865055345,-13.081738369408523,-6.647106224370955,-3.1791255438114834,1.7911668301759622,-3.9102267367059254,2.7189320638838907,5.582382188902916,7.184436388425302,1.1813847043705799,-0.48979394653653635,-1.4357886497812677,1.887346758444893,1.618857709309312,-2.0797871294195436,0.39119694364775476,-0.9332457563620553,-0.16408963739039165,0.8570048759042097,0.43799163947129094,-1.4707006333608723,0.4705016659620316,-0.9124901813744755,-0.3760382455310075,2.3539237929115293,-0.5434281300548812,1.2626079509496988,-0.4318899993533458,1.614734314796863,0.2446324435748018,0.5716544822705493,0.9483718000681619,1.7775960938780255,-1.1460172510263886,1.6259575564353308,0.13191773338206497,0.5828036777878508,2.7369011044776648,0.3688908195735059,1.9759763458528508,0.6168983539051117,-1.1075277485459134,-0.06679842229702125,0.4006963215273694,-1.1971331550583062,2.797861321410744
G4YW_NC_mono,30.68108645725036,14.136126978861478,6.035141536851307,-1.7193673471165394,4.077337575644986,-14.374086656049446,-13.070254003585566,-4.0532252243310705,3.6405562630884236,-3.697815178410925,3.9809734572957303,10.624487407493943,5.458090398896838,-0.43269588328096276,-0.2882531379844219,5.135377906052158,1.403178632394271,0.21680934615651337,1.037343522557281,-1.504002783451396,-0.7479927108911923,0.47042418571102496,0.35450326946099364,-4.295873555407752,-3.111231850738174,0.9761465083427054,-1.5136451713591466,-0.8193750880837649,-0.2132276906072307,1.3960550000413945,-0.11409872382502718,-0.29875652411668707,0.4389033800457455,0.4683626337040996,-1.077189998388899,-3.565609816838776,-0.20174314708391963,-1.1690091781311263,-1.8177213582165355,-0.3210963363172136,-1.2123450801572377,-1.2865160206723716,1.3575309076997577,0.2519632830564117,0.11251442526762345,0.16678598888768834,0.10594073230846963,0.918288270101608,1.9107858324873022,0.20779117768891586
G4YW_NK,-12.687507443020236,15.714275589283409,1.7723153020613023,8.108552009651365,-17.513358605978254,1.793006359013137,-0.8547775576511054,2.5590540447727803,3.0779300063101314,-4.225519694495138,8.432632714777375,2.0634617991954496,3.0198789619350945,-2.8316057739874427,6.832699292890951,0.9978840804957753,-8.390319627941189,-0.4964661511542827,-5.537974977003458,2.3174575748876602,0.5855734689025023,-1.136382738975764,2.450336563874859,-0.5000806642201572,2.240641186250181,1.6205018054211184,0.16766753363787196,1.0025469155038784,1.2331953067639103,-0.8849136215772764,0.7920111751816864,-0.19505515229399584,-2.495333821229554,-1.0875537541612095,0.4488258100944521,-1.261169027573244,0.8884397484590315,0.5125146870136473,-0.22185481706380603,-0.8956631274878717,-0.8831066596961793,-0.37983058059853503,-0.17629629571672353,-1.6082782043850479,-0.10436670915705892,-2.169406409153632,-0.41707920019445477,-1.0205598668029008,0.4949748102187262,-0.05087654553809418
G4YW_pDC,5.086964041833945,-17.562125498136552,15.154529734826454,-17.670123677295173,-11.524685812455294,-16.726271532903024,1.2985787372707338,24.55877238593086,-9.15738162246789,3.0177733756802803,3.064208940794113,6.25684189003451,0.2125114835565442,1.9656024591534753,0.41820728224697146,-1.848010235046602,0.2740319755911015,-3.810950785890991,-1.2681718877738248,-0.8380427322900623,-1.2932157143713934,-2.309709931404992,-0.24314483422941058,-2.7856907924619567,0.4734013229887457,-1.286430226044067,1.931149005879044,-0.4380655717225891,-0.9342151619165348,0.5530516045775167,-0.1105411494289228,-1.880559890884675,0.8933362274706872,-1.3140665982258435,0.43155688799041053,-0.03575545491632723,2.7228933284303967,-2.164810516568163,-0.2804287222631902,0.9678040716790384,0.12374717687659137,-0.21898260001980208,-1.098048392864216,-0.2601216537426733,-0.07266051999079577,2.3500400976821463,0.0018372509856736303,0.7720832417746663,-1.3533429858297805,-0.6396597615731913
G4YW_mDC,27.478806594328884,6.274693169356171,13.659083997131997,-8.33193678906158,4.0221946095291345,-14.05061814687362,2.823362742283158,-4.113400642905292,-5.293763268484661,2.1578347199279895,5.840147397707362,-17.099960255177397,3.9165383882269853,-2.9337697257487156,2.250369822614468,3.9244205615886036,-1.702185387537613,-5.56280740202214,-0.7049894582949925,-1.2125895482433775,2.5522132492574063,0.5564787012478727,3.7236736037716716,-3.1300894991291197,-3.988855178189928,-0.5642055648889304,-0.26931117483910266,-1.5963994991936086,-1.7192668319608375,1.3243626498739038,0.7475358512782447,-0.031854365034217846,1.7050479065112751,1.3492408434321055,-1.5088472680710816,-1.0952595934013154,0.03361917991068522,-0.37046774756906165,-1.6659302190640755,-0.42319840946698184,0.04926299474362245,0.6554807507602616,-0.748894400777948,0.4918518339875718,-0.9095684221490257,0.8450201382289209,-1.4133267487694414,-0.1041591132432382,-0.18917518214223733,0.8253116820606043
G4YW_Neutrophils,58.45172893316719,-0.544154202158436,-42.16866327119321,1.2265333667254157,0.4216151212186319,11.591998258468998,1.2289829949854811,15.011081402564907,3.8587763378794997,-0.6396567337912648,1.433563512620632,-3.5758173657420045,8.077673735211757,-1.2274908942723612,1.8321431952159537,0.8728947958506822,0.04556386444351882,1.599424060333555,2.7227603528275206,0.42801106316870763,-2.114123355914508,-0.8465488722819078,0.2103312471031221,-3.1309672578550156,-1.79400893738992,0.9781611495759338,-0.35747244736572364,-0.12352066190430377,1.7662603305798705,-0.4095038598421642,1.2585591565698655,-0.45215290823768534,2.5171698912693983,0.4914075661417204,0.6114646907923588,2.1091877300472874,0.6957701792695093,-2.3552297352788103,2.485729156776379,0.4600329727925159,1.6235799838534848,0.9307427227193193,-0.5925002180954342,-0.2838069177997703,1.0021647814866061,0.03476169389117057,0.7694421721671164,-1.9317010898276745,-0.11779394354318308,-1.4195066919624055
G4YW_Basophils,17.736256663763264,-6.9341183668236255,-9.490468770956904,-29.456849273462414,-19.277437436933297,15.470145113663687,-1.2948989776629973,-15.789448467454609,-11.849823903470302,-5.110793359614146,1.7850832281290676,2.119782222993079,2.7931024802707327,0.7668020386090288,0.9854244214047256,0.002836686243409433,0.6251961722090547,-1.920697952836919,-1.0888944626428474,-0.49359104218927685,0.727256196745309,-0.7274608466724863,-0.08884812157396028,-0.10928512711785217,-1.1232217671447735,1.2742356451052115,0.5163389004901668,0.9437276179081189,0.058141344561080596,-0.5014116609496945,-0.8310227609099549,-2.8865456455239573,-1.3851383499913532,1.7527612850866114,1.726132796122351,1.5815087099645404,0.3684850908197502,-0.1142400948449558,0.4493292700327104,0.40437576728544194,0.233808054083407,1.2945973556100694,-2.6053982213454985,-0.017374310117448378,-3.6121030815898134,-0.8959576384536072,-0.9577994833710742,-0.21169799010573528,0.849298911945568,0.7463599750891626
DZQV_PBMC,17.02885466257293,9.958503114708257,6.243361782537928,10.467116248555662,6.204075431050196,4.939270568778446,11.419399936487117,-1.7767995277779995,-4.01899255354861,-0.11155846119680221,-2.172968843032726,2.094188976143268,-3.268493147065402,1.7586978765195374,3.7556041003138185,-2.647862604042253,-0.8136250122472669,-1.3838543737786762,1.0862565723266158,0.17816646586948368,-4.0962998294118025,0.6280342024206675,0.6635448834489418,1.5663178393081925,-4.00047563833024,1.388089330912656,2.6451133258850152,0.9009945636651951,-2.2557121950365833,0.045169671969321104,-2.517115247501903,1.6436254630430527,-0.10966839651070942,0.026031998212135272,1.94852964834667,0.8617446015325726,-1.6203474708288295,-1.8212171919524456,1.3646222070635907,-0.6289989250701012,0.772841001692758,2.0031386994012497,0.9792977778577501,-0.02373240784649703,-0.30551830404286845,-1.3909353260410657,-0.07741571599451864,-0.3721469015472057,0.24816543579163344,0.13265914822829644
925L_PBMC,14.806116717867779,10.741250556077683,8.947857667436779,6.795279542851078,4.017880610587793,10.194759078024273,10.765862901134446,-0.772013544388293,-2.8693481631334876,0.6593085033656828,4.303755967036149,3.9536870163370548,-2.709535481104341,2.08513609029059,-5.0285448898888845,1.4076318831390988,-3.4051374117087883,0.23237898080343336,-1.851300624186967,2.494731317502128,-2.9770695170245687,1.308522068058259,0.6367391060210333,2.21942019430178,-2.745054195674822,1.5263014875051173,-0.6190505665627929,1.1258537154575357,-1.9119578935796198,-0.6626019285845353,-2.45934796173552,1.8654644858767664,-0.9419729597979203,-1.2637860612088025,0.9918171833704025,-0.830089217983014,0.4009881779961993,1.5461756371402704,-0.8069627234776574,-2.26041779911453,0.7779564712333629,0.16283323909604336,-0.7639233401493821,1.0417518733561084,0.0868896482410381,0.5172117327333884,1.5808883404465681,-1.2946206479742792,-0.3158230778860185,-1.1174918947720005
9JD4_PBMC,12.388620021148302,10.771888979735667,8.03088536894704,7.3821572642739675,4.589441720568247,7.734377947674884,12.482726043574536,0.04762474963777693,-3.786594695649562,0.6272810138082455,7.409604788997626,3.5293354518897786,0.25809664980593733,3.2807707000753443,0.30737537913421004,-0.2998392691019711,-0.9884313534536159,-0.19895355573114165,3.677810928717563,0.36919186477470994,-3.0591307546526236,2.6181424435783516,-3.2248747844181698,2.2968905663217893,-3.37960395516683,2.631458529543506,-0.896791342142729,0.5145576182187609,-2.0596547978730935,1.973602108691713,-1.6871173581852852,0.5080174384713647,0.6237385296551011,-0.2998838913715975,0.7846726706485899,-0.1386725511754842,-1.7963460751321578,1.4606980965718444,-0.468757302708582,-0.4642570044350121,0.447467677891077,0.007771842228592111,0.5950278474648327,-0.6249476737831914,0.7396718058651397,0.6133267078940146,-0.10195629242339654,-0.14031722696806545,2.7995626950573254,0.9304384951329457
G4YW_PBMC,15.57889034068923,12.25953343443408,8.343916431720846,8.265893502317276,5.034543450361069,5.128646274314872,11.758389132999994,-0.653723718650824,-4.114350871114112,-1.2054670871409792,8.907394532458957,3.3835345356870183,4.102657738328485,4.20464484447911,0.3297771314652842,-1.4504668854016056,-2.393280335735889,-1.6747451050393236,-0.5911703677866852,-1.0545797151298901,-2.459849639343643,0.14648817131095324,-1.5459551032421934,0.06169665049425785,-3.6562724465152865,3.4644499570887355,0.26469746681359724,0.4376882110426675,-0.4977215579954691,0.45214310438986277,-1.0419514437771136,0.35256362854748335,2.4403094344895253,-1.4178433264154229,2.6865104958255586,1.1306830335815647,0.9477501817503375,-0.4659580596854112,-0.1712915952250896,-0.1122379756748785,1.1738897383492808,-0.7363227781553554,-0.07535322878543119,-1.4830345269686425,-0.7235497466066572,-0.18665811308100494,-0.5815376044058974,1.4307243349328074,1.8769550605969731,-0.31765774946426384
4DUY_PBMC,14.892782171157503,11.195123855387536,7.534129034629797,8.804267653784494,4.661627754272207,7.20847209536001,12.87506050582224,-0.6236489360133274,-1.7057351679360557,-0.934270273323344,4.748642477811985,6.5258433709524875,-0.7375466870669508,1.1598701527691353,-2.746891681535635,-0.5332694580035642,-3.63536703799533,-0.7592618099277956,2.288258241131835,1.2976143027609839,-1.9365480027198134,-0.8188579074641096,1.8375018352626165,-0.9907238507651178,-6.514331136029206,1.4589601189750392,-0.7271074894179921,1.5149762828222326,-6.493141554762466,-0.16312449651546343,-0.3263705396501287,1.6127750384919404,0.9965760905398426,-2.0590222277136743,-0.44197937486100497,-0.18262600449043306,-2.007644965434764,-0.36528159385889414,-1.035566913408433,-2.0179989037587527,-0.6497835699770238,1.1263792109016328,-1.3926008674431367,0.7921778961918988,-0.6335439702433548,0.1823572641093645,2.6982577326031025,0.5849053866607685,-1.9143943269017014,-0.8585390515812862
36TS_PBMC,21.346614619273115,11.029515425663385,3.4309623582485087,8.481601661150608,5.22364784824634,1.7177004213601639,12.165725261642638,-2.501486042139753,-4.988826343209057,-0.08349700369761097,-2.496022910775517,1.9415282042141722,-4.231289828803978,1.3028149003605627,-2.246428657135736,1.307270547487262,2.7538883135503385,0.3665097332116748,-1.9578842400542362,0.3589312145058877,-3.3912446036840365,-2.3590035992299305,-2.9421014240146985,-1.167549509393397,4.2115186393157344,-3.0293989460901565,1.5585450799946268,0.18288306289706516,-0.09493788999713948,1.4151310161831632,3.3039499375778503,-1.281295318588176,-0.017132642881881995,0.3550514355812933,-1.7725928521785617,-0.4430270525073415,1.3045377228458608,-1.744233603185266,2.06950537121304,-1.3668660549635463,-1.7263588672850287,-0.4244662868721529,0.43424686956098185,1.8792547826599177,1.484579353933103,-0.7707511097968067,-0.6548805058347563,-1.2536664002133133,0.10107788203659562,-0.7330591846659145
CR3L_PBMC,17.0161369927551,10.265869602963555,7.360518620644817,6.022836418745158,6.63121916362107,7.79112977102077,11.229144674997764,1.4886096318356734,-4.8111358938813815,-0.0070273263697853,-1.019892960284004,2.243120018764973,-5.45268564858467,0.6114495469394906,0.5329316440849803,4.466840264566481,1.5360423439774107,-0.18594989639359882,1.3172601507280388,2.897701553362704,2.7647494226980083,-0.5725604645786903,-2.3258814643262378,-0.4294068682885715,4.061075185115643,-1.577824310456417,-4.951865411919462,-1.2435273117032652,4.408940413831636,1.2278383319679091,4.640276226516605,0.7914296755652819,-0.18587813964516714,1.5705253273260378,1.1749549990603214,1.1986562904540303,3.438569167291559,0.07975932012598623,-0.09332946999445178,-2.723502848990512,0.8749540627610656,0.607729195531488,-1.574736944412381,3.466679523424207,-0.9703724425851037,0.26453341049031964,0.2200000772991992,-1.9372024641466186,-0.7474779533216624,0.31647206965640673
