,splicing_inclusion_0,splicing_inclusion_1,splicing_inclusion_2,splicing_inclusion_3,splicing_inclusion_4,splicing_inclusion_5,splicing_inclusion_6,splicing_inclusion_7,splicing_inclusion_8,splicing_inclusion_9,splicing_inclusion_10,splicing_inclusion_11,splicing_inclusion_12,splicing_inclusion_13,splicing_inclusion_14,splicing_inclusion_15,splicing_inclusion_16,splicing_inclusion_17,splicing_inclusion_18,splicing_inclusion_19,splicing_inclusion_20,splicing_inclusion_21,splicing_inclusion_22,splicing_inclusion_23,splicing_inclusion_24,splicing_inclusion_25,splicing_inclusion_26,splicing_inclusion_27,splicing_inclusion_28,splicing_inclusion_29,splicing_inclusion_30,splicing_inclusion_31,splicing_inclusion_32,splicing_inclusion_33,splicing_inclusion_34,splicing_inclusion_35,splicing_inclusion_36,splicing_inclusion_37,splicing_inclusion_38,splicing_inclusion_39,splicing_inclusion_40,splicing_inclusion_41,splicing_inclusion_42,splicing_inclusion_43,splicing_inclusion_44,splicing_inclusion_45,splicing_inclusion_46,splicing_inclusion_47,splicing_inclusion_48,splicing_inclusion_49,splicing_inclusion_50,splicing_inclusion_51,splicing_inclusion_52,splicing_inclusion_53,splicing_inclusion_54,splicing_inclusion_55,splicing_inclusion_56,splicing_inclusion_57,splicing_inclusion_58,splicing_inclusion_59,splicing_inclusion_60,splicing_inclusion_61,splicing_inclusion_62,splicing_inclusion_63,splicing_inclusion_64,splicing_inclusion_65,splicing_inclusion_66,splicing_inclusion_67,splicing_inclusion_68,splicing_inclusion_69,splicing_inclusion_70,splicing_inclusion_71,splicing_inclusion_72,splicing_inclusion_73,splicing_inclusion_74,splicing_inclusion_75,splicing_inclusion_76,splicing_inclusion_77,splicing_inclusion_78,splicing_inclusion_79,splicing_inclusion_80,splicing_inclusion_81,splicing_inclusion_82,splicing_inclusion_83,splicing_inclusion_84,splicing_inclusion_85,splicing_inclusion_86,splicing_inclusion_87,splicing_inclusion_88,splicing_inclusion_89,splicing_inclusion_90,splicing_inclusion_91,splicing_inclusion_92,splicing_inclusion_93,splicing_inclusion_94,splicing_inclusion_95,splicing_inclusion_96,splicing_inclusion_97,splicing_inclusion_98,splicing_inclusion_99,splicing_retention_0,splicing_retention_1,splicing_retention_2,splicing_retention_3,splicing_retention_4,splicing_retention_5,splicing_retention_6,splicing_retention_7,splicing_retention_8,splicing_retention_9,splicing_retention_10,splicing_retention_11,splicing_retention_12,splicing_retention_13,splicing_retention_14,splicing_retention_15,splicing_retention_16,splicing_retention_17,splicing_retention_18,splicing_retention_19,splicing_retention_20,splicing_retention_21,splicing_retention_22,splicing_retention_23,splicing_retention_24,splicing_retention_25,splicing_retention_26,splicing_retention_27,splicing_retention_28,splicing_retention_29,splicing_retention_30,splicing_retention_31,splicing_retention_32,splicing_retention_33,splicing_retention_34,splicing_retention_35,splicing_retention_36,splicing_retention_37,splicing_retention_38,splicing_retention_39,splicing_retention_40,splicing_retention_41,splicing_retention_42,splicing_retention_43,splicing_retention_44,splicing_retention_45,splicing_retention_46,splicing_retention_47,splicing_retention_48,splicing_retention_49,splicing_retention_50,splicing_retention_51,splicing_retention_52,splicing_retention_53,splicing_retention_54,splicing_retention_55,splicing_retention_56,splicing_retention_57,splicing_retention_58,splicing_retention_59,splicing_retention_60,splicing_retention_61,splicing_retention_62,splicing_retention_63,splicing_retention_64,splicing_retention_65,splicing_retention_66,splicing_retention_67,splicing_retention_68,splicing_retention_69,splicing_retention_70,splicing_retention_71,splicing_retention_72,splicing_retention_73,splicing_retention_74,splicing_retention_75,splicing_retention_76,splicing_retention_77,splicing_retention_78,splicing_retention_79,splicing_retention_80,splicing_retention_81,splicing_retention_82,splicing_retention_83,splicing_retention_84,splicing_retention_85,splicing_retention_86,splicing_retention_87,splicing_retention_88,splicing_retention_89,splicing_retention_90,splicing_retention_91,splicing_retention_92,splicing_retention_93,splicing_retention_94,splicing_retention_95,splicing_retention_96,splicing_retention_97,splicing_retention_98,splicing_retention_99
DZQV_CD8_naive,0.4300178008718003,-0.202532703552684,0.38932141098613604,-0.844881425236601,1.6309325800128438,-1.257264561967493,0.835980793274732,-0.6193970272843614,-0.27926994839434177,0.7935108759556158,1.3338151115195631,-1.3159292678513845,0.4469133974966637,0.047231435607352684,-1.2772031530158419,0.4468158167481555,-0.9848228526276477,0.06403453807465122,-0.5574171724562768,-0.3877892226302003,-0.38235553977446896,0.8232086922031465,-0.9669721301790716,0.24347895478729503,-0.573801083754778,-0.2083034027521604,0.39454232125669614,-0.6837836762887867,-0.32282695350354385,-0.18420524397753069,-0.9835411417546405,-0.5321975044015885,0.22883966365265043,-1.7857970088183779,-1.3265291308567375,-0.5682990292390314,0.0214243417734597,1.7849365802563764,-0.4929788183958461,-1.4095795365705095,-1.5503447592080346,-0.769701797045047,1.1908419016723546,-1.428575342286041,-0.3086174014983314,0.17193355547896452,-0.9463922516055464,0.6799930912309762,0.7299673526158902,-1.1013963270723672,0.17353775538233907,0.3711380741190859,-0.43399118791314417,-0.9611676268555774,0.9933173848189953,-1.1913893920489385,-0.9422695729290315,0.37666472512396637,0.6350804439185537,1.1689544111219368,-1.0470425902115117,1.0335921919280777,-0.07877312671555188,-0.1538685013224481,-0.46806313579681746,0.9526780097574206,-1.6032080426354218,-1.361619370735768,1.1388017365711964,0.39765025253320524,1.3644362005602206,0.8374836067751312,-0.5748006526541299,0.8144031869259872,0.6356385540934374,-0.9466826692695538,-0.2378813314356857,-1.0040259078291458,1.067814716947985,1.6717341763710527,1.7532295820500943,-0.9903755514256757,0.24599844822190264,1.348730373587879,-0.8510694596892237,0.7717911856380741,-1.0854165911375013,0.2002892540041068,-0.3513342755309239,-0.2479579787768558,0.30704680788902244,-0.1353002470271689,0.6802857457999568,0.3102761528333131,-1.9072706929768755,0.11820357799568884,0.8374072590589183,0.6537193682953893,0.628628336721936,0.6922128586261826,-0.630392928786148,-0.18153329702562468,-0.5736319646337578,0.6458512467191322,-0.03184248543432891,0.7793528714978465,-0.4193800542036524,0.10505514564005203,-0.21463618462703268,1.5478284986887794,1.4093636946941708,-1.7182177221294603,-0.8523032505911301,-1.1269805298180158,-1.9063035759272111,0.8622572888620236,0.7751259952949544,0.8183504645624454,0.270491701848981,0.2836037035664757,1.4412835483142024,-0.21907176672719947,-1.201313005791032,0.6109721816278636,-0.05646894394397935,-1.4756429062595207,-0.5808203585733808,0.30732712426370556,1.561844472662654,-0.30772112662653156,-0.8672852388296479,1.0364702458817237,-0.7397491702626537,-1.7987194648979148,0.49123251037165316,0.31031297336944635,0.19365774280196518,0.8243070166317203,0.2023859791886252,0.2543322399894162,-0.2559352034207884,-0.793833775951228,-1.6980257987267282,0.5332589115041365,0.027803731195282278,-0.7733551801278439,-1.4283151904812437,-0.19007826198405095,0.7154274833032934,0.6143605607846843,-1.127852879669981,-0.6328914003034892,-0.8546203479948746,-1.4309451810152896,1.5339363142383782,-0.6547821181432558,0.996154932525226,-0.6282594563379227,0.46358952363919187,0.6392245545200373,0.061642345034061,0.48602381429561264,0.4833052729916808,0.7251802536292132,-1.1656992610914176,-1.2844605748860842,1.7740504783437796,-1.7365198728270848,-0.9160356959264991,0.26151570200594904,0.38617993913833776,1.0683044073992587,0.44766055554731704,1.159360040887514,-0.9052774473067889,-2.0379043365933547,1.2260642760758205,-0.5032808898333881,-1.1763863159299908,1.362811914576925,-0.785887994926579,-0.7817825284012607,0.15258159119939926,0.5792977554554362,-0.15545084354940628,1.2718809282288244,-1.1534988761165224,0.9029675348635815,1.342650255583065,0.18975066235367677,0.4270473620117415,-1.251686075640577,2.0288993570055585,-0.7996185775043586,-0.3600045907155764,1.1954062021453333,-0.8110504356355983,-0.05618674802994331,-0.9103836798803108,0.7372098836456604
DZQV_CD8_CM,1.3997500875651276,-1.2581535657857914,-1.584179126780047,-2.003039832344129,-0.7168130328793032,-0.0186030972822264,1.5727604308668737,0.41226757976753997,0.39181221641195224,1.0257111251010818,0.3487635854208324,-0.5189524781719003,-0.6387714597198422,1.0324186196289462,0.8511604380076482,-1.4385824555471087,0.3338502029169338,-0.44530504301905455,1.584891154707822,-1.1417189635503788,1.110663940360804,1.9214264334650137,-0.3814600032233652,-0.11845611416633446,0.27504155453939194,0.38937125429862673,-1.6336868099140656,-0.5156836836037051,1.260960747728024,-0.20672224080863993,1.5288120298151098,0.7326402706875585,-0.3629720182889902,-0.773548849928154,-1.2252118462948478,-1.3433141159882331,-0.25414129358938453,-0.0332429747927665,-0.16422112570945796,0.9189796504951837,0.1955548933134191,0.7870888081992393,-0.02100346477809603,-0.0734370929706532,0.19063697891389234,-0.483723886778223,1.7085235713928237,-0.6382789891144226,0.4550835369020786,-0.4697351387224482,1.4021382751774158,-1.356712965937603,-0.9358707848537561,0.8782104124611807,0.18007423190218322,-0.47932336082261284,0.5803552191407964,-0.12286287098216768,-0.542150824085541,-0.3984647263194406,1.0567321897838406,0.7423766806576383,0.6121436851478393,0.028232396537620413,-0.20334336907025707,-0.7017759795925768,1.183769448253382,-1.2174556365986728,-1.6461458503907316,0.6323941689789523,-0.38605376061518404,1.5282671544925903,0.7862111996681633,-0.1481249220550553,0.9099077210496154,0.9379842362025637,1.1711222747651548,-0.1303646080817368,-1.459139566936005,-1.987338566186023,1.2795912398764548,0.22857339601552268,-0.8872796779527778,0.09761496138475775,0.17273074558486085,0.4203749752806032,-0.4678245104791891,0.5401427411065693,-1.154829662427682,-0.47041312808130314,-1.0741991422573054,0.7545295486574565,-0.8125038997890872,-1.379982093275063,0.21717257524027803,0.3422190729611025,-1.1445333305666368,0.8794761552001199,-0.05564769469498542,-0.47944850129024796,-1.8138931556017905,0.5924598068092567,0.2989006072427732,0.2769022276322196,0.6112524406804439,-1.7023665813493734,-0.3250192781359598,1.3204080547397707,-0.9640051393491788,0.09345534404238628,-1.244989397003223,0.5896571760711806,0.10956078627292991,0.7861370655714752,0.4003439852817129,1.212614922115028,1.4349901992888836,-1.4871554159193876,0.2466494927749189,1.4665356174020745,-0.08757078176935679,1.803444252957219,-0.28315895009648456,0.8151359659759152,1.629636682014565,-1.113364384587424,-0.09407353767528984,1.4530394286275514,0.7841387086291062,0.58429123309023,1.005872340301671,0.45257891433955527,0.571328315526982,0.36051187593818246,-0.4439640932582134,0.31013003048885107,1.7130617350274968,-0.7347772456244562,1.0995500638498361,0.20189212208932433,0.8956929675307809,1.1963871599291005,0.6995096996135782,-0.33174791075837157,1.392845659371479,1.0062337638225192,0.3239564810246917,0.49192838354828694,-0.5667551652754776,0.8149271168587402,1.4889521302823256,-1.0236805367833173,-0.668894033514234,0.6634263975799499,-0.7907524270831852,-0.030692155285927773,-0.08925687742607064,-0.7016581534445379,1.0543909604690436,0.7381463883665301,0.40163227838690024,-0.14206563036290362,0.5996314264715231,-1.794402449200753,-1.0172649889865928,0.14819370125107048,-0.1213482027557846,0.5503521894967726,0.07879104774609035,-0.6369975143675519,1.3493545207356303,-0.3874080354962745,-0.40720875102370935,1.820796850833042,-1.3828335375143632,-0.25497795801974726,0.4098942161699691,-0.33256128843893834,-0.7392588619016279,-0.03918997967372274,-0.4970232667853614,1.1002052699386533,-1.8025569660304497,0.28442747497849674,-0.4883574815046561,0.4671019973857812,0.5553401693256256,-1.0187882727686226,0.3810014538487802,-1.7239250302318538,-1.171760880576857,0.6753242588651155,-0.3637598173359616,1.673027555038286,0.06525195069758678,-0.4362254673931779,-0.09377760033117055,-0.4799362196536631,-0.3872267490263428,-1.0571978250826584
DZQV_CD8_EM,0.8139527731555077,0.48611246025946997,1.2512185853319764,0.15694796682309245,1.262481878243902,-0.3329729054057457,-0.2693792576772277,1.5735213257512897,1.136168644831373,0.9270671231462059,-1.4303746081942967,0.28375505123034384,1.3243223110211986,0.7085714566053823,0.882100930753614,1.3694134552275576,-0.996896838070275,-0.25678231663541295,1.729833539697583,0.5360885523800305,-1.7596764513770886,-1.7363799394661257,-0.0522736768895735,0.41650384691507664,-0.7120512233357231,0.08475209463023764,-0.9199893386576371,0.13593325354172925,-1.5849136120730563,0.7789001088261944,0.3454058882858887,0.5185656615519794,-1.5525791968352636,-0.47846890674573356,1.8102257640656148,-0.21695866303664382,0.9710483302953706,0.3048750150193397,-0.6581915711480829,2.053744545660816,0.6907501994761874,1.6452713733376148,-1.1102017227209102,-1.2417222610952734,0.9719360728188471,0.4335857366567726,-0.01324699597794186,0.783660112940837,-0.26109639165652326,-0.5839788702285951,-1.1460852167837858,0.24787648599435136,-0.9288931264026501,1.4628734805150652,0.7925717974338128,1.030799443536771,1.465325727435889,0.6600806102542761,-0.5828739194932185,-1.1435180258599151,0.057800966890180605,-1.0622573613394277,-0.9277976883727189,-1.3058077802685992,0.6788081986428126,-0.34089521717458254,-0.0500498314121084,-0.8321421440779762,-0.6335120881968601,0.8700519517874583,-1.433354064242055,0.9674944718985363,1.2243224184484705,0.6882357271857257,-0.7162497830662301,-0.5197739588931242,-0.9521418959817879,-0.20281725339608983,0.29946991316102145,0.6124774010138877,0.4905996565775247,-0.3108942671511962,-0.8469691133594149,1.1502854958084918,0.407353371250319,1.458430517988043,0.9394347858678637,-1.473820053902283,1.352058827568675,-0.1682636124951262,1.3963120734500474,-0.5225935697885712,2.061956061882042,0.26497307378503354,-0.21255582970005996,0.9795514029292682,-1.2479636816370507,-1.00561196596833,0.7158023250479562,0.5092415661204511,-1.1604233470718193,1.4818533001060126,0.5841796254621953,-0.056450132715082785,-1.3795853449120516,0.7150296834805939,-1.377052480052975,0.96834836273977,-0.6954298951229072,2.2100027074928534,-0.4046142621388044,-0.012854759645568592,0.6264663982055801,-0.5447932703431221,1.3235802989021812,0.15090067183670833,-1.6597395627642433,-1.3836193774686432,1.4534144848110069,-0.23059573637265002,-0.08176716891520372,-0.2130865243262773,-0.6555883489751088,0.06381886302557328,-0.45038992426494195,2.07296108303333,-0.09872558703622969,-0.8768971249311026,0.5337798886739361,0.504321422564232,-1.1591826732337265,1.0013405807091655,-0.4010368547962009,-1.183753050550245,0.15955665178798256,0.04474662433992788,-1.750501123839041,1.794587623443414,-0.6257433277431993,-0.2777896828996515,-0.044258124718200315,0.8408852941866644,0.9271792482966287,0.48824045627762064,-1.9297645280546347,-1.1749580281963115,0.6719261648130833,0.06002558756654337,0.10121306126045615,0.674315197951649,0.47870908458999134,0.9733746843451759,0.18509145869948582,-0.0658843335975108,-0.11586782871087785,0.44821454664015187,0.9965504583278414,0.1586102696487531,1.586145942351092,-0.2997495007178134,1.7964220107931814,-1.1294457407188865,-0.7258172420391045,-1.6859494594607085,-1.1200159792196513,0.7330093677790895,-0.039286003921089885,0.8220004511518636,-0.16877739465257086,-1.3741393445577053,-0.382305656240819,1.5418705549965408,-0.5906832561685156,0.17107656297563192,0.6391255332896872,-2.028572932766143,-0.015758806164057493,0.040403062752817846,-0.37500748378099363,-0.31744640983198397,0.9153224499458351,-1.2159459471225733,1.4530006990297073,1.381050877619365,1.2423632886920528,-1.5992928629990477,-0.6405485854859527,1.12561674843372,0.972747723312352,1.1674847142282492,-0.23898774218321853,0.01957840837210364,0.12395993434034204,-0.9348836043189084,0.13467043289189473,3.83317497880764e-05,-0.7779542152603589,1.5106132120811169,0.02948519871048658,-0.5258223778107478
DZQV_CD8_TE,0.5176030308136851,-0.5664023127094366,0.4823230137348719,0.772954976274806,0.9367966849186838,0.304764241629313,1.621792401785681,1.959076392794566,0.2549168763631094,1.582601083664149,0.1136864507716983,-0.8926652184459045,-1.0264527481659385,0.7050414614245518,0.5577495430981211,1.1050159061661957,0.891019239416289,-0.9060114357512151,-0.7494476425970369,0.376411194041386,2.028318652909602,2.1462980159039593,0.7821583881557709,-0.5213647953324259,-0.8118836219068464,-0.6143414513943517,-1.1914198168721717,1.6779591745007427,-0.5543757904561217,-0.6882998872524015,1.5613348640785643,-1.5834661311989497,0.7456254497859484,-0.7356965129959834,0.10448804742641254,1.3341396889779176,-1.3925721752742877,-0.5561616588024157,-1.3357485632737922,0.7933926945736123,-0.6389976427033417,1.476426986598825,-0.6939094533131028,0.6075451499251423,-1.2142224225475964,0.2773481628914718,0.6226168063245441,-0.33775055727581843,-0.5245992471356751,0.04755437268407272,-1.3164402230361925,0.34317029934828847,0.17111050793321592,-1.9607114436385302,0.3352863437726961,0.34045512707796893,0.5546215753890557,-0.441470787952602,0.3528624282635808,-1.3828889375881583,1.11587215845126,0.42580341418722717,-0.2269094766663195,-0.6586860671448072,0.20166772404389643,0.6488467640474643,-1.2404031782312237,1.2859218658023792,0.07272587443102956,-0.19926705938862108,-1.5626022522742302,1.5934336839814303,-0.24545147380827426,0.10855532073153376,-0.0023409433179774636,-1.7802759780597173,1.1011526895525054,0.22863626732629544,-0.7621052291875194,0.24639473357474556,-0.7687632155137626,0.13211944428951394,0.5349643175171236,-0.8427244829547864,-0.19063009387441535,1.549083537422896,-0.6743830538299995,-0.8039010373870352,-0.30849763664506336,-1.5681519942201851,1.3989376480199547,-1.1435411114211576,1.5851179482539157,-1.2421409928823233,-0.15445707720403276,0.3049181795560848,0.4000639803055111,0.835421316569466,-0.12209859601910601,-0.3286657851568421,0.617187009199849,0.5154233763120571,-0.14159656959245787,1.2076872378346455,-0.27501686729813596,-0.022915438813707858,0.6358146263326134,1.163407192223579,-0.6704802051047751,-0.5671458212521816,0.8546245147904237,0.916917705852007,0.9433400771052497,-0.8950224649162379,0.0023844026150173104,-1.5741833627988562,-1.1839365615662667,1.2389252219625486,1.6653171449560293,0.5750462196025479,-0.08897766901404068,-0.5542690899085604,-1.6977060609831605,1.687342589459999,0.8721374205468805,-0.7998076415845532,0.4211466919985704,-1.2369518902115875,0.16811019959469095,1.0667968839777042,0.0032352272626802493,0.3521812538014631,-0.8253891091497761,1.4562045223395557,0.9626311044833473,-0.15188967398552397,-0.5326782909909249,1.345392723110479,0.2844744349194318,-0.05387927855672948,-1.275262867604184,-0.47387277657872895,1.2826127230928648,-1.8516258297778527,-1.7218512586542374,-0.4303351838438638,-0.28633266256759704,1.378500660666397,-0.4233700563161195,0.612462253548701,0.6257888819714564,0.5602246544134774,1.1389547182965174,0.640265093351486,-1.4308339888951733,-0.14641982611888363,1.4621457074873692,1.1698524867518367,-0.24294515754757018,1.0970993656541823,-0.5736587918521053,0.42213800622434083,-0.5363868790405193,1.1491592687396588,0.2127650346224975,0.3098758386120868,-1.5341689405491807,1.0707153616966925,-0.37464723329767946,-0.3284779301621918,0.5331246991515234,1.4164907418578465,-0.10455758699197605,-0.4095916029624962,-0.1018389938038024,0.6693067155278946,1.0637461266774557,0.7969132554668824,-0.6200392488977502,1.2821628140341217,0.7758093521440099,0.4957223401326539,0.5991984057879425,0.4576836605324837,0.6530997513741401,0.6366442508532595,-1.1875175269652485,-1.3260004444490023,0.9594487671652743,-1.6863558149500306,-0.42483298509858863,0.5080806575645384,0.8667837536041708,0.40339008458384473,-0.0031641614320055,-0.6866828253275615,2.0566478060337303,0.28024210480684436,1.6190016486826107,-1.571511426917289
DZQV_MAIT,-1.2019712035178378,-0.36396180854823407,1.0252601330811584,0.3963647552194577,-0.6854019644044199,0.8042624753169694,-0.907961787740713,-0.6687268088928616,-0.714153116759432,-0.06367254036261988,-0.3572149965391406,0.9076289636803566,-1.2441702940778272,-0.3675503983306378,-0.4225960894462329,1.0952885558579963,0.7494230237118701,1.277874428977801,-0.741005742560297,1.3014887870628016,0.4875841660354861,-0.5833778633682273,-1.038800536993268,1.484639114338191,-0.7238275587397679,-0.1235613510106252,-0.36306773900785827,0.39350402464140627,-0.8056424100693675,1.2825301039749133,-0.1071208880443537,1.4644329517590544,-0.3506042475241669,0.8153659881706792,-1.2916948421968102,1.2956071923282917,1.7884734699317957,-1.9273453033367427,-0.0018306554117738258,-0.13692645688058677,-1.7944413816484437,-0.5069072231781134,-0.852928614140854,-0.5913302458892993,1.3517833942855153,-0.6328937013676101,1.8489411705839618,-0.9024907074986722,0.4424408415871141,-1.2288679881496336,-0.43832931716263496,-0.9732786289167679,0.17586728416991482,0.8498045883379651,-0.434356448167011,-1.6119447493624286,-0.5214029382795131,0.4207848630848067,-1.2522762479651959,0.4485690910275776,-1.5242235802537243,-0.8020217902568775,0.15622341736225054,-0.41776260268168824,0.6095414240584189,-1.8507705574459892,-0.14502687612830437,-0.21359173570708084,0.6305321757898998,0.5303136811377867,0.065190118226495,0.904440752222025,-2.131715348817883,-1.2057829241092604,-0.7747984329103651,0.6472444895627515,0.3655695612437395,-1.604969922476009,-0.3033877118833197,0.39940600564369955,-0.8686910341682852,-1.2782471691490338,-0.5521333786194799,1.4594128649096603,1.7155228174296069,-0.06540446111565144,-0.19940215608150963,0.24792021197035358,0.14842398370429577,-1.2110098562743041,-1.4631551698800822,1.136356890343036,-1.424617365538322,1.7178640946181436,-1.9500429744776573,1.7022850145391022,-0.40659049838544514,-1.794985799054369,0.9827241815021365,0.4116762126959591,0.24722692803216512,-0.17931264123787202,-0.21079345455854603,-0.9044337590220419,-0.4280023183299925,0.09763741707444529,-1.4053059254158031,0.8193036627991841,-0.5724495904149719,-1.7846063391922944,-0.231725103225623,0.10774227696966403,-0.6889339384619626,-1.0094910694793071,-1.48862422416807,-0.5370507597291295,-1.2134216554497985,-0.821999155779793,-1.1021078354063618,-1.43090199350999,1.330740723176464,-0.41247924148986054,1.5990419639967628,-0.5184363609600728,0.7033266000982725,1.12711386313158,1.3856640459923695,0.262339925553393,-0.4270887346403351,0.39538430913617295,0.21088240074761114,-0.8317462098537447,-0.16301397352148927,-0.8954523532532622,1.2860188445261174,-1.6660443677320607,0.11203237823654999,-1.0677385713994683,0.01934039803135083,-0.4679136888995369,-0.3617253312325541,-0.35977670206664086,-0.37610140286928007,0.5351738871605994,0.11520972925643612,1.219863500926069,-0.6865208734721732,0.2406678659670783,0.7112127852287341,-0.41377542842749176,1.6797477240731293,0.12128207992722097,1.3016547718414664,-0.27756401095183103,-1.792459911181151,1.20650416286905,-0.12253160011071476,1.365623498729761,-0.16756232767614984,1.0174713012248686,1.9141029275885368,-0.11019995643906776,-0.3494468416680929,0.5704277424643263,0.05048853490049066,-0.9914510993675325,0.097985470763753,0.015378916671084068,0.35401457415712934,1.4983966323596283,-0.004654981872260381,-1.0565962279009204,1.9063334312981925,-1.5849643600136543,0.8260440685659186,-0.983725595191578,1.3050154751531025,1.2881565480625405,-0.788952568393884,0.8998878191800014,-0.8869836271905863,-1.171584366155872,-1.4889485233922883,0.36075448528240933,0.9230230472479126,0.8952602388801152,-0.5420044918106863,-1.0717476631040221,-1.2496045157023172,0.3506386091293074,1.9152416188293109,1.200333801517958,1.3177637695465987,0.5094158327108728,1.9766068527695722,-1.4005890903649012,0.5795910148188306,1.2160431826429026,-1.0835614063140795,0.10291278304130828
DZQV_VD2+,-0.010327605654739537,-0.8339087000844648,-1.3899521819968916,1.627494609395755,-0.9702710693254599,-0.8309843043308484,-0.7914296910331262,-0.27311568173703865,0.42065739422249765,0.8476093647931763,0.9590479532704412,1.5432722288008898,0.4593894201397958,1.5809891371406948,-0.5241099716151422,0.05475909095103549,-0.07504254855707918,0.8655448272362646,-0.7308215143969484,1.1224249956167351,-0.19009253486161742,0.1258464227443369,-0.6469366768322331,-0.24435304545950362,-0.42061535203995215,0.4545122542416374,-1.5971246990173162,-0.08277829944918953,0.3175289215127846,-0.5677147766236513,1.2362997870156467,0.5312121970473177,1.0064346742282535,-1.1081595628373961,0.20832136758095746,-1.9864846084068026,-0.9872916588507137,1.317748305938047,-1.1629548248778072,0.23050978975153946,-1.209912989156467,-1.834331033711455,0.745652729754434,-0.012830098272098439,-1.6577409593218109,-1.7155164726292695,0.13749362912563748,0.7431952962710741,-0.7890953428628572,0.8390664633075355,0.15078704207981397,-0.38080908300488575,0.22922905934590046,-1.102399376662896,-0.19284851707865877,-0.7765576262845528,-0.39499051145798736,-0.5899819598891887,-1.4070784374852687,0.48869416921317804,1.5203472750036606,0.6258793727534822,0.0699357905181383,0.4233511202034828,1.0320252615898713,1.5002374712806759,-0.3575767189414999,-0.44351067656217324,0.11785076858063316,-0.7732763508313242,-1.357849209525125,0.5393955855365264,0.4818356046229977,-1.3196373214160146,-0.636288857200075,-0.13005368704919848,-1.0765478260656023,0.545483597582826,-0.47182313939658516,1.2240026578955001,1.0726883670952914,1.5296387126297544,-0.5303618952000727,0.7688764327710268,-0.16760355724320292,0.4303919985465246,-0.5202335618227136,-0.37642538757965865,0.4081735887548161,1.6804721626009094,-0.10027471508318002,1.0358876540973796,-0.04488010893470068,0.6640772302831911,-0.7340918705987163,-0.8927742918705298,0.5323516985397166,0.1509275863014204,-0.7210195524064825,-0.12402938491005076,1.8171454932364974,1.5159443460498188,2.0159340538229045,0.23941985569045832,0.5914581986834061,-0.43552022680264335,-1.8795079692573209,-0.8819820382646375,-0.8567515802276274,0.48045735317555055,-0.3446200236013458,-1.9183449750096813,-0.3938830379675989,0.5892062570617893,1.8672187580989916,0.40058540942356957,-0.4662982456614096,1.0543651666076237,-0.5015305485058524,0.1813489172572456,0.5912047418496073,0.35109995170529024,-0.3953053661710569,-1.417864238292897,-1.568859209918528,0.003079045838568526,-1.1805023241751005,-1.7698025853139387,-0.7732707327102715,1.18082916236505,0.09122450092842446,-1.2919331587247267,0.939198697733186,-1.4857944376702024,0.7803159634282448,0.2449450706818993,-1.4144818543289013,-0.18035467411519843,-1.5522278882821283,-0.42669822165675364,-0.37214051730986003,0.4649893733094166,0.9006750866134692,-0.2074736147776495,1.7204925662818729,-0.5629273104547341,0.670387882522492,0.855015731132511,-0.3352637035304997,-0.8742174623280716,1.2110906872593679,0.4280566127018713,-0.11546307960304239,-0.5098970990070067,-0.05200862583085511,0.6578227427550433,-0.4449160106458223,0.60973351273928,0.30896511013233807,1.0583159424492246,0.5429798325854907,2.0040943636838495,0.14318047055000255,1.7558017124663938,-0.2971199270256303,1.4714834131310668,1.612488628079974,-0.8406206988774455,0.8194730119961905,-1.88323168871117,-0.573597599779814,1.0683138280073803,-1.0405231806559805,-0.6418426250894054,0.05622540026677845,0.8703384731330093,-1.2845046586094693,-0.4734856733357065,-1.8283798697684834,1.671681127996161,0.02964520541665436,-0.5540467815951139,0.9650990001836821,-0.3297524801169383,1.0699833624379291,-0.8725199233281865,-0.6456766201254396,0.2006149669535534,1.1077654609770962,0.5307203208088157,-1.2500289909540032,0.49665626882372693,-1.3053072597997617,-0.5173304414671419,0.06920118306188133,-1.3260516561865794,1.5454518003424789,-1.472234346424201,0.7775953345235855,0.8101943784833159
DZQV_VD2-,-0.1535045883760257,0.08259085931425504,0.3920090074067821,1.3497536085329402,1.7707608905811167,-1.161735371606351,2.0524494797631916,1.4017346010211138,0.9310951357740161,-0.3733887461607576,0.21002479545442437,0.3854706955567828,-1.329179960365713,0.40811862280200867,0.9307873860124609,0.2946380629301706,1.6150629504141403,0.6606588178276749,-2.1519288281613114,0.47859236928199417,1.3201685601022162,-1.8007724870918826,1.0729640247746826,0.07189599449029975,2.005704902685384,-0.7856726782732458,0.40187661152458737,-0.5872854622787493,1.8381976519565952,-0.41451068375561745,1.641654679705521,-1.363705734066779,0.22745400931062018,0.2918329559231211,1.0645379067564202,1.5609973281239111,0.2366897384384233,-1.3802321598563936,-0.7284109621846344,-1.2604273294705133,1.8406231586817394,0.3829521078229922,-0.5678995369163057,0.43144873599195843,0.886530444258813,0.5789710664271387,0.9095469395967595,1.1546841282338371,-1.0841816913668711,0.2569574041230691,0.4581734922726532,1.3091240800730217,1.1553004380371776,-0.6362447033494221,-1.3584398626091188,-0.018457055135925687,0.539046661813686,1.6469033450568862,-1.1981483211099369,-1.6497656337395694,-1.1021750077276264,-1.664724651530286,0.694959233039814,0.5128538182125055,0.9181601320492366,-0.9490174072290088,1.0244352081868646,-0.8279306289753611,0.7416169930792176,2.045858923338206,-1.0236549204865133,-0.7398315282461084,-0.7791217225012723,-0.6411672002749472,-0.7940728477016173,-0.6100248767255201,-0.17267134816155033,1.027587943454081,1.0913993306576797,1.0678833611410439,0.21612218686325327,-1.4173632885840068,1.8262208101495907,0.1108764591721896,-0.1719617397997396,1.4267326798951767,-0.10042104705092345,0.1514311208628515,0.8005928145040522,1.3220405693971073,-0.34597333194137453,0.3936566284498945,1.4818311319849968,0.31331020823697747,-0.34548152520605135,0.38830450369909847,-0.3338423924901465,0.6238329753260063,0.6163307156387827,1.064654368478645,-0.8671662918643517,0.15846873609590684,0.8595475309436753,0.5738810857919041,0.21438205764090648,0.6548114717869098,-0.931092731347401,-0.381877914788119,-0.46730809716103633,0.1700702250574178,1.2716902457928614,-0.848743267604152,0.35262556391816613,-0.566011332573499,-1.08849343894178,0.165184800480151,-1.025345973573998,0.33589266569305004,0.5429258174902604,-0.815765684641456,0.01989779294504055,1.7887513942898117,-1.7193282699487498,-0.14785917202294577,1.959838174065174,0.5651699307688305,1.4094662739585413,1.2503136242415682,1.263923028037922,0.7249392657199218,0.8347368207826036,-0.6730731727779691,-0.19488131426130317,1.5756123770448616,1.575514674428331,0.20662001247926662,0.3906989729571986,-0.7545831319791878,0.5375665822499823,-1.776397273387461,-0.7359636756159,0.5353352481712286,0.057129836331157514,0.5181444681045964,-0.16750749308605623,-1.5980633727950178,1.3849435381685322,-0.22475013146891337,0.12605989694939465,1.7345405408082926,1.1690440879232598,1.7165338890977178,0.06026095715503855,-0.42457055899729,1.4151678796997258,0.26043448657476864,-0.6596167174375894,1.825483244152737,-0.6620751357792672,-0.1851648976662714,-0.059175662793908006,0.9227566692078765,-0.9921481923593531,-1.7136957025437434,0.6309535811230489,0.22949664000747924,-1.443600752361932,0.08212959955846168,-1.2124369116768647,0.7327878008831565,-1.317308681881458,0.6669275785165276,0.7960515228506063,0.17009229095989023,1.9555011131797735,-2.1038653973983714,1.4980991172123175,0.37689443131993394,1.0903162929471504,1.7293013722078299,0.06857383547534919,0.14303337313495706,1.5882285138901795,-0.5329088189326698,0.6579360090083082,0.8124555782936455,1.2952878612794017,-1.6455313679799226,-1.5963895384937665,-0.5481319461490146,0.045977397738923446,0.13604306014580297,-1.0902146813923979,-1.9311157879617424,2.1154680668422063,-0.5180597523195064,1.525271559594244,-0.9698034395897466,0.11389747101017568,-1.1181019777404055
DZQV_TFH,1.6529054535276764,-0.8072793901042468,-1.3948521098675077,1.3749086971930768,-0.5835786287336149,1.2537888994850228,-0.2277914457845637,-1.8794660273626551,1.548877871376144,-0.7289602093144508,0.2297922225520833,0.036274803182171994,-0.9666001353774152,1.1677913507627267,1.3154092100100607,-1.0120830779460142,-0.1385883461856729,-0.15402393621472296,0.0854825930641524,-0.13381204079299663,-0.16887859781311598,-0.042418153863988894,1.1230859318530872,0.050528793882803916,1.6039035561208461,-0.6345969382091167,0.9920675084019729,-0.1249937265325063,-0.2453491307610054,0.2603464585996035,0.5683142512891787,0.5698642906817225,0.5675435418100828,0.8494400811511017,0.8148640443943633,1.472915901368743,0.23722746271995057,0.6956473416629355,-0.27573849065472567,-0.5320265485264266,-1.1894730680640153,-0.10354845258184077,-1.584917933036501,0.9052514459940089,-0.12964264865011366,-0.7342764460627772,-1.9414418703764882,0.5783704972267308,0.6545195065439561,0.3656568984024321,-0.604183413214451,0.2954089857744254,-1.9479296192351239,-0.10063349328133368,1.068687814327438,-1.4436951774487725,-1.661769445316263,-0.2974122742213694,-1.1366540856514133,0.7573657017199509,-1.2238858330606068,-0.6746349868898893,-0.5737450123941807,-0.009176590122121802,-1.0393123117668748,0.19582837120845498,-1.2031606230553513,-0.34059536225174936,-1.3477148848507015,1.1422157613176678,0.5831502945933708,-0.6036908089408698,1.6735496179306493,-0.7122903551257888,-0.23554112016010528,-1.057523920130168,-1.2982918819490414,-1.331156852935465,1.5271388318660004,0.1618250428910762,-0.8483176344653912,-0.6611908892237235,-0.20017326095979537,0.9757129622265207,-1.5626242412047577,-0.945632647230054,-0.20777521385684558,0.7175962737413528,-1.6544204790406765,0.4913870204186233,1.438733782005399,-1.9811279939150157,1.2066372087555832,1.8331606599760766,-0.36983636980283086,1.3825633019403538,1.2843432016802288,0.11168890778949363,0.8437822631617415,-1.656355989544093,-0.7635558178053947,0.587958020441415,-1.728839324248268,-0.9949570824741777,-0.9573444889726928,0.6097980992276357,0.8270242955610153,0.8893364050529541,-1.7038446665045455,-0.48472787360128056,-0.19887866095138923,1.804739940564648,0.31642629949573414,0.48995225861226777,-0.39761977391575126,1.1239157386715215,0.5800579798538362,-0.05641246583171673,0.5782946957387488,0.3716090524802181,1.1656095201286212,0.901996479779584,-0.9604343034270937,0.7685906070737274,-0.8345829619861,-0.22281439439598505,0.996011895655961,0.14233410095991272,-0.39936133508445104,-0.8738179880444416,0.2615862116743174,-0.7058877967691153,-0.05799939783814015,1.2207030002144272,-1.2446578701772704,-0.5519226620129999,1.1629148872311823,-0.6634078303822513,-1.2467560901135055,-0.5837131644025141,1.0300317427414487,0.11140837243154031,-0.7596389326495421,0.5311893518788495,1.1680322672711305,-0.16674994356539044,-0.883372786194291,0.5801405690385713,-0.2550604268474039,-0.8183057439412563,-0.9839404967829136,-0.8006145789478071,0.7626622857219933,0.08779720084879736,1.3452324318984799,1.1407691910504107,-1.0814853897659475,-1.1691755687318806,-1.0968940045821773,-0.5563356110781229,0.8733048331588598,1.6562730861658737,0.18801751344813225,-0.945249379851155,0.7968325096566605,0.7604828917077208,1.2124271620734617,-0.07846687665920066,-1.7614532885092862,-1.78957591563445,-0.9017617164447532,-0.677567152837969,0.7871217931734353,-1.0550860298088514,1.26192236683545,0.35030714593439477,-0.5515097017215227,0.581185247854105,0.4193997657107592,1.0833659982597748,0.36435420629656107,0.5418263193920994,-1.272073253837385,0.6380488171113352,0.05495137537180939,1.0017899462087496,-0.5560069142365522,1.102910015272386,0.6641725540160655,0.1594483076608402,-0.9148154480903914,-0.6350512994382789,0.5795430121685666,0.3939916215455305,-0.5380214850472745,-1.7068020771952606,-1.0134102556143851,0.7426139892521879,-0.7660031675345197,1.402363089142767
DZQV_Treg,2.1823688725863675,-0.13832225960272476,1.0983854734838518,0.6183164847338717,0.9534499299822611,1.8633342211301525,-0.2645580149136987,-2.095213134597983,1.16373784346102,1.404734261669804,-1.7275480707842321,1.6529319733723733,2.32324567852145,0.8834453277204549,-1.5619318714216062,0.5248908772541334,-0.7712007620763723,1.666613686845683,-1.1896004759008934,1.388146132006996,0.2632496676202643,0.12180983762606065,-0.5037090720908272,-0.028493307748664036,-0.1695341766534489,-1.6571938305744662,1.4615495548478583,0.2245965455566098,1.0649036424949672,1.0553250292289413,1.1069370053990641,0.5173002309935323,0.8702264892578792,1.480198796340502,0.7351710875012357,0.46903361941017363,0.6044481458063187,2.3477562893330113,2.1301791076445062,-1.4573144449536402,1.5758678656837544,-1.4627696846974878,0.07566403860376414,-0.9892333388032558,-0.31033152762468125,-1.578884137962691,1.1447985796521083,0.9300288784095286,2.178732653482857,0.9139006172250815,-1.7505365838443614,1.213372929992463,-0.6774712119776385,0.3831236769281012,-1.2371860694450654,1.835038620857847,-0.555266358491038,-0.7133447623302777,1.6372447099238558,-0.4986013842582254,1.2554439516427156,0.0772569880442897,-0.2728299284081601,-1.5490639884628923,1.1893325819993292,1.9736434636941036,-0.0004263166628920779,1.708543011085439,-0.9982436386741816,0.4103026542542496,-0.6573092111237794,1.4596772996781753,-0.4113932488456784,0.4957680054790661,1.3323522955334592,1.6653610246263648,1.8921554063167956,-1.7726355156469613,0.8567781465879083,0.3942257197569835,0.39994053792243606,1.087090425566243,-1.0256675811928098,0.8073175674904037,-0.8118389314211968,-1.3250318877455025,1.3032776467122378,1.153700209590796,1.5352341943848062,-0.14205925624946933,1.5125369994367088,0.9035932800087764,1.2585150065043824,1.448806613432877,-0.440948077412694,-0.4775874239373079,0.6905050544191729,1.8240206398709458,0.1894523013575083,0.5018987717362872,0.9310759732255548,-0.4660881457485842,1.7599148776532458,-0.4845488801138116,0.9478710163397495,1.1473345138638962,1.151342224338317,0.8537185995982323,-0.6065142110991615,1.8054357465012476,-1.8259771636169282,0.175667133665961,0.8253676956079473,0.5016053792854848,-0.40144812709965305,0.6432206003106776,0.9598514635179056,1.4249703996991148,1.018438031657554,0.882023658661176,1.3032343552216696,0.757847763700205,-0.781408725763303,-0.7352769487476389,0.28219359567883984,-0.8076016818903768,-1.677029743593797,1.351278571524612,1.9464601737491707,-0.43464368814640847,-0.2634586417219055,-0.5163051496775075,0.4805345601607694,-0.8022808184013686,-0.3310519359227128,1.1754678054070473,-0.9910437172400074,0.02942486802617826,-1.4511159396554731,-1.1524855247326389,-1.3216000469633622,0.5182932534612239,0.04065376211071537,-1.9514153145189583,-0.01616296919508537,-1.2798875598854744,1.7117544727532454,1.1503869786448613,1.213612244514858,1.1496759934576226,-0.036342922275437735,1.0728278365229649,-0.4979698407196175,0.1494659718926201,-1.0895026511011774,2.195639934750775,-1.7694325998034948,-0.5856766267251544,-0.7938192583445763,2.0528631295711426,0.029650337338776367,-0.8038223525400768,0.7377378895112274,1.6976415377959968,0.15773606768977136,-1.429049900332649,-1.0953259085851348,1.4013804393167497,1.1118984092624504,-0.6351307917241206,-0.22948061039226667,0.6533694211501611,0.914826777169698,0.7743754996197536,1.1460064746018606,-0.7829195520205712,1.6506651876288554,2.253311673060663,0.5601959992900453,0.22212117404152168,-1.5161174340812251,-0.16437350035582535,1.357129726769976,0.6894314893232761,1.2457040734918707,0.22208764218912191,1.3624931209776077,-0.3261222227574662,1.851364780568336,0.9492007814284656,-0.08496207708851221,-1.9293853457635468,1.5270294878952675,0.5360762134342472,-0.1626559770377875,0.07389214695292833,-1.4823163579188863,-1.0721830867868112,1.5737317781732794,1.860966514299472
DZQV_Th1,-1.1849616425125036,0.37825256115820804,0.2989650055533917,0.9338248645739108,-0.4065329174570691,1.0344525745489632,0.9264617636805392,1.0789023944795635,1.5575438977404472,-0.6599869686295957,1.0371193097775675,-1.1696627716830346,1.225125553672085,0.9701504733061384,0.3385722872850268,-0.4756603452769799,-0.43596741274218903,0.710680253313472,-1.5137766736297675,-0.8753885133878556,1.0132295773079292,-0.7939172912134743,0.060272093600340755,0.7983230087388572,0.11336515888722765,-0.8335365278770793,-0.331863878373662,0.18919732206744108,1.5221504174230525,2.020243068176302,0.8227778925101167,-1.7237736361966032,1.982841961771999,0.64415969276072,0.15409471995616586,-0.035281424638251194,0.7065449963092281,-0.7546834830918705,-0.988378651083427,0.2543668486374485,1.8136098898452926,0.30059414530968703,-1.2507856732139242,-1.8087557798119283,-0.952249835047814,0.3998281018205015,-0.6281956212117596,1.1252444621251323,-0.9623012284626515,0.13670823300366766,1.6197751413365085,-1.0077231016871002,-0.42491519928109345,-0.28432446688473784,-0.052907864660895775,0.18358546400280837,-1.8671761220641598,-1.1766582110512753,-0.5776301199571954,-0.4408861184251427,1.0814364728335764,1.709502948781692,1.1469294809053425,-1.224129161517253,1.5627771316641255,0.6527936145196458,-0.06178768959756659,-0.16279592830035655,1.4108423450841947,1.1854764560301483,0.8477830984356385,-1.8862723211783792,1.5449882312508607,-1.3721426326410087,0.5390637877858714,0.7068590455280566,0.9841920868963264,-1.4033099123724933,1.0368751322898646,0.05646881593858209,-0.05208331904741389,-0.42874725787954143,0.9342586581012904,1.310349025288497,-0.8870495347654912,0.23425131804373817,1.1788289620597938,-1.3830583247706514,1.0940620714557765,1.2938576848824561,-0.40659387788640744,1.7056708814275503,1.1593832441639613,-0.3206010932072142,-1.239824339495798,-1.1844155837862536,1.2572878905144895,1.3627694352907607,-0.22208346294238898,-0.46257348118437824,0.4916027870977984,1.2678369797831262,0.5838139988136932,2.259349572841824,0.8206548424940885,-1.5328524004749502,0.45900879433825653,1.0869892385896491,0.07441135281426253,0.1661496847359267,-1.5916015926763574,-0.36645590596841904,-0.5030865300271604,-0.2683176918274403,-0.02696740273678251,0.6402712015737712,-1.6610976804867135,2.0844665799810045,0.9657621565432504,1.7392034266924756,-0.7377446835092736,1.1702007004482,0.6856642456574492,-0.14052905760164736,-0.8284337429053722,-0.9136878699015092,0.5038025817537004,-0.40533138804829255,2.024781304761103,0.5788459539733055,-1.8799468339203227,-0.18179726759305798,-0.30949335960163665,-0.32191558664749725,0.06049638852406213,-1.0836231365419071,0.7457577634081262,0.3018488864268175,-0.7501958758013094,0.6195853239867097,-0.14635011502121426,0.47666412389662305,-1.343555514207473,2.0115478474649704,-1.326848329245442,-0.5785868899798212,-1.2538450502162999,-0.7041753243727681,0.29934401101457914,-1.902821637657168,1.1688557567371316,0.45494087603492867,-0.7839565591734118,-1.1910264129537202,0.5166198530750797,0.6910973595351959,-0.723795592444365,-0.5328738045793144,-1.6285697907761831,1.491234553421769,-0.0769294029312987,0.3781614343516124,-1.847976801103366,-0.7833336650884728,-1.479306868020323,0.5165125284029395,0.8909946691980191,-0.03445668785062661,0.5749476292440296,0.2103675599710853,0.9624464881497315,1.0405503393119147,-1.606612459580837,-0.5395516902194233,0.30960115549192296,-0.2862723579711316,-0.8528822979519931,0.7367405630064451,-0.9133258346121778,0.32932269247851803,-0.27490351569106464,-1.0503469904948728,-0.277008522310896,0.7134470388158642,-0.8764719428183622,0.6712698026793409,0.08537895071793739,-1.6061106669867764,-1.5902487092546007,-1.0074149083294341,-1.2549874085406474,2.0182322370612265,1.1860074810750547,-0.30362459378027756,-0.38022535152233367,-0.42997353166148544,1.0064277327208655,-0.26496570166645594,0.042574746319922654,1.125171827271266
DZQV_Th1/Th17,-0.6000768105658386,-1.7884192199375675,1.1990216834450151,0.5208931748203887,0.6665676788082108,0.9636782234172405,0.7275076030533523,-0.895497562385535,-1.3627960174608436,1.2090243375914014,-0.05167153921833506,-1.980766776683201,0.6444200970278595,-1.3042158147636638,-0.7593402703428619,-0.25650215568185747,0.006449227641710137,1.7494896430338762,-1.5338474090906926,0.5632329817380823,-0.0859291476530856,-0.9659786666150271,0.9592303380305172,0.32440645306098087,-1.2484447576023405,0.9326998071734529,-0.07021861542428577,1.3402762357605211,0.7745591448422163,0.47022572242797256,-0.16768602568683152,1.3723027167543496,-0.016583041255659264,-1.8938271945867866,0.17254368740732587,0.5435471449751966,-0.6207200990635947,-0.43764264690489885,0.09023829567636371,-1.6741790078116274,1.009579643037218,-0.006389893268413225,1.7260745494270708,1.0050528936130356,-0.08865661824403265,-0.7238682452759082,1.0082629841500725,0.9903707060785183,-1.0912389137947194,-0.7565171497713677,1.4821609509241862,0.45156277108989484,0.014453220267127989,0.060966775337511055,1.265095204544981,-0.3627952112018106,-0.31401363618397343,-0.8275012554657982,-1.040994465339271,-0.1220840023800927,1.99921051371008,0.46113649663048095,0.8012772611423601,-1.168208109952025,0.5006033966839786,0.3492449419111687,-0.40674579479977385,1.0881689144512645,1.743930529532095,-0.2126764481943897,0.64600210101001,1.4537587727513641,1.858393211860756,0.6490493064020226,1.179460311928784,0.28704393887087076,0.6569286330264018,-0.33123079294747276,0.4308522940883941,-0.2984614108633216,1.0032864990279253,-0.7150160673328277,0.4187283528096045,-0.7462172355091952,-0.6925055380354039,1.9166100777040005,0.9943351108721847,-1.0589589590307358,0.8294772308655595,0.9081320276348895,0.22343133141009966,1.2003531438483346,0.1578161707101604,-0.5357385334385876,-0.801695076314808,0.36673201742566014,1.0848248197934898,-0.2793443832473724,-0.4622065622447264,-0.8843041545344595,-0.241370129257262,-0.18245295280793764,-0.3917064998338,-1.5396315379666972,1.217008123954023,1.646775536736778,-0.5304380576815874,0.5379914719599772,-0.7089819251282322,-0.5907520315640834,-1.8089539849294776,-0.5622907596602293,0.6197286192534242,-0.19015951273240728,-0.09034842782227191,0.9689218883463103,0.041615295225742796,-0.7693172653275863,0.8335044317495192,-0.5333044501956922,1.7509601995742754,-0.23069560299354588,-1.184423607401623,-0.32559456689330074,0.043934793659420664,1.4565059045486348,-0.3989207205179215,-1.183735304321402,-1.0856849167247087,-1.3544763565094384,0.5311449835872132,-0.34268352724413126,0.6804356284271925,1.0185727754435159,-0.42399144575482317,1.395868065049188,-1.6319849222837415,0.389170803079619,0.8171844075636201,-0.3261933840964429,-0.5227440253000457,1.6721058835338705,-0.9863627056831671,0.18645149589605906,-0.8758192883111888,-0.3579626245283406,-0.9118310711594663,1.8452348179385576,-0.7835912745737434,-0.7231962840843016,0.6302000088521282,-0.046742287630399185,-0.38633075074727313,-0.5982556416584744,0.17585911023286815,-0.6593177499099845,0.7291417963963917,0.6375315587692402,0.35687966590199544,0.066019036478002,-0.30853722815440965,-0.10831262589712963,-0.2471233438418062,1.545724573651574,-0.9729428847381629,-0.5385739547416439,-0.5782987003974538,0.2253523767497982,1.3890849355862993,-0.3248215834569016,-0.07062228015080081,1.0405891857334646,1.031429319582485,0.9074996146277361,-0.6363280572933249,-1.1500189133379777,-0.43400736203146845,0.8112416102860719,0.2592629520289522,0.3708912330585294,-0.4576035118991802,1.7319750403641623,1.4609726672937833,-0.16946876873616304,-1.4071920672672085,2.331564605241803,1.9672244605051123,1.564195534665987,-0.36628505505615855,-0.11551272889206318,-0.9748351067750327,1.1517021159843923,0.4401415840527484,-0.10948347404620216,-1.3309329862843957,0.42330156419621906,1.2224552792770171,1.24710075494435,-0.22246466097972686,1.2272265567222358
DZQV_Th17,-0.8838189780211905,-0.4861855891974872,0.689304625574017,1.2126720927428396,-0.6453330245124289,-1.2827498516998812,0.6398589200419094,1.0359118322213037,0.8417705359568067,-1.5260790729145417,2.0170065453939343,0.21464328431495477,0.6400551212624505,1.2977961477906987,1.325395141264418,1.489924920266606,-0.7087838641234411,1.610125062644625,0.6739705291834585,-0.47808511178927704,-0.2879392868212367,0.8233766813878547,0.0940376528752488,0.7519448021496842,0.29580977482291354,-0.42887342436506976,1.6242099372515677,1.8761258422779543,0.028488020635399347,0.5771530734762353,0.722286076151226,0.7580139671144056,2.2243595320215186,0.5082127984935138,-1.6645836562160037,1.3900633856738993,-1.435600007042853,0.33135655606933556,-0.2362855318429248,-0.5699095716790733,-0.5888616311258695,0.10133109672578312,1.5966165114708681,1.0520252571845383,-1.158671921877572,-0.07837440965483108,0.013802343164807851,-1.576193351494265,-0.8103431628711831,1.9461443517705692,1.866464175257228,-0.2852397910935842,-0.2719060809874108,0.3839332918998675,-0.20910412646010904,-0.1943804759269429,-0.02671901447963432,-0.3850004147855474,-0.7257537103093102,0.6812160166814774,-1.1622063041635409,-1.618809872283072,1.0556874740948419,0.43413888196305267,-1.4938803518708264,0.7950420263966194,1.2353962326562202,-1.7666738509118978,-0.0555316367518577,-0.8997213917306865,0.23960019418483075,1.121281361164224,0.08147893310279808,-1.0327937437875199,1.389628816153541,0.2817801826570058,-0.661812918992034,0.744107546091564,1.1070838240675005,-1.48062237840891,1.4637729968666908,0.5355160320805851,-2.071934483636467,-0.9660715317248384,0.6607052781912334,1.126836961578109,1.4655637388338167,-0.5391125119218426,1.8306452440150671,1.7088178116044985,0.9071476997869496,1.3248750906749178,-1.4006283335448475,1.3169752796411913,-0.10152692685728386,0.12315885961675788,0.4045247257073235,-1.4530710655827461,-1.0174256942419684,1.9653132166240304,-1.507507717413353,1.190561579944786,0.9553938822830553,-0.9100880943979488,0.5360345915542747,-0.7005813543302013,-0.645739781875827,0.22096423832177367,0.07875320868555162,0.11260348273070496,0.7279806977087373,0.21008503624316646,-0.044349257198738674,0.04579660697443415,-1.838455066575767,0.8896501258034929,0.7239724761664423,0.9042872968939271,-0.7063216878331725,0.3204083088716133,1.7017116036832525,0.21432491161434555,0.5329167520047807,0.979943610922028,0.8040808255937226,0.00879285096473366,1.1095151922606672,0.543960535676175,1.3172119307657055,0.9854449850922973,-1.3138127641018063,1.1862580998097423,0.7751783168312785,-1.6103098138936551,-0.983018574630428,-1.1000591039142302,0.21895661498045715,-0.540348665575215,-1.0083242857030386,-0.7235230927623046,1.06685228507948,-0.8242450851830173,-0.701589381475042,0.9838704979046118,1.026786825893364,1.2212723761677533,1.650918064135916,-1.4331543990335847,0.5753774881844012,-1.6818507286602553,0.10752573448502428,1.4055704897684724,-1.0638000320536056,1.1671468624896915,1.7881593110508565,-1.1803946441073,0.2743489092172208,0.2464826820717679,1.964940492563517,-0.3176281482144827,-1.6272535982976661,0.9019404063282184,1.6589652067354943,1.710683197680203,-0.5812060614064419,-0.5068786913798239,1.1432938649652191,-1.0235860909279093,0.44556446249941917,-0.3258053646518002,-0.8939542956163586,-0.06173039795470722,-1.2735761527759006,1.658415915860075,-0.06590443453469666,-0.24290879763857887,-1.430391092525973,0.028524889136189457,-1.4053347620158385,-1.3771078335435565,-0.7485541719512008,-1.7664183693560953,-1.2152719695137923,0.2000040416078255,-0.3923122145032887,-0.9082678733708928,0.3850090218238668,0.7870887950741051,0.8871167819916606,1.5653478774725795,-0.41181870715141594,0.14858198182426513,0.3132216818444274,-0.6445568669700138,1.0743057350438705,1.4460304210336152,-1.502172559357408,0.6929019710933908,1.5916006782713237,-0.6918456001857826
DZQV_Th2,0.48303815361845726,0.3551083709097832,-0.3617376673118566,0.2960728512122134,0.6432490846251089,1.9444886920480786,0.28476903218005856,2.104056787827639,-0.4161107870545069,0.21607191468955403,0.22483463831847175,0.7364314828866725,-0.5163826721215691,1.694159949698432,0.3463578131663962,-0.51383204342646,-1.0177487733662327,-0.8395247006488695,-1.2496172955189266,-1.2277993684302762,1.259109921532788,-0.36773620768780957,0.43126854727521713,-0.1560898044114917,0.5164155547662963,1.4624856810637408,-0.052270783689310214,0.08607805168822248,-0.1574950725708028,-0.04476716869114246,0.578169834934204,0.5519057200318934,-0.9198436026945328,-1.025227661795753,1.289714081574823,0.1972586905261519,-0.34931133134419173,2.017669030972519,-1.779725060107922,-0.04722485743204718,-0.20336902254921022,0.7514971801450478,0.47202016408519426,0.07152898873062571,1.5914576567758085,-1.2416853886638157,0.14288877510168096,0.15348149130078884,1.427132818053128,1.8582235107741811,1.2732787660418412,-0.42483401865911313,-0.7483304808605904,-0.47203096972813774,-0.9658755467085676,-1.2517048679187932,1.2647511779242333,1.3730697737791093,0.08231548077366409,-0.25396455183219185,0.8426162190418082,-0.14101799006099072,-0.37071185536007767,-0.341371855745848,1.1922401285952728,-0.8705160541349501,0.8600196121878956,0.5213914029322951,1.7895443481212956,-0.4995933497770706,-1.3169402378907884,0.45886315010230744,-1.1304060680230272,-1.2080146741782178,1.4966949179436595,1.4654010002754831,-0.030782393430815572,-0.13501534877737414,-0.22569394901768178,1.064497393325416,-0.6443568691741207,-1.7820397092269267,-1.0518392412273858,-1.0145759860662573,-0.6482530889100891,1.0558512688513946,1.5355908113313101,-0.921844142842508,0.01343461216546575,1.2012703621998482,-0.8934614964488594,1.371494583317564,-1.1597339644089664,0.04726024856263235,-0.21252061617442833,0.7469714739256191,-1.061270411094081,1.1126957742404449,0.30526823500707484,1.0805585257954164,-0.27971973827044766,0.049188681753973194,0.9633912852408053,0.8503079525881738,-0.14267220483985815,-1.0062110664282868,-0.5299331366546042,0.8491161494452416,-0.06822219224088479,-1.1585496512981064,0.6635484158278834,0.5178113249309895,-0.25972662061839497,-1.3415456738245566,2.0040207831213626,-0.004127962630667676,0.40580336624434193,-0.004362724344726446,-0.9441620841844361,0.5312722783341761,-1.3400895229516467,0.45895705266507536,1.7356265144325316,0.24206476395183577,-0.9127636388489149,-1.098728543535178,-0.29869270960567207,-0.12497958958351137,1.5732020623304006,0.6129435414847059,0.7176487588124396,-0.7110965074950436,-0.11817999042390498,0.7206179148253532,-1.792129626595829,-1.6322310706676255,-1.6149680495508567,-0.4392642969678841,0.8677238550889896,-1.0408921215396423,-0.9984894086311861,-0.3541737362782252,-0.28348958986253203,-0.4802807252381442,-1.1257204269362975,-1.1005503595896353,1.8608200396049601,-1.514288445256294,0.7199894739793222,1.77759907725468,1.200838805032577,-1.3263153086272212,1.6095139274973174,-1.3472711589479032,-0.618663415724185,-0.04519406098073745,-1.244875754802626,0.10753805875593152,-0.7555774808527571,1.766806947354184,-0.030057144347416277,1.11324611123775,1.8864399788982185,0.36635142729778847,1.8645676656131975,0.9555694826900635,0.697775465792957,0.00040100213869035675,-1.3566352748017902,-0.26305863935747464,-1.1558219790102504,1.2786572910269465,-0.9055459465431812,0.2546768665719755,0.9744795554426217,-1.0276590552106584,0.08329967420397977,-0.5102830359431798,0.24251264682155035,-1.1121180182109627,2.002488919318258,0.5899185218169921,1.871385465931357,0.8382791313052937,-0.4128013267668324,1.2578238311779322,1.175949028290276,1.0187250870288274,0.20151551660277223,-1.0132182655390334,1.368962472427032,0.9629431913049166,-0.3884424742472965,-1.2205239766344749,0.8738884014323621,-0.8612598986425734,-0.3321359377998652,0.9872156714112845,-0.870423316559695,-1.4259856101486963
DZQV_CD4_naive,-1.568858298580767,0.6880331477548948,0.7205013964995225,-0.17402177920082806,1.0515209420438145,-0.476435705278209,-0.4675191434749163,-0.44382494856970617,-1.665252590177411,-0.5288907564656931,-1.607381607564929,-0.8670853260319212,0.9141754507632222,-1.811846683981453,-0.7724913640212809,-0.7136917716348723,0.36945730015469563,-0.9139265173100306,0.6240870248500815,-0.9714914635948682,0.9322999635856948,0.43680029437267953,0.2932427599700865,-0.693290783649462,-1.3742729416800439,-0.12607923357393247,1.0895112626861598,-0.9858332471249365,1.125484350208619,0.9534039422238133,-0.8792358526249447,0.08450190653569624,1.5295149009137095,-0.8329930887364854,0.7131287683139026,-1.3150718569151025,-0.1855016224885065,-0.6149685270522539,0.2650611039860405,1.1470198459958967,-0.13336254488528085,-0.4704466942152706,-1.2498168035314772,1.3693815865923782,2.0611827669465055,0.3429046364276546,1.9514384645700331,0.7204655500395383,-1.9136429137456783,-1.0317885021948023,-0.7465930425848354,0.48345121063065716,-1.6750537641458443,0.4006328374001987,1.1679410444648297,-0.3030650509547438,0.012499919215851476,0.44057781536337387,0.23463018756507126,-0.585822045489427,0.6473236609960278,-0.4567575799979352,0.21889009722139047,-0.25240533569219686,-0.6516907100937824,0.21104784017893233,1.0860374650242017,-1.4853999637248332,-0.13301841622202187,-1.2683281922008807,-1.6056188873042518,-0.9867049838258463,1.4432829065860202,0.08796395062695339,-0.46046354542384815,-0.8298599532009402,0.7113291550810394,0.22455067758670463,-0.6671487061569296,-1.3228467690923773,-1.2261444022817105,1.7025609433701996,0.1830491253766936,-0.8554243413969833,0.27668560017708754,0.9410807610432317,-0.6142469685559665,-0.542732747916033,-0.19519648496225334,0.99405060353763,1.2223981343324517,-0.09330265559435481,1.0579331616907182,-1.892046295514965,-0.9113080193127973,1.238090348163417,0.04320699517756342,0.5117536815555396,-0.5975165360945036,0.5216264548724645,0.19225404822262093,0.7692343616123031,-1.1778232494756182,-2.002201066956539,-1.3678516513564989,1.0027299434715473,-1.4601632788166181,-0.5940100632861928,-0.5349618062607414,0.8786700412233499,0.01850779767341654,0.8043263827876322,-1.5335733996996914,-0.8842629508920599,0.8319852623091304,-0.4053436130752392,-0.44978143364913553,-0.14375156910379797,-0.09094459432623726,-0.42895475344413164,-1.4881910620779284,0.5657493210287141,0.8963771053877708,-0.7312672670934968,-0.5039130986180094,0.37496864012830106,1.3632454910417988,-0.13274221516470194,-0.08933133997392406,-0.042008749792628995,-0.1048991058732508,-0.14744412373775023,0.150792236254952,-0.64427975663162,1.8817036530778917,-0.757581042686572,1.637949006798361,-0.7284679962777625,0.3354414828530073,0.37714934773324543,0.37163144798085745,-0.3950115054675041,0.9054198074442011,-1.1530369706668293,0.1423887241103325,-0.7670061322982372,-0.6638223066103399,-1.411902528467509,0.22918921052879432,0.4500200255845156,1.031107759567491,0.8426562634488631,-1.1513277579764667,1.1884052297498389,1.3279930380393803,1.1935242618911008,-1.1161387766351516,-1.1388638277822265,0.9067502118759544,-0.9873023670480607,-1.0847471899228562,1.1139973821516842,-0.2299736844426004,-0.2781483000558861,-0.5584921720095957,1.8042879579482687,-1.4885453290735216,-0.2985470902651716,-0.1201061363557721,-0.2411070633560413,0.5147142328638961,-0.6125654931147548,-1.7711594142740719,-0.3881029035367936,-0.24233687119004846,-1.9886849270014755,-0.11733241870409643,-1.4457798129915933,-0.18668691221692257,-1.5103894446569264,-0.25220961344560955,0.17849301921502403,1.551753715358993,0.3335444351210049,0.9380371403340095,-0.3369840419641439,0.13454731075720666,0.17998532498354752,-1.3181010663886337,-0.4298617870098465,-0.18877023588443217,0.37183909797763576,1.9429115466804157,0.9266467623099317,1.1959555929363463,0.8864157831786061,-0.01828306141859576,-0.7238545283420799,-1.112835121704986,0.3883121768444405
DZQV_Progenitor,0.0472819533904768,1.4128190628229746,0.3154507709613617,-1.480376013224171,1.495840782045897,-2.076455397478902,0.9515572680844653,-0.385888596006982,1.6511685704563794,-0.610621672600302,-0.7826421575285293,0.15324965399646748,-1.0728404607448414,0.7717702559161987,-0.40634464524562813,-0.6670241904235007,1.520432506540764,1.7966725507255878,-0.12815438151444986,-1.0120746550011388,-0.4367429723792226,0.5076463687596222,-0.4617030265244056,0.0891039738178212,1.6888363787885707,0.9056431941607135,0.03245313063020425,-0.6869693652775143,0.34612897387347114,1.3660490517355264,-0.7236717889024511,-0.8823804995497854,-0.8105557141206051,0.4170436922594758,-0.26971053803860273,1.4559763190744521,-0.15756273651288272,1.019482641770159,-0.21353678397493492,0.7863762144941134,0.1370584911341907,-1.5177934431959368,-0.8778341453283818,0.5069210248200012,0.03941564093618249,-1.6709182425823088,0.3835501673548522,2.182818068944792,0.6935007576503656,-0.588419432795706,0.9938402404223785,1.7956186642259777,1.071719036335208,0.3447849107822222,-1.2081805191209716,-0.32708961369012984,1.434625615615409,0.7031048057212967,1.78258733710385,-0.942623478886898,0.2082801100837457,-0.5671877451786982,1.7419455394741234,-0.2652270100077891,-1.8417929994714772,0.4689389893725419,0.33561936310466106,2.1636830852215665,0.922744176982308,-1.4190947010447663,1.531501028963083,-0.3833395747740437,-0.8215988811527265,0.7133234727704595,1.4496719643792886,-0.21864726807651974,-0.5057885391697241,-0.9528513509288108,1.3900187544396616,-0.7038643807868201,1.6159384615057217,1.590536918964497,1.367237664054996,-0.740663577519119,-0.123435515852128,1.2478824293576274,-1.513295556930353,-1.7155480980832332,-1.232798011669731,1.034784487570492,1.9472353705218528,0.8764461448825607,2.061956061882042,0.4607664282635727,1.3629387377643656,-0.6079805471175211,1.5829237774038563,1.079518805792695,-0.029960717660391722,-0.30113776925980235,0.2463464641303908,-1.6536600390064653,0.07990592797979894,1.4577296998771863,1.9269994631109992,-0.3183044680686117,1.6918233514156127,-1.6272998075436769,2.5650271054056004,-0.43994331946425747,1.0871270255260743,-1.151284611064767,-0.073842297625361,0.31978469843453533,0.2529294195996939,0.5250331480918297,0.4379395504461482,-0.014267261457248437,-0.6848212047684747,-1.4255468412287564,2.199990446110855,0.44503300269669926,-1.4142505968452261,1.4050901030432112,1.1390181083085564,1.360145993794012,-0.8903687325620293,0.9815370322919137,0.7875165737724449,1.1681638745732272,2.178368135196743,2.2009428257898906,-1.4775297935852687,0.7939938274926288,0.06086909658280706,-0.6465603963895684,-0.8560968494245021,-1.5201883759539194,-0.5519537561097014,-0.703487423713065,1.6180195719042527,0.7582464148055537,2.205997345451131,0.7978537167929675,-1.3771248291501648,1.203638928816324,0.5087065917520784,0.7578698173592617,-0.3630257580297462,1.277935772522959,-0.9909131860913393,-1.675489979036777,-1.52120385044017,-0.6043671832107276,-0.4588904290424571,-0.11059702067027499,0.21537418667537736,2.1340959646511304,1.763190560732251,0.722386374289442,-1.3577673923721374,2.081173986495446,-0.8460184912583062,-1.127498662393039,1.2889405108723355,-0.4780538518747605,0.6628778591260623,1.2365746958167017,-0.792593924418127,1.624521011649971,-0.04783999839745993,0.37896667818782465,1.1709174548129246,-1.036074330708349,0.4109763691183741,-1.1581373346492472,-1.0653066032816094,-0.6459597194921975,0.5636579863311857,-0.32752978928862564,1.1534948192418262,0.46650783966830434,0.1324016154238099,-1.7978332671698711,-0.1033584879379517,-0.47538758214037113,1.6363860042023763,0.33234296271314934,1.1575434312599544,0.1590557776925387,0.834813081370634,1.88410036933093,0.861928523441881,1.702301280869239,0.31068077172491354,1.6132814761544954,1.8330747340003242,2.1063180177411054,-1.4445040311089403,0.6490153134420702
DZQV_B_naive,-0.780473076183053,0.7558621867399709,1.9435475590621323,0.130050912585167,-0.6974823484533621,-0.014376330308358377,0.0960615007612795,1.1692284955582015,-0.823092690607888,1.4838551340216068,1.3912728922519468,-0.3452733775221278,0.3062196080675425,-0.5449220286359641,0.04297757073420796,-0.8637807817378537,0.7811980631864252,-0.6423745677777455,0.14739544940527452,1.003991366786837,-1.8551016442176957,-0.14687272522782877,-1.151296271207281,-0.22454159579012034,1.0118201209136193,1.4278100443592099,0.7361945918495185,-0.08889782754428323,0.4534256580210882,0.2823326908723551,0.8719975251014173,-0.37326243688669847,0.03814753232569518,-1.0297577948925858,-0.011418773771032302,1.3546282038650228,-0.1652560689589484,-0.4516082824688579,-1.1698056195677655,-1.0634139444261115,-1.6090950132094113,-2.361247954273579,-0.6568303830407837,-1.0799669876554436,-0.8383608928472577,0.8830764718772189,-0.4497334624824307,-0.23525741644727616,-1.5722664067234842,1.7191824384869445,0.5749421927371522,-1.0078364400454038,-0.39827264675842916,0.875648348845394,-0.3629998788502846,-1.0189543511544927,0.5401467505504708,1.307440714797542,0.10548030340816908,1.6099936365139764,0.7605038286330569,0.6543663010730959,-0.004110369338111588,-2.0518973966208307,1.0969694393306362,-0.1932709320339788,-0.20220873340678974,0.039272676442186336,1.4094173215874175,-0.9576061379001083,-0.3002477009760555,0.9464598151261564,-0.8316381151592923,-1.083605788014621,0.6902968734174104,0.22726945979152813,0.8399289290415859,-0.939437291828103,0.03659988567047853,-0.2616885325297602,-0.9916027197571661,-1.0382501771066992,1.4344032491995857,0.978250309239135,-1.5206457557616535,-0.8481754638175266,-0.5782234585765663,0.4399667014989144,-0.20232771083176726,1.5369761093774914,-0.8002544464630161,0.9091979038943319,0.14665417412948134,-0.5471860397758105,1.0055699214092364,0.015938772033432438,-0.9898542510583858,1.0406004574393999,-0.08182969300161982,1.9385014629488206,-0.8559597304734251,0.1254159217190363,-0.9221951946974585,0.20732626792726616,-1.6364024537569966,-1.0463484907481462,-1.3075752788549562,0.26125701741533547,-0.14873082565908838,0.24744599837108622,0.05954842172433762,0.49260379496040224,-1.4299073424028923,-1.7291127800463002,-0.12013446719952088,0.46482005464763515,-0.9605838844976979,0.013959531773220554,-0.19897991973842827,-0.7864687608914362,-0.3466097829828753,-0.23063811617238,0.40480060730035855,-0.6224057155085168,0.7351709447791447,1.0471063897949173,-0.6771018018067049,-1.064362261105717,-0.2435299015825394,0.5317564502660241,-0.9788487517827289,-0.27285254929619224,-0.42274911463898307,0.8132317115163805,0.368384495717474,-1.3618008525942236,-0.4652183444513226,0.5035345186543363,-0.769592888170479,1.153648189636163,1.1087505744615718,1.4030872542140782,1.0578425914127085,1.071276263833599,0.5821491818125333,-1.2345474817998288,1.710543414542758,-1.639505883484763,-0.8364461652730528,1.0033996654122508,0.5451107922188396,-0.18932654841418706,-0.355459813672269,-1.0527895685335096,0.4235207705119574,1.3062513391561104,-0.5066236639398163,-0.5010290630276578,0.9305081939453006,0.6694347692292577,0.23291322529911984,0.631984107096154,0.8055606275559667,0.6193188136226364,0.949746533984382,-1.271547847174351,0.3669301954338711,-0.4779803058975885,1.7350373470528604,0.08843753650361892,1.1629073434048423,1.6132702958642218,-0.010449135927088857,-1.8561499719152472,0.8831665651842256,0.8458350601222561,-0.9998535206328014,0.6574270274864581,1.3968484202471543,-0.4260490411753016,-1.5790029694142247,0.40865054095357095,-0.755706314372223,1.5867010979331828,0.3125002119602764,0.667380507904766,-0.8896269256391147,0.808717197429717,-0.7083882771546534,-1.119410801809664,1.3348914222614845,-1.032634502020611,0.3418790508502664,0.7872424746971356,-0.9308648982208099,-1.3359522279520408,-1.846033736606923,-0.9610857618813073,1.6493214842144355,-0.9341647896002441
DZQV_B_NSM,-1.6560156043885228,1.6935142170577797,0.15826628803416742,0.8693693275551517,-1.6903572089486596,0.028052398855220526,1.6022764003095837,-0.48035302786065065,-1.301393726238823,0.2603666163275617,-0.7071003910922256,0.5074231138567555,1.3109156082367477,-0.23881901220334495,1.3604890844795114,1.4720256531646365,-0.9366414488905609,-0.12005019714970804,-1.1563754340934191,0.46561656541558655,0.430589528908869,0.4196778202805682,-0.5572145809301157,-0.3657643853439801,-1.094699812331483,0.20603996064966384,-1.4341679167393697,-0.6437594063450068,-0.7854211489759082,1.4366927664898288,-0.9658020702535909,-0.10839462202911124,0.70718871543573,0.6449646076322831,0.3221075502155968,0.19217151188668186,-0.05854029478506462,-1.112362478463357,-0.2724799184816102,-1.246437379437854,1.29326171623119,-0.5289168244553499,-1.6959720709602857,-1.144538829590207,1.7575811609549503,0.22125767520960363,0.943103049027563,-1.3266373928006492,-0.42237443348526343,-1.0947117079493853,-0.529762415135521,0.8653242177499384,0.27768011799889886,-1.3758528982953158,-0.15057508945853476,-0.7655430688020849,-0.38318715554446087,-0.0904359456467298,-1.2244143270561607,1.5395888261693225,-0.6459024432020319,1.7454766090853255,0.15953085289547256,1.109724342412178,-1.622878093661078,-1.5725697216918049,0.23454141787859312,0.6756954627478848,1.9603493127505192,0.16893337261926739,-0.31252634432270876,-0.25788269648391066,-1.3875088105834081,0.8240334654825636,0.06466572717651861,-1.052375873050468,-0.61886166785965,0.09670909378259322,1.8758670638447177,0.7573555013395518,-1.5484329866460973,0.7539891909790902,0.41423664784988384,0.011085445198164864,0.680617917504873,0.8964783063265175,-1.6387989200458941,0.4265262327136659,-0.9338838739185383,-0.5720801972164572,-0.8388703953531902,-0.7155671964589623,-0.9536556077902818,-0.873393605607622,1.8262848763268171,-1.8351112614785194,0.9926237692357213,-1.3203935968991092,0.7847208596690094,-0.6424693451747217,-0.30506068849261914,-1.8740685513995108,-1.3877241563139222,-2.2834779414646365,-0.10962032016323789,0.42344424318918866,1.4903188880704057,-0.22037015787366457,0.4161986310256195,-0.12550468659998185,-0.4438461604516378,0.8712740306316649,-0.09531972664479696,1.4552979231175884,-0.37978305331590934,-0.47726569869385294,0.8391939062649576,-0.536710720885464,0.7694125142409496,-0.08757007106637614,0.23750174751225503,0.40974969865914895,0.32783475673873785,-1.2920538281095526,-1.273337876874438,-1.104107729859553,-0.2699144993284124,1.184940379144271,1.3402798833637721,1.712144147845275,1.9202033849950293,-1.3265893443205428,0.4777667925031484,1.6554149980587591,-1.3234179868910114,1.3412535893356397,1.5642623060938348,1.5867691072762526,0.9290271453886566,-0.5380104960197412,-1.217743630809781,0.2696029760439913,0.7896054619705827,-0.6088180976014694,-1.597320735532409,0.9418578365126904,-0.6428452537600163,-0.9490079967028137,1.5879606724063704,0.729293103913567,0.946294843671127,-0.6715578436364984,1.6134259805051694,-1.7830520007312438,0.6511378638835956,0.7740269321493789,0.4208209390947959,1.589189416937758,0.520914326767752,0.6162969407363198,0.9693242719762565,-0.5057439503735289,1.1618668873070455,0.005008512781808236,-0.9275652291949312,1.2498061305848,1.8581379123108046,0.4483199663265664,-0.5986158261578745,0.5217666904766786,-0.14168338578912973,0.4841292453133058,-0.22895036476644443,-1.556885076285635,0.6523129420465924,1.6840819201595385,-1.4299214956191737,1.2632898331679487,-0.09827300583963267,1.3971439102638845,1.7144389070405672,-0.3382951564907388,-0.15024523009185778,-0.17690741131826498,-0.018361636605219753,-1.4420829591250643,-0.8679642124851741,0.6776085456465498,1.05940043062059,-0.04075860787440659,-0.9014071035530197,0.7398136382437513,-0.7709547756313521,0.6251379445481785,1.6564665922531205,1.5921841227023894,-0.8435224758971742,0.6196632340370881,0.9346420032458272,-0.9548465046224827
DZQV_B_Ex,-0.6954900570073047,-1.8724947182223277,0.5420969322680239,-0.24595470487103294,0.976273694384084,-1.064990917701966,0.19633530445581024,-0.5933845126687683,-1.6876724510246917,-0.40872038777227254,-1.7224972681682817,1.0673304924282347,1.9612963654291522,1.0528067645729944,0.3044390085697736,-1.0989998260108467,1.4760303949708924,-1.00986342005754,0.7354341958859527,0.7302258525766459,1.2403171296259021,-1.1077069689740653,-0.3086920443180943,-0.7300475924685876,0.16578471620827734,-0.5200788886161962,1.7723755691418284,0.014837971872773983,0.7696365227454897,-0.1494496970007833,1.3732090074770382,-1.6534197041936614,-1.6625660042189196,1.240491656456019,1.0212475695380028,1.5942190892187194,0.19162110930783194,0.17279317151952273,0.13473118850201737,0.11931343068724441,-0.970981567087698,-0.1078693654895741,-0.3204156509040671,-0.8336665688422858,1.0844069102700928,0.3508584487081063,-0.9442183772164563,0.17426634028745958,0.24692362417276698,-0.828215606267436,0.40486251866981954,-1.2334553914611222,-0.9285551977293458,1.2168830535876445,-0.6660989743553367,-0.41825810687024,-1.2000117190055153,-0.03909477227407724,0.002749230407520715,-1.0482326359191048,-0.40470995291076484,0.13012964253800435,-0.556321344453744,0.5914339237407744,0.2424801471135368,-0.8272760475238803,-0.7231211010411175,-0.8465481527779983,1.2440680068140877,1.0860908827603428,-1.3202881561401143,0.24501637574316137,-0.028868642291953055,0.06523171305390198,0.3383114669767499,0.6124114300674879,-0.6474783988267444,-0.06806124309584032,0.8019710062656348,1.8587162929282153,0.6402185095060844,1.9349148969588452,0.7631683773828832,-0.454047737784551,-1.6040726116069768,0.8422839829874266,1.421619591082645,-0.7699522212064839,-0.8782016283073495,1.2208188942389935,-0.4748427260077287,2.0515563730504716,-0.6437635780511671,-0.025353121745574816,-1.8428750454833578,-0.5160504241540814,0.03374289641047299,-1.5383902853324662,0.5085520087504877,-0.5460604569235262,-0.6726836429933564,-0.3189280244169129,-0.17660368475990498,-1.1950397417048682,-0.19028536988421865,-0.03510433011021633,0.859861488594056,0.38764772328017916,-0.21499028244328575,-0.7722062920236883,1.6371281037090313,2.0277207294001593,-0.7811176341343451,0.2463531825698613,1.7924721302448559,-0.9752204453132173,0.341124226830385,0.6808436467035252,0.9197801349632043,1.7033659844894993,0.19941265912219577,-0.26663821868796467,0.6971243157292777,0.3336532020797983,0.25852451712130614,-1.0490527566667487,-0.22791955309250425,0.3241418657261549,0.46483655424583276,-0.635340618415053,0.6514646856083568,-0.46457802864944686,2.079525849433369,0.27519429851851657,1.7506035304418224,0.4336516541946991,-1.1994208760691822,-1.1246929112028377,0.040966634764738004,1.6229412827230554,-0.927461028420465,-1.5286888492160613,1.8182241356090927,-1.1880292087110007,-0.34582732543734845,0.030645293454009143,-1.6106318854099813,0.4969726241148739,-0.8757275673098696,-1.1106163480018196,1.8712652619206946,0.7553072398753345,-0.24191404842153094,1.7125550338084017,-1.0204064880414165,-0.5246513985970922,0.5191306191179738,0.9076764674850424,0.31830332874399364,-0.05419930942620534,-1.5623768104903786,0.3717332731266997,0.2198129568119811,-1.2485764488826159,0.46303366727336304,1.0758221615314276,-0.5305363348225687,1.6299948053400617,0.7850798429083459,-1.586083208787188,0.2416489517227243,1.3671318486782515,1.0296514505730685,1.9821398256992762,0.034324439950006544,-0.011121611649644153,-0.38397557420080297,1.0938189446725057,-1.168557466456358,-1.5854656568759364,0.7071980551108066,1.5112935693593772,-0.669109301597113,-1.0135229490280397,0.4595669393808378,1.956621194362854,-1.7862812418179648,-1.4708526389575285,0.3746734094739577,0.05442525168585205,-1.7540539726437003,0.5610988149983476,-0.2243771613751074,-1.1466233038242126,-1.64607018859909,-0.23822502118049046,0.6927954911258298,0.32752245565632887,1.0322675709807632,-0.4358581871474324
DZQV_B_SM,0.18794537344555584,1.0910855979497736,-1.422639289149503,-0.20207681751944198,-0.48711899176418744,-0.14889202522013362,-1.023101682608037,0.2607501672099086,1.2621740459871857,0.7944111003935108,1.2746582156269222,0.528600032873269,-0.12628287938722374,-0.0011616984450977597,1.6264903195996874,-1.0776263603715042,-0.8226459896234614,0.10431946731002434,-0.6043270405635199,-0.00453953582700045,-0.7605077016205863,-0.3354236582375627,-1.3699365302440554,-0.2968726547672132,-0.3575948802890505,-0.33776089198571685,-1.0082609071271438,-0.520962378372176,-0.2357185782403012,-0.7633434950902074,1.209131587952442,0.7029089978568542,-1.343471899249781,-0.3082417073708611,-0.8269132901423282,0.8097899003310319,-1.1205148942057845,0.49229778905951294,0.1634203928933475,0.38450549375875614,0.584208823948356,-0.37873878007007306,-0.08582891324446731,0.5947964229548446,0.6947620339089329,1.0586716040072817,-1.290236237513753,0.04414938228563945,-1.1941598635833583,0.9714427773509097,-1.273408515751859,0.9350782805973501,-0.1014021974337361,0.7857768792106783,1.3058331364879932,0.08304754127282676,-0.4319992773236141,0.30870995168517273,0.33053737528459787,-0.2103620955309513,1.1175754075172246,0.8769745525446655,-1.2510009903608144,0.9504379650252364,-1.8524500977558533,-0.7044991835377622,0.24389361294410344,-1.1738012055442337,-0.05219890512343059,0.7704934495129562,0.8050330313362764,-0.11136475372612673,0.29377234335607605,1.3995989859883504,-0.812117304576944,0.5997237142724829,-0.3218843455688243,0.5215324758925087,1.2442610127650275,-0.9789972878528799,-0.44659984418439325,0.26365275769394125,-1.2243686356779784,-1.7615230900090453,0.7456938350034027,-0.1771568972049967,1.27120716172825,0.33269365838559845,-0.9181075033940982,-0.8631724743143002,-0.6680066454295285,-0.8149866700499858,0.047325981240452314,-1.7147918043508554,0.46673898764539584,1.5407545093051713,0.8219060791274628,0.33407885897899503,-1.3268346983820964,0.06689309247533476,0.26129702519333614,0.08613701961194484,0.7817288095740694,0.1312250010430133,1.1679134426386262,1.552553032521521,1.1022268704878488,-0.7265915467656753,-0.534647183310166,1.4352398260799943,0.23917848595061197,-1.3159770474477932,-1.348765248665396,0.5296284982481126,-1.0686259774262612,-1.3462804004978592,-0.17654272345917782,0.008467348270514166,1.0658215372673094,0.7490200008085331,0.11046448551075212,-0.7693166036009373,1.273178912984819,1.066705459820167,1.7362814753274778,0.693951878900014,-0.3928723087732785,-0.8662024375181805,0.3916105927867894,0.8694956772705823,-1.747269870533233,-0.17102169340552484,-1.762118461383678,-0.2691886150163156,0.9345781703608159,0.7497537932225916,-1.7590638452501464,0.36847348344374736,-1.3633198215518996,-1.267310898888885,0.8392648183968562,-0.39658798442367504,-1.3591387147750116,-0.1930109669560236,-0.0197235015332137,-1.3122658706373602,-0.14433862257444235,0.2744700054939139,0.9054655604645865,1.5887646807174518,-0.30826288498397714,0.2796688796420779,-0.38047261259365783,0.12206777799751749,1.0020240384926453,1.1233121028824988,0.7427936141990624,1.2047168169204403,-0.14618211975930873,-1.1840052148377147,-0.3161927033413282,-0.004574713145203745,0.21116663682069253,-0.7954996202961082,0.20543349065567496,-0.41056612884255556,0.7210804045799638,0.05468825658245182,-1.8863813469125887,-0.19242561782645876,-0.5307426408884393,1.9405006164913001,0.7602626421536531,-0.11653311095201555,1.2721542291897923,-0.9534616251296867,-0.5381440460707488,0.12580968940368478,1.6722592698550196,-1.2572739437359868,0.8708073912103694,0.4814479203127605,-0.8292452822415215,1.4102545571958822,0.5242684529774493,0.5237982988557716,0.37371436964840055,0.769671282277405,-0.8432789251489297,0.4216376312622923,1.326273026551856,-0.801997070490772,0.7096057004431662,-0.5174352557124645,0.008962962505985024,-1.0171246602439545,-0.6344005049390611,-0.4547504453444223,0.12260693962277644,-0.7844782836342614
DZQV_Plasmablasts,-0.6015606830450544,-1.5969167576929602,-0.636381698857259,-0.4161311540564232,-1.2529733244502708,-0.18817950492038507,-1.155290986755819,-0.892088561235621,-0.1505644172595605,-0.4014477135711702,-0.831714669692088,-1.6904341170825343,-0.4841718897066624,-1.8863497997735028,-1.6599504974271806,-1.6478258730033915,-0.3851814325322228,-0.9218332905656983,-0.4180525948644991,-1.5379246312330872,-1.0492957260115308,-1.567786430187268,-0.007882127733802657,-1.3039195311599603,-1.3118186571595134,-0.06856022337674063,-0.7291489031575081,-0.7316109764845844,-1.211908691390882,-0.7068175364194407,-1.0418531259789787,-0.6151428275985301,-0.2473793793820091,-0.6671569536752496,0.20817942471820225,-0.5395560007568059,-1.0652424503893567,0.3207426561517815,-1.8298944525491667,-0.9421494352429695,-0.6297399200670394,-0.7434886797753643,-2.1921121169072446,-1.039523060188477,-0.44896716994040486,-0.528836583536756,-0.19528370680810062,-1.1423185644087637,0.0006849585694034182,-0.7599635358850575,-0.3858411774528264,-1.4069350046531381,0.18801134424436225,-0.8834243373639393,-0.14134270675824034,-0.7111341413890743,-0.02236401616132564,-1.4995116156574297,-0.42370281523733433,0.2254045596728586,-0.8007974727341387,-0.5094543129433867,-1.0622224351049303,-2.04238987394565,-1.8188259734386045,-0.20110438724162996,-1.1166571986206144,-1.2529481590893556,0.42402950594785876,-1.5709854163506014,-1.1185509630196953,-2.055081721037085,-1.6181405902599038,0.1456365332633472,-0.971825142878826,-0.41974377356134895,-0.278567858918689,-1.298913990864393,-1.7285889071204326,-0.9356809971638004,-0.5030067252967929,-0.27809511981354457,0.23430609973803992,0.10513001447255302,-0.5282601013054024,-0.9849934971214975,-1.3374742712323904,0.03892504194887192,-1.2325824186036054,-0.4741372776244596,-0.39144080123170116,-1.4332207313810472,-0.5588814053536892,-1.040079183653036,-1.460660724434426,-1.4789966109198949,-0.550405729679925,-1.3179850772550705,-1.3264530019836784,-1.2875506408496715,-0.9286853654932622,0.0758464952445175,-1.331370837014401,-1.0979336777335118,-0.17002355504065467,-1.2796584903518777,-1.352251470871329,-0.9958147596701128,-0.3787295068561991,-1.1675790441607035,-0.3954487834436926,-0.4924816389445853,-0.511005477184285,-1.9668684840498867,-1.0157126774201952,-0.11762528749068511,-0.8239553545432202,-1.370782391745192,-1.8565848505535907,-1.09483125307301,-1.1222230976426713,-1.481640788766737,-1.1907426825027854,-0.8603614098059755,-1.2783026971945297,-0.5692207165821982,-1.6031192538492425,-1.578314246069523,-0.7065710088651912,0.06249036413652257,-0.08174720741814909,-0.8560637130419008,-1.0215349734348596,-0.7703310645419725,-0.4162879299926659,-0.9166970611245543,0.16445275553049954,-1.0032149022072334,-1.9226983234094404,-0.8279733359193193,-0.3253487502700802,-0.33984626159100945,-1.1997945373840067,0.19647268924246722,-0.21378614906315654,-1.3866040155178858,-1.5591661439217197,-1.0330173919396595,-1.9239871522773755,0.2038348407623022,-0.8538867909633249,-1.8564727568776593,-0.45617971438675003,-1.3855817575214044,-0.3557895189173118,-0.31418671182024277,-0.6312535364389207,-0.4937606807946038,-0.3638727380479406,-1.0515712937691917,0.09680827156394757,-0.30391440353953025,-0.8704470145620752,-0.2166809927669262,-0.1403448038114745,-1.7400634922940095,-1.7006905886440442,-1.6035067142385244,-1.3502529177668492,-0.6084731675276609,0.37815520615634995,-0.955795012948102,-0.8549907317782272,-0.41192503762208976,-0.3713086526223758,-1.1881641338486553,-1.1335599137808503,-0.6659528055728858,-1.3211565140094805,-1.0553346895714606,-0.9434561284962667,-0.07527972872199286,-0.949791124318681,-1.2959861207090337,-0.7089193970565508,-0.504239987541559,-0.4883723822690729,-1.1202908136581582,-1.4879529532489453,-1.3867804075948804,-0.4758309807819491,-0.5866967893136228,-1.6547532076304832,-1.1459548082903765,-1.6560353255386797,-1.4732850678601055,-0.23830272667534633,-0.17249242084323446,-1.573751656289968,-0.8367255354745384
DZQV_C_mono,0.24029725551792006,0.9021771627317928,-1.595097632503263,0.2896210797089881,0.45136305238176166,-1.2777160928478393,0.18815604551864,0.39571457195116483,-0.12716614390041509,-1.4751699189292626,1.1177505722116448,0.9785190140752601,-1.3651091952529444,-1.3015604979409212,-0.001646944510856788,0.699307964454764,-1.1184130861465154,-0.40622071684593664,-0.18830937091278024,0.7727741934923235,-0.48393131962374336,0.4361553583735391,0.45052703323618537,-0.49694299920686974,1.253915111811619,0.48736412434148385,-1.2093350000785936,0.8650671527592855,-0.061783397677672165,-0.21175949805978414,-1.6467083677811873,0.22635926319965402,1.3073309917473657,-0.6492932478145874,-0.5156432886445714,0.04130151621046381,1.718516170477674,0.8979879929006968,0.13403998367317094,-0.9045844633783632,-0.9858817970968795,0.447947480191617,-1.472537943242905,-1.3562876770777936,-1.4318048331424993,-0.8752761770834391,0.3395242652120671,-0.7778859217114048,-0.2860497145216811,-1.3865488384952482,1.2799717502813577,1.4565029930661368,-0.5088272134806959,-0.02868044973706518,0.0996590844635114,0.9332887927099426,0.5250474986350172,-0.2516210477082074,-0.6411146630961787,-1.1400390663660729,-0.09475377840224099,-0.436127229606275,-0.13958531402520025,-1.6932483671627268,-0.7017014986729211,-0.8631163702414109,0.5158880123014843,0.159371466369769,-1.0064273199769214,-0.7361767855863355,0.19354294421170984,-0.012792647158494591,-0.211551298011491,0.06415952048871416,0.862741831511184,-0.7575554547757138,-1.314064750068809,0.5050316466256393,-0.5145249164754397,0.4852989168673106,1.0179088440600657,-0.008955814615782483,-0.5844600583068489,-2.022401482583493,-1.3754257734768165,-0.9478945340455925,0.110213015936259,1.0975244312277137,-1.3269884016086404,-0.03882661309085148,-0.5975648193302159,-1.2761168750218965,0.4348188643465327,0.9505434371176253,0.08456631924304778,0.3818293675626801,0.21895813983066534,-0.3947255331714891,0.8204026496555946,-1.2527486742259926,-0.9254350491122699,-2.0296908792462642,-0.07696670525909421,0.06447971467044326,-0.3243146175747661,-0.24847563686017177,-0.717364331172724,-0.7275775687173499,0.20957446899606702,-0.8409721549393749,-1.1469710034072365,-0.2603608752697329,-0.7068937551649424,0.3466454328888838,1.119743453836223,-0.7405880575982181,0.5696412269663852,-1.534150939238012,-1.2235707523744102,-1.0973667499940705,-0.06032237691102317,0.3096688420571304,-0.8026943325725846,1.3717188965767066,0.6751271896071075,-0.4538951769307979,-0.17906880795725283,-0.042737450954941546,-0.4174066469831095,-1.7434283541952376,-0.2711484442323664,-1.9903910359878838,1.391682229202346,0.46511731805349804,-0.6923468460140252,1.440315952501537,1.3823944772811378,-0.8934567393845338,0.32829885568550304,0.8342097758395822,-0.40155471024267253,-1.5305554171305569,-0.15453516451306948,0.0220720622740629,0.43022484254203297,-0.8707773425770263,-0.6997737735672405,-1.6809414221564953,0.3373948545791453,1.1195728173499804,0.343472762572653,-1.6862213178723442,-0.8242223975849546,-0.4333660043378522,0.8278262773191589,1.6434067247610684,-1.2400657923584553,0.22396683484119542,0.4958460823814342,-1.6777078164048396,-1.0826700555504334,1.0753644167201204,-2.0737912934344087,-1.4780257839739137,1.4947726180497394,-0.09453398969544738,-1.4346263612669328,-0.7527541794597757,0.23779016583832968,0.7014477390494853,0.9880378662482898,-1.5046231815616484,-0.26833302810927295,-0.9362868745526784,-1.2275254777507758,-0.31373785932937426,0.24488057456659967,-0.9524435869916442,-1.1610008069734503,-0.508046678499033,1.133103073589512,-0.23279752096940393,-1.0921323078484704,0.7631808008486216,-0.523446444653621,-0.04083740773646227,-0.17786410832857014,-1.1867542813548435,-1.2146190764491844,-2.1256915269627905,-1.8192012338768726,0.3701846072837846,-0.7919331763272038,-2.348691162226108,1.3469859544537024,1.0907789956586478,-0.4024947802678529,0.8872140077094597,0.9332165979285807,0.1670536626310542
DZQV_I_mono,-1.146600963438232,-0.2841910311306635,-0.4906499529726894,-0.8650405486463653,0.4820600433906581,0.8302362648378261,-0.04158331203580165,-1.5296384584475053,-1.0802107164952517,1.5001847185127846,-1.9971350483360997,-0.07684419942065496,-0.4786928331371653,0.2549413258941201,0.7329925980064823,0.45692526385245025,1.0653097226903763,0.4760105143243663,0.35060484958009375,0.5712818896272682,1.216110995498319,0.018202087406698642,1.2781032342669523,1.0032474894025538,-1.2283199806820602,-0.8711103573989455,0.6272071256613322,1.3354485847644617,-0.594539977092808,-0.08994378580575295,0.5728718928944248,-1.7993759727864842,0.4715348991989476,-0.9369847643089381,0.17156985910948122,-1.8043663736176423,-1.152384965853975,0.44037823469672505,-0.1690812120748922,-0.6305692468466583,-0.09184532288771166,0.3165986516119819,-0.08394198109174075,-1.079275181914283,-1.3189936661536863,0.9536749255121372,0.18396952564769312,0.3304454870104,-0.46475784370911605,0.7302870286861273,0.35660689366416043,-0.622838906284374,0.7546594093581009,-1.2401042339474515,0.9148508716107452,1.1534097731398691,0.042859542720872806,-0.6546837152415351,1.5032376758170958,-0.44035718272165186,-1.4522927493126847,0.9165618247641427,0.98571857756298,-0.8823654544113548,-0.3683066773293162,-0.17331340009686982,0.42583411422878675,1.342772168554215,-0.7951673163532867,-0.5427191978067349,-1.051338970520384,1.812234726495535,0.35296834799482146,-0.522304445477577,-0.6051003902439747,-1.3160705780840427,1.5796241804784343,-0.0881613924625944,-0.7760058695588762,1.13067954883711,-0.6756539453377994,0.5337228165129541,-1.0259776954909594,-0.6113993569806336,-0.38147540070533653,-0.09441182966072016,-0.8640102126290875,0.920261011843498,0.05043121793766542,-0.1973407929748383,-0.3914735829122416,1.1735559175737986,0.47846309761589767,-1.0323368572450007,0.4335521415207131,-0.8671811591258709,1.7165393216953027,-0.13627296830639796,0.5430985388122339,-0.036102534171622055,-1.4938756961557358,-0.5955530068492345,0.13927623453507582,0.6494752562588542,1.0000785035592024,-1.1495641463017208,-0.5777331502283992,2.056317555273635,-1.6746056706756096,0.10528885140066416,-1.1926589043431577,-1.4132844614197073,1.1272354143699594,0.1643490712887239,0.5865744356428927,-1.1553153452736253,1.0063292426514803,0.7323557906183674,-0.01057783321827133,-1.152902057413277,1.0807801548512044,-1.3068725496970632,0.3645389088011584,-1.4064430268596615,1.4687939928272131,-0.11450389142995528,-1.3659722906705791,-1.4057562531366454,1.0208351030234604,-0.30450090468364693,-1.3505682710272235,-1.4341635671340793,-1.496066712417381,-0.6702355703330292,-1.8858462998139163,0.08159169732054011,-1.0561345366162176,1.0236153186695836,-0.42573832247483967,-1.5362149089833952,1.7832592129669727,-0.03963492270241536,-1.5400580158759836,1.1912744997001752,1.407430575492054,0.13598920141644388,-1.2365499638703177,1.5925590714288909,-1.0164550080264854,-0.1268526365422114,-0.8530408356205698,-0.4487626856921769,0.8344119577542686,1.3304757613498046,1.5899994176947305,0.31580876229284427,-0.7487907669196077,0.8680737788645436,-0.637802525959378,-0.4952582322254935,-1.4112430695693516,0.5180572450777464,1.0785355878802818,0.3332249108739667,-0.7411966131326444,-1.5896579288956196,0.3959007101961198,-0.7605408066420188,0.4696233794088021,0.9080306975677989,-0.478110983264165,0.9067327150358667,1.3733884047788223,0.7765028283427291,1.3058426114980153,0.5221441026251259,0.6259761100101057,-1.8497753198901237,1.053195801321949,-1.1612493017693464,0.41026600336319985,0.6324759329307227,0.9266847366951302,0.4747836719897613,-1.087325568358567,-0.8712386043969768,0.3855782220588509,0.7475636607447255,-0.15951587776760073,0.7680709025539029,-1.519960409700379,1.2412262258020905,0.48965657343325736,0.7936629900983804,0.6270420505866452,0.5201210059520565,-1.6475024173949298,-0.5557005181412389,-0.20543243898049468,-1.5574166425420233
DZQV_NC_mono,1.0412094370310574,0.36960752991975865,-0.5008525034971539,0.7840862420249715,0.6998376106673846,-1.5478999357411936,-0.06162580201764155,-1.518382606522394,-1.3160972109063886,-0.7775820683320507,-0.8145738452135443,-0.601565693974662,-0.6664156438674046,-0.06950549069344168,0.06192608905131081,1.2408847536895267,0.587100833933285,0.1501624122734213,1.27111877594619,-1.0884390482951887,0.6409619224176849,-0.6634960643891314,1.1662199520676362,0.507735944819919,-0.9113606475014668,1.4718197096848558,0.7874036316111483,-0.2864321865066495,-1.2905337482851345,-0.09118065178038472,0.7362306363140998,0.8604619754451803,0.11092454724141175,-0.584654630976408,1.6604982227729626,-0.28013485657558235,-0.1880219055992322,-0.6509631330267723,0.9991673543347834,0.6488423654106984,-1.2513315236563534,0.9097458664701374,1.1600893947731483,0.23921755380819731,-0.6616809461919867,1.0826056094135479,0.5647896946032678,-1.90963618099455,0.14997948730801283,-0.7686769288432476,1.3567793290869643,-0.5011444702563149,-0.44136360053215673,-1.6678658772767676,0.09842824205892438,0.8681690898386305,0.06525155557236642,-1.5281660716075016,-1.390836204458142,0.25297392831702764,0.8279932929089049,0.1772797714103799,-0.9438901247692819,0.7764741541838805,-0.6406715129944697,0.4942305237273735,-1.6383615287529243,0.8535994699636512,-0.33201557669037296,0.6961736644184712,0.9171803525992027,-0.4852093442507802,0.02515080992285767,1.7140877111401907,0.10227957186682646,-0.47012830340885664,1.4632052395242927,0.6390459211899597,0.02318508179946526,-1.367155784848916,0.2021633453502344,-0.42860228499200415,1.3920216872405182,-0.4192713213351526,-0.5552053286057551,0.7677563139563451,1.0529025827134733,0.649243653620515,0.9318547832021007,0.8524804757955681,-1.8430768576049994,-0.7167648387751763,0.5334527972069275,-1.258603095581344,0.7973177516567638,0.936662675279549,-1.1806181466951167,-0.8037255195576918,-0.7866415214249433,1.0714349332534165,-0.6570309291400284,-1.009125666931944,0.6568744661245753,0.16765914416175964,-0.08764871475544404,-0.20329326504366566,0.6276972433673047,-0.4908181649552273,-0.23378254077469887,-1.1565187928276561,1.1187878996037484,-0.8243750296639338,-1.7151856046886882,-0.12464272209538166,-0.7990850937631192,1.0613557480959632,0.7405520467849203,-0.6479006300414165,-1.0225573983762402,1.6281973579161146,-0.9152913160327185,1.2071768111655532,1.1319514377083928,-1.0692389476949276,0.42659751503602406,0.13112451991100593,0.21547280058953855,0.2837277270550037,1.0419448805542963,0.8352851001185573,-1.0840007068859927,-0.6234327754259951,1.5474145624036992,1.1254682702006071,1.1960848227165521,-1.6836207183775769,0.2811357757348745,1.3523153912335955,-0.2698948310346582,1.4327497307465,-0.21707150122573196,-1.1033920609996217,-0.14686456065556314,-1.4941967830390221,-0.5072527949673307,-0.9215643653836019,0.657039122334996,-1.7486004282822556,0.17772697714712382,1.4997128652602554,0.4804438254803044,1.3720423323575441,1.2624230043624267,1.3075842573925234,1.8068064337291145,-1.0768567839799568,-0.8102575494525934,1.0497607593103928,-0.9654073206598336,-0.08600839877325847,1.006989242665558,1.4875306825265033,-0.36785755476421067,1.0187831508297003,1.2768213801680053,0.06742727154486274,1.3211957380312527,-0.8650905422871792,-1.1400198277624127,-0.47539839784194443,0.17556068167080163,0.387074852164038,-0.4806185598549257,0.42365765217940726,1.9779258801628437,-0.1398326195870096,0.3690433391562234,-0.01780038183239186,1.9145208091406076,-0.96423677280736,1.3456960562128295,-0.8988197864301497,-0.6719512688374512,-1.2338108975610187,0.8356217024887655,0.6143193407020756,-0.08514880986099706,1.0196655471589526,-0.5553174220544824,0.5752525335697957,1.4999120694805999,-0.4381351149113632,-0.4955043349847889,0.7201759005572764,1.2960897179829753,0.5025127019750506,0.16244054830170127,-0.6147200856186663,0.9796662616953248,0.9929882539963991
DZQV_NK,0.3051120738509982,0.7436421166682021,0.6681232197128564,-1.2646925858033322,0.5503882073953696,0.8638306327999601,1.5462836092842596,0.9324644412141562,0.790725405576157,-0.556741911266406,-0.16980884863101461,-1.7544514314629338,-1.3997944822465058,-1.541549320161224,0.8597217029037503,0.4505573307191145,1.0820842655774223,-1.1558498443866698,0.2561597236297708,-0.10347663225770491,1.1573139541351298,0.0035448277800834396,-0.5208926802158953,1.2423660051963636,1.7471874648781713,-0.01208088632679305,-1.9479517587076438,0.9966514669153628,-0.44649532729123254,0.3278394306625832,0.6417702354647611,-1.230083121736244,0.8455533715329442,0.3421690905152518,1.2239945783745534,1.2491076211827146,0.7079477272431339,0.6405839382056103,-0.5628013802547401,0.016219276379668093,1.5047584987576679,0.07075609027768122,1.5083971254366015,1.4142515351308582,-0.478650699372286,0.11550714377309501,-0.8862007007573036,1.4129898957764844,0.35387123743036447,0.400492467340118,0.6397301328809684,2.2415342500344235,2.002777466506472,0.08238379100937343,1.6447663245327497,1.2982598564780714,0.8846798718153253,2.351024844129426,-1.1190314363024838,-0.3853745973136398,1.3904688723581398,-0.28943901174127584,0.7462422898699377,-0.7955976698562215,-0.40472436794228,0.93561970274543,0.7974689025253378,-0.3105270396420448,0.8664738955233036,-0.06909368888312875,0.9656226699435061,0.4225150969334715,0.5667247636410397,0.07235349950432253,-1.3078251901684845,-0.2913534793603358,0.7608506301477483,0.025147858595829516,1.683155415645935,1.0483614757999522,0.37795045464368887,0.9637229484273072,-1.559562572755492,-1.3645373709917612,0.1953503710704389,1.1201940466376221,1.1766678232449628,1.4130877477824075,-0.2093731643479529,-2.1195247355605167,-1.0850193689117589,-0.10444574952818125,-0.7938613406119441,-1.5497415542599113,1.4713313643432595,0.7916367955681911,0.1983114190286091,-0.3916386653395891,0.2987583841718134,0.5857449666942344,1.3559332909431523,-0.13334772647379786,-0.43413263336197067,1.854335937111485,0.5870352414913416,0.2999870795927119,0.6243005883535563,0.4819327869802047,0.03253830090605228,-0.011786586658558357,-0.13477506140525192,-1.3438111297790256,1.533585866610932,-1.4642988441112907,1.2377967237924508,0.09157426061268856,0.7698245948232657,-1.6685067531973472,1.090915334348297,-0.15063594356908794,0.31953779167606855,-1.0451642177910883,-0.6910664432741461,0.4780982074090532,1.0975916363205243,-0.7718078484757716,-0.5020098161277773,1.7438823957390261,-0.4108871195726255,0.43547629868811577,0.10276091699589764,1.6816269421074288,1.7756070498993144,1.811124330871136,0.6646977439336194,0.29448212686837677,1.0905850987535608,0.915402783332662,-0.32051301786840736,1.5291241662086217,0.542977283308266,-1.3037871677301216,-0.5249767804470946,0.6141590160573391,1.0951341439712767,0.7997121105620797,1.58353915474861,-0.8465656135990305,0.37925300028326103,1.3542231839544678,0.5090703778464822,-0.4697844129498715,-0.8773371027524443,-1.2090595582598915,-0.13136988403161975,0.8858250798326934,-0.0053060274325365964,2.1340959646511304,-1.2780549508419048,0.10236684517230038,-0.9361282512004246,-1.3569222592137604,2.219537260093851,1.5476613480247865,0.32288227464215696,1.186636007598808,-0.9538566596911632,-0.922254774678039,-1.6729677728189734,0.9008875992890989,1.5239264763846987,-0.4538377297468907,-1.415582200180226,1.0948910033284465,1.0356073362236762,0.9235448448980289,-0.6188929383326398,-0.01018257446709108,1.9576180900867124,-0.5494333662004847,1.787973209333869,0.29771432989606045,0.5225487050017972,0.7256505746600722,1.9756425535494644,0.5174567625962959,-1.099106670227144,-1.8430188660715807,1.2940308815404178,-0.7242078256631223,0.9564861567672285,-1.3854445096002868,-1.088278684540322,0.6819649132125168,1.210864500076111,-0.3273882183145098,1.486916715328004,-1.119973237829661,-1.1521397273276108,0.6945601482057218
DZQV_pDC,-0.3570657234056922,-0.7317428148687184,0.01353344969721082,-0.6630935876269584,-0.8688276793647496,0.8178840553525807,0.28758510978157875,0.30664860143078837,1.5205746219489706,-0.7167078177372003,0.5779453907387859,0.7084831579621628,0.23212658785261078,1.0972438430649736,-0.8777003717898372,-0.14133558606231944,0.7530590399930793,-1.013251873536411,-0.0276974311597447,-0.7479365996254188,0.6406256416861748,-1.2364910956663973,1.2551679282825166,1.1530845166384958,-1.4599181359333622,-0.5930726755979746,-0.9154874357565703,0.43777753995761326,0.9957177146784872,-0.37195933761395644,1.553758475403077,-0.2554958160051402,0.05051854553655994,-0.45596554163637043,1.3842638489831813,-0.6064674109231347,0.7311563072186227,0.21539405600238284,-0.9255970627472978,-0.12037645727578816,-0.8287146135625941,0.38107364498760027,0.7645251955895199,0.8618395899414139,1.0769127928770816,-0.6852118209974762,-0.09976828285409035,-1.3601591403053617,1.3803500871323005,-0.4468761634921339,0.7442441397451358,-1.770933040989391,-0.28617537707483687,-1.5611888134880634,1.1079932266478938,-0.444363756854185,0.31530897616796594,0.14561482208001283,-1.5023381256949582,-0.6838434705866683,-0.32471655686623696,-1.823715482161278,0.22439420216922937,-1.889256745658,0.4175753093542382,0.20021929317597426,0.7854283025286335,-1.7490466248484544,1.3687256467580433,-1.806495907551457,0.3709365003791865,-1.673286716297596,-0.6467768372173781,-1.664652640673479,-0.9047174079914408,0.0005418060600025484,0.318242648941048,-0.653220074637576,0.7952617840719475,-1.4297292831042434,-1.7229051843818697,-1.3453359950129007,-0.300657653862056,-1.8442934932365136,-0.41421375589653087,0.531368998339588,-0.4610476721252189,-1.6669622988566144,0.5657314988790692,0.11739538387052141,-0.5711387600709514,-0.9262458812954399,0.27691181054421454,1.428543202099659,-0.8491897185589142,-1.164907311352444,-1.1463662216868251,-0.1393023305689407,0.3978419974780066,-1.4731080584674578,-0.029254368323450457,-0.1871914937520483,-0.29454227609480144,-0.038897203548331455,-0.6211660407650623,-1.3820808555489266,-1.2500439228610631,-0.9211353082339016,1.0035613112228514,-1.158054254749826,-0.06823509098814248,-0.1064947431739341,1.6788553538370576,1.0179393451332286,0.26044286799719013,-0.6715518190574497,-0.3611820409316709,0.08557732176529417,-1.2378224326375864,-0.354421384256666,0.7846471924844303,-1.668952781639095,-1.09546594514571,1.1976893006565021,0.279802006377507,0.38027594239827445,0.27621109336566435,-1.1969701588174293,0.3568295604745736,-0.8201185639187835,0.25775984649224754,-0.7350768501267033,1.3749928951939858,-1.5711347791176413,-1.1135873818884772,0.8644261557768659,-0.3521331629158481,-0.1456073574801293,0.2791862976338975,-0.2323773151224144,-0.8472522654388012,-0.6366001762194836,-1.2626275648341283,0.7412008282453012,0.6549858968425095,-0.9033149258206002,-0.5357997214088446,1.1901860963480113,0.056996829764591105,0.9815563665740332,-0.7822384809970327,0.19247427593288002,0.6116257790037939,1.268488386402665,-1.4606726683502933,1.7214291308391967,1.2330926229334176,0.00738434529655203,0.3662539755892223,-0.6663570437371366,0.43541335917090795,-1.1601276330461696,-0.14280391377448845,0.02154119299160978,0.9252981484197902,-0.6650817856561709,-1.4530557021726946,1.2764175985190704,0.28630318461138043,-0.3884656320714092,-0.033325423424730154,1.1497424925376376,-0.42422831596479915,-0.3396881158946124,0.07414309427674767,0.12014166169655438,0.12250092908359848,1.3340109384560694,0.6371173258371509,-0.6316753004900957,-1.0290091727014663,-0.9391768146310526,0.6805273444371478,-0.33644749796881385,-0.7070144439674066,0.9552596783617692,0.9351490671400627,-1.8764509583026026,-1.1835543027601854,0.45079615721774496,-0.5576732409559476,-0.4894628832066215,-0.7140082041618228,0.8743850295972178,0.7360164331032967,-0.32290809765582884,0.32176070047771554,-0.5200609311950218,-0.7904185153557857,0.35156001872113896
DZQV_mDC,-1.057231721169788,0.2726387983014,1.0849414075543207,-0.9118640416365156,0.03611441811163836,0.8032110303807146,0.8136879735433475,0.8887265293869702,1.3520673249655761,-0.30052398953882486,0.014645191193786008,-1.3806273144820382,-0.404750991526266,0.64362662181955,-0.8146235161740981,1.367582036239395,0.7442846778391691,1.82757962956791,-0.3634404253368301,0.949244600547379,0.7929920422892959,-0.2755673121546299,-0.5785099268995239,0.023827626257662344,-1.1972798619688445,0.4859776351173973,0.5368600778339492,0.46098549388398985,0.1504079207217183,-0.6429647849494449,0.038567200815748146,-1.1504981402651449,0.7094769023997767,-0.5304887895392317,1.014952555622705,-0.30286678942021,-0.40839780751071875,-0.8691224716503809,1.6546659532793315,1.1589436656774927,0.7406687457080614,0.8360231889916403,0.0634945281139112,-0.3672613261314118,0.004967933546597646,-0.19299510019266236,-0.1098220957941805,-0.8074611312101312,0.7817162135694617,-0.4812057947598726,-1.0243895090971469,-0.33384325969075723,1.6581484455812279,-0.617299660839061,1.4725971203322252,-1.6496021647961934,-1.6809013185367274,1.7180007596578812,0.5790823286184852,1.6285672364138313,0.9722849188803505,0.6192384254740616,-0.7740588319350631,1.5055480547427045,0.43085314752813114,-0.6047608140325998,-0.9211469249303889,-1.3580758043651537,1.078131779709647,-1.3422988563828262,1.545918251299864,0.9742174503565888,1.0832087765393295,0.29583913766163705,-1.3135812472283268,-0.14643790236228504,-1.0243316296962832,0.13110257632523692,-1.9208075507707763,-1.3158558292300397,-1.7854198135372574,1.0257064078231601,0.6599208208243185,1.376551068242963,-0.05657658157507655,-0.2939949369594709,-0.7922361972014419,-0.4454150753592928,-0.7217895743768646,-1.4987053180732268,0.47933629466239414,-0.5073350878115034,1.4555377530320985,0.9248079930600998,-1.5019299991273525,0.501334285028367,1.0568953440097992,1.1732913556012732,0.457511963310674,0.9434320679614888,-0.28952263128006245,-1.0276150440105145,1.1886378870538499,-0.23871583920790615,1.2938268221159959,1.471582168510318,-1.6027213670460858,0.395407921189104,-0.50737713587966,-1.1080687414463035,-0.47614492461982016,-1.0281875959951665,-0.6863186750273434,-0.7407343887648995,1.9247582036072215,1.3926204813706107,0.5774725533347407,0.6137373217204013,-0.51468458907011,1.2168122941672108,0.15178572556351863,0.02506787903936156,0.5317788499620112,1.2759594271373056,-0.39013435384227907,-0.9303672235614704,-1.7734626088060639,-1.1331275123595943,0.5875075426480658,-0.6674676341090214,0.4543116000824697,0.8210126874277133,0.563314373523003,-1.332790137996084,-0.7720596569962814,1.8311319222527245,1.3789884139900883,1.4289738603356392,0.7226838136514009,1.3204547941945752,-1.3197822497812532,-0.7680401466014846,0.28196465487793365,-0.7220214474619236,-0.2037056562906875,-0.2821160819065674,1.2122247377041708,-0.29036260933236313,-0.5453802128284739,1.7267254396975031,-1.1643380463225292,-0.11949223285496072,1.1777731583781499,-1.092026981472173,0.004662215710357234,-1.2656271634789658,0.7048027174356056,0.9118751409795253,-0.7206968536931874,-0.42785954287869626,0.7670476010450425,-0.5104695285629754,-1.2948773557275914,0.7067095923102344,0.194263642796694,-0.5282935660285432,0.5368778614034958,0.348871642682458,0.13933633450958183,0.7412181350649197,-0.11638049305051258,0.1889853752670844,-0.10428356248853275,-0.06928099039749856,-0.15848984298318797,0.8010705715428651,-0.04200501020224486,-1.26464418550889,-1.6757235544499747,-1.078934263682759,-1.287394866472575,1.5272406281143924,0.4510248629279997,-0.39350504998925373,1.573766042355455,1.0503779192982254,-1.0140237686598197,-1.3984036061742022,-0.2867549066443669,-0.4014585081722098,0.30145041669025213,0.7928536318093209,0.17144369371824872,2.3029222721246416,0.7058736872923341,0.359949682442569,-0.058869045930836764,1.144738093617956,0.4064102159019474,-0.6413834141741626
DZQV_Neutrophils,-0.5514777157183698,-0.33590778187646836,-0.9672715599281735,-1.0498720568942714,-0.44807200225302396,-0.4592543559381946,-0.4001614218238563,0.277729062036284,-0.5526502911662307,-0.6454102782570792,-0.34912106951318933,-1.1389203184851882,-1.4386511900070909,-0.8514377686224385,-0.9792086540026862,-0.8043068738545867,-0.7240153600092876,-0.2844042040765206,-0.4243563250843908,-1.017034743558082,-1.467440930411884,-1.8605167517731769,-1.4569879744351724,-0.9806954071673966,-1.2586563429515167,-0.5990203149102735,-1.6330106961634334,-1.0928539439311098,-1.4692405396348245,-1.7380896828602308,-0.20014155231341133,-0.1170856204716319,-1.3598904268854248,-1.1405386816484973,-0.4200805307922494,0.3442418544877752,-1.04228225711519,-1.2388115535362418,0.19147529862958165,-1.5640170204373067,-0.7518777800649158,0.24769361853427208,-1.7273032093623428,-0.725527904537052,-0.712249838713154,0.8574179606965081,-0.2237130151702621,-0.026079337988420017,-0.08152345369235811,0.2889284324521743,-0.9351954895518861,0.008224020569020286,-1.2979056473203399,-1.7496441680146517,0.6587748320343352,0.41083023515652756,0.3204036746395771,-0.17861675483044318,0.7276604732459753,-0.3716813907592451,0.6362182524311099,-0.0018720042739630068,0.22505254822297452,-0.6574689127449798,0.03233028953705506,-1.2409843989762481,-0.01113754976448752,-0.0533570530526587,0.3446654474128684,0.22336380520136528,-0.42737210228443456,0.06065950087235625,-0.6102166756177609,-0.9901311448868171,-0.6541556142463113,-1.444826377304433,-0.5611052742723521,0.015031426388886913,-1.6084232580465894,0.1196456003413009,-1.213189457507351,0.09539716020996362,-0.5526932251327153,-0.4478650057418797,-2.067602108733254,-0.7346904588335166,-0.2967729736299565,-0.1409085966683059,-0.427794232775301,-0.09873068900206229,-1.986870608861904,-0.9631491677827366,0.4070826197447467,-0.4315419948747786,-1.2171338290197922,-0.5580952780296322,-0.694888646814447,-0.17381647842976558,0.015921265775878407,-0.4019134691403418,-0.3577931950005839,-1.0714418521080677,-0.8821913697271832,-0.38507230413967425,-1.5698450038346878,-0.7939060899345042,0.06632509371473981,0.6302572385004656,0.4586180144896503,0.2695684240837377,-1.5953045122904865,0.05375452998732196,-0.11867978376583728,-0.993359350273465,-0.6112985427617519,-0.4695773151094986,-1.0869144772151318,0.423997217891076,-0.19649489409895426,-0.6685395057046336,0.07412357715055495,-0.7216406762966445,-0.46693691299018886,-1.3801374279733005,0.013610668510890076,-1.9276027501128818,0.18228445405163646,-0.960056795771211,-0.6573664390524613,-1.8425610383807385,-1.3967329197272191,0.043904325702818915,-1.1608789166347997,-0.5108737029163285,-0.9236290334310251,0.19021336009188022,0.25907216819126844,0.2501899050616804,-1.421535783822736,0.024349754392183107,0.5745034690561978,-1.2635701544634255,-0.9866116775883007,-0.7130683699567124,-0.6982849903940604,-1.1134424204715845,-0.6363728686950391,-0.7565164655032375,-1.3364273774949227,0.06417464853245969,-1.493693665963098,-0.8476596476563969,-0.7481018800117705,-0.4677893508835334,-1.1311682401913552,-0.6311274044928847,-0.28740286050248365,-0.4430940311990383,-1.3355016587013402,-1.5631417523078825,-0.8124497197642367,0.2629078807170975,-1.2702574095228878,-1.5279285581548427,-0.27194831277182413,-0.37245448391394204,-0.1590792754154245,-0.4665732121575689,-1.6738412408765904,-0.9930887651750635,-1.9647407752312924,-0.8194338665697568,-0.7384683566317981,-0.37145590202717127,-0.6613762460513758,0.10465885710341714,0.5005108765788561,-0.09837532384540683,-0.5370766244758595,-0.41187639461928066,-0.2847604299743853,-0.7006296842523834,-0.25907849870734617,-0.8545094674121372,0.15012370081224524,-0.6054606097199285,-0.6956999264612282,-0.6734901587108807,-1.5824198700948686,-1.7051503955791973,-1.3875683951590367,-0.41056873310545927,-2.029821501464246,0.03199441118326588,-0.5522192572666991,-0.3990642295435617,-0.3128337077551992,-0.3499736504539232,0.06320105820490698,-0.4440657664155916
DZQV_Basophils,0.7231911344731542,-1.880593466159325,1.021882646098925,-1.4170346168555004,0.20613153676429197,0.2125134451257581,0.06029752812609898,0.10439622085377658,-0.5778962282723654,0.5827722655441638,-0.1638163831891763,-1.525797764129607,0.8363387036267911,0.88152540426674,-0.8940471427641616,0.21385404683360512,-0.29255586700570946,0.44757910589918987,0.9813988072256523,-0.5080342301101364,0.6113094431516677,-1.813069245044904,-0.6650257128826174,-1.1376067395824274,0.12824215457552313,0.7956881198496573,0.15431834547124815,1.3545163796344748,-0.8020196247160574,0.515987116797747,-0.0172486901968475,-0.37468025571431773,2.1175412391625685,-0.7906048028136068,0.6269890732492798,-1.4446799633627803,-0.12667037721424387,-0.09574279229538464,-1.6810172171247433,0.5007780278635456,-0.2669298627108408,-0.9367975017070254,-1.4231977232447408,-0.3698954006219156,0.6051813159335996,1.357028517830167,-1.190220590499215,0.07830850704509613,-0.10215451989939642,0.14742671553507997,-0.4848492469785602,-0.8635755868390264,0.3905655662367958,-1.6675639153590134,-0.23830473932586396,-1.279928553688339,0.35962455528726933,0.645520182203082,0.7129664386073279,-0.6453192098860219,-1.5310701316545035,-2.019924671091124,-1.61428019841375,1.7942347493460002,1.0845527612103376,0.6587911575034542,-1.9197107146003327,-0.04160373951045863,0.07256298265929909,-0.8133118440155199,0.16609926431679317,1.359448578878554,1.5895887580280237,1.5520647839056483,-0.7317195530688065,-0.8351062514519554,0.5198292247449947,0.7023310367938,0.37178117982814385,-1.0417319871415165,-0.7902534217156356,0.887159121103411,-0.0914103138062952,0.6796151430532409,0.8179381751380367,-1.3127998947720922,-1.0146226642017317,-0.9210581858465097,0.04226257029497765,-0.9692554278020729,-1.5070352113413974,0.42073121801351276,0.1560209505679349,1.1798506503919948,-1.7515856442494968,1.6357562973567554,-1.0557456275648953,0.5947600909578844,1.7181248123669965,-0.3945708220138251,1.4201018207555884,-0.7949734326816944,0.049367554657990496,0.41273738268441384,1.0220474449710137,-1.6702964988293978,-0.8016718552065619,-1.646940872235387,0.16354398057074124,-0.8985631271528364,-0.7841593679081876,0.7169270808345374,-0.21863866927571662,-1.7637108686636367,-1.3593166287001364,-0.19623300685186892,1.042799596711884,0.9359944997466701,0.3378901902788141,1.4409322032703722,0.5224347265030108,-0.6719906356235601,0.8898205899005405,0.3016139979896728,-0.6126248574905512,-0.7177940064598646,1.5695778665584557,-0.6765481761511101,-1.8491411752566846,1.0558957603426669,-0.3821403133893739,-0.4094554010919403,-0.7422817409733315,0.1261273834068295,0.723638675928921,1.4510847019043496,0.3491186941733386,1.1444267632183944,-1.0228164043150232,-2.134133657329414,1.811533255255548,-0.20890310319167069,0.9238934891254608,-1.4878222299964428,0.11211583337553402,-0.8639642120380365,0.04458461035928119,0.296055020747507,0.8927374805286008,-0.12815407878162008,-0.9059570769287077,-0.5034861247134079,1.7592047945174631,0.37429288057736737,-1.524349518676521,-0.43648017684146795,0.07496926564074527,1.027423730825925,1.4568723711287863,0.7910440831827903,-0.825687019861637,-0.923895025813608,0.34204394809140654,-0.093267090736225,-0.6256501682996747,-1.3974943975064102,0.3971484177792506,-0.6865273760406363,0.3906862169819514,0.21269141073761816,1.2384977933163452,1.8754065059716365,-1.4028134707527782,-0.8943892338833714,1.6954349370520911,0.9879595291207917,-1.0557957301233725,1.6561438193404747,-1.597030648498508,-1.46888346909932,-0.41922034793109286,1.251395451183638,-0.12385888022844038,0.2874435722516004,-1.987457740405994,1.952977056999881,-0.319596542393935,0.8249869216583104,-0.18886379226622244,0.12619320174606197,-0.5528781251768633,-1.591894219291911,-0.9811851214106442,0.9836501414846877,-1.0721057671852852,0.8411143789660326,1.1118368211862526,-1.8098989859286942,-0.4014217485571879,0.9541260555858116
925L_CD8_naive,-0.3425762177073719,1.6086195133978505,-0.29066954978380966,-1.8022276016842391,0.9134609831841362,-0.881479633865087,0.09406458474732847,1.359119223518391,1.8652627322616933,-1.7530263703759554,0.3397325905729218,-0.1305630713052425,-0.9235068624240684,-0.5240411218727626,-1.026993019934659,-0.9342841451355132,-0.6735836752516956,1.8403702865014149,0.030896206078477637,-0.35610567622439165,1.1201865764834542,-1.1620226021991193,2.3320079374423055,-0.822786527696872,0.8788155048893644,1.8225881492291187,0.5143343690623224,-1.7627192466010815,-0.5218420289685269,0.9321982922014679,-1.6009409082029773,-1.6889925545035178,1.3244888998704174,0.4410918026495703,-1.5518340787666214,-0.7687488500804954,-0.4115395040312657,0.629801113853715,-1.0305293372158526,0.7572148850728762,0.5310336425630924,-0.4731414162320281,-0.5875082757915353,-0.5015644917111723,1.01222545211396,-0.8023837001607357,-0.47389051349375094,-0.39753291793612994,0.4196656192967556,0.3072700992988634,0.8837405857355064,-0.31876457972060335,1.9815250111765221,0.24167814915540567,-0.5594643650667963,-1.3309722605997119,-0.4984548369200027,0.528984885771667,1.462779862664508,-0.00829587237343088,-0.06191739435228129,-0.31035918795030937,1.8620409988235658,0.8473209121145745,0.6380764741509869,-0.5087297950316741,0.9510236714545592,-0.8396777101587112,1.0478684903696218,-0.17516135393679583,-0.41860625339401936,-0.7628713025342634,0.5583450902327468,0.37495537085067643,0.5521373565189718,-1.388819337413244,-0.9019346934597611,0.596351835345028,1.1040197942720535,0.1268723023523876,-1.4577332124816758,-0.7906116227903964,0.41722537946094984,1.9272644498598013,-1.4288802881327272,-1.1377399561942017,-0.5008240859029716,1.1058975724257591,0.8490158019462403,0.6610931456525905,0.6736760656289957,-1.0379368050305335,1.3219559586278042,-0.3304546621911532,0.2583668848338146,-0.027515085221177505,0.8377659084686568,-1.2649579906723283,2.038274759137271,-0.5602973593053832,1.4035867046102288,0.7138432164739649,-0.17360645189833307,-1.706458557751918,-0.18020839770552335,-1.5874174590339067,-0.4507575832913106,1.1550275885338919,-1.398708720774393,-0.90390805359858,1.4541231255861249,-1.0719997760520843,-0.5725403337110714,-1.3563127225090519,0.805314727413187,-0.45292322851976524,-0.36990569444546967,-0.14083874055424184,0.226987932907512,1.671597722492289,-0.846165956617348,0.8878822173729548,-0.9079614809963341,0.8891979434372372,-1.9818665910902695,-0.6346422932201704,0.513276188056693,-0.1635489028128132,2.1194186222884275,0.30616360308721163,-0.367888405485228,1.064822734549265,0.14310785632470557,-0.6310903963859603,-0.3233325319060509,0.9621331423060107,0.4702541297987254,-1.3626238200857583,-0.08185033138018345,-0.7683231840695162,-0.15699859632507115,-0.043733506247445965,-1.5895184054375155,1.2026628219824156,1.109738409098096,1.3724939074513889,-1.0398433432009107,-0.5599238759980124,-0.8519567328801257,-0.75382812485914,-0.15042939199649913,-0.15007509877393277,1.6550259047891684,-1.1402952737094378,1.0766446542525778,0.6548492935408919,1.617212613347533,0.44888611956166435,-0.45165517296816776,-1.808429301918027,-1.0247405963744696,-0.92295082848426,-0.975364397650104,-0.45718894363373086,0.7573179917448075,0.9692217721190288,-0.05295213807275155,-1.3001032281419256,1.1253419086292555,0.615849534053181,-1.5249032661731932,0.17615347608697432,0.3328897620966462,1.2942576023203523,2.0100895318864387,0.37301981801177825,1.714934176934163,-1.766939087537495,0.3175332521004974,1.9171221456652694,1.4422955599282397,0.4291076707649755,2.0608476822340323,-1.6298871830616193,-1.4715908646180116,-0.17420316147796497,0.742978568727917,-0.1538675789244227,0.9067138957622414,-1.1295543946474011,-0.882884909904755,0.4167675282497833,1.101748036151775,-0.7831113974779501,0.1037752345182024,1.2119494502432662,-1.3198512078639257,-0.7455589563094638,1.7499144366490944,2.1422478422284765
925L_CD8_CM,1.0670593856331507,-0.15003261425814055,-0.1410840240984936,1.7458472365799604,-0.30037334310719355,-0.6183314988859963,-0.07708368711990705,0.8103978433389556,0.8255841585803088,-0.2106006793383979,0.11645870734187654,0.1615271688125654,-1.5128921472659909,1.84342572229397,-0.6552665396236337,1.2312651150754923,0.8337336867866328,0.16870482176401083,1.0384498983169794,-0.05799278535991544,0.26134541750659024,-0.7489295368600797,-0.32004987989352746,0.23200427118361305,0.21356420830918119,0.12994390284672294,-1.5411503427057351,1.280723705712737,-0.12570345456322637,-0.5661073055510051,0.7327430576987539,0.5305349755051226,1.0357186190015468,0.46842951930727167,-0.08128178137161679,-0.20466139996041155,-0.6796837381112054,0.11112787679627065,-0.579290841350503,-0.026250581228256423,0.44844762311548864,-0.8692154021596386,1.3204254222372898,1.694212459862003,-0.9962859772840909,-0.10841805701542354,0.15694342788200327,0.06510222455385939,-0.45208380625470396,1.0984687560713808,1.3444505446618185,0.5047608609508383,-0.7507049760693948,1.4714257672680169,-0.33658997141642594,1.7329401543854506,-0.7182294226007496,0.044835015432488655,1.09263385385711,-0.8934260433604441,0.5138211364157994,1.4285826633590353,-0.6211902902107446,-0.8711786784669686,1.315326387710493,-0.16051164181508842,-1.0584281204046069,0.03757571910101813,-1.0647756839507119,0.46438722757167517,0.6632303652968685,-1.4240291852279443,-0.9618074107686696,-1.0324416172772568,1.0416706778383955,-0.33528566123887815,0.9240414046008619,1.0364807275663124,-1.9078436099418388,1.581028533008688,-1.2763517567014042,0.9315251836696414,1.1143463007110024,-1.7584830808081104,1.2730899481341507,-0.1480245409498524,0.6927505344996067,0.7365953653047298,-1.4792229092827904,1.123342978790587,1.122178422106177,0.07940211085615569,-1.8379707747020697,-0.46446746979079095,0.5812370114736559,1.476728986098505,-0.005371094133217663,-1.22694305628829,0.8749802322761503,1.0354949049588695,1.606972491825267,0.9975141071452559,-0.21931601319497057,-1.185134754855647,-1.5731995950224804,0.7748237446341781,-0.009017905377478675,1.1618711938599964,1.0394164830543893,-0.40464572314572633,1.6793578705382572,1.0541447117906182,0.7594011993613216,0.7057101873516366,1.7871339413292708,0.41272413030155886,-0.348720987842628,-0.22083777715280653,0.9466693549600459,0.8770783949443111,0.9725282856914695,-1.2389295618810654,-1.5887312343041586,-0.40435663933699534,-1.0936302170192707,1.330172243654617,-0.7492335614917068,-0.24453893088633494,1.1095807806556222,0.1256238745760358,-1.0032002197891503,-1.8761587051300925,0.43076543139852014,0.8978935789271296,0.9837306738681633,1.7787035978091033,0.9802577142963017,1.4768260539016778,-1.075515882012999,1.9880556976444925,0.7624082107708611,0.9508403562165096,0.4340976201744058,-0.7538186073349706,-0.9342029086272701,-0.1791277147400492,0.5524131215631557,0.8069452530832827,1.569734577596329,0.441976241356674,1.5911676852834602,-0.5917943212853564,0.2319928660020029,1.9066475484954053,-1.2616687294606561,-0.6377560699370539,1.5979142454928295,0.5834960427558582,1.157003215062986,-0.4902795720087179,-1.2648230180541384,-0.2929063319302139,1.67942896560867,1.754132702645793,-0.28404397980990037,1.57784493255173,0.8465922127270259,0.2566397000025741,-0.23125119874908198,0.0205439209545157,-1.9701914330902577,-0.40724403255597863,-0.009096014036527919,-1.2652649583312074,-0.23076896394996607,-0.6917012108889117,-0.6283519408252305,1.6553969057079465,1.667510471680954,0.15232238221113598,-0.13634401570753021,1.0013643988167007,0.016223242123841162,-0.33677754343520827,0.4533610289996297,-1.684418144698006,-0.24107766507641318,0.5149805135777707,-1.1110661105369801,-0.4759370853071241,0.6971229732140357,1.030656902910763,0.27149469508979407,-0.16074116892224563,-0.8759865604624945,0.030507402099085732,0.563065444848594,-0.05981622918438683,-1.4444329507708304,-0.008089104504115896
925L_CD8_EM,-1.057210722824755,-2.1241859509074126,-0.7858103408122281,0.718479963272494,-0.9647043857802786,0.4076328104563496,-0.3106647360890847,0.3219019732175794,-0.2517820976528129,1.2520130372375244,1.5850647674401346,-0.07745721444456646,0.570647868125694,-1.2244224475430543,0.15724231731131863,-0.1107905592677167,-0.8237869071561598,1.6754390742163672,0.2334165153323372,0.3569960212942395,-0.06473637920780237,0.9227559739695296,-0.08821693967476017,0.768828121227619,-0.8732577706468705,1.6328122944429102,0.3305084310576496,1.0036664666324364,0.5468177625991647,-0.5791759187947884,1.4498243536898,0.09666452597295479,0.38975071683233736,0.4830263928752682,0.9842739562465327,1.4042259130272363,0.13503004704924526,-0.5024941124020044,0.39497998064990436,1.4184325270818616,1.7334024459600057,0.4152574963566718,-1.6302151716820765,1.7982717903151073,1.4148039148849416,-0.2332730162866213,0.053685029304115325,0.3740939772514137,1.8386592546260765,1.1064597878470028,-1.8337922379835734,0.43449961666107734,-0.6509403422630422,1.5437637987225086,1.057619040766944,-0.27168609317249237,0.21896032614483785,1.5624709630972007,0.9304815052989475,0.5914143952382371,-0.22434001063488693,-0.02363048831192675,1.7557742770469078,-0.23880147550697586,1.4083559494086797,-1.3565292205265396,0.6975816975243132,-1.3468780291786417,1.0580008005756192,1.0785014302622673,-0.8579738103935478,1.8270531131695091,1.2168069511718507,-0.2400699599002399,1.4911960517335177,-2.08476549741792,1.7299902396104725,-0.8446968240485243,-0.9658040599043518,-1.9086912582180724,0.0032142549895554607,-1.1603606033721376,1.0949307011127487,0.07748582972201075,-1.6901035059390654,0.5445750847850453,-0.46855302496590046,1.4540664621020836,-0.9333797382651423,-0.07452280166281648,-0.04383018640391932,0.38454436261161845,-0.3545840597111825,1.6811116200897738,0.8550961474286767,1.1233604001764255,1.572247112072011,-1.6707837335258933,0.719794700915489,1.479094444603409,-0.22970904656512584,0.6259637196409441,1.1049122224563204,-1.003468741719309,0.30942385229835284,1.5589497909109595,-0.02598585902092702,-1.2357588815513616,-1.0917989079498571,0.049430663013444294,1.8333411717703194,0.7107666675895398,0.7257256308837681,0.5242979391134172,1.3643792402637545,0.2417728908594262,2.0238982174110722,0.6542212243559804,1.7384204697703238,1.9395338896343985,0.732978070582245,0.45845809582601993,-0.2231846258227039,0.0840811929902423,0.16337412962255957,0.7800803721568265,-0.2659618866433849,-0.3564764383777029,-1.1333927588317572,1.5038980210214299,0.4196116030140659,-1.7179049346688202,-0.15614644193686425,-0.73127071197236,0.35897796315524155,-2.123029304964153,0.07213337035563369,-1.11352772828251,-0.4798898602090579,1.0997816550972563,0.9658845442794868,0.658884586343623,-1.076841666273938,0.05215073998104649,-1.0878548934381327,-0.04547038794989064,-1.5843152960604656,-1.1908109678430896,-1.890531399835224,-1.1757577552024527,-0.9477882226263178,-1.1157862478009009,-1.5262895335260285,-0.10826749330002254,1.326872074355663,1.895235529138921,1.0265250171546287,-0.837085248735782,1.3227068818445114,0.5754406911843132,0.6312754249604773,-0.5143950838951961,-1.1882954761178859,-0.6181191383894159,-1.383283915121988,0.7480186109772914,-0.1762542742183255,0.35728225177767836,1.8096341447343307,-1.2235497349380642,-1.9823534494257329,0.8770131017654427,-0.2805731537283233,0.2229260766756885,0.9271611729777833,2.36926676859068,1.4191476443015847,-0.2136953514081258,-0.7852404015966146,0.027556801175537726,-0.8089740697850591,1.333890664808884,1.7422276704854092,2.0158362696359338,0.11539876009848388,-0.38011123851333395,0.5407660507933515,-0.15147003069598852,-1.3406839314668493,0.3924486421797809,-0.7675549022985918,0.00950882787453168,0.022230240903816097,2.150735588346638,1.2890648576420451,-0.7057544652288265,0.8857657316731494,1.2112785936988133,-0.7142539786994804,0.47854034167316417
925L_CD8_TE,-0.6363189792704086,-0.030360939013354474,0.6875572296799478,1.2334191718976868,2.0578027580189686,1.4848386381061385,1.3156222582175399,0.21077134270057968,-0.8894695284849282,-1.501616835684599,1.2930004563773687,0.9670132051644804,1.0745992574186967,1.4265505521666633,0.05638687938427506,0.3745824922366481,1.4145449521610205,0.7891745508025814,1.760475484238625,-1.0175101084203657,1.0728126008213756,-0.6737766077555756,1.2405702177982607,0.03006912256328619,1.4720656292263556,-0.823334120888704,-0.8053632406838217,0.9374711360137732,-0.8828477129846682,-0.15321888767785366,0.8740300596348323,-0.03752131019801072,1.058973165809622,1.5257521595424837,0.6959427513574058,-1.3940598845482277,-0.5726323734224571,-0.25825150751252746,0.8995259236031748,-0.6455347954446465,-1.7897037477504893,1.4045370158402966,-0.6495065253590562,0.3786875394837163,0.8449691078472842,-0.33277363434713775,-0.5668628676048946,1.0234042456498547,-0.7087003488237575,-0.481793194899906,0.7577469276312714,0.8759483241092341,-0.576859468131424,0.6282665410972095,0.5633943689312387,-1.5926047292576262,-1.5693772894652838,0.9344092514204206,-1.3802452371813756,1.9278404950486618,-0.5138093451503961,2.1852174481760698,-0.6694373001556811,1.161802255142956,-0.6486587623151012,0.23876818055882157,0.167871501065797,0.5629479392124501,0.8064623422466621,-0.5189988637868398,0.1344859233835444,0.4696287391862455,-0.08946168226728798,-0.5299458209479344,1.5201836581535768,0.5200196260313061,-0.769196153275051,-1.353261294407603,-1.3417122524017748,1.2843078104219365,1.6950835036922576,-1.129398349648381,-0.32991390889344585,-0.05999634880994717,-0.6205513707999782,0.4607249973619311,-0.35301671631621406,-1.0099668370018002,-1.0155972171698504,0.296972848920603,0.025779135223713008,-1.4043590310078014,-1.6969645439072967,-0.20098193681149445,0.5933777878132294,-0.4952129225685391,0.2459552691630964,-0.7339714526295151,-0.613665676884339,0.10841399664730897,-1.2342717304631916,0.6296013359384351,-0.3195164826277593,2.005712317539394,-1.0191071211442206,1.1068916661924775,2.167021118301791,0.5852122540987204,-0.31368261780284745,0.158435341721964,1.6179518447537369,0.9659921373079334,-1.1708634432516498,-1.0004451911544863,1.4739327445195514,-1.8793623431322866,-0.45719957044327386,1.6865319533241967,0.6259956801958289,1.6571561839787154,0.5192952083334259,-0.3384708923652072,0.4092509093096424,-0.7425387721871005,0.35108248243741247,0.40417346632369366,-1.8896901105723682,-0.9659531596370414,-1.6450317513035726,0.9931616738710817,1.409172527180797,-1.1231194599869208,-2.129973047718748,0.7254578800215101,-0.16761506542656288,1.5999249795072115,-0.6470503183779753,0.19095180904153003,-1.1791938033556588,2.074601777916541,1.5922916799130322,1.4550054788639022,-0.1901366389557703,0.4904601791923932,-1.8761173941003737,-0.561220152777429,-0.7165186682142712,0.8592293120529296,0.8504667041975669,0.941247703801866,0.24307270566866404,0.4312795520115102,0.517016356614893,0.46442861741876657,-0.5384700133052321,-0.7287939508202984,0.20168869790877184,-1.551412360942256,0.542822573930133,1.197114679964669,-0.548640202090591,0.7365444515059324,1.254029791464472,-1.594530983022044,-0.6313495643015823,-1.1158211030840621,-0.6498174571944977,0.8313748676740442,1.1870450163763882,-1.501440113480495,-0.4361584948010978,-1.8456006849986006,1.5789449727732707,1.837538352113695,-0.27946072405167127,-1.6073811151156494,-0.5566756747605933,-1.6611481991828028,0.06327382692770962,0.06084604617732899,0.9930443426230764,0.02345243711661792,-0.9248249310198234,-0.9282097984189244,-1.1824542325238239,0.3468559325145166,0.4659542529513917,0.5912295597380581,1.5213811240563362,0.01951926576392873,-0.08541828449147952,1.3305441515852323,0.4979525939983388,-1.6676706695762515,1.0529316552163652,-1.466681915045326,0.04928235110439487,0.4966814407992164,-0.14760090672075485,-0.8361127234604007
925L_MAIT,0.07997906128907363,0.9287101063036162,-0.797098034554984,-0.3627594984560301,1.8780521114300488,-0.8554289727670439,-0.33256360261837514,0.45471649074137904,-1.3444228249563586,-0.49833912897105187,0.08171369392698402,-0.5985789742254344,-1.6784416630567662,-0.7568372330573132,0.4357222105199871,-0.35182034138000956,0.17617568607897852,0.41916849823419366,-0.6307619770948906,-0.0951166922529962,-0.4495008901632221,-1.135213324083729,0.3719888417908396,-1.0046901805806934,-0.7973359289414997,1.2392601440631292,-0.6819510914012938,-1.5115854062415932,0.6763212540864435,-0.1348416607108826,1.6635951646323481,-0.04058960868524659,0.34385990228131585,-0.3620564413613608,-1.3533479886568112,1.2921200855009813,-0.6527180032543678,0.8141597704130874,0.28225268558634076,1.1676230568498527,0.46596005734644486,1.1809431624106372,0.06764995332182389,0.21356675955025448,-1.1563906082552973,-1.0940259102785515,-0.3167716039629543,-1.1841362759899705,0.9837028367351534,-0.7548853200304904,1.5359139990263189,-0.8403596710400384,-0.17184766196971246,-1.615517673934799,0.4261863889388538,-0.7210776943142925,-0.23159703686969454,-1.6558319701909245,-0.6991551320021154,0.47218646184789037,-0.17190717843362557,-1.5060427909132752,0.018696144802172975,0.056946235997688596,-0.9866232801821473,0.2831261185622692,0.06166763024541289,1.1433168629820656,-0.6361523798728249,0.45625860487728015,0.49083130799049857,-1.1446816942743463,0.5955207263447572,-0.3119810377959151,-1.6516703331354328,-1.8573330768748955,0.07115119892498001,0.629448512895418,0.40987894799049474,0.8768035755941248,-0.06118958933828976,-0.35632285943245123,1.0929190457979652,1.2170213321728425,-0.007196560915108765,1.0858725454801406,1.083705567850189,0.32246519858863726,1.5984722116597432,-0.2033040964441459,-0.96555957687895,1.1084580819134997,-0.9751971264554087,0.6380772167743629,-1.7631651441823641,1.1407229072335072,-1.5259068472606203,1.4922639975861545,1.0318185384443714,-0.8592342758452224,-0.6765114118328637,1.698932665693939,0.5218063552989072,0.23827663879615837,0.4762675942753881,-0.5070929811221813,0.29914991314304334,1.1133757819670216,-1.4806673287303003,-1.1804836044618074,-0.5039422320882081,-0.24305440267689404,-0.23149391805254949,-1.1549728744197159,-1.1958333393422103,-0.8301904951992998,0.7497248893885595,-0.11969988716249187,-0.09446908803060587,-0.7397913488501621,-0.5200330905105993,-0.5777425270141349,1.1208869440313696,-0.12391087569732107,-0.3328339328608163,-0.010573795878880798,1.2536453719751304,0.3074654045047588,-1.027897755481555,-1.7386643369805594,1.4404296956616929,-1.8123690070648746,-0.5446805060248692,0.3796138430551203,0.9559770719217481,-0.6314301151857813,0.36742709596922096,-1.067704950054118,-0.7091742173760078,-0.07754775869428293,-0.35524753815156856,1.648300916004436,0.17489248904457072,0.6174923589383335,1.1305225726523662,-0.17241245205021472,0.2788917765633978,0.7975279496753118,1.6082588994282725,-0.5519375224703859,-1.4709526323458,0.13919379999250997,0.5260555441424439,-1.7533976631170425,0.8950052138294248,-1.8248112790996849,-0.019231411597246804,0.7876789699530944,-0.765471002748101,0.6740392039098227,0.19860960292987032,0.12373228250526726,0.4977135139169161,0.3015031545097891,1.3351788448216415,0.5797680131131405,0.7126798923022819,-1.6529788897592743,0.9546937535877861,-0.29886990241329914,-0.7178561259536432,-1.2129742935687968,-0.6077050667811048,0.09582445361276519,-0.659702969200682,1.1245806452221256,-0.45424800355597955,0.35386577720341944,0.4937933915114811,0.4591695204194194,0.13114811125666687,-0.2544275166451917,0.4132772662702312,-0.5171665373680606,-0.7460020764182038,-0.2646086286927737,0.978371676165933,0.5098130316486584,-1.5741358437208013,0.4631367972133751,-1.195820604371819,-0.12483782495807737,1.2057501742109056,-0.0021756134627304896,-1.8939645778440555,1.0023513415080478,1.225093309949858,-0.09435460260901278,-0.011488431149787905,1.0909610811643338
925L_VD2+,-1.2089061085317447,-0.6913181567919912,-0.6043372319416641,2.145197668546157,0.3595090384556656,1.7560953106479846,0.9168824009178353,0.43785120395720983,-1.3847887932576013,-1.2711083263212708,0.8150030912759944,0.5892521712931272,0.16679669334794506,0.06897331656414935,-1.78384996886207,-1.1465664203053465,0.6984969252467633,-0.22153658597395284,0.9077438880656855,0.17237250331512266,-0.022645726034349653,-1.293992096124151,-0.2320931038973935,-0.10597657827776868,0.4863291541091749,-0.4291201645542289,1.2634424050224033,1.6239824249170027,-0.7434739667016671,1.7071786233363275,0.6455449081972383,-0.5883449076750098,-0.9859748280863396,1.2589965344093048,-1.3447462386602573,0.19742738228720166,-0.016621953997359978,0.0826898932520367,1.0654675337574866,-0.6004475283110902,-0.2408396542874734,0.21345662366817986,0.15560458560228138,1.3443147630748902,-0.6850709656594806,0.7215055902486497,0.20573909903157267,0.31080734081388783,0.06216610910877531,1.0536731666116994,-0.03913301449002666,0.8752609847875579,0.5316878913921924,-0.24877972960285138,1.7037646282597334,0.48346891243713014,-0.9730420008920648,0.3299354494780402,-0.9522427424993791,0.9126138440117454,1.210900735156105,-0.8192135621543942,-1.824876911415092,-1.7135846159754193,1.45184249794958,0.11892479387301977,0.4478909288503701,-0.27981209525029105,-0.612134122182052,-1.4022121083136097,1.4266221974662427,-1.1322431265504904,0.27399072690448945,1.6600120496799236,-0.31512106998473255,-1.1617983083414025,1.1860946980734852,-0.5435457793920417,-1.0195255314350726,-1.0410539618250167,-0.9626022843631702,-1.3384742072901654,-1.8175029313985305,-1.7683765329817946,-0.23597041302442626,-1.8506462296583366,-1.8279879996386605,-0.3378718535248711,0.8879086029685522,-0.29375325569233235,-0.3421045209549314,-1.0465721465426596,-0.040950280108506924,0.29884293267825013,0.5892903664214463,-0.11216563259885623,0.5772657403189437,-1.9644884338886124,-1.8371578869526566,0.5364335585732184,-0.3605354593442951,0.6574295897236505,-1.2330508668037907,0.1927330598334364,1.2647966763611984,-0.08735325101465459,0.606571397549802,0.11797240276663697,-0.9456613180825534,-0.18779529786403712,-1.3663959594913322,1.864003243067479,0.7927004595830314,0.5478989072582711,0.06260747530063979,1.6975723834057312,-1.878207593082085,-1.3215143316558056,1.1424281791369242,0.77411553339965,-0.24736582313849487,1.6978421864468116,0.5114968961681241,1.9515435664722958,1.2265789005957706,0.39762150690403547,-0.3913742408799664,0.9508614182173611,-0.42559953837077186,-0.5092838184957993,-0.15210460985854693,1.3697312451105221,0.5076668413069426,0.7207188797756435,0.6143543797747019,1.4304511759844543,-0.1659777052937946,0.6456997910357125,0.05510712781645166,1.0065873902974949,-0.08922628237795018,-0.31406884126589235,-1.4842774280645985,-0.5455958088504709,-0.7631995131270015,0.38253185942085444,-1.4529499035869375,-1.5102562773350345,-0.7181885664365376,1.7969999212873737,-0.6058069301968065,-0.03121743179554503,-0.20680217013373095,0.6625027269216949,1.3514130939838207,-0.8690467670843877,-1.0414282338093774,0.887168030924641,-0.937626019417717,-0.6128746738192697,-0.20401379791598886,0.9129961333973533,1.2844388915385758,-0.14083582138926753,-0.4286391033222614,-0.43601848542364385,-0.1193726025772293,-2.0965231429078037,-1.6671072962785876,1.0878185617931637,1.556613900120502,0.18522023333396767,-1.0277911166735858,-0.4776123646782629,0.7251361135711325,1.5637091100451597,-1.3461114033337496,0.48565247303514175,0.023780529752265106,-0.4987470195450616,-0.9019998472568912,-1.1241687212877236,1.3165986254480813,0.6243033876531657,0.5057002966549986,0.27877059698855,0.2817573529626506,-1.1913910506902838,1.465276822042532,0.2741931487530647,0.8816260636292836,1.30234334050657,-0.6994738515595729,0.10518650018360755,-0.936494068613634,0.2549557124150073,-0.1525889238907819,-0.77675708482799,-0.630929515574292,-0.5401838371515008
925L_VD2-,0.9180385529290587,-1.2116658694402684,1.3196555466118345,-1.2736754307353182,-1.7884774673977502,-0.020703677537223585,0.7520601103800983,-1.351827164726091,1.6505232506263348,-0.5061764845387157,-1.8411296007727722,0.956682769274094,-1.2929245140979357,0.41979122088065085,-1.2170364220641654,1.687059846691397,0.6488789588640516,-1.1135283544650871,-0.08479577310263267,1.1477988980684264,-0.509827326675581,-0.20301966124667079,2.238318255005577,-0.7165346207024259,-0.4662212995231854,-0.2997130110414664,1.7995917999827624,-0.8215256689916371,-0.16645141648910003,0.9973403646222058,-0.34710417478726796,1.5117709989269341,-0.6542093409591305,-0.3669850976763451,1.196442442955836,1.3282440034959162,0.6301093281722119,0.20178410504850167,0.13688204957345862,0.9932689371841422,1.4553908343931465,-0.18892001701000574,-1.7773538501521,-1.067648043219515,1.256409026521447,0.5487730352773652,-0.5036860280254881,-0.7665244989612496,1.7195661197834424,1.2544224438149751,0.5349620495879877,1.1495943245267723,0.6007885889564165,-0.2115646802597497,0.6171198281351418,0.32134931943664297,1.5559018363786206,1.1918184692827702,1.0150447764424324,0.14646639648382376,0.48468585053683416,1.0622649688528099,1.059053814155898,1.2903033281624594,0.8252426088450474,0.1739086416789064,-0.014234178091508263,0.6492344174116145,0.788012782070211,-0.6212190853351298,0.23822707085742087,-1.4266325123763246,0.7211895089008448,-0.26892216119865464,-0.6847473125578694,-0.2355949252852039,-1.4186163646457883,-1.207087128096764,-0.5050014347247953,-0.8304764318669486,0.6339236910627957,-1.369601467456115,-0.01550824424893682,-1.3687260180566847,1.5114800125852677,-0.6904295193778828,-0.014962145991419337,1.1878890090161756,-1.445131156457362,0.9046197794473105,1.528743331101564,-0.07322964230820948,-0.947390888280704,-1.0885367192024848,0.8138791021499732,-0.1298750249431835,-1.8370229563723681,0.4174393998734055,0.288840859653308,-0.5248744709176736,1.067749037539397,-2.0270431508567897,1.0434666467435796,1.3847743880972072,1.3159484439396905,1.267023996565219,0.026494197116436313,0.3881273037705731,-0.5750164039955615,-0.3890109910984728,-0.05150391439183563,0.6252479087146099,-1.5938204869438513,0.27162778131600795,0.6378441257713826,1.4922722057194697,0.6907014063596075,-1.1867620125234901,0.5300258155421523,0.8784657262479447,0.2884712425169623,0.1442916943104622,0.7927292816298603,0.7723083052728865,2.1409300501127992,1.735937330949496,0.6638331464013031,0.09260956986600624,-1.3501751887192004,0.6234926480077236,-0.21177657479573456,1.342652625999503,-0.8397269146103611,0.6458369119301929,1.5517320642262769,0.8882628155012764,0.9138247671922368,1.0737769722409933,1.8384392448144562,-0.0035889269912254404,-1.1613802810979033,-1.2075673822061053,-1.3718277932853857,-0.4859059492049543,0.7619474299086021,0.2365602503135921,0.28755848622778307,-0.02353767501941656,2.1438151528957374,0.6999274314045262,1.4439944146645751,0.18961581650047665,0.7656969257563174,0.15920788669470962,-1.4719298546088144,0.12911342749655946,-0.2789579693669631,0.007360151553712376,-0.3867569592326426,-1.158738392538395,-0.8617092621314358,-1.2004380711896665,-0.4207496817002664,-2.09187645882066,-0.37279648885474415,0.939762974680486,0.3955759773615141,0.20067119060608565,-0.11443535570990634,0.7841192996022753,1.7623105699897426,-1.7640195560277063,-0.36004900198934703,0.48979768210368946,-0.2614405311452213,-1.251803620514952,-0.03089336492874235,0.8185956084622648,2.2196421153660473,1.5026874139256807,0.616748059670911,0.24035614777896658,1.3345530511048815,0.4714683924341664,0.6366703694693299,-0.6582827673267008,-0.8059871448435688,0.18601382328895444,-1.5067071412223934,-0.8593585926868618,0.7347240429594462,0.25134341909092434,-0.149682306401982,-2.1922321705331655,-0.16493018071174465,1.6517176160141311,1.1710364741558321,-1.4211438767602274,1.979077452377008,-0.3371289513461502
925L_TFH,0.5781903750120055,-0.15016897978153917,-0.17385017222230403,-1.310844370985203,-1.3533074729419925,-1.0525430741684858,-1.1184428906018882,-0.5553192270518249,0.10374556723650254,1.11041384186541,1.5179301482669285,0.29964789317337454,1.5701875375772187,1.41025333980804,-0.8393890247204098,-1.1601834870096401,0.6318178360320191,-0.49774970165329063,1.5567048358618758,-0.09253857862920413,0.7361400140181457,1.5666812536280867,0.15524638556375694,-0.7269839110835468,0.45183721538010474,-1.1600687519124717,0.09221739404647236,0.4391868829561519,0.039042617883034474,0.58704380860763,-0.4520120540045879,0.6037584212309998,0.8475284985497978,1.288596329523266,0.1468647055266685,-0.30904138951610743,1.3539354841461588,0.16836716042741467,0.03733714293671812,-0.6538473535755596,1.5670662911173407,0.4819685754638715,0.850090858242487,1.6090615647881508,0.04392896764637192,1.5971729675968187,1.597783480338914,-0.3964532529018694,0.8476630608023836,1.653168490156706,-0.39465811552835245,0.9208419097438084,-0.946218052250903,1.6983861558440485,-0.14084600651263537,-0.10832233063939237,-0.243351453458944,-0.8836546722107037,0.6326006042101057,0.16776490591390614,-1.4453104503181722,0.15689622883137655,-0.4095942496183181,0.38436036085381603,1.556044429064362,0.5167226368974013,-1.0052662001332808,-0.7045893527357983,1.366274632574679,0.16239450492678068,-1.4234215972824849,-1.5929794723358133,0.4693730567073581,1.3377854494890415,-1.4149837367411893,0.6854295605666046,0.17808634986959335,0.05749641961301569,0.9102095087540076,-1.6025883715686744,-0.21070311595086705,-1.120766643032026,0.7513147908303052,-0.15306003297813975,0.5414170796527612,-2.1808723879997487,-0.6104119276706168,1.221064572651601,0.15328669898002115,-0.9515037363921901,-0.8702305796199322,1.6397662274038962,-0.11399062106764093,-0.32758582640794615,1.2775995405962595,-0.8849650905658006,0.05223683329148955,-0.17419730315647702,0.3470253188197211,2.0686300118407397,-1.6842860553003531,0.13218367564517833,-0.8204047969372746,0.6019358254298686,0.9745647934561421,0.6329045664854234,-0.9975229737737416,-0.0010996338482889688,-1.1288281219907446,-1.6130643874720207,-1.3312629441231705,1.127670362197898,-0.22681446686574802,1.0916811456381683,-0.04782842393218147,1.313142482086871,-1.0462566408108889,0.912493756810532,0.7951002756950799,0.3268137950551728,-1.4731399834901198,-0.9567541079613819,-0.22701825307822732,0.9587634141289486,1.7525580047643237,-1.6668044541831744,-0.10965307528215903,-0.7817730439837951,0.3819861776691469,-0.16410824611029126,0.9665123824795431,0.38145238428760375,0.1563202467765438,0.7904766019718327,-0.01145769122594966,-0.09051046175298613,0.9843295357057349,0.5844407984476208,-0.3290628084079292,0.418285553673185,-0.7702333838621597,1.3404857030441204,-0.7590172581457797,-0.8429058472424401,-1.0380102713105357,0.9378103854650368,0.7078566347513561,-1.3143743737243552,0.5067730556748007,-0.2947223501257892,1.6654048938804167,-1.7196891830931393,-0.779047764141385,1.403923669972707,0.6761704361249907,0.024273202949174125,0.36773859806280634,0.09108662996906132,-1.341080740426038,1.6427034334241053,-0.13270572877872486,-2.0168090814615787,-0.2536641808751608,-0.6972045470630943,1.1167114540221337,1.0674754925993093,0.510186502993676,-0.2887009667467934,0.06538717394677908,1.7311989039236437,0.4244048614501765,-0.6487091705649359,-1.2606774549731257,-0.18530894160028416,0.4439043299511402,1.0487930258909846,-0.7891167871144494,1.6586441802952783,1.7145926598757204,-1.3597201834956998,0.31484683770253813,-0.03735940865430649,-0.5968980850384802,0.6165084669693969,0.8491573045298133,-0.4723623180375998,-0.9423954357778301,0.12905847691693922,-0.1224116094972705,0.7266044419445912,0.3897849410114263,0.4792060831794042,0.906541819856459,-0.22552914564588736,0.8451688688214585,0.9880038651133165,-0.9325629954913476,0.6325242585432271,-0.3733063149501883,-0.8334113199848506
925L_Treg,1.3691887072587574,-1.3616372225068418,1.7022663340901727,-0.10070023110251998,1.3151915844015762,1.0363276557495609,-0.543817102439367,-0.01368575020032059,0.38743659189136087,-1.0327380500563688,-0.3169511405460662,-0.5555938583771796,0.99721840581592,-0.5473555058261201,-0.25910177962857295,-0.25742554247692734,-0.1530770834623459,0.4214254794119126,0.44044321944820447,0.7045759451925294,1.7543596795312306,1.4262209647871134,2.2394604903808966,-0.5203911552765625,0.7737924032952676,0.49177065180997276,0.7187567105098271,0.6360288932425803,-0.6446817671542918,-0.04935742524180619,-1.498472914198099,0.849861283181818,-0.955861079302616,-0.6972138950988979,-0.3717919853696921,0.5498451514639656,0.8645142782309149,-0.9732708634070464,-2.0373358345179184,0.9220085514050606,1.369895990349366,0.9970604085295003,0.9591478638651327,-0.19923075659194273,1.253210059512752,1.8734631658964953,-1.3502651416317586,2.07765982216591,0.7185073075828058,-0.12048414681339316,1.7574994407345987,-0.5048812074806875,0.3607825073440679,-0.17455761913365136,-1.35969565118135,1.2262550248792277,-0.38281769654636516,1.2344273086330184,0.5260189732952945,1.811732431504967,0.7128948155775217,-1.0209680422880856,-0.15644977053072798,-1.290269814097385,1.6938044242571049,0.7203003828043909,0.37505674287827745,-1.3996996387486142,-0.5187279188189977,-1.2665481132131597,1.3468998229228801,-0.31120346525107745,0.26430233750546384,1.0197565101302142,0.6553221041757408,0.23828245539493842,-0.9059124143471005,0.7338555574563691,-1.5839532354031693,-0.16043973812606438,-1.738895606933776,1.1550494925178658,0.02654127524425116,0.5774949522795545,0.6868323701065581,-0.7604638150242573,-1.0503617040612674,1.4317977058992626,1.8466125661338513,1.8969836797959116,-1.3795395427878174,0.3302194123283978,0.8482606683936714,-0.9649206672774492,0.07892428569902175,-0.1489525728773449,-0.5893228495425592,-1.6893886664039968,0.8797356110999294,0.0027830667461058293,1.627569573776468,1.0469006646247192,0.8756028578534446,-0.35557650711682864,0.4411723199493488,1.227115867096522,-1.3149556853639637,0.3780654082391825,-1.7376127889384456,-1.2642860448426492,0.6991971243129032,-0.7326267159515433,0.7063480180356391,-0.268481040887104,0.3718838071593225,0.7371666945715802,2.0238982174110722,-1.0848075465913385,-1.3133933224408072,-0.4234385896948703,0.49523204751371364,0.1215296501790702,-1.351093752380989,1.1025081098614347,0.30687101413990286,1.847349815422675,-0.6339470836693066,-0.2924613554473263,0.245657691881165,-0.410346171493267,0.8440015343353356,0.5843802409883219,-1.787217778378176,-0.9650246976472737,-0.5644121402803443,0.4936886470320228,-1.7714919429080294,-0.015547133315634943,-1.0037627776638443,0.02240314290785423,0.6328218948189,-0.06636668732964324,0.29126581089118253,0.6443285498830371,-0.35066081317691034,-0.04547145297425049,0.7484209088187035,0.24955314429973482,-0.372292109632278,0.9111841051175903,-1.8366575480330563,0.1897158170979138,-0.5760248744393474,-1.445278614199635,0.28569093683209434,0.5723608056299185,-2.01818702327217,0.7570899032565211,-1.4400953840749124,1.1077873852214417,-1.6545489089363172,0.05788134199437427,-0.013381382060654668,0.9857311518900308,0.5917089779485865,-0.8826850207924315,0.6900255813937455,1.3076075296221739,-0.7205187327229631,0.2061815471401624,-0.19103042074979304,-1.045791766163701,-0.0686907286475222,2.1664777949515246,0.9916322407219824,1.1193918341189049,-0.789129498260214,-1.083171602484922,0.0613723797288465,1.6952541050018621,-0.006425638815078983,-0.2817075248515544,-0.9765596120682899,-1.144847279021888,0.8558647082797394,0.7924026822589142,0.2649432017278339,-0.3492761172035647,0.7076666327642245,1.570886539583898,-0.4041736940140129,-0.672171685712395,-0.27725393388650854,-0.43716977246124,-0.3283278539013492,0.6707057110437149,-0.5012867539758492,0.3419819701269452,1.3329072408411358,-1.3146945354205206
925L_Th1,-0.7767125460411891,-1.3196765707854403,0.12335514572359096,0.8772663797478962,-0.518063462791628,-0.28943945160858403,-0.8033619455853782,-1.3434431341657076,0.8820860318777726,-0.6441051260612588,0.5615802325961732,1.6091395329958174,0.21156923946363618,0.650573919297531,2.0798922973291334,0.33747255524123493,-1.66465878287032,-1.0067876231217134,1.4941143755035755,0.2982700269155116,1.7644215973522588,-2.2248671909770046,-1.303761050833729,0.44234113443935846,-1.2668891171548964,0.19911118649303708,-0.9041485977294645,1.8177399523837212,-0.06827066979752931,1.3850013051621772,-0.8116428285341363,-1.0002041330238,0.8027171670294654,0.33318933242145865,1.9503982726727918,0.04410141857583419,-0.0976358892478697,2.076827379149339,0.45110368147064955,2.1421396698355233,1.3954528361267051,-2.017635217270718,1.997949166664431,-0.2291230164874912,0.7132348642791851,-1.2171472725819672,0.09282885316111748,-0.2982862680925034,0.8102670761064173,-0.3808213898739161,-0.29542165302585194,-0.8250636299609307,0.23144756707024064,-1.1024092235365197,-1.1497603300725598,1.9446622680405792,1.0441134892769688,0.1367168661576232,-1.4597832658843273,-0.6390620268069939,0.47243533316155367,-0.7701315910999127,-0.8681449146022239,0.07396339727004977,0.04997499031959708,-0.4276846518893042,2.015703088549996,-0.5485309825602146,0.36431058190774007,1.6176582124946866,-0.1332855536879273,-1.2189524016382716,0.04739345001430887,-1.3015491144371496,-2.051004329935795,0.6585154588981414,-0.5068363241493933,1.8620152306341518,1.8405690760283802,1.8122228933072533,0.21690630517726364,1.4012239924174008,-1.2560005986557536,-1.5438791101994294,0.04597414568544047,-0.12647911429502745,0.3330600726671194,-0.052118168304144175,1.8064381371943983,0.1267266009140367,-1.6211116359135174,0.684978165923396,-0.5922036967835991,1.3070664341347251,0.46015621709270044,1.0732472046518893,1.1768928896611717,1.3444789016402734,-1.6737059367888185,-0.9410915522000803,0.8672354796075284,1.3027083210721977,-0.8862386563229423,0.3734761577525156,-1.2389501516575938,0.8319527258097257,0.37935619621673256,-1.3589104216404595,0.27418411203696974,2.000354991200537,-1.2134878904437458,-0.7504592069467768,1.8812394491450541,-0.8954640109740526,0.2811760453756092,0.06354947204701497,-0.40017682987804987,-0.06411176213604616,0.8757935256563972,-0.7511533906693891,-0.6260014734406182,1.1474678863580747,-0.283359211675616,1.2677568678484612,-0.4148706230020367,0.3267356946632124,2.0065611886780124,-1.2317765272679702,-0.9175003755748226,-0.5131759963941696,-0.011711354776221452,-1.1902628797978476,1.1857265457692778,1.5940750607466476,0.8924028888797405,0.7543641902700161,2.0332821178473255,1.6881592367064164,1.1424346636811864,2.2184250106060284,-1.3999196736520698,-1.275507536541427,-0.6830849431474094,-1.7378405261207606,-0.34475931694450107,-0.9219210846828588,0.6896080958602362,0.5645474404126927,-1.0659648133656063,0.7616405792139979,1.6198057460341413,0.7026152956742857,1.8800768689337546,-0.21479914916656156,0.5576843367674126,0.0711488513917832,1.5708926957330922,-0.9299315869248076,0.6022865011555771,1.9252211195517286,0.7694283437985144,0.4060665980303221,-0.7469280466972261,-1.584763636588214,-1.5068803729038578,0.3826194592325539,-1.0285068881028965,1.5572062197870653,0.30966359842075136,-1.4012898255628017,1.8941100279704102,-0.1733986211892333,0.8227295724021776,0.4309980095791364,-1.0204076666990287,1.4754297453679095,0.32279516247509293,0.24370781841635203,-0.4975354322306498,0.5857214705980601,0.17638710586824818,-0.8489478551063665,1.7643740164252155,0.2918638784408432,-0.48780489751519923,-1.3463430272882382,1.6234799897468952,-0.5568735759348897,0.10414568756899119,0.8790543957113128,0.426659607267262,-2.016975788416244,1.606215003797932,-0.047324142360034245,0.28358109549702376,0.6858832485951151,-0.8426098693632879,-0.5804094924584533,-0.7847597043052845,-1.3490819162776924
925L_Th1/Th17,-1.4014497304269273,-0.8335077912557154,-1.1056216546194653,0.3341629602460317,-0.2802729653616682,-1.1774530850955593,-1.780085313458295,-0.4656064337733352,0.04643935217384292,0.12745745608235404,-0.5934658062382485,-1.4925786778892474,-0.4589034099834405,0.01620299440553107,1.32613924634066,0.6972057632503272,0.0666162763235996,0.3677245301980855,1.1368114959766844,0.4507718452608631,1.333910702447437,-0.8332226419395705,-1.0273705943871623,1.7627103820075283,0.17076823598669666,0.68121180905638,-0.18825942588771835,-1.0793875881916655,1.0855259497576202,-1.3385350664351017,1.4640145224397947,-0.783049380568642,-0.21358480287926146,0.5418805112661318,2.286821416434957,-0.9478417753315503,-1.4646658804535753,0.8375364325603809,0.5100520023703806,0.07367235254582431,1.69830809019007,-0.40769805126167413,0.9764705845728232,-1.510571232595565,0.25145076225909657,-0.9658826431128879,0.7709674328836251,-0.015313202669945323,0.7740558023918421,-1.1790788503964027,-0.09567944083648289,0.7677351093924124,-0.20041821640526933,-0.12931780561016973,0.3171980076168743,1.6056614631381507,-0.3179088723273101,1.059213267353609,-0.07725165475299207,-0.5330322802785356,0.9796439359508439,0.09816248176319638,1.5554642246320638,-0.30340404621438427,-0.052830944105104895,0.2648276154351825,-1.3762651899155671,0.9311255207893536,0.13252117401303273,0.7400786914180224,1.1427130122001385,1.5860923538135936,-1.3876902471731118,-1.2752099181739198,-0.6477267001879307,0.46166797036359747,0.1631693307609302,-1.6217381264702804,1.2833941553368815,-0.21879158726515147,-0.25736045316469464,-0.49475059709668967,-1.3430963685057544,-1.1034382868194488,-1.0675854124876851,0.9182270180135633,0.26385675481647347,-0.20219291746376813,0.7591959829084279,1.0914833351017008,1.004742014431725,0.578080887467584,1.0145802036239988,1.275769202758854,0.8350142484876775,-1.3259818469688092,0.8862849893081137,-0.08677943167238025,-1.369499002231845,-1.0271305473766166,1.2518481596269209,-0.3378026286671775,-0.045781236196263536,-0.6764173194960821,1.1302342554551936,0.042030493257044714,1.2710046458584896,1.4771564775244994,-1.4337998251902062,-0.8975214162909623,1.0629410046368382,-1.5180801616562707,0.7054062597431647,1.1030288105256973,-1.209872336272422,0.19284983796950633,1.4155348384221929,-0.5310953295802132,-0.4199644497696208,-2.0297700243101247,0.08427078239063446,-1.62415750370694,0.9130867005192995,-0.7261122325990628,0.8755901393047801,-0.21437554624141156,0.11675290173872767,-0.4326157901863968,-0.6428888344308081,-1.2481709480688183,-1.8305785628928906,-0.3791144831661107,0.6024763979847377,0.220950288091783,0.4238008341381936,0.07509912797053415,-1.1618035208556616,0.6710684672661668,1.2945935507358746,-0.4314732398426166,-1.0257692684546438,1.0581010520142944,-1.2112827616519304,0.8555396891094869,0.7137782840103846,-0.16027704856508956,-0.16253321722038397,1.2421398216896717,0.2341828986607525,0.05239737515414039,1.646087092127258,1.060578024566965,-0.42170813128482953,0.27159761222559314,0.6358880839492124,-0.7705071928828099,-0.5429171868773315,-0.7628042581646785,-0.1918534347693154,-0.5982944739350313,-0.7702072145156739,-1.4243486065665,1.4122805851079494,0.12447755840256403,1.5323701320032435,1.0745061292018978,-1.5170093243177005,0.06408978392693705,0.708536055375904,0.09870236131099032,0.24333670424312862,1.479755109492404,1.3285486257125252,-0.42258511060809945,-0.5143361240618757,0.9801601186832791,0.6352784893891653,-1.1600945718934186,0.8454607729303971,0.11330704764846689,-0.5602160619780354,1.9712860277113244,1.4045221220015052,1.426672302677961,0.7351422299382904,-0.23570003557389554,0.12328066867122996,-0.8560621010009098,-1.3174640295062998,1.826856435355988,1.8494771257464904,-0.08416221186826377,1.9543886998296556,-0.6786480825122284,-1.3961887350708473,1.4376754533771572,-0.030114672824053702,0.43829605254032244,-0.6503522743991035,1.4945771129756744
925L_Th17,1.6130658808245393,0.49501855955445023,-0.049043928952429365,0.06016994057993077,-0.38203580629408596,1.3749873889040627,0.5315262018540289,-0.35784457676524606,-0.3497379689326076,-1.078232964973408,-0.821293441279671,-1.3941116486418739,0.04915307577257698,0.5047029937670371,1.663390916940228,1.9750228797524423,-1.3219770862750055,1.138910563458453,-0.532515327044431,-0.1497733020585238,-0.28018463247639663,0.8993233113088394,-1.0186072105023596,0.9560063972296006,-0.5596173907819756,-0.16495946596898148,-1.0047962442996412,-0.8097009824815118,1.9814303912071334,-0.37386586085559786,2.1638010683306423,-0.602976099328218,-1.3801251406514061,-0.5976264196037493,-0.01591896433428454,1.6278821904352199,1.3018068254283635,-0.7751942221383884,-0.9053008442768996,0.5961801403081375,0.0021849539588038127,-1.6977824250567333,0.42371424106917666,-0.28453765427369243,-0.5551316728550756,2.255067705249813,0.1235888129455285,2.1359726013918734,-0.11757403893554075,-0.1451995629892259,-1.442869019500108,-0.44752135969167545,-0.7891051287213072,1.1670813310299866,-1.0546530016508622,2.079625997525825,-1.6217651160621256,0.6044168094239514,-0.9463172181149295,1.2249207195590557,-0.20630156702519306,0.7529863327696066,-1.227274018381795,1.0961243255247506,-0.7311863974687938,-1.040538626928433,2.015703088549996,2.0719262056544494,1.4672996196637194,-1.2177708259725517,-0.42677364457808936,-1.6210722758261595,-0.39263467068578495,0.80754245352348,0.9149139007975916,-0.2649976625966546,-1.0444797825800385,0.11384688265268583,-0.7875550839771901,1.7482844941371227,0.3618438564860555,0.22817564522250702,1.251967318685064,0.7739866430971449,-1.311019012822525,0.012678637507184887,0.5763817741903476,-0.5573297426049577,0.4604165408210661,1.0064821854599455,-0.5492013584648838,-0.9414898918245325,-1.5977041716650526,0.6068567098775878,-0.8876158401380101,1.1960496086125154,-1.1274400864949812,0.2522328188218291,0.10821836845681722,-1.5613896570896901,-0.4352831496528812,-0.01905047889250931,0.6737885868262854,0.9061069870378372,0.9479117083681313,-0.9710777772749356,0.8633487451686879,-0.4724613654638454,-0.10422409367674036,-0.9217827680650496,0.4971468643994776,1.1758389382463694,1.0897049294168353,0.09079812152132612,-1.252004793479502,-0.771143238254627,-0.11592207256500624,1.1984447887537717,-0.06751807513676962,0.19123890874789995,0.4835511902984193,1.7589189877607856,-1.3260556101882075,-0.8767902631479467,-0.38256889739473177,-0.15259968737461968,0.5858081954842121,-1.2940850741739995,-1.369193579285661,0.9664568202437812,-0.38645087947068746,1.0979817422541625,-0.12376046758712572,0.9304424731979521,-0.053178643679576344,-0.9201360263109639,-0.10535497503063401,0.8960527622412805,-0.5068373898358256,-0.530879398607156,-0.3279229456698477,0.45507078318358596,1.0850933237095024,-0.34246114928950927,0.015532323047788362,-0.6077853598413596,0.7012542001643778,-0.12742456642585448,1.3841222239299045,2.0494399450988223,-0.6952988522517647,-0.1529353553279622,0.5332647150497446,1.0137020157663081,-1.1683176835626692,0.7608764447236304,0.7170495156310341,-0.9660895398959863,0.24541995415486656,-0.6583357917060442,0.1477805783526134,1.1960870650754891,0.977201499570954,0.45075947026932883,2.2348156886624384,0.8339749575527478,-0.7149393231690128,-1.1984116110391194,0.22420415753028972,-0.9013495721396542,-0.11508492658031091,1.743098755861905,0.841777312270245,-0.13467768347238956,-0.6889195037306596,0.03061492318514977,-0.7882199465950857,-1.5972714126124987,-0.6488906533400719,-0.38163096045313216,1.2417118282610422,1.581843431582882,-1.268825273260734,2.032582296274001,-1.7120486843921894,-0.6488822273559567,0.3393609096468025,0.14259547863731606,0.06781519219543598,2.067119377462655,-1.2765474432405903,-1.4542734691767738,-1.0595657434463097,1.169773255577797,-0.6868329547292927,-1.698577963748988,0.3371779873747903,0.5956060865608135,-0.7162117583281328,-1.0425203006347192
925L_Th2,0.1892797239986324,-0.1144741303553607,-1.3151757502833403,0.840322237199403,-0.09126291336214491,-0.9742532483127299,0.9075252141817485,1.209509668589239,0.25168163951338923,-1.3966778490981702,1.161116288829232,1.3708507923913515,0.9055369667830674,0.3630408506009605,-1.1473193936948873,-0.28015198175101513,-1.451251873847312,0.4806709795188193,0.8374295689582083,-0.556228640615431,0.21285796767876733,0.2994351297838506,0.7382768408272302,-0.6237721114150968,-1.8970775408832155,0.18623614603198294,0.292187453389496,0.3551679030493267,-1.5453566803664411,0.9751514355387878,0.9349580388835514,-0.20072298521748652,-0.6775156295529751,0.17368876011078493,0.35091596235691114,-2.1547513110646324,0.3683903088434225,-1.1642699225281299,-0.21956775294056793,0.30832299026533627,1.0443424100147372,-1.665896714388896,-0.948722277480553,-0.4026407213832357,0.7061560847745535,1.304196359037692,-1.5892305472282,0.494554838057915,-1.6014214448187647,-0.10164796770023111,-0.35710841285086553,-0.046179321786240124,-0.7374786828396747,-0.9509264123033823,-1.8920825391843137,-0.40045395935021766,-1.4167321686243988,-0.4152890336957297,-0.18973854025346953,0.4898393563988698,0.4985220617323,0.9056573080676704,0.035256029370974294,1.1588061815789956,-0.1848156450328558,0.09686097777407415,-1.1747614600841332,0.163321445233611,-0.5590977361894318,1.197386133233205,1.446491478507306,-0.5268042875296522,-0.10941342521813194,-0.23757627232658549,-0.23825522933248836,-0.3605396263646427,0.06087605712445406,-0.857675137990755,0.9468307351012116,-0.7761905241389946,-1.3752171415709007,0.7598375222149318,1.496174975970119,0.35137910617225393,-1.3144545695287544,0.6482347643667247,0.1332430586102235,-0.3031141159517073,-2.043606492715379,-1.0169902265236912,-1.2633916518997343,0.10891430497959192,0.5519881844604918,-1.0635592369344742,-0.6482267879407008,0.5877250049852619,1.845352780703688,-0.3368830742624595,0.9147375403100285,-0.5748798182942485,-1.9223683934389526,-0.49375255350820413,1.0803782639027566,-0.3763574034803774,-0.13086736410874975,0.14460346621993525,-0.2438412758109894,1.0672904329673478,-0.9945684014800744,0.7008046010524653,1.5329466926603206,0.12177803314932072,0.6074489123796227,-0.3275044523586899,0.492951628408044,0.8470357256885497,1.4692062676322342,-1.360166692465633,0.26240062295885574,-1.2917626432264104,0.9849785043896985,1.0566301437869063,0.5147926381226477,0.4038137853129793,-0.3037493556068651,1.5594361677479143,-1.0811834343958795,-0.18258944734613744,0.4902451806270738,0.5481965765335028,1.6473935968823579,-0.5238153173001179,-0.3852746433247525,-0.3220791141425159,-0.20012382108252044,1.2188904219266101,1.293919341501238,0.8882132818895815,0.6718312661303559,-0.961425524390744,0.9784234523124227,0.1031088708793607,-0.6436504426832691,-1.0449550448184317,-1.4171973566958072,-0.12475095980276048,-0.4328362377555782,-0.8256065099710247,0.01050469602214182,-1.8343827219798137,-1.2016825331999097,-1.3846635305449686,0.47825838533099513,0.6440237122698468,-0.24847011495575017,0.7499562812240483,0.29900906803093974,0.22084852313567585,-0.9025187179538238,-1.7042284773729999,0.5064865347526427,0.3376064349446801,-0.7840257133341679,-0.5597011909816618,0.10872340205285809,1.259599649657504,1.3050686840682169,-1.0718680255399204,-0.9957066520150453,0.1523885553613694,0.517204634757229,0.5183621200567088,1.108843039826127,1.8718369494456446,-1.635443077802269,-0.026860352046300766,-1.685420121260649,-0.9374394263165082,-1.1335291828885425,0.9702565050918932,0.5918788674543896,-0.6834458429216942,-0.5450301155720813,0.008498400778940419,0.1345631102319757,-1.350274945363203,-0.20428540944518092,-1.253863424320109,0.7632497337000483,1.0462111401591492,0.25513539062937596,-1.128351915363682,0.6605691085077013,-0.5070748109814902,-1.7987148108053277,-1.0337070861495492,0.8412051744873148,-0.6408533176922246,-0.6468019869547901,0.5074055698139481
925L_CD4_naive,1.0661079184645907,1.1762220831349501,-0.9912465121198858,-0.6837193694256795,-0.1784201790662531,1.2597922193703508,0.5973086947805396,-0.4806745579856855,-0.4102515522827065,1.1143174136901,-0.11115618889712404,-0.055418759706125746,0.37350534111678146,1.8163829387031438,0.7086993792430815,-0.153096921327055,-1.4934858396422357,-1.2961809875728512,-0.7925643331043497,-1.6506566902452673,-0.46619389778323156,-0.18062284369341114,-0.0638230402809644,0.42345861377193594,-0.5944167870288215,-0.8309002911702981,0.54067027974532,-1.6919286384104157,1.6466733583915834,-1.7159936625125196,0.49412784137569865,0.7142293320232007,1.0296388619004286,-0.32602279969607245,-0.15223446419901573,-0.6737530528586244,-2.2198238200058817,1.1256497308486764,-0.005222210763205985,0.8165302067721052,-0.7542694713602924,-0.70862847805408,-0.6654254256952183,-0.5850491715959596,1.1930696951759996,-0.2568083757711144,1.2464852215779065,-0.7763490631783041,0.9652396565455011,0.14194604490434715,0.8213127573997143,-1.591450586067673,-0.2862573991668307,-0.44445153768257095,0.051435789305140686,-0.4798196606946594,0.7646343058799487,-1.1843362800642525,0.9429316762301195,0.9686687659021833,-1.5670048424401133,-0.6438303777781842,1.5135040367425359,-1.0608442993834284,-0.48482436340034785,-1.365136003395528,0.849864549081691,0.9083210433125235,-0.35126634172113497,1.1152181548732525,0.07758426660727627,1.3735398193897357,-0.4649454821160131,-0.23234280584231964,0.8663357259102873,0.22329604412641063,-0.5595157070157978,1.9614075364453694,-0.5625190641075162,1.7389469390119234,1.0144386485474397,0.5112864071629865,0.8791610737479342,0.5785640658388447,0.13361159847879356,-0.36230345348638016,0.6731657902979303,1.31182057542429,-0.8970258098576612,0.9810806345273969,-0.8458432589628435,-0.17439870459469795,1.9455406741657224,1.3026850268705799,-1.4926606323748872,0.6812440554254648,-1.4153240265647085,1.2821403752594493,1.3415202718764865,1.2788586792263648,0.0428416728237904,-0.9890188658510315,-0.3467454021050675,0.44856086781838894,-1.3789083304266592,-0.3800310790692137,1.2049239761662223,-1.6577600699034205,-0.3124237543401856,0.06035481301004675,-0.2846753171061143,-1.9373540713611028,0.7110465033338029,0.6356632978723072,1.023850460942275,1.2693437430416101,1.0290519028636755,1.7525506374969255,-0.05930603700682602,1.6958255621150973,0.7507369806977138,0.22953565725609504,0.4806145214976249,-0.7995852714091938,1.2829571322628055,1.292237684011725,-0.39117834883087144,-1.0175585720533513,0.5040280580479448,-1.0689078007342507,0.10506543916668765,0.8492500767860286,1.3765235057919374,-1.0041362191803187,0.13494379770697879,-0.273215907814939,1.6686142845033372,1.575135976736453,-1.4473000876415647,-1.1173408775619154,0.15941908515499695,1.3294073226149523,1.0177929592863222,1.0596009562904756,1.0899764498894224,0.8035005449414758,-0.28956612325112663,1.2125028672118394,1.6179908082178334,0.5491931795201891,0.5953407262683197,-1.2851367341521058,-0.9188692550915687,1.295075391535744,-0.7947808448767196,0.6626365397237632,-0.8474258572546591,-1.658099254454938,-1.7100649805639132,0.8915276201897888,-0.5103767946127448,-0.14255945808413598,0.14210063492683345,1.4263096179090327,0.568905961997759,-0.20933964935126062,0.1550695398168254,-1.2345818436900162,1.1148803713443065,-0.8322862839750945,-1.7965799143555654,0.9895591573053244,1.790303101756648,0.25312023735297756,-1.7494919885107196,0.15582202248288518,0.5835850119687506,-0.33435722341284285,1.098848627692442,1.8628845912343142,0.40157544095439496,-0.8126594316135659,-0.12554755175026863,0.8682784355242864,-0.6608738546093106,0.9466559437318638,-1.9668115025845654,-0.6699195705094104,-0.07404508448554983,-0.9037247635355519,-0.21966325761203342,0.08574494094328534,-1.4891626309195616,-1.0519924148762154,1.7486219437022619,-0.6321454223499049,-1.2600182229743713,1.0420444092102292,0.5187790933970321,1.0066161063815007
925L_CD4_TE,0.5792329927851254,0.90799484911568,1.7401075366097072,0.29893312959203333,1.363433124755585,1.9183741909799295,0.7734690769111567,-1.3599014148919015,1.1757962039556633,-0.37851604742758865,0.40342094818068375,0.28042933098458284,-0.4772690923108407,0.40933895256177116,0.5889880165981057,-0.6870306125448621,0.0873903042250182,1.0974896494597588,-0.02470546128574798,1.7611588433285472,2.275840898046844,1.103557389427923,-1.726073937293083,0.28986126542216883,-0.23266454959326885,1.280479347993635,-0.03191036877330625,1.2252339278197026,1.2669118266750587,-1.2824682209007878,-0.06853079853852687,0.9472532092426137,-0.4130911653025024,1.5258495909059677,-0.16939992116987426,-0.5251392610142995,-0.2035312487726687,0.4247822661862281,0.6810544770057166,1.1098835512653689,0.3701912966985809,1.187596208210217,-1.4000792312585018,-0.23714340190776703,-0.1269416133332794,-0.15530764350347862,1.0926880743400045,-1.7053395260529571,-0.5300572090515857,1.069562042654755,1.9011810195004617,-0.38106587730627783,0.8123073679956172,-1.4146360686499957,0.40004124715793926,0.5341635997530965,-0.4377542315906907,0.13000560744480652,0.06531141060782839,0.47327430734566583,1.3730581258010146,1.3448329723732233,1.4485626786658445,-0.8138745914114516,1.8825800585474064,1.355836214143861,0.3905780597235525,-0.6545819536340618,-0.9978751658313287,0.26301238429138163,-0.7908757251695602,0.3219305639324977,-0.40742121697497297,-1.1943552075453465,-1.3268596806435524,-0.33585882088030244,-0.6669156623728993,-0.06642995170446932,-1.1284393164226374,-0.5470818403533938,0.669085804492226,0.36092115193230606,2.0252763344754396,0.35353672403839964,-1.5644662147506396,0.7240950496169855,1.7721150260862266,0.31182703511116666,0.03515987892667445,1.5489007404722588,0.6685646386023607,1.693783250609667,-0.6779588910837377,0.18584059774349362,-1.6251714755512991,-0.9244171514630546,-0.008844572885449922,-0.8300481158888976,-2.0895552918941203,-0.870232532947254,1.260411648512249,-0.40239878837028303,-1.668123961841522,0.657410653676896,-1.0066255636440842,1.5102140438027596,-1.2602036533874972,-1.1440369599835072,0.3901700516783122,-1.8108511740154638,1.1318249504344842,0.11243771058983967,1.1483007662226248,-0.17426761640652597,-0.09497364633462817,1.076943845330394,-0.9070132844648181,-0.35987949809452036,2.171082451577557,1.0666908291199,-0.8631027951940686,2.1437530232339856,-1.5122165472961573,-1.5200678708200501,-0.5376023203331989,1.2477905598884496,1.9823753038000642,0.19722012245480752,0.8087103797530214,0.9669038341769911,1.3684254989699112,0.8865884639719038,0.31271505314878784,0.8117150035054643,0.09262720216470334,0.3169667707526194,0.22199624209040175,-1.407134014043451,-1.1353943837953515,0.718297264371791,1.291308363511934,0.19560706382142595,-0.21557125155246054,-1.063714379058064,-1.240222751578411,-0.5067982242533672,-0.8721183571633273,-0.4929735828677667,-0.5840701181167616,-0.7415618912695378,0.08255183950169284,0.8760167650987939,-0.42178836147211074,0.7070448980290615,0.7130053403276464,2.1547457021350445,-0.47144115078650306,0.4555766222141893,-0.6478603381114426,-0.381858806037814,-0.49109260944101557,0.36887990743311444,-0.8726967580949598,1.6878009417881135,1.578178729249327,-1.6486260730969935,0.5947120616131738,-0.14865049422125798,0.6641164344112439,-0.1546854542114943,-1.2370020646395046,-0.3237463898006718,1.6173673189875792,0.0547533527440827,0.3823095039085538,-1.8111660571670916,0.9272778555098777,0.824639771408946,-2.03419895996553,-0.10829891385193767,1.5917875601760894,-0.4397516835055531,-0.03722947117198242,0.3402008018609734,0.11995945530761004,-0.837026887221409,-0.43460175665284284,-0.5177353572005902,0.10897817974381944,-0.15587285276153992,-0.7518240935789507,1.2857962746304463,0.6188246654968877,1.2785127473249296,-0.1787109214151627,-0.33088763876345556,0.7501060157529333,-1.1829609796521725,0.9145649269687557,0.6894752729924148
925L_Progenitor,-0.5270101027209682,-0.8328981797053635,0.5926000341738773,-0.8487600043071294,1.1190389841231023,0.08658149783352932,1.5841130302456168,-0.30755862455281746,1.5771675534870608,-1.3730525812211116,-0.9446527638303386,-1.733657696748282,-0.5849706354635863,-0.10201519698371753,0.037948557466544075,0.9172173201275501,1.3545332549370195,1.118305276103036,-0.5823450945414301,-0.14135866992872517,0.7503292194920935,1.5279605864289674,-0.8199490525418709,1.262965830072665,-0.595857780237285,2.094679680598422,1.3925396235766772,1.8227841805465907,-0.2653868717416416,0.3736111159450218,0.595539433427686,1.3847110424522622,0.3233291447822489,1.5261024421502365,-0.7816895989721201,-0.21361515535191353,0.2016124527040587,0.36473897166482155,-1.353976479539299,-0.6622335010376487,-0.48768121991462204,0.7705621274609576,-0.05055483496826686,0.9485137589160603,-0.48697583864090555,1.4776844329210015,-1.099872259502106,1.7357014064961567,2.178732653482857,1.697911584949687,-0.8770378539833594,0.6704552983357047,1.77313951877919,0.37105470667959195,2.1588635115105603,0.44738808152084547,1.9107415279330764,-0.2634273789594055,1.4776214421276312,-0.3753851597273768,0.23786177798894295,1.6085192311283445,-2.011089266741564,-0.7008766171185696,-1.3010640384017202,2.0961441933186475,-0.8562951442972618,2.1636830852215665,-1.2595854703697924,-1.532516427799206,-0.5597858657922525,0.15835048985461947,2.013749687780839,-0.6233607448826624,2.007312540085278,1.4754156331887816,0.0475521353314655,1.233692632699356,-0.42140146229493997,-0.1741583766250669,1.5211221314906909,0.06954103184756362,1.3899608341147698,0.6519949292095851,1.4905402802391483,0.8753845599197964,1.7665091108453461,-0.0036999885527252726,2.0855294682911305,-0.7153272809705336,1.0263258621755287,-1.4974636376715162,1.2549795458751911,1.5856241437198273,2.118403555372962,1.0618170115254975,-0.5810316287967673,0.8441917477522839,-0.7425956612552755,-0.45905303965478866,0.2662443138881941,-2.051342545379999,2.1168985983845747,0.6599525626192195,-0.8613519331464582,-0.22437273491184656,0.356775233142013,-0.5074654618737043,-0.42238187608851224,0.2734588712523163,1.8318392275115607,1.853802052323778,1.056206481226624,-0.772939068887199,-0.0795033246086532,1.1083756206746946,-0.6933053096428083,1.3043002628858222,-1.829752683132236,0.8401760815847993,2.109950652114831,1.9002095077605798,1.9935117804168254,1.2532642905667035,0.5153289220502747,2.1907812039906345,-0.552690613658535,0.888300991654256,1.4156148257552728,-0.22336341808691892,0.23813574097986356,0.42766449665688505,1.8286826198595079,0.1322920731351687,0.018431977548150402,1.6583962532000267,1.8949204434392741,2.09783470322853,-1.0604961067781704,1.509658852337317,-1.1362171511788015,2.0412857142994043,2.205997345451131,1.7923983608834109,0.14947477338077392,1.378390205912079,2.032628761151786,0.16801467060197678,1.852100206653329,-0.855301270772947,-0.1938662215065252,-1.7760712696727503,1.9758223249072793,2.0470988034593534,-1.1257526706491012,-1.0392615494274393,-1.348763996201235,-0.84330964227984,-0.0026175457854657287,0.43946970134577745,-0.6213373662248668,-0.43692933589992566,0.8425934233716482,2.0422350328723464,2.2348156886624384,-1.1103223894053813,1.866481621935347,0.1631201791339,-1.5241812421892007,-0.6800009036219116,-1.0821204361372263,0.15779071201275344,1.4385874165108263,1.765763343838527,-1.3479631749560286,-1.3455458845591972,2.4296588910562282,-1.8310409235103517,0.6642345588906987,-1.8656097897634447,-0.9913888150461951,2.2101780921613017,1.218979071798656,-1.5576472281258837,-0.2553419336484919,-0.7914581713751003,1.3481680452181204,-0.09193654287463383,0.4636639843189892,0.9409831292827793,2.1156712209062514,1.4222597158027954,2.4122068189532264,-0.7653736625505072,-1.5746977781321605,0.6177484319901851,2.2412100088886535,1.2323421644732195,1.4039011687927105,1.09390080762498
925L_B_naive,-0.983286616406136,0.5020591682522203,-1.929969397388722,1.1768083925793857,0.9678985659671205,0.04283731563826726,0.5981451878967209,-0.8919922240288946,0.08288434526774818,0.5720434142490803,1.2809030073752143,-0.8563850591333813,-0.5494582515060904,-0.08590114917378183,0.41851597592238343,-0.4709470483966966,0.6067775979691123,1.4656912642416666,-1.2305398190818113,1.0261147395255306,-1.3305457952357505,0.9553433765377619,-0.4582518602761285,0.682789565351913,-0.8681102043679817,-0.19574381352232292,0.23455740121592297,-1.0139413655166623,-0.9435070252752943,0.7591126918862001,0.6390943486830937,-0.789592149476425,-0.6042617911106141,0.17884158556568694,0.6738028095358836,-0.5523455023257126,-0.4438746160309043,1.0367517620333213,-0.7230704547422238,-0.6863357934320864,-0.4327493463150882,0.8206053661786442,-0.1404068713889674,-0.6496658710495197,-1.746526696351515,0.3003023380792453,1.0418158668118231,-0.8109612057454192,-0.45834694707239637,1.0307241540663057,-0.9034956748179447,1.0097351372077745,-1.3927102660550261,-1.6879072446334664,-0.40150948813535753,0.7796588668813995,1.5092502172050193,-1.8308682133279837,-1.2911654293340034,-0.7242046026982472,0.22568634788896896,2.060093980663214,0.06281942567625429,0.3627662209362548,0.7384665833577702,0.9804110708943081,0.46949868083139273,0.8807685847244917,0.5605627810959103,-1.8437716221152618,-0.04763363217297347,0.7125268697157418,0.9840673712415735,0.6993604097143155,-0.7519971199591748,-0.428614345936872,-1.5866806903328055,-1.6106884508154693,0.538348242211974,-0.2963568363674019,1.8673733278142444,-0.7470253354182995,-1.473825950078699,1.1172608025299668,-0.4809110201077691,-0.22228437284973965,-1.9511898164261499,0.5217051176090352,-0.5086272450059822,-1.2465790157326384,-0.1719992274066819,1.005607238241399,-0.2724087864541184,0.5343928153054046,0.5243459018600819,-1.9017794021745984,-1.3657493323353518,-0.9223284333371433,-1.3418111435977853,0.03702931856030721,0.9480187320973502,0.20036431432016166,0.5714920255837999,0.38898633065711724,-0.09833702714583469,-0.6892886867105589,-1.2116332749554584,-0.5799591058254596,1.5480348744197092,-0.7191616215740768,-1.6101576943758602,0.5690525859705308,-1.5908952824812674,-0.47615039084590005,-0.5388740355100394,-0.5270922078970092,-1.09814796851707,-0.3703389052895207,-0.21867264303320919,-1.8700244285056284,-1.4774083230290302,0.6831190580980158,-0.16252871710575229,0.4419942732026075,-0.7273698289083994,1.7163526294768658,-0.9251787303977019,1.6931586623458303,-1.169113450503875,0.7585382138281029,0.9301732644137801,0.5738952188366649,0.40964459680114346,-1.5958971479715858,0.2182930030560197,-1.029040364017801,-0.20262651924685493,-0.1886093849248457,0.8306690137159397,-1.2857761876549307,-1.6940939114951659,1.1735699624911626,1.3437082576819745,1.030598147990264,0.3739807696977208,0.9090558175123169,0.5044312591938785,1.4462501858290886,0.8755836946820698,-0.945463534179335,-0.039859335870727604,1.768623221771531,-0.24569026358236487,0.49883094180421256,-0.4610535062457523,1.3541582132729995,-0.8364351770841001,-0.06882279574994976,-1.779397289845737,-1.5335051527068317,1.8080377854163836,0.7662473959517352,-0.8171660555797453,-0.6678927135314442,0.31150770842235864,1.0337090238516342,-1.9870663208293444,0.1369430699461413,-0.7195010259126965,1.378601649736116,-1.512530423567234,-0.5804648054547806,-1.1253420481661123,0.3569163517484318,-1.6618486397657197,0.005423187577140526,-0.5987158259553054,-0.047079080439561466,-0.6315671138353709,-0.7985679716709275,-0.707692656079146,-0.42980353992141634,-0.49644089568864175,-1.56347777320481,-0.9706158300444969,-1.4035847945950743,-1.3050734034362999,1.3967506922922794,-0.6175920443939292,0.198650291719212,-0.34210285803741114,-1.9549328373663424,-1.509727610058173,0.0464788317204214,-1.3211401502749593,-0.5123074236625597,0.3393787677607566,1.4946025026700012,0.03201400918193461,0.4957033629958649
925L_B_NSM,-0.0013634773036338113,-0.05541063151827549,-0.6232048950598001,1.5668046598129821,-0.7834178331800917,-0.46039091317442093,0.8559930961703603,-0.6100467679561987,0.6364953069665984,1.339722178650817,0.3866593169057046,-1.0522655363173263,0.8019332427179001,-1.2092021794690744,-1.1007491898202977,-0.2053555627047706,-1.9418911140198152,1.5664130534442495,-0.22140026691486792,0.3670096794008125,0.24232654194565065,1.3141207675118731,1.0531241865225853,-1.0085378748615728,1.1194505862806434,1.6793729183394364,-0.553006226509598,1.2940182285502906,-0.3062593079374647,0.2044996276600161,-1.3519366843953515,1.4190951503891116,-1.637708913462379,-1.435049808521647,-0.004376238429420664,-0.8064598979343028,-0.2842102221861265,-1.0376210489761355,1.2004259844200493,-0.7013408903192571,0.5341855489533243,0.07703991596728764,1.3827686918397497,0.8331090725366229,-0.6100251345396775,-0.30804897542482723,-0.6509006937588991,-0.5550976993584799,0.3214648530907212,-0.6035800223862349,1.4586810874294496,-2.233107024799088,-1.3655149030840565,-0.16851965510151073,0.6665396020642573,-1.0639145659957545,1.538334783458485,0.1010527271592863,0.44363209465306036,-0.4180060411530663,-1.9725768730931441,-1.422646678548986,-0.2108883238411714,-0.9722310639775211,-0.09335173935206095,0.32078501028196593,-0.17957123430557512,-1.0621130704312038,-0.30748857204674335,-0.35534251637869146,-1.1065555849356217,0.3978118068120062,-0.16856475285732422,0.28099614848641014,-0.4805456996027583,-1.2770287408513916,0.7643797733758586,0.5585647243127906,0.24788755665066856,0.12566704506144652,0.9042516648004187,1.2975692053953303,-0.720408520742023,0.9824397649326698,0.6147579453439652,0.5094054958155686,-0.11990025164880662,1.6956549723609944,1.3972153874211464,1.2332158842506613,0.21456630308567184,0.9240125663051072,1.0215356298776226,-0.17098365371199112,-0.47252781254291965,-1.5006909511617754,-0.4267721376572852,0.3815671485468207,-0.34937921839079433,-0.9638156295126241,0.9869307560522365,0.3869510322660407,-0.5807185049701605,-0.807630175467985,-1.029220762568391,-0.1599866878228951,1.3224273753209883,-0.3544343792573111,-0.1324839043081861,0.09050312840680817,-0.5627501685800974,-0.613681854066004,-0.6534126619055463,-0.4719555677276317,-0.5061182585571571,-1.554011709555012,-0.019547484709661406,1.8022125710789638,0.4700387787116616,-0.32565773814326215,0.15317653521351635,-0.6406613372196209,-1.4337234567616133,0.4606184442903444,-0.12101500470200138,-1.6279890278778326,0.5163435375957988,1.2771101248691288,0.34395204738380325,-0.04846131504204305,0.9880684797476135,1.3036781871986491,-1.5402431582062535,-0.725253302272191,-0.6566279546868845,0.715655523788336,-1.2907880533806815,-0.6679281346126609,0.2432837936516168,-1.3179852642070709,0.8068545655057682,-1.1651297831725929,1.8722673614204657,-1.8005017027492636,1.0408834261800677,-1.561128021095357,0.6404875963330791,0.6784566270938753,-0.750264682275667,-1.0905265694759394,-0.4148212232288177,-0.2560819263728881,0.737468487500383,-1.5801020246550748,0.888279462797257,-0.7196865714534524,-1.4091591251120983,-1.2400646494286245,0.46823104550999406,-1.6577734402228717,1.8455826288412194,1.4496240351121117,-0.05211659011591742,-1.4899929329081836,-0.8041918620468542,1.3481160084732546,-0.13838445142312106,1.0301111237406575,0.9715414768644847,0.5678671339112421,1.2542866206775127,-0.10717550556643313,0.5935251129419398,0.10673730447111617,0.7512321550029503,-0.20446493635823002,0.042807380467346785,0.8616779701409433,-1.1061521536978847,-0.7082177181217765,-1.8451941337702578,0.0993572428791357,0.711922170275462,-1.4869601860403796,-0.354588770527354,0.9246767549318412,-0.5503780611690849,-1.85307506813048,-0.37376185939316187,-0.7502731118394635,-1.2319645736218454,0.5620654820816952,-1.133278037961361,1.30712584953499,-0.5314972390494319,0.21551996556097852,0.16097781902492583,-1.8368558283201755,-0.914648427281303,-0.2582920896919138
925L_B_Ex,-1.151612124706822,-0.28962594595790564,0.05475706096374646,-0.9378079520342104,0.09941107690783257,-1.0965968604950722,0.10393090897358488,0.7894728871381967,-0.8161411186152447,-0.3910538115210782,-0.4588305914498318,-0.020691274188916794,0.08341012557985378,-1.4444457175089755,-1.8263087402675153,1.7495063246397153,-0.0007384146625501322,-0.05794518547948231,-0.021552376430267837,0.013539112435317876,-1.5427977256792136,-0.6928182958807751,-0.6145446934172902,-1.671799036988366,0.49896745254886843,0.8239703598330933,0.3696538929990418,-0.34381281387459484,-1.4188266541257903,0.904934534285223,-1.4939554972763753,-0.8564863911076273,1.2749953215737726,-0.5605402222373465,-1.2167359841648733,0.3724202140273299,1.614820575745947,-0.024258126692537414,1.3526073471433329,0.05367960649766432,0.2468659238390648,-0.29111072411197864,1.4522570466853226,-1.8563377647813541,0.8894781114305632,-1.919187950241662,-0.02742883744475053,-0.5898053219116385,-0.1819285827957602,-0.8312062572805773,0.28745247962433584,-1.3602067349239615,-0.7886097497053837,-1.201039100079343,0.8507570645289011,-1.0214692456140613,1.6186523657458984,-0.9635805900608835,-0.89080920571845,0.5946228830201499,0.32227890727478664,0.9091928439996405,0.95432868824463,-1.3444445962780458,0.006403510253252018,0.22896520414834204,-1.522085954629713,-0.6958469691821236,-1.4697184901963738,-0.21145619193656393,-1.7280590231287916,-1.4200911664783251,0.14167694000192615,-1.1158466491824495,-1.501737398381418,0.2747351917007587,0.1353954799817552,0.3332534263596224,-0.8004750837933556,-0.31089082699926585,-1.4497436586911938,0.9175317668408206,0.6614464387792042,-0.23813490113601254,0.5779366243088121,-1.2755089722636832,1.8219739158712323,-0.2551561474265358,-0.691112253416222,-0.6009896290991327,0.5629741608884197,0.8649688271588419,-0.12781705392146628,-0.7226302460605581,-1.1962779377791002,0.5129202762578501,0.6670691655254631,0.48579274200355127,0.2942197601237553,-0.5192879151799105,-0.6157476812797023,0.9101600010630148,0.23073567762105465,0.5094037939852645,-0.33098534167095567,0.14817793636897636,1.3483839242314686,-1.1483942605039192,-1.270753602831381,0.1524533690328126,0.3718765558653158,0.29780693373552597,0.26713889990749784,0.3294387706282022,0.003544552402077747,0.5623519226723563,0.8245710537816288,-0.4590201571539125,1.0647012094290293,-0.9435774101215989,-0.44072611222144387,-0.4369348344139444,-1.3500740330850447,-0.9359040971462421,0.520154444046503,0.5219842732449228,-0.8452627417036562,0.5687486393555327,-1.277374272456826,0.785730424091582,0.34858023835327884,1.2435793294262893,0.4747252849640456,-0.5946414120329889,0.046572848442363424,-1.631504214153205,-0.26369934601982475,-0.6223333624994127,0.4737346420332802,-0.6336862591770492,0.4795450288213783,0.21790941606982728,0.006840121045701717,1.6858942679225428,0.34681351616473916,0.2149429428531157,-1.6775298991798575,-1.1617172939650626,-0.5977055842146372,-0.7235407344313808,0.11636489556034992,-1.3536823589138904,-0.14396291604005557,0.06133163261682145,0.3439672789921436,0.68537666993665,-1.457202765775663,-0.07013949635923049,-0.9069343878327583,-0.660418344116152,-0.00771534265592079,1.2712886785395354,-1.0934509338490142,0.47736636029319585,0.7242775721973448,0.5021394889613447,-2.315403631043219,-0.149259948799551,-1.47692296535622,-1.699681135539392,-1.0329977834079156,-1.6943550185137422,0.3590904465740157,0.4735344784266981,1.3671856943426088,0.05345609857736235,-0.40680903350741904,-0.7004779130129536,0.10686045131244477,0.7439671229807893,0.39455270665165654,0.6459431324622226,-1.4584907103705709,0.43245584082773125,-0.34107704080604084,-0.3019596437401353,0.3251205599977535,1.358761537097981,0.6451099778487286,1.2960965216618112,0.5174910807178388,1.1614213649994092,0.8532362954592176,0.01632275859227587,0.368939067276244,-0.3928295960921605,-1.5675341139010945,0.2651792788231649,-1.3235252277904057,-0.11871912889229695
925L_B_SM,-0.183819047904576,0.9554318180910639,-0.9701868011324838,-0.5677610214536042,-0.32027987607083575,0.18012647587778907,-0.5792184639582899,-1.4137778401725714,1.6548845729347066,0.4557606130026745,0.010335986741923531,-0.6022477686844524,0.028598410225448314,-0.07183825316570869,-0.9668789289328318,0.03636153629187969,0.8850690481535134,1.7968189801725056,1.593712415205114,-1.3466306760182296,-1.2957303677664205,0.575738274827563,1.83274361428034,-0.8990724873568041,-0.20912907109726095,-0.03158597893269088,-1.9499974095126853,1.107776995502893,1.4803852674041011,-1.2945090398851136,-0.5117729084639019,0.3798562446321487,1.7453443053128601,0.3517587189999022,-1.4083117821258773,0.9191199527995836,-1.5374118611390961,-0.6065075374886997,0.8385215735252317,-1.4911139230092207,0.6091416233322954,-0.9318322892600742,-0.4713008800624438,-0.2549566376936743,-0.40670009001743646,-1.1493123454283785,0.4389035665707911,0.049683660980145074,0.9968341550621144,-1.1516914096377726,1.4816998905015133,1.3673879587581936,-1.4422476269179907,-0.380800878109329,-0.6065292373365323,-1.4751001915909,-0.05077147535165985,0.18014507578265698,-1.5482028360692388,-0.14570091621878004,1.8519654092169135,-1.0177076415402542,0.5075376465488066,0.6500177424172442,0.47358856534982424,-1.8940848983926186,1.0734223089908743,0.42811256930184577,-1.9469346938919023,-1.4696810773592315,0.027534457470923732,0.7053088556528415,0.29824730368687763,1.1058976210976816,-1.6350048002296025,0.1693502552186117,-0.01624279966749182,-0.35741368779229016,0.7846185497093495,0.2768419716593216,0.47902264792010835,0.32905237765766543,0.6227720651651113,-1.3183024644232633,0.9231194821380007,1.6748296762142143,-1.7341340830438503,-0.29689543082588266,0.17655678434409477,-0.754753355548882,0.19232931457329708,-0.03277692157459542,1.6364066669416493,-0.9596248952340082,-0.16986853057521045,0.02443140119342508,2.2072325958025694,0.3928399055321229,-1.9276306884745353,-0.24028183850633564,-0.6754637740585636,1.2433315473861053,-0.6783517107933785,1.3074233588590214,0.020674845783241146,0.9276181384157883,-0.02445755024519595,-0.2405847792574323,1.4040545090044323,-0.35282982420439374,0.4999428449321955,-0.6152906324480316,-0.25555456692994066,-1.2379455068195175,-1.502309681839532,-2.0574631113147097,-0.197878750450867,-0.18612738752727004,-1.2776305688692582,1.3555372778418444,-1.7648394394663125,-0.23912650841927893,0.6841212836544613,0.6298224592649408,-1.1463664533633953,-1.5324784059438845,1.6632819902638003,-0.9065842597290545,-1.6129404665751952,1.672934629941959,1.6399950563884462,1.4535114144812797,-0.6133363260367841,0.9677993082223969,1.77351432384785,0.9267807120419859,0.3899726061739294,0.3552327124679161,1.304620316134958,-0.07375106589602441,0.7444052902959234,1.1070233332163466,0.8353132078372302,-1.688622403346086,1.4822832924947378,0.7845984697113622,-0.12264259424873379,-0.8931387388165855,1.0032372394114475,0.41600479492418607,-0.23849253510586635,-0.5839484137117229,1.4074325086272637,0.9776423482128671,0.30904448137061963,-0.04179892249683483,0.5980158738611125,-1.1243010036101841,0.5644202281952281,0.1114593356519741,0.17129842330011102,0.8006572307993924,0.062245782378548234,-0.9967883843147327,-0.4007277347889035,0.018712683671544245,0.7004955150317541,1.2398246977763077,-0.6461480515261819,1.3088637277830504,1.6710337059785714,-1.0115660454066673,0.6837537499909404,-1.1613866234189438,-0.7291896706898738,0.4093824551109008,-0.2614649334689464,-1.3712039644592375,1.7790724719720483,-0.7370088176058694,0.287757688238521,-1.4413830900041362,-0.9853762106690571,-1.5867307476025918,-0.4348062641131753,-1.0074033318716409,0.9635122919313971,0.05514593797435037,-0.19832816683128815,-0.7747437885653765,0.9581010042456334,-0.6146144854004465,-0.7463887170661856,-0.11571970763172912,0.15503247110877946,-1.0275980756514298,0.7027053840452698,1.018970838591374,-1.146156867333863,0.0923038090897484
925L_Plasmablasts,-0.3919311334797514,0.10964701480569591,-0.19062266418641322,-0.80069759734832,-0.9529261599997177,-0.4794171621933702,-2.244076070313371,-1.231818163594145,-1.8036572266949338,-0.5176934368882774,-1.8680247859626806,-0.40295825108071937,-1.3342034377810437,-0.2844155260143222,-0.6029151241815549,-0.9895199115725943,0.063793121553067,-1.5618370081330795,-0.11182226471657211,-1.4325715481724244,-1.0367680916225237,-1.1165507716444736,-0.7455957965100711,-1.2690103630891874,-1.094305011636695,-1.2956968201773613,-2.0197514365630838,-0.5090278830281932,-0.07367313285809426,-0.6767346165847669,-1.6757707838907532,-1.1700933781853353,-0.880292310166187,-1.8777238487581567,-0.6608592726371845,-1.2762865892327127,-1.4497231664117145,-1.7334140353641398,-0.9048711990360859,-0.8887168207618176,-1.17183971249919,-1.0197971779587758,-0.593607723264797,-1.3978869671200038,-1.5050900491725145,-0.5533338895822929,-1.4838466176585865,-1.2553332501599341,-0.2160439584543658,-0.40538276055819394,-1.658305558681311,-1.3570818655552437,-0.9373090478034656,-0.8448711809660339,-1.6730646944263048,-0.4868933111151163,-0.6340803331838634,-0.7205705830632111,-0.550625894956082,-0.3233891945236263,-1.0392899583803457,-0.7394716984381341,-0.4117968688952874,-0.5811018447261577,-0.43567417753316234,-1.2528383240628715,-0.6461926334346582,-0.4117548773002108,-1.376455289899282,-1.1487340752093402,-2.0377036471430277,-0.3750919413694734,-0.5820986952463812,-0.6329221846989083,-0.731210810463179,-0.4633870598012433,-0.492109441204219,-1.1642559745988001,-1.4742259469236096,-0.0536610574706745,-1.7260878313709032,-0.5236298641468708,-0.5871214331177409,-1.6113253789773196,-1.2693235765056108,-0.902969193319204,-0.6720755307720292,-1.88034035438328,-1.1747352560602011,-0.6297579143105394,-0.6045267585453111,-0.7256244585494668,-2.0350420551541495,-0.3972801701799419,-1.5247400470977606,-1.9199464116324532,-0.4312361844061227,-0.31821144084622743,-0.38388484759318453,-0.8513096409296467,-0.8332820005679349,-1.2175102234595665,-0.29651665397971777,-0.7226101640279816,-1.0627955252007153,-2.1488741318619815,-0.2272684530721929,-1.8612977077561326,-0.9764737890756258,-0.9244824123182085,-1.750828773856742,-1.1446381316693377,-1.4440777839479928,-0.7409204223640231,-0.6243366714318397,-0.6867458717968553,-1.2822838289041965,-0.361029238312863,-0.44530991811668086,-0.7234860190278619,-0.82062860646835,-1.2297756416872982,-1.350575841316523,-0.1295033199307666,-1.5050243527681049,0.08596770998479909,-1.4509839122240193,0.016903311618130405,-0.509355815906294,-0.8884830690978429,-0.8243112243383086,-0.9297461692202774,-0.9419991229835719,-1.5589834386854418,-1.864686596289557,-0.45027378254978423,-0.38463649062739136,-1.1330869559842685,-1.365754716815421,-0.42999022134030385,-0.4765935757679383,-1.5495721984181987,-0.2654290423339122,-0.6960623717496296,-1.0473062488331042,-1.6006361199979149,-1.6165246076029576,-0.4761409609769123,-0.9690426161417282,-1.3608451188422397,0.06091064319303726,-0.2986395142961824,-1.4839813821250392,-1.6917287964793208,-0.8042492752906234,-0.6113394330293499,-0.37138204935883323,-0.8112926763550201,-0.7021448787476283,-0.1580376625692983,0.08828026068507785,-0.503285642717546,-0.5692472558797564,-1.8836375253912134,0.06355869439168536,-0.5510206081460329,-1.870089015816856,-0.9697351075228422,-0.7403680654028795,-0.37350334356509163,-0.40308026242614065,-1.9052975878641298,-0.5768840717491958,-0.5930174682754803,-1.005041439822584,-0.24057497777191358,-0.7098378777507285,-1.236000341895468,-0.9677407157788278,-0.3006593205304094,-1.3070625121322144,-1.3845184091932066,-0.8269369602327707,-1.4108005177353615,-0.9164713440394123,-0.7411550028739465,-1.1760592958481013,-1.713464418533109,-0.9690012162477655,-0.8065902540578208,-0.09553679313887763,-1.9133179524921817,-1.3394331622065119,-2.1792551504240105,-2.016455087195918,-0.8312028267193311,-0.8371296274133698,-1.237572890084565,-0.9831846239160381,-0.9598435004017051
925L_C_mono,-1.5986803738857045,-1.1448289298054988,-0.2098960176647303,0.8487133023552854,0.11386707625778233,0.6537484798822524,-0.575030803364621,-0.4849869781543087,-0.15995886411551818,-1.6824721638375868,-0.944996522495137,0.9271840842961453,0.00024214515341978922,-0.5827100577423672,0.3107018223041888,1.356992015611882,0.7710035722900644,-0.6446826939215782,-0.38076929584506963,0.16693569883302573,0.854792781350752,-0.9071194605014032,-1.451506323299454,-0.5115597624028345,-0.25834110431080426,-1.1539890048016221,0.9672206133474481,-0.5956832581998361,0.08341543750895235,-0.03693523884140701,-0.7370007093367666,1.1252871271711347,0.4189390019430496,-1.1291841587228553,-0.026721780072358325,-1.1330918487915578,-1.206112553566632,-0.21932793012685853,0.7164487914206918,-0.22245094825471115,0.25059929598580977,0.69682915808091,-0.0909415809317846,-0.03922374332596832,0.5222627032050623,0.4534375109503838,0.07093060740819448,0.059607468931690666,-1.1006533056842245,-0.0885768915559723,-1.0904852132269869,-1.3105499464298669,1.1504697046091752,-0.22086678069510546,1.0178574894811332,-1.051516183691406,-0.1973027000474234,-0.9547335229736446,-1.2359438115643502,-0.570792075516678,0.31762438986538005,1.7794931892890367,0.6551008727603476,1.1944104295995794,0.7539646704291232,-1.687612371124281,0.4781176045735497,0.9800884560194333,1.3921633068999808,1.342472230602811,-0.3011135442353925,-0.6364054012805892,0.17934196433477706,0.8032734617401323,-0.4582330251140025,0.707820119107685,1.2608691808503116,-1.5672236576128225,-0.6040448057131691,-1.6307776035837664,-1.130884548760474,0.554627680927199,-0.8064405126588258,-0.05362406762180328,-2.01184048206153,-1.113587157995788,-1.4007859971207848,-1.3160185983640158,-0.10304137416338968,-0.18598818796960315,0.37973412581848753,0.786148295370879,0.8345606391013608,-1.0219578861778584,0.6455234252687571,-0.6603131777033066,1.1417407746841914,0.6599240791342263,-0.4200125996570381,0.40978674411307986,0.32490572942110313,-1.5399819460891628,-1.1067289950611254,-1.136378715043649,0.34689445717259904,-0.9804029643560536,-1.6604286101876873,-0.16145563972720137,0.5547536640192189,-1.0878111798294345,0.6817227957691708,-0.07086356992829473,0.5686624947193766,1.3177233656016627,-1.550296997468809,0.015987455966679942,-0.7463447710626384,-1.9178762429120435,1.514863507777673,-1.3217230365838222,-0.5081323008014967,-1.1661069413818481,-0.7029825855283428,1.0114884228705419,0.6351757706877064,1.1136467923659763,-0.05340057604428025,-1.075327708678932,0.6450679811196764,1.6431964337555232,0.7271147631326575,1.1078646140168584,-1.2757459832780977,-0.9087275774943663,-0.7039908219295845,-1.639869190051389,-1.3048834583941809,1.1140993171786988,0.6891219114885988,0.8580263528919205,-0.1937524580864544,1.7421693249619827,1.5018628296816225,-0.05732541204874555,0.9465495980291172,-0.016103001873146925,-0.4400751624952659,-0.6441507169102727,-0.1681889421191556,-0.5434818983279699,-1.6109949789463127,0.2657759962728637,-0.7025593995251208,-0.7246667820421482,-0.6913930973525168,-0.7454499472354255,0.7687220067398223,1.5385161492264556,0.6645067673383541,0.621878511434519,-0.3502078741179988,1.4418777305295905,-1.2333101807143123,-1.2655107124145484,-1.3626101184769093,-0.5859826727263419,-1.1929815815258082,0.35635545589528256,0.6399859367474335,1.3004819906326601,-0.6247585828884,-0.5812362358779234,-0.20722659084675715,-1.4081836680925108,-0.7686327306373942,0.7937019457064517,0.7760241426913925,1.1069800419163787,1.4318574936340887,0.664975454051969,0.45352475297231787,-1.7039827228086724,-1.418530694673566,0.5211146742055781,0.8453683871107663,-0.29042068071837457,-0.112512199803657,0.7856354534041359,-1.5581281918371972,-1.4889428999611316,-0.25030637848067616,-0.7673737606537376,-0.7708902614800713,-0.3215251609718053,0.6245142885611904,-1.048118377884428,-0.9978846806197714,0.8713201435429571,-1.1669213407718013,0.6809411141655125
925L_I_mono,1.0938017269017026,1.1114789740826614,0.1074686778093144,0.7318046779745424,-1.1249044319802604,-0.4377628975241518,-0.5179965893612967,-0.6017361758597429,-0.47982972712043814,0.3572522173076185,-2.1013435541527112,0.1633456786444774,-1.3948277823006012,0.9779062782004547,-1.034110252303983,-1.1005366145265363,-0.1079171798318017,-0.38627809777216326,-1.1961467895393731,0.8667814090905126,-0.06895769094251247,-1.392748116517964,-1.5135179805757004,-1.5415934563054992,-1.0095293203208038,-0.5069872058696127,0.8022438708857298,-0.2701188554431091,1.9430013922356928,-1.81098075420175,-0.43640536927467993,-1.8524230181042332,-1.0343508291539514,-1.4785937618034914,-0.02899284246037971,-0.3176963836318697,-1.4819553354671904,0.8799932560639309,0.16102747137608875,0.775521935408654,1.073941571731296,-0.4282169691738601,-0.26276550572826957,-1.1665974966573514,0.549604418875236,0.44633107523418986,-0.5672102225402675,1.1049439618810142,0.0057272567538257085,0.635691499736,1.0589663682691635,0.5632916432134967,1.5640582285512072,-1.0290348813335777,-1.151996405126354,-1.386178757901644,0.5153832429010555,-0.859980596858159,-0.8038872188061184,-0.991018754840995,1.5106217632736147,2.0277053559831724,-1.0198538558814545,0.031734468548205594,-0.5653080862704678,-0.9843286722585372,-0.09711744007014099,-1.7410178487937613,-1.7806784133419593,-0.4772570089175851,-1.9412647231312425,0.24682624571195072,-0.914883165159713,-0.262515042423788,0.1827816823216702,0.6968873883361625,-0.33129357317418917,0.9118268641641859,-1.4000363564125393,0.06592535036840314,-0.05065103804836127,1.1614579745757971,-0.4261098718562285,1.1197936948538247,0.47387204868419613,0.777572071620793,-0.5026727595152394,0.49333569123965276,1.495021727407694,0.03933547686548252,-0.73805360528735,0.4792891686447459,-0.16828022770120166,1.0269518348074231,0.2652514788644803,-0.8219419311493038,1.8409354146561698,1.139939319491488,0.8633580823934404,0.017819875390969048,0.012298865692499474,0.8231189761406131,-1.5414238996684193,-0.4196359790816271,0.8356193413263231,-0.9106192094812384,-0.8690657110811919,1.368177071171255,1.730899929415025,-0.2292427632613658,-1.250938176067032,-1.7779982535291106,0.1718078991456011,2.2045220162195163,-0.1724402400710338,-1.4271949963105475,0.4659450608543488,-0.622620181397766,-0.09615395665933853,0.5476950594442982,-1.6584666363937128,1.777961244370307,0.04202882503325614,0.4115311716990135,-0.9910206591408526,-1.4486447434213663,-0.210807227989255,-0.20275456324912955,0.9712616859760971,-0.9939350699236974,1.0232985187516284,-1.6899164304952359,0.7122539050437154,-1.3865840020808196,-1.6138615203878763,0.41326650095423145,-0.07198341861255267,1.8602821656994468,-0.3439979257210092,0.49137002817281444,-1.021741983930426,0.5153087480142622,-0.07995962639557555,-1.7132546427235331,0.9487501163376226,1.5163999584268797,-0.1625565300007603,1.7230386754752105,0.1547030443571215,0.31064043412795445,-0.30625780777124834,-0.8240501422118045,0.9363315672747273,0.012374650995090311,1.7296652412447757,-1.7580915300432314,0.346637492714661,-1.131446848130901,-0.05249824980612507,-0.22555310721334518,-1.8874588773928778,-1.0540432483953843,1.3485950651969325,-0.20121810715628677,1.0757872310406646,-0.06490874187740613,-0.6251861091396312,-1.495798146280995,1.5019127395633136,0.9309817809055779,0.8651537725280333,-0.9252284030570949,0.6807769118632252,-1.5983398541601508,-1.6943620736621727,0.3054101603137454,-0.8961960429574043,-0.8352396518266507,-0.8664728475531788,-0.5947792794232878,-1.0066414998453022,1.661796515600399,-0.65421431807991,-0.4168560394225311,-1.3212675143421182,-0.15965336248281958,1.5869720574533206,-0.35355059770970704,1.4471914714645024,-0.07565142268446491,-0.41740838221236637,-1.9576042899477193,-0.2865961428254265,0.13503937667158994,-0.7829123220062103,-0.5624275547927088,-0.9346953654701691,-0.9055804515096296,-0.8998989490406175,0.12442288247343201
925L_NC_mono,-1.056144820243168,1.151024621462168,0.4542756480624584,-0.86024376527472,-0.9668764891379137,-0.5030195117888836,0.8698671582047679,0.7691314323191847,-1.2000472530025137,1.4391526708905418,-0.7957342845015587,-0.39607988727153626,-0.4900485870548786,-0.028734706286185904,0.19118991903276883,-0.7391483650414399,-0.5417917955183682,-0.6623730295608558,-1.1801568915965595,-0.43453591083859083,-0.12442415775188537,0.7441581812836439,0.520858343744985,0.19047198568653273,0.3816260971706305,1.3628246673856392,1.1612802053781455,0.39251882070609745,-1.3889529132453506,-1.0711268722220373,-0.20730209146096337,0.5266742660904007,0.6940379738731043,-0.811425027319212,-1.2803846429069372,-0.20041512377089965,-1.6275516226656277,-0.1345518220021845,0.4329902011264612,-1.1282076668956567,0.7569035099889118,1.391366947397212,-0.13752541539942836,-0.2825899007688185,1.0069597369017764,0.5867178328737106,-1.273140417307933,0.6979481861817671,-0.8205943184588425,1.8220413985547843,-0.017050499952126093,0.6805654600563577,1.6638429604362652,-0.2591378245181578,-1.7287198123501937,-0.7973970448128529,0.6679463047258961,0.353546640704795,-1.5153626774588698,0.4313520392480735,0.9727189873395196,0.001118576450247145,1.9353694380171238,-0.7898303420575733,0.2413225145189568,-0.9849601624781152,-1.3079385240587964,-1.0275430131675571,0.5253485213041812,-0.3676606061917762,0.12232551508537311,0.42467843603186073,-1.2422411056948393,-0.5768870605415078,0.9842906274352856,1.29767229549416,1.0166248540967298,0.010922833934089908,0.36294079409678515,0.43472298655107383,0.4123038072491471,0.08808903834728717,-0.42151665430368446,-0.014252735746014924,1.7989326234829053,1.254584369822751,-0.034058805918024605,1.0540273804792362,-1.5846731086770423,0.013151645154118652,0.8657509109995721,1.2204450417711827,-0.45940830658126003,-1.279798149500845,0.3312366528443954,0.18530310751565168,1.1069335002559848,0.7367307518369591,0.7301609769937325,0.6852806136063861,0.3721055481497006,-1.558858455752295,-0.9759005526154685,0.3476611118429463,-0.38144855305901115,1.2848627199228722,-0.03330163335759747,1.4890306623867657,-1.3048312173156293,1.562008204068112,-0.7673813312385203,-1.7669401073487432,-1.2411530692368098,1.9528300467620696,-0.4895773818535589,-0.11236017178139573,-0.5020668465554948,0.2840851238743898,1.3954734215959894,0.39964970029979496,1.3028768996712703,0.668771275657087,-0.8411375503854056,0.0496499005274991,-1.391840402564485,-0.33369523774889137,0.44659132118139777,-0.1085812847743703,-0.14288268787805838,1.4538208465361342,-0.5210965491018136,0.5115118557109255,-0.29154334435082807,1.3086961511985074,-1.2004745659204452,1.7892963457074678,-0.7085985215198618,-0.943208940995847,1.2597473536651262,-0.1516795928101625,1.4242832252586202,-0.9671648269458373,-1.3305980555518102,-0.625064921213028,-1.6478829944780455,-0.2745155020113435,1.5863334311963726,0.671097310006534,-0.12451225688407985,0.04017048996786865,-0.7205651607956726,0.3291642337660732,-0.7987198689512789,0.43679418029542416,0.502143860161956,-1.5969695946788274,0.5343841053395239,-0.384755726363268,-1.5385172082952534,0.32999358996651573,1.100197292276255,-0.306055374435837,-1.7949502957262238,-1.4012037394400934,-1.0749616276237726,-0.9386866422934598,1.511541328324456,0.4343907152550632,0.17496934894303237,-0.7638872033471814,0.1628026640384226,1.1412578042854207,0.7551838130805251,0.026052991837277426,-0.5607017851268917,0.25917242053399187,-0.061675335551051355,-0.7556276536357429,0.06662365832920024,0.6451360747719833,0.7937844291293038,-0.502212656550446,-0.9425161300683988,-0.10037705838970251,-0.027614512828299444,-1.325803825736938,-1.0464083559663824,0.25749215710266893,-1.7329232448549154,0.8519340926487152,0.17953007414017122,-0.48707258156172145,-0.7416517482900822,0.6216258276615192,-0.5228127325414282,-0.33610856553345536,-0.064344895520731,1.4628157715572956,-1.0761836144706542,-0.2546215474550117
925L_NK,0.017526542896114918,0.7164096531978777,1.5939042657534122,-0.005057430423350085,-1.1460043003413707,0.5567536869081784,-0.788286042576935,0.39093843203761813,-0.7380749557745403,-0.8879630434795628,-1.1263277532592721,1.0069075568011396,-1.1478973375521455,0.6143910324934806,0.5896401940964462,1.1493599050314103,-0.17719595695457513,0.3945415888838342,0.3117723003455434,-1.107857183521112,-1.5475024640291561,0.05103886404043549,1.8323211586672088,-0.29041472798032686,1.3567417817310023,1.2069986338089493,-0.8292089079090667,2.1788175029409644,1.9977717220335993,-1.4670649752477862,1.0155149774103485,0.7727346885978063,-1.2241068857586832,0.3445621040831739,2.075182592412261,1.2326847186659224,1.7987344397229315,-0.470008911518538,2.2345541710755947,1.8800359658930552,-1.75039622219539,-0.20949397315381435,1.997949166664431,-0.909573686369713,-0.17272797167180373,-1.531140986435745,0.7992331776252191,-1.7812018634773108,-1.8305792674495476,-1.4448242897180674,-1.0612106777781418,-0.15983190498551314,0.2591957067076752,-0.722185890023076,1.4389498875666578,1.1868989081965529,-1.737881122884326,1.0258955476836982,0.5469583522372261,-1.0407896271439074,0.4463182616361027,0.35493348402013075,1.7018851870428824,-0.18431784528374984,1.3929702689336927,0.42407061955341363,0.19140268054441198,2.1636830852215665,-1.3467419709825126,-1.07502584565809,0.4940985234820775,-1.6830465598683741,-0.5098608294553467,1.5386867987722856,0.9679315664317433,1.6502956551774544,-0.40455519259024975,-0.7303568990736821,0.8746546937336547,0.6783625179811721,0.6588280466426224,0.08525982161033287,-1.2951369452490311,0.42054644340244607,0.811424412719527,1.8507697368734486,0.8282798802428548,-1.390344323835388,-0.40464409218369635,0.18734651292919977,0.9466938082563862,0.4378223049249449,-1.2516590558355796,1.3996630154175262,-0.733291844017388,1.009278696317267,1.2247761099498147,0.7628173851741648,-0.40656265156430044,1.167604957768785,-1.067366443686332,1.6359140912975552,1.4981993345381557,2.3719648864967278,-0.09537511086246044,0.28335085557756445,0.5287691083067625,2.06536535756462,0.48726372068556467,0.7851269035842605,-0.6490416591072797,1.2315849273530082,0.8535708055269099,1.2715847636636428,0.16948890150159934,1.562354667855709,1.5305043763768422,-1.4996554475284514,1.1179955954283247,0.2076388267342153,-0.4317994853715388,1.9145208831029574,1.4107744144123937,0.9427772822644461,0.4469835806092133,-1.192689934899363,0.3630754258187375,1.5177733040704444,-0.5150996870081358,1.0535416408550333,1.2981432469404697,1.3275240952400784,-0.7462935380643334,2.101385361186629,0.8965617358434113,-1.4702577029859478,0.1943843848681993,1.689992213449857,-0.31050035256660186,-1.2328962455698993,1.1730502893666392,-0.47759513292131883,1.757578136847622,2.132944568327352,1.7280971428339034,-1.8755907393884443,-1.9037581293078165,1.7482974536049274,1.4708060711154187,2.264273029808878,-2.0340920973945646,-1.0183563242437557,0.7346395282309091,-0.7045284716236352,1.3323939695651956,-1.5796473253112173,-0.4134158640899987,1.759422927846594,-0.8770534883739844,0.8604672582286256,0.257905441769325,0.32335389354376026,-0.1575533188699045,-0.3899399055912812,-0.5206255182023257,-2.0703835750376514,-1.870988510459338,-0.7102564055260518,2.054870181694535,1.4891333335582846,-1.8127975296011145,-2.0543733181663,-0.9280264852039705,-0.49024838332857623,0.2431732773767245,1.4232852463867585,0.8038503834423794,-0.0548300889422666,0.31771755823558057,0.39169263075243416,0.8300968729187064,-1.619064005770034,-0.0007128411949563511,-1.52134729618606,1.6736091827340978,-0.8170222800457575,-0.10294457274491076,1.168947074162825,-0.2285180046227693,-1.5818618419960102,-1.3525490696253144,-1.0781652128871198,1.0813969524513425,2.2233243584228237,-0.6451547288502686,0.16426887151151467,2.065273896643901,-0.09506454657813936,1.809728842091758,-0.621467546122961
925L_pDC,-1.307344607141819,-0.06129092719488587,-1.5124904897694167,-0.6645322746922917,0.09683787802534874,0.6578202555688311,-1.400064769545145,-0.944616835564596,-0.1099634603088096,-0.9259895553628937,0.7775692063868095,-1.3445299171478216,1.173139658419756,-0.41887778873680465,0.7826532055917976,1.0303689603174249,1.4715842807287798,1.4959788281533013,0.9936201218623197,-0.8768700778989676,-1.0034737027540728,0.6004643135441683,0.3488625825641648,0.6350817819139073,0.8711881660697527,0.6894819586501166,0.2936246947941533,-0.12939567022203816,-0.4005153002214713,0.505525548419959,-0.9152921905205197,0.48509600005230974,-1.8686275489510722,-1.0421930132013806,-0.8746259072911383,1.3280739015568483,-0.705670676327919,-0.4244135594409239,0.15680479304329306,-1.6523256116854825,0.18679003927653282,-0.5951244532023267,1.3163945589278634,1.281197289840367,-0.09476826660626415,0.3001088887702118,1.3708729368382542,0.84741298935328,-1.4654888667391237,1.4970222311393115,0.46212635473513314,0.4989305004120907,1.1663233233786539,0.5282145464384587,-0.49346174036827745,-0.9461268081451242,-1.2215386149538843,-1.9074976543522315,-1.5004396778117406,0.053993619710869044,-0.5439330361159375,-0.5258800704069656,0.9291448884527156,1.6722761179939052,0.06760731688463673,1.6004867095554538,0.789850929001669,-0.4531702787480368,-0.34372860848237263,1.3573419717819701,-0.07971958146828649,1.3578521969437571,-1.9713307824489232,-1.5346441723650233,-2.070170414350298,1.0343138863908174,1.7078545812907544,0.6861261760687349,-1.18923158707766,-0.6989841371587807,0.4102644836430618,-1.5918528685944588,0.16532408787848663,0.9095925639343625,0.5578951293681775,-0.03944700282414454,1.0796413874312853,-1.3973994337812274,0.311766435279727,-0.07285699251430404,0.07317680320236716,-0.49670944027946534,0.5362969910664851,1.0552134211230522,0.7413476001190006,1.0905910127039844,-1.1510496750997237,1.0008520243870989,1.1280805000151852,-1.2569764476140894,-0.1773974619608122,0.8374931512275123,1.1697159389567107,-1.1744821221705104,-1.5096173478225143,-0.025242173559878654,-0.45311498016598806,1.3390626935652623,0.49856072598975504,-1.0187067655674216,0.4448226131059172,-0.8110382709067403,1.0626916121770285,1.4864507098096937,-0.5452235739073157,0.256369095096815,-1.8896066073270255,1.1959674802191134,-0.8599920558771622,0.33349370016416924,-0.5311494342709713,-0.9246371142583609,0.08634773156043854,-1.458533576295198,-0.977576896280797,-0.09207975687662594,-0.5337349774279012,-0.08077881944604533,1.3870792606328632,-1.0914531755450134,-0.942267679638413,-1.1197664032250176,1.3877659998095535,-0.3946733461855651,-1.5625852388305541,0.04949140695407453,-0.30332854556272737,-1.6694987273890853,0.9972924935675574,-1.058042669358312,1.3061017579412944,-1.2987063076064402,0.7929023132103292,-0.4302012820284118,0.4388231583236558,0.5850799049200087,1.1232980180015681,0.09667559826879077,0.8096478624526284,-1.4652985276989772,0.1478018444024252,0.18916665792159698,0.9444581803108959,-0.5203011500901954,1.757547388748982,0.7896893349382549,0.38033290452206425,-0.10979563050738966,0.5003733616603144,-0.6787176879057941,1.109515050445915,-0.6946165734655734,-1.563869168835664,0.038749283800644484,1.47647355471756,1.7827421595037054,0.8639843228820732,-1.2829469141274925,1.546983090951753,0.18915836696028468,-0.6830444271930545,1.709279311387639,-0.5177385416606272,-0.49125973915928856,-1.6243924745853917,-1.9972798914593635,0.5077123426391575,-0.3971898544234473,-0.5043297185621154,-1.3525124334519238,-0.4335707485635999,0.3492763919288356,-1.0935959032640272,1.509732982073633,0.30227067552462,-0.8374200241538798,-1.04699548607733,1.5079838881963246,2.0466366996751577,-0.42461503489913854,-0.3939038503237602,0.33855298122223965,1.7019602694939835,0.7107335556449912,-0.43951223043520804,1.008540385127496,-1.0257294831745731,-1.155020760027106,-1.160017734209304,-0.5079178104406207
925L_mDC,-0.9347653719527871,1.8898811237458697,-1.4359827851040676,-1.2562113642817057,-0.9401562874096405,1.5554698522325061,-1.593470314746582,0.4063740694970591,-1.0893804012765325,-0.9482373020566237,0.6575567138700417,-0.3527457195636631,1.5959776161453305,-1.0819788569022621,1.3695113740332316,-1.460251475372647,-1.02075308153651,-0.44148758830460416,-0.04053365270874973,-0.8611155503689514,0.6947589638105416,1.0487530528770714,0.5609483182917747,-1.0997191872948724,-0.20595823077377443,0.6637510000981489,0.22837326822386136,-1.3990298636540506,-1.6957974268286433,-0.18887241440978272,-1.790693633559305,1.0670652016551887,-0.25534878923585536,1.5737139664754516,0.8054661429509881,-0.7562134418572554,-1.7327099607943472,-0.26153131043194877,-0.09711135457381549,-0.4496318079527626,1.3432724798083755,0.6338383397964453,0.407181849062261,0.16797810232290958,-0.024156697204278224,0.46201416412934143,1.6764831363957993,-0.3382262702655398,0.8703489342584181,0.5535014003388532,-0.1664815641624135,-0.5454112166775023,0.7277101171989128,-0.48204859459330773,-0.750804088373557,-0.8533296487629185,0.6891887825212349,-0.47616109705470727,0.7302491473105761,-1.0851925125466262,0.5067338970810158,0.712738885408171,0.40360316841837696,-0.8274538751082059,1.0838070898167054,-0.6546498002183146,-0.7613918419103851,1.3279943373752534,-0.016594216414818622,-1.0363910289460425,-1.185387482010055,0.03362523521431378,-1.426493031360767,0.8950458800397224,0.6467368503462758,-0.7036483487822162,-1.0184813182162877,-1.0892488449716191,0.3598390363784318,-1.2631038340110283,0.3633435559331019,0.19342503387767598,-1.333506622630555,1.7248339234597372,-1.1983627919200839,-0.938983730526824,1.2135418356083778,-0.21290380989712737,-0.8203761581355788,0.3382668788419602,0.2701284904873445,1.4613059194097475,-1.7247156616394863,-0.5306944814316295,-1.630170958374057,0.02241888370476318,-1.65817054808885,-0.34786699376174185,0.5446449266498916,-0.48576459952846823,-0.1147490100321501,-0.11567292242138892,-1.2845782430822648,-0.9730606574404352,-1.8348113831419521,0.08667345552402544,0.35415460036830776,-1.0736783063324462,0.29586368485117814,-1.051492699324739,-1.728945270470199,0.8478035540952072,-0.479382292213128,-0.42412131534178865,-0.0803682381356022,-1.6926477288133437,0.5697520575535192,0.7854593668783472,-0.9528435917034291,-0.20861014018723006,-0.2523751522291689,-1.7323847600270155,-0.4537279251543871,-1.3282802902771733,-0.5197243007965124,-1.584026377930902,0.5094936589176678,0.44924020085345295,-0.2513198063413662,-0.19437624980993456,0.7237497116950911,0.16336596541846743,-1.6759246748422667,0.6096154475820342,-0.12632700234206978,-1.5142088757060017,0.5515495672894515,-0.6114385590408223,-1.2609405996225707,-1.7438196486384814,1.0454629533256492,1.1584929585350783,0.15787773391406476,1.0809675950459474,-0.24077296686907576,0.9016571779465019,1.090492325345161,-1.7335221867317967,-0.9616277549328186,-0.6734600875550562,-0.9829783501825543,-0.5421497283014125,-0.9043907654163573,1.152844744334888,-0.4859019385702032,-0.9222095777501647,-1.4562471551631506,-0.9821345814215137,-0.10590790374258711,-0.46621197832002254,-0.14489817114463518,-1.8919592814590143,0.44492849573478027,0.6587895507999949,1.2044256118887366,0.9006520732097568,-0.3966303285661394,1.7282678168412058,-1.6274592537758716,-0.9172504338697105,0.9717975013903702,-0.31577367966553566,1.1970224259534956,-0.18968757686465715,-0.8089727365534695,-0.4996941277320715,2.0723199202129963,0.18810554162978707,-0.22017802385044313,0.21499465888489408,-0.13458948024296738,-0.7634989508818065,0.4774910535036067,1.2512512756297405,-0.8677309869465879,0.16278487574822365,-1.660420473952025,-1.736458579299693,-0.9220946579217205,-0.14982884747179298,-0.07118899556391045,0.45102738927318065,1.0579985847345914,0.08726780324182767,0.13664027982747076,-0.6579862027206126,0.6747270625485423,-1.1677314469229902,0.26844820458800667,0.5512355890969468
925L_Neutrophils,-0.5764784813554953,0.4279867154588142,-0.763627475046686,-0.3297097420233089,0.16205114429355189,-0.6792220289538649,-0.7954477107751883,-0.042188851665118016,-0.21815953537712354,-1.0610832781116117,0.6180166289276368,0.06347979988267986,0.7029515270603125,-0.5295842836823403,-0.01891632929009267,-0.6412617084260562,-0.40901243657119857,-1.1118749974542457,0.08865613230848193,0.27171841636615096,-1.5373580322067517,-0.45500201267213797,-0.706381471632127,-1.2824701725207843,-1.469086319207099,-1.3246450175475073,-0.6360979595765895,-0.7698901767660867,-0.2688462193777438,-0.38254718912524394,-1.5229061727136874,-1.5995881474501517,-0.20226051947636525,0.19153303656997692,0.5924857830818189,-0.8193323651693808,-0.9173133573751551,-1.2844458555428897,-0.8688430906895737,-1.6192252659161182,0.38320485628464185,0.3747067152771615,-0.8069847145481672,0.3991065160195415,-1.4923003567548796,0.14414984654838306,-1.609849179133767,-0.5295672658042554,-1.1100055367996167,-1.7863613115588275,-0.044103800558935265,-0.38951272861991715,-1.5080201241408333,-0.38131468095284143,-0.8603576970847692,-0.2158060351264562,-0.009584451334052788,-0.2500117812145207,-1.4045246270374487,-1.3135920609348422,-0.17963783477426393,-0.51952672308777,-1.1221043472652612,0.1603440194091735,-1.538054271101035,-1.6668898311847762,-1.6857913483028548,-0.1962376297613487,0.6664044478380955,-1.3357168677487141,-0.3708959405400727,-1.0632959676239404,-0.8826500369530951,0.12653328709204203,-0.24934089880093577,-1.1512124843325313,-2.0734726601184623,-1.0899388390000204,-1.6556215710140538,-1.4803351541940606,-1.1573569754432624,-0.8970450569241825,0.5044379793428269,-0.6636653375198004,-0.80999169128701,0.5454061132061521,-0.15598485201836645,-0.5402128866024479,0.32933186339856035,-0.025077233271304733,0.04790578575103232,-0.46611829425555185,-0.7929941314115688,-1.0088576461635934,-0.3862651356522493,-0.5291484230194615,-0.7521695136607319,0.47777480353867746,-0.8387807213826417,0.9089290566442989,-1.2119332495411224,-1.4762708634974648,0.039391937706872285,-0.3136029964993848,-0.6577236300775781,-1.7539525798131654,-1.9232505464533298,-1.2452710816929131,-0.24278495336048034,0.40152266316650104,-1.5079230387530111,-0.4992789890372589,-1.4393163318679567,-0.515542141485372,0.676084223603674,-1.1328097277532387,-1.485610630766782,-1.3106431548678508,-0.8467006797423612,-1.2713408930258037,0.09916785254902435,-0.1270042689132682,0.640106954354491,-1.0117091878113955,0.1568346998070229,-1.1495766234898475,-0.5732013269789681,-1.677304735601183,-1.1836414516557248,0.4436907200902335,-0.8096090947495056,0.2940706403294751,0.6486246127572711,-0.2113486119395279,0.6990263720801307,-0.30868502551684013,-0.7720645125982497,-0.8924468402986763,-0.508651193158123,0.07454524067194218,-0.5969623197018029,-0.45930420584238846,-0.38770638409650265,0.1565650063014474,-1.4227044723627937,-1.4674386511078834,0.05429752582834212,-1.201483056380194,-1.4229058100973038,-0.8921750383807042,-0.8153508388546247,0.3932327069327446,0.021930526339842667,0.3606944546618159,-0.5806212463722453,-0.7331464591056206,-0.6221136792813743,-1.2883686874289328,-0.9917979377436096,-0.9617031944015019,-0.35728259123235967,0.1278611203658422,0.5871496322135431,-0.6978386373354891,-1.2251209343236515,0.23983288576725434,-1.238344186467851,-0.4444013749761839,-1.275388471864394,-0.1160729572458086,-0.7197123658067913,-0.41016388671946646,-0.7278231812037563,-1.708538319749864,-2.1031733096032976,0.30410883429583957,-1.1290381122095452,-0.12733344400293675,-0.8365663845592984,-1.3074457698099962,0.40374955046690136,0.9592513464341877,-0.689192033714962,-0.14030574920697775,-1.1384827481150324,0.144037262385202,-1.2003381323164557,-0.4388810390695384,-0.8509399843477835,-0.004718947584590851,-0.42165811631515404,-0.9435259051454666,-0.3910645903983301,-0.9252005891084971,-1.0477416483276123,-0.6931960991575113,-1.0703014017849712,0.29856828448051076,-1.7258639684529868,-0.8234018091059689
925L_Basophils,0.22154732659720255,0.6186285677263217,-0.22470364909114277,1.0170848708943585,-1.2529743556062085,-0.13120376155416866,-0.3684541917789761,0.05976336380127597,1.052029753401104,-1.7540112253023132,1.781513293237387,1.0707493315410392,-1.2017786096314205,-1.732117446620867,-0.34819779861040906,0.9386049135869777,-0.5171152264157821,1.3857022290155427,-0.7167836526605381,-0.9112482983775946,-0.04123075804487907,-1.8688591021358674,-0.3051558093575137,-0.7853881848288014,-0.8712888864687066,-0.15969999848690425,-0.43059512694692115,0.4688714081023288,-0.6257650242857392,-1.3195577606887239,-0.7978318975479199,0.6478948397967087,-1.2743232055118126,0.8179552110992997,-0.22596993599819393,-1.310088279604279,-0.8127407274109832,-0.31645049362597794,1.506104273291127,0.1257197010332413,-0.0649895674193264,-2.2838196461405555,-0.8404355797098795,-1.3414523706896828,-0.3167483395413835,-1.0176218899823357,-1.1778580688406306,1.1469877649384388,0.5755660376297286,-1.1537339615959856,-0.3423711107444369,0.34272441528275505,-1.6094385017632935,1.7860965106809867,-0.7901258230971477,-0.6089410543101724,1.153866377672667,0.765556728649669,0.21389659844223438,1.533567397379202,0.495525497985572,0.17641210277095115,-0.33287992987359,0.38841125773304386,-0.9309033285721555,0.6184629902643124,-0.8651554651448435,0.7327919793682679,-1.4044641605254182,-0.5293805454972862,0.02961659463301598,1.9000214109202758,-0.09835108634766727,0.9727453091635256,0.5692479016670174,0.5770329732843085,0.05843668532012594,1.1512645746272103,-0.20118378811827398,0.46375424159951945,-1.7917506026072139,-1.2086516446639528,-0.6919079580829747,0.0036956550538717013,1.0797246058314136,0.7184411199572008,0.05791905071899778,1.3051338613166028,-0.20168575579558484,1.8339768742771458,-1.7539567184549871,-1.1559497907270633,-1.2838014128443078,-0.1349798579974954,0.18623416204307733,1.7125323838362725,-0.8090997782475606,-1.8534102540412674,0.7122601395326721,0.09826295556678709,-1.844804653402214,-1.7224282816797072,1.3631524919996303,1.1663936526189809,-0.7286903819255582,-0.5584544273742329,-0.0003093852555040296,1.1907703813612853,-0.2737729116155778,1.1591065566948917,-0.5779218532508966,-0.11776967316256648,0.2841562552710203,0.48595931003999854,-1.2157542111615203,-1.814775101957729,-1.1185753087263253,0.2235061600740139,-1.8160210701798383,-1.0267661397232117,-0.12028243961734934,0.3402111332244394,-1.6037935592669377,-1.5716372709219655,-1.9662966406248734,-0.17732996338330168,-1.313491338423549,-0.3727307419828933,0.4673752151789877,-0.17571479669090853,-1.552091726772228,1.4279344965106329,-1.2157274413952042,-0.6670346443954158,0.8796422800954515,0.25087984531057955,1.3397797049906217,0.9710923301966602,0.83451435581179,0.7820996352814719,-0.10073061012973539,1.298049004474153,-0.6971693006729764,-0.22577318555667258,-0.6287101396183837,1.3002856133939358,1.513840089437768,-1.0868451784548296,0.6588680439517953,0.13527960744090012,-0.16299625385551858,1.532033093467928,-0.8501532097623674,-0.8384654387958261,0.6778233403756156,1.2957173680806338,1.8669723223871402,-1.0247407748831732,1.381717672803641,0.8638836052849317,-0.7457005419276165,-0.709738504176457,-0.2367195847059436,-0.1852623228676587,0.18676096112364693,-0.27647545738979423,-1.148513690440272,-0.9635935633572327,-0.42123803143358707,-0.009303011544770128,-0.009890074034491679,-0.501367017928925,-0.643631661590128,-0.4887026165685885,-1.4420676289963663,0.0007863487522501648,-0.19813310171844914,-1.5262496851393872,1.292229937766736,0.2621071363711645,0.4765022867631447,0.537366236575309,1.286777759123781,0.1599852469655997,-1.080037398251717,0.5647801121719938,-1.606911597172984,0.0883577491814328,-0.9592306832020264,-0.6058120439154726,0.4715344243941205,0.4620478661792287,-1.277088818228789,-0.5570516363068906,0.9396950201199578,0.2578388727156164,-0.28985195602237523,-0.3584456691519783,1.0448355394359654,0.5228630060398803
9JD4_CD8_naive,0.7484323652510473,0.21275932993752297,-1.7888166347708774,1.473049970935021,1.0923774094250949,-0.32931787790314354,-1.8119490114647814,-0.15678333383183501,0.90020212752631,1.8533850412873623,-0.2066333271714592,-1.6805222942137332,-0.6974869580574691,0.16057005073854094,1.1424483252753235,0.3428614182368502,0.9137449458105997,-1.0547500065426763,0.5164602878669313,1.0228742343345834,0.5094971157789858,-1.2656811267178665,0.45849739267160494,1.7126841541783149,0.0648384980570795,-1.5255214593854016,-1.2508815454252735,0.33871833021379105,0.015451463393344298,-0.8597843572483577,-0.1158024215229835,0.050769338150925394,1.5205160729422016,1.2698656466075315,-0.9695829253256056,-0.8225883219723666,-0.6101273426361826,-1.3544633527519228,-0.30306805348509597,-0.176553065020494,0.21996374310516667,-0.49469254348292724,1.2734853095264906,-0.18648193100485133,0.3823985634746019,0.36155623577862855,0.6338215779980128,0.7016512002176766,0.5673688467552156,1.090786026375499,-0.4987966420295866,0.9159221935353804,0.9461873190308987,1.1473459820864012,0.09604747655710735,1.0558417723384177,-1.7691900759866368,-0.8075592122562992,0.18114849041831532,-1.259422965886228,-1.0740850146580818,0.47003304531747575,-1.0067114435330797,-0.59165110334983,-0.21054264303849685,0.7355047985529256,-0.7409682698626694,-1.3986117650083432,0.7597899314650441,0.43154583308662386,-0.31531991961121636,0.1363328273924534,-0.6029747837677454,-1.3656667708718961,0.2405740962335733,1.0991400287552058,-1.7559737346108975,-1.3040329376681372,0.7539674742480372,-0.22153817352242716,-0.6530340962620708,0.42916400886036876,0.8955545370038901,-0.1285425843685922,1.1056727291816681,0.1769189353202166,-1.4814884175458485,1.6532574542615823,-0.7457460215617104,-0.806083739427412,-0.5827896907909502,0.5706692535011728,-1.4516788308500908,0.9290889040918199,0.5819358630429321,0.13064516997667838,-0.25854775240733524,0.7617678182757345,-1.8899089817602202,0.03750126352088697,-1.4346152308120128,0.8005095937298667,-0.5685078439138519,-0.18258516403658598,0.8215742211887812,0.9283278455424788,0.48382887318914786,-0.7598646532046595,0.9521681332107983,-0.7065597365179073,0.8686365510776056,1.5437048098882005,-0.4949426997895156,0.8528553295145906,0.5115840118129809,0.9403926109336849,-1.7330836197365385,-1.304631472757641,0.22707878754556365,0.8740515707430113,-0.8902028307768108,-0.3872806844650891,-0.9262775586311928,1.4424611783879868,0.9471639330549961,-0.36671552952332637,-1.4824585184412244,-1.3242285734514831,-0.47322665562294874,-0.3211413753663672,-0.8369910038506697,-0.5125682903760707,0.26881495763553404,-1.009543053268279,-1.059977918357375,-0.23128795099965432,0.9837986340812059,-1.410080245862493,-0.670787446887355,-0.021942755062888952,0.3176287618845966,-0.09970474994071017,-0.4594538474283279,-1.2064703433535424,0.1499330695489287,0.976241252701468,0.3738738327186801,-0.835850287843761,-1.5926734258770676,1.7623569627377953,-1.7245564329190997,0.17604084333086134,-1.7208023403251098,1.4025417899051855,-1.7329503985263133,0.416441283069098,0.6180233971197464,-1.274609551562688,-0.5617419993876652,0.3149301461326642,0.13237798814978793,-1.3335685648389686,-0.06841474600806718,0.7934968065629103,-0.6939236902357845,-1.0320336356258468,-0.6247343053566489,-1.2288934913770588,-0.9294715105385137,0.35492483270880126,-1.1901119737026022,-0.8151712044329904,0.022347166111788896,0.045054625055628676,-1.6903471237757155,0.8184641115747177,1.5188781932653541,0.17529354380455375,1.4347200247910314,-0.3627061223271843,-1.1372214733945807,0.5720078633948239,-0.8897426364582168,-1.5376498527017097,-0.5995605486660415,-1.4749731348722395,-0.18936594788016486,-0.08590467794866867,1.0490016791286838,1.0911741196248066,0.5458023679443837,-1.2926537258036233,-0.8591165203533093,-0.21932436046464351,-0.42535255410356243,0.24125906349300166,-0.8710607381686124,0.3641507673254815,0.4356185796922139,0.7027163087645661
9JD4_CD8_CM,1.3937536764343625,-0.3058501769712201,0.4377181424309179,0.9472021266726007,1.3434048008597972,-0.7398302396573763,0.26681393376223617,1.3052712245213853,1.232478483908847,2.070966256796359,-0.4276462221044049,0.352537394206871,-1.033693465676937,0.13675489288964415,-0.7931495796511425,-1.3115269782847747,-1.3682296862500236,1.8807733547547227,0.8823937702647453,-1.3337905931598102,-1.1668502405345607,1.3432626711567133,-0.5155728876680151,0.40896641329539435,0.27915746665110025,-0.882991633619101,-0.26441333236176806,-1.3865005492942948,1.042107517361356,1.315165581831199,-1.4034966846172883,-1.0391431200263703,0.8865565025917679,1.492313107657431,-0.143558075100689,-1.2236101078166721,0.3016775956226354,2.1107099076602553,1.547904219796743,0.012321147630870657,0.49381264608389525,-1.3338571374459018,0.4652540864702543,0.47793620458079583,0.7602756239877669,0.9330091244775347,0.8578993341190471,0.8529155581593204,2.177666600066418,1.6654307279542526,-0.3030928196778329,-1.008656922868282,0.08952024788503148,0.6638170863777353,1.8003895812388462,0.5189169454221644,1.0080209439171226,0.8486713599331439,2.0269632553499757,-2.024072326188671,-1.8749285748052666,0.1371818111767063,-1.8671993117224466,1.2860947289847158,-0.3237372765065946,-1.1407145034962984,-1.11084231259299,1.8761870614319394,0.530265112724606,0.017164361647733224,-0.9280716231039021,-0.20790511384772686,-0.07205955905119174,-0.3953461091375815,-1.4343320829141895,0.29392546446392415,-1.796769523612553,2.1776875373763382,-0.10648980231908911,-0.3335909247539909,-1.2353384322707526,1.6533589766279597,1.8447400018323798,0.5086177956595405,0.1784776236509531,-1.1920711601150509,0.03335715604480806,-0.7335238408514911,-1.3868207619323223,0.7266113782665923,-1.4690701945437328,-0.37698396373670023,-0.32420493274594386,-0.7594298542824582,-0.02891350690063453,-0.020891654917449518,0.041688341821837595,1.4672614382119313,-0.33532233822753055,0.8167193558435214,-0.07745176750313806,-1.0611727487394083,1.3439336918397693,-0.011429987385233329,0.8019626969131335,-0.35287178478937165,0.9945014878734755,-0.7266199523147638,1.8638309927184749,-0.798214722436246,-0.9773438742014893,2.1936896811941997,1.312420470710229,-0.04282254457303452,0.2980545611998789,0.6769311753061817,0.42847358217622417,1.7372799320682564,-0.5882524313058249,-0.15528426177389756,0.8478333045817291,-0.07293035605996949,-0.48809891373296554,0.4259209871387608,0.12602497339211546,1.5901374418296281,-0.4483399923895978,1.5033260032954945,1.424437890580211,1.1528298966653614,-1.0401525189449512,0.5487563403823554,0.30701134244727063,0.6247455174960184,0.8860054329271614,1.181959304668123,-0.5388065727189136,-0.8900206170819439,-0.2444437120146405,0.4576153477594151,0.7158549075776688,-0.6266702973600308,1.4945249500409619,1.480091022969728,1.5445485740855638,2.2204901406013824,-0.2708947536815487,1.1618945147834352,-0.1629193081793544,-1.6591112954365665,-0.4408637866718854,2.14448711118101,2.1193075362278675,-0.3880419724123995,-0.33760224737056377,-0.26884839063962407,-0.8193260235940928,0.5687457619398478,0.821533819953495,0.1222990124554066,-1.9328045569650107,-1.1502813332513255,0.14628592906781746,-1.3962774435128662,-0.9063484018093299,0.14497688765187167,-0.7555378535709977,-1.8813773050438893,0.46758981245111475,-1.1100923658844746,-1.2617508048351018,-0.30373497321698567,0.21130159119612618,0.7199395139362347,-0.16922620301188074,1.0087137412660998,0.15191744904221838,-0.4005296219101092,1.1712010729858868,-0.9952318743871377,-1.9340104647725243,-1.406239165821904,0.15520514002603303,0.8828075487693755,-0.0964604916434946,-1.772847676015809,-0.29755965732573403,0.2816557009177973,0.30514307537175245,-1.1267169314111556,1.1579265659475175,-0.6619090230001631,-0.83626577173828,1.076470259451834,-0.4722520093944278,1.5525550956121785,0.6217794440737487,0.38348312372105314,0.5782530595989166,-1.8084369216102754
9JD4_CD8_EM,1.2033028458334298,0.2458476017624277,-0.8987755116882444,-1.7936616927540443,1.2178572078112946,-0.017566877359035383,-0.18258305863729699,1.5825321145867797,1.0964820362204564,0.36635142148937916,-0.2621158916233439,-0.5164894256087511,0.6263166341961236,0.5676841928258181,0.8568408925015674,-0.012668741026006479,-0.28959114709886324,-0.8132361602226482,1.3001346307742827,-1.0649743299102812,0.10413525202995094,1.223778660961518,0.6331655675208524,2.1536758925087827,-1.2092806573938186,1.3689614838588424,0.5434821314778583,-1.6265340822994478,1.059927761293379,0.01906168358638462,-1.3537599360556891,-1.0199321303235447,0.5135702848675554,0.29186479965232187,0.501299046980256,1.661589838041823,-0.577490744736567,-0.8071802008828125,0.7331342996385759,2.1421396698355233,-1.4925243980962866,-1.0965361472639468,-0.7340676477093894,1.5012438475266674,0.32795163403091787,0.6476145061690433,0.7692994351395266,-0.8619798012021342,0.12191594520963288,-0.9563740446591097,0.48391297645887993,1.6143038383239174,0.23565806939301945,1.1735999269109985,0.6861286482751823,-1.2971841523459469,-0.6655997242788728,2.351024844129426,1.9710090347262328,0.2173284180234987,-1.557881669047853,0.40025068317065077,-0.10500862997721563,-0.5946117204269157,-0.16113667024122072,-1.464165155623595,-1.6474575684434443,1.556746877794804,-2.0021711596055183,-0.40827306162955146,1.1161864726505433,0.694130550280473,0.05167719697802114,-1.3046757270046496,-0.3052471324908821,0.9818323148702205,0.29035075449813086,-0.11645233850037766,0.09272711333945366,1.8372296407048572,-0.8695643514316418,1.0518967284584917,0.47402251953186353,0.21160094555398942,-1.3231024349829945,0.7527198609541876,-1.0892725152927238,0.29503666190801847,1.0853413952554047,-0.15182995747788558,1.1177919122696034,1.007129329878775,0.08807944485757332,0.8904841537147896,0.10433290903578006,-1.1325610777197908,-0.8463479686215308,-0.6151978668869633,-0.9695063285913474,1.3201612195565982,-1.8648530700159782,-0.9711394694689386,-1.2115755814642817,2.3719648864967278,1.5418605440811362,0.217755102965293,-1.3036855088624728,-1.588799321481009,0.8159157284701779,0.5596201780599723,1.3999241070077095,1.3839132626911157,0.6849995374659517,0.28499698645542987,1.557865727088478,-1.7030567957133358,1.7353817213936993,1.1720278954499883,0.8106955450473483,0.9454609428784266,-0.31175068779806137,-0.30383976709944926,2.1498042056640445,0.3107181023616647,2.1409300501127992,-0.7195298236249256,-0.3363596205991032,0.9856033393506577,-0.33274707237592543,1.3376903679556351,-1.7129813402640475,0.31500615440584395,-0.3413422731838331,-1.3267761375386287,0.057344704599603315,1.7434643395633627,-1.1658179583404509,0.6353539935548561,-1.0372776273402824,1.1122658485360541,-0.24624258319503248,0.3939041016858405,-1.0720436745803719,-0.49188549290788847,-1.5384240782513219,1.602705455252228,-0.43064616974862024,0.3062390775734741,0.03277332440934824,-0.7627046953530787,0.9973347147117184,-1.0637553198268828,-1.0534901603448354,1.6105845247193524,0.8106302409842385,-0.5668547746398114,0.7407344816206204,0.4534604530282215,-0.39073915966244904,-0.09353439697178521,0.1555904079048413,1.7770523129124063,1.3314854327667642,0.8146881868758034,0.08368259371866422,-0.7110679898259105,-0.25102057380320214,1.8139648447149814,1.1915580261611987,0.3703452904151823,-1.0652158556750542,-0.7203437291467144,0.5226172508313186,-1.4153486967253956,-0.1580642687133984,0.6924858029286101,-1.440383312382057,-0.7221043819531285,-0.2886869925188728,1.4540798972729774,0.24357606685558944,1.8460144277573547,1.1413442888269898,0.591000791384386,0.41768443800850796,0.02959786275252714,1.4785574914391069,1.1030882830923523,0.9419340138058433,-0.7548352463618043,-1.5553594161012898,0.1519866736922138,-0.061677546444474596,1.5467874383806581,0.9971754482078676,0.8502519754590387,1.8381007648147463,1.0746633035694053,0.5526790594847466,1.164658926040983
9JD4_CD8_TE,-0.08800402095990466,0.659743682727083,0.9954860281207187,1.0483111330944963,-1.8660449991860877,0.3108574529693453,2.0524494797631916,-1.5066425111017105,1.0073833573656081,0.5392348604147352,1.1379818905059707,1.6130494546985905,-0.7608688526626426,0.41990655210867367,-1.0218616979952173,0.5925429800515198,0.48931153181713855,-1.3777654378238031,0.6206447376430795,0.7474969509970166,0.5449796495135292,-0.994473540615367,-0.6951686003178285,2.044755903562333,-0.4364685108052107,-1.2259705880460374,-0.8971502316915018,0.11811770046879037,0.38881230690566443,1.1072986326937477,-0.16399979752220736,-0.14957745047355603,0.49966857586607166,1.4673394036744256,0.7678721986410892,0.315027887162092,0.6328119198919746,0.5678185270548296,1.1892787390692119,-0.9972355125067247,-0.7922924858504067,1.8835299465724697,0.45737773386779607,1.6383086041470436,0.3683437729447779,-1.081411605521851,1.9578272559552434,0.8937274607642656,1.075632681967237,-0.6785748163321709,1.7864754959288056,0.44263561280134067,1.5059630868466614,-1.2145892572269639,-0.4957350734348566,1.3216066094803722,0.3654283692212962,-1.823954339343837,0.2312985689006095,0.509584499437805,0.9642399253750856,0.1290865084258645,-1.4921531834484905,-1.312165791910239,-1.4940481102468341,1.5339037357842664,-0.732149886853816,0.6804999654260773,0.37144399721536897,-0.312778967367414,-0.41754027714537617,1.5822525854147234,0.1900478648370335,0.8114050515241411,-0.2559214890119717,0.9080161643422741,1.4682093364230906,-0.41787114879237003,-0.49382010707706225,-0.1418671394754477,-0.08966244476337087,0.4688961241368366,-1.9010358791624902,-1.9294760828737216,-0.22507123154316253,-0.6265217877989837,1.8143491346468936,0.870547707639372,0.10656544557332231,0.03916668483154033,1.0400285358277104,-0.28704140009322116,2.042524955994246,1.2866798820706795,1.5918828645513794,0.8010860237474693,-1.0103687057906607,-0.9737890994303697,0.6660833354470376,-1.6385793994949895,-0.8595772206517743,0.20345700238699913,-0.6258612057738344,-0.4961585943157949,1.5859282759937268,-0.8592160180707084,1.001786568041366,1.3474556751258249,-0.03715670952493777,0.44650212090099783,-0.6891227005619398,1.7278744996510889,1.1813315728566105,-0.3320541106104009,-2.0371459034849266,0.3936130396259396,-1.1795082942075068,-0.5141263192012778,1.3907247311216342,-0.19950198341975503,1.0095836124307616,0.23110477882484004,-0.502884179770156,-1.5761789605653367,1.4099813360781024,0.41318473778852444,1.7280054988656253,-1.5698458747313706,-1.0161692368213475,0.24696573715619724,-0.21776453962159842,-0.07243864063079035,0.057553753797099316,-0.3998508297791861,1.5868053729706266,-1.6019421707178325,-1.0243612226088685,-0.009728937961494925,0.6998615255628113,-0.26050350229721575,0.12117331417564374,1.5601435026577362,-0.23188803295058832,-1.2665284929555485,-0.3971319007501706,-1.4403658940198296,-0.6671994059078423,-0.04787844892687136,0.2604438298819009,-0.10749302998178359,-0.6425938971382004,-1.1243881928911552,0.5094417239642747,-0.44978297923763827,-1.346868353827358,-1.8380203552122452,0.4641761485721428,-1.3390893733182763,0.37964202804189845,1.324480988002515,-0.5916406276094845,1.2380314365771325,0.898886361417373,0.7295183938873679,1.2445704950686005,-0.3057895629972023,-0.3364571561654556,-1.0762332810704989,1.5532367875488904,-0.5379343833204614,0.5829599544008112,1.3547846478761878,0.7861336876603047,-1.559389756275729,1.3769588767057601,-0.36462692344788056,1.0918800974919838,1.7420789217746622,0.21288252793328846,-0.44466966661758606,1.5953386511311247,2.1274625322522533,0.12342763609605217,-1.028966159797448,1.6795071353833233,-0.9358682151489316,0.3775010892429105,2.243037487530758,0.25317559193050976,1.0494500825322872,-1.0869149038036512,1.463765904500015,2.4317013100430036,0.8013803129271551,0.22549555345003716,-0.34242752335395926,-0.47992639558361866,1.8980913351425146,-0.3194371871868092,-1.0467613846209112
9JD4_MAIT,-0.12992845945639422,1.3089113155664918,-0.030968304419923286,0.7780191765346605,-0.8831903473970885,0.3881832991962919,0.5098654018456457,-0.8032058410117608,-1.9868473012538546,1.82094650609597,-0.7932481479744392,-0.1744811864131997,-1.181808906543712,0.6349401813599438,1.22103083398693,-1.1976977874489125,0.22851901329784655,0.6664271682117402,-1.2072189891581948,1.5331731577608405,0.6864393302878942,1.9036705072342128,1.6287845757511161,-1.8500655581295684,-1.1977662564653315,0.7752640247730567,-1.4543901526602863,2.006946367035628,1.6991598487709496,-0.5115745633887511,-1.9751070079304878,-0.6988064173182088,0.6382444539400278,0.4068136562226808,-1.7236186968843583,-1.7391643101706584,0.44902594047446526,0.31510967329221157,1.1050804201748368,-0.31866867273461025,-0.6374240920565034,1.54284679669461,-1.7163545624210683,0.4257212412225108,-1.3587386145676714,-0.49804592840835904,-0.2442050280211152,0.43221181966655925,0.015608301073741067,1.0463978399236888,-1.7029858161370999,0.17489519866383468,1.403678070985178,-1.3047485127527476,-0.8154322954822585,-1.810245445909667,0.736982004675021,0.7852049852807848,-0.8309501782546276,-0.23372421458894604,0.30563925434523076,-1.3418390235322182,-0.5643538415981929,-0.736934029665197,-1.5424410633028982,0.5403222421044839,0.7245593992925551,0.1627996791881572,-0.4782234160691645,0.9066462064665006,-0.6182990900742733,-1.3174373177491927,1.4978161227368256,-0.10816615889101194,0.9926240661924689,0.837031786565133,-1.0430253099149798,-0.4639540135742309,1.5169643124463372,-1.3694029598673803,-0.9602291879077604,-1.7596858322020283,0.011621775673767048,1.2330959783814273,0.36864949483855325,-1.1998089451313958,0.21861541197327677,0.08384401478155978,-0.2971979937582523,-0.826732652230764,-0.5429699251198963,-0.22841364059708497,-0.6898884432872548,1.239454373835487,0.7187321014940317,-1.1208938372285906,1.0304005754059755,-0.41640066787694235,0.7798240191690871,-0.9154958128214753,1.4701170242502,-0.0809063324551397,-0.3538025401953839,0.3081511839434173,0.8060640949465181,0.3790925993156143,1.4884260135170275,-1.0251350122324876,2.312736228124273,-1.2881532977727532,-0.642087741580234,-1.768602384883056,1.4177391686267473,-0.4678689989344458,1.6739768882920691,1.4635200060063995,0.7184725614683993,-0.8278496871237094,-1.1205769098961285,-0.8859429535203345,-0.6038110776899224,1.1380433884037353,2.084893633724397,-1.3247144223227822,-1.6324923692521494,1.9247080191815582,0.8228285049252647,1.3187368497277185,0.2780279579607619,-1.2994983622315601,0.09753545187894838,-1.9795438401863448,-0.25255845427928797,1.9581576328518826,0.2019787099577407,0.7847001598641914,-0.20639863489717095,-1.4419628087294487,1.5856938515036754,1.3445977052011957,0.3326517470468665,-0.4250265194093106,-0.7460790595914131,0.3996849547735046,2.070704343840498,0.10066779703661385,-1.0952899890323133,2.1331801966287447,-1.3066731189099017,-0.026575473793981542,-0.4089685968540363,-1.2283673629284901,-0.09960027227407837,-0.584777018685885,0.40735942395887503,-0.7123262710332366,-0.3416787039765717,1.4924233793045163,-0.4306327586634623,0.2310963065624177,0.5138273324611737,-1.1474100718320632,-0.7784892048109268,-0.7711388403493595,1.265008141296475,0.8969657914830973,0.35823612590881926,0.9769214718827718,0.4775560447624988,1.0408295279356348,-0.6118091620739744,0.7360774980796274,1.5454252707262022,-0.8101844368144013,-0.9409432795326224,-1.1164614851802563,-1.2075645588409516,1.1644562131302802,-0.9676569984791393,0.3602200794028831,0.8958973416264284,0.8062148212536339,-0.1342605064290806,-1.2473562594953977,0.9694754297862365,0.9418328196474207,-1.2005218913278013,-0.17247755837458864,-1.2126744970573886,-1.200541177888277,1.354113155912718,-0.8508098090276764,1.8748730010075783,-1.5120523667368342,0.3273308102422338,-0.48970254169911404,0.28656238972345754,1.4138851009003244,-1.2688578355557403,1.2317232603071973
9JD4_VD2+,-1.2340795361743284,-0.23110506917345564,0.6999428866562788,-0.3332476397519577,-1.9449356925742332,2.204984887300395,-0.07909326723942331,2.009213072746632,0.769187441612898,-1.842282491067451,0.9721305615322847,-1.4515690633202492,1.6256210251983578,-1.7485468060066438,0.3457664606568599,1.0388946256441938,-0.1740767587260439,-1.6331026292107425,1.2757595178601662,-0.9315588833898678,-0.15241130222810484,1.2685756796501475,-0.5211572384175993,2.022334828532923,0.41052911512856394,1.4843421133669712,1.3142068313334836,-1.1110717459541615,-1.169681607513631,-1.5829606387834365,-0.31828487751164347,0.7201323992964772,-1.0061925649176826,0.16848881323603213,-1.0371006115940862,1.103571021718164,0.3720710724889306,0.49117627191891344,-0.20573202293832807,0.1836883244199974,-1.5529374903595967,-0.41032226924013376,-0.6604130489489656,-1.9591221322338328,-1.107456023685727,1.2740625787239324,1.001672366076645,0.23593380960978894,2.1711326325583213,-1.2945539788431268,-0.07500980580931381,0.0774802369962233,0.1568507201261819,-0.8290438583700641,0.6691100138010747,0.08734979976133429,-0.019485473456850942,1.2010555114773664,0.6609004011596001,0.8756548652001879,0.3404411287033725,-0.14988986934240986,-0.22840564655177364,-0.09750254413432749,-1.169977383573568,1.6927279568856286,0.1092149312650493,0.5395826611590825,-1.3317695726103143,-0.022999288421979347,0.9645044905063174,0.9444798756347305,-1.41466762474391,0.12067348269729461,1.3700416733477998,1.503013449533365,-1.2124487581733197,1.091726087779634,1.1699772941000692,0.04517928314529694,0.9986377644931218,-0.16562876363749493,0.3993367361550702,-0.868984501827431,1.1351434174039585,0.5367820272747938,0.7328798051976982,0.4659204156195557,1.4045699424695277,-1.2363226734234787,-0.22854282535008377,0.1547970666055568,-0.8420601096140896,-0.12547860530769978,0.5057527238394568,0.8391597181298659,-1.2583654956053603,-0.36027321834126663,-1.5358607334359122,-1.4728717122604142,0.7456704896380458,0.0927702117427819,1.340748255553548,1.8360116428365874,-1.174323814861426,-1.9567613643313517,-0.5802140129706526,1.220632734674936,0.2855623418241288,0.7613889826578865,-0.33779300296489173,0.5398510795286529,-0.3403846903862962,0.32930551115945866,0.7448026499598317,0.5631463219650052,-0.2737550985942303,-0.9369066807908609,0.24972676051018552,-0.18394186900954004,0.9213098962113775,-0.25578629631574584,1.8716071313764533,-0.643764918618202,-0.6957231403979929,0.9112487776720276,-0.9304202252131308,1.3645325393286656,-1.0322734943573626,-1.9599664817960234,0.12261943928194827,0.6057336186644153,1.1314268548323099,0.3072063729515661,1.444953205661092,-0.7958768426496139,-0.7126484369972553,0.34352789204782325,0.30660003281125203,0.895541300539305,-0.27797522199216945,-1.5475903704337273,-0.32092345304425873,1.4415114943203076,-0.01699641802351579,-1.1729750536950596,0.624796565365637,1.8545651662525835,1.0905854290245423,0.8469757232989551,-0.6070645976738794,1.3570598004119598,-0.6601970907062351,0.8802473431965228,-1.6001514587075,1.4886243092687799,1.271133888839193,-0.7053841375819861,-1.1313287251725892,-1.2123294326777423,-0.8271811380535035,1.0507025299103894,0.1560927695428225,-0.6304797365901281,-0.6897128381361878,-0.9665602851229708,-0.853745103086152,-0.4741170021087792,-0.7062853554760705,-1.4375811438200994,0.6658558774057325,0.02876077232403187,-0.4136560916775979,1.359933854530557,1.24792183352329,-1.7045321172289256,-1.4161267842601937,0.41465594184945126,0.26695680255858534,0.43407499186346543,-1.6003014790786192,-1.881473555533555,0.49567652101080345,2.032582296274001,-0.19983009540026261,0.4315547668956264,1.367503260440007,0.23420716041019723,1.0415383798486888,0.9631829778736866,-0.042152535900132154,-0.3490305945768473,0.754454678126743,1.9923351249313868,-0.5105652717148317,-0.802905729981881,-0.4471516073795448,1.1015834432449354,1.4006415675613275,-0.8873500298707057
9JD4_VD2-,0.4739860687409636,-0.34494747365913775,0.41762448940475955,-0.021885152817557395,1.4812855516275567,-1.8657308251704678,-0.38749826160922923,0.39721198531343355,-0.7925529903632409,1.7445818687721135,-1.459843863228154,1.1803977401624663,0.4567237151677646,-0.13189873067389019,-1.0743271161715289,0.8000716847182509,1.2875690909036335,-0.8317762317674182,0.085584786218681,-1.5231171727016175,0.2909844526841084,-0.9204820698481564,-1.0748090138305522,-0.9599653687636417,0.4109211857414782,0.38349025606586623,1.0518395063836197,-0.26188672689485687,-1.1117678021679251,-0.040175564588124706,1.4999769922428106,0.2335332831592732,-0.018400750744078268,0.7397575366423388,0.2478607644287661,-0.9047184241360248,-0.15422048611256356,-0.2182457668568682,-1.2548041887117902,-1.2111925647949282,-1.1581256386588945,0.6826526389399984,-0.20595042950542783,2.0752185574386783,-1.0760796990457033,2.333285315118398,-0.4223764116274058,-1.5964316515020258,-0.11272691331790939,-0.02007526569299184,0.8115714626956603,0.2650759030033533,0.5687230677732915,1.6011896212099468,0.4081700363406803,0.3349909238694363,-1.1272830015355866,-0.6573988831964109,-0.19497206363578287,-0.8998188954382744,0.5981484914846615,-1.8503655069587452,1.8308270270028786,-0.6516967794697384,1.4441892493233646,-0.5830537278047981,0.5701219861197028,-0.24182711257165132,0.45154928907263947,-0.3421974173411878,0.7476326755924293,-0.2529353720748148,1.4823156604606549,1.2690749208594794,-0.4712940600843029,-1.4119101429967162,-0.846936679306463,0.5848159959568414,1.0145060406919568,0.9361095733563403,-0.03339427936899285,-0.47419444489669377,0.019525067567108288,-0.04688557181772673,1.1012576090675397,1.580567407776179,-0.41938623300112876,-1.6969829619515528,1.153291042235476,1.2187862491234616,-1.8225390051689556,-0.7615601556353038,-0.7409030157953822,0.5747734589124661,1.5423633566095751,1.692372061137941,-1.0213488058506883,-0.8486504193823227,0.5547121743879199,0.9053689122358881,0.4207601534664898,0.634853840870072,0.8782045835579387,0.025591770184814323,0.7001955112071421,-0.4852215083215587,-0.7770960735388666,0.3680640749409645,1.6630504169152815,-1.5070870665822735,-0.9698028221126421,-1.1117281661882845,-1.2447359000524036,0.4293235688867411,1.2728294826665651,-1.0820581634620579,1.2889288569839676,1.2190771229995,-0.6285229541203287,0.26821179958321206,1.7975858955857604,0.667171514535295,1.1900086261082166,1.8991575118697084,0.7637511307551302,0.5907688996420917,-0.34694781555492005,-0.7133747195225077,0.5828305716829867,-1.6855862182390318,1.079980301882234,1.8901644489450478,0.4951721145257699,1.0937343029940183,-0.06986470291704532,-1.5316849873219458,1.3695204642121273,-1.2283579969183998,1.1070763532823404,0.9302537359798398,1.013220462445975,1.6511481352621526,0.8180963277587401,0.4171808271607551,-0.6222752464192461,-0.9823014956821688,-1.159018436196259,-0.47650811375450935,0.9754334396335588,0.4519076741493407,-0.1416022471714622,1.4998718888461502,1.8989468836916266,-0.09728236377331867,1.2662388494006938,0.31051667256262566,1.108759540801725,-0.49388575591729045,-1.1664709463302827,-1.5842010685061236,0.7911640727780098,-0.2011376236757624,0.5895984304052502,0.16587924391434297,0.8450382679510956,1.6185431835152804,0.9534011071939759,-1.1369500234422718,-1.4388835594762153,-0.4090368223444712,1.1188430080753093,0.47823369893539336,1.6385537053586918,0.2679307046254005,0.2394730874028161,-0.7492903671857544,-0.6018823446605746,-0.9384130358984781,0.2370830847482479,-1.8119402480813063,1.728889912824989,2.064800617188829,0.25186725630202544,-1.4477093961302752,1.791240617957024,0.4652203331514805,0.6259778337823058,1.9148072590236276,1.6736503763842734,-0.6725120239622421,1.0965451798595058,0.8087094623859181,-0.9860759099247167,0.5117692076603445,1.990516219013351,0.21641826516992635,-0.6676598335238431,0.16328926916435735,1.971632607559312,-0.7759730374108388
9JD4_TFH,1.1072600089863545,-0.3529996009933138,1.033924586040958,-0.5922278903625748,-1.3212117711334144,-1.6611177473743644,0.006893948660117184,1.0867562159634423,-0.9768199056404236,1.112890577796727,-0.5199549743811297,-0.41929950715735587,-1.0506439502609037,-0.880209947171321,1.6010921934774418,1.0027309270309213,1.594814450681668,0.9808302333397085,-0.9624449801831594,1.4664619377663035,1.0332381163587836,0.14090280452153406,-0.9383235460323748,-1.1044921061121085,-0.0035387312838808284,-0.24824601350429112,-0.527651382526685,0.8026842219027838,-0.4674144827532125,1.0849754087249595,0.26517014538979056,0.2652804825434668,-0.3506146338528333,-0.9476435791118302,-1.0662256987548764,-0.6002808680543227,-1.4029956461793114,-0.6048006583382572,2.1897589358910756,1.207126614565109,-0.5550348539342858,-0.7453596389912905,1.052423863700184,1.6320868130876676,-0.7463180138498677,1.3413118230682417,-1.7336004108400818,-0.9508591134922896,-0.8893139998342975,1.7209606743710257,0.22816899697362336,1.1053970048133788,1.5235006750309932,-0.5095935172473983,0.6880638870631275,-0.045979945741266556,0.26632909018654777,-1.717473730974727,1.2507417705523878,-0.3070259901151681,-0.16417821778477076,-0.13006036524592357,-0.8871001234456829,1.6563217205562741,0.13577983357707346,-0.5018277921767468,-0.14943229214641046,-0.09551060569361657,0.3210690613962102,-0.17421465022327967,-0.7071817524456806,0.028094978648487513,0.2979590764754033,1.007740281560357,-0.03878809784784374,1.1204313853914998,0.4348811693201855,0.387032739522702,-0.11730451596077314,0.623879770116848,-0.2635201889788546,0.9767739628325939,1.8709631583528223,-0.22972330738839825,0.5429069337261956,-0.9821021376215242,2.145327827229979,-1.3786104760360005,-1.2893237834072615,0.29165000525705137,1.6930389348320554,-0.13572144664011562,-1.414172022395504,0.028656172060539133,0.3797634813453376,-0.4005327564722306,0.044996677745830466,0.9677168778575419,-1.6228828220812364,-1.2404701953584552,0.49164554310645503,-1.7119199535671181,-0.7828887071106444,1.2129094740449915,-0.0002552623706455068,-1.2015474970841356,0.9194578696574839,-1.37050907876678,-1.1327626519317742,-1.5872976715916243,-0.24786630773157559,1.5777344751331663,-0.5566990192889849,-0.26948016395004115,-0.8239687048745543,-0.28145953789883743,-0.35379005313839285,-0.4817243239071465,1.2191438366121035,0.14305590892310444,-1.4791393829504262,1.2434361617810978,0.6103507128874872,0.2245092139563665,-1.0259124704415818,0.9300559508168247,0.7314683441746287,1.0476394478654372,-0.3585498223627173,-0.9348596017143812,-1.320459959600603,-0.27916279863792304,0.06894239499293923,-0.5659698618088014,0.527121874110383,-0.6386238791426408,0.29844714173511017,0.19079156429710287,-0.5219621519879676,-0.6880283398304092,0.15509228640388895,-0.024992361123242077,0.37296629919332397,-0.4433963155078726,0.27542013579767255,0.9993055636444164,-0.44243432677505756,-1.9005586474291027,-0.08475373463253388,0.861727733013547,-0.20791675935528478,1.2062225913564757,0.37849108442699075,-0.8514837013911537,0.735610226044767,-1.0005338159951411,1.3639274695845112,-1.2507012244633717,-1.645140228617838,0.21649297135698947,0.7431549267883495,0.9444673181057345,-1.3185938992149655,-1.1643978541783442,-1.023009614333593,-0.1482359306832436,-0.3893658878795718,0.035364099781623214,0.32778942262243843,1.3011622895215562,1.247293581026794,-0.7889262614162087,-0.9577185186060116,-0.7528224582262154,-0.502181545867655,-0.8160663597984958,1.3049518754864713,0.4856626240690169,0.3313339312868281,-1.562095313494344,-0.20073520711062204,-0.1333111620609291,-0.9378651195153666,-1.2052372106470663,-0.47620397808502496,1.7242214686240849,0.9689923725631157,0.6914387319029824,-1.045829605742812,-0.5571747027593128,1.9924507431682545,1.5351219646930339,-1.109426697555225,-0.5010175615323914,-0.16183942149842473,-1.0963303739839902,0.14644837602797867,-0.5671368508090633,1.5192779327678891,1.8237721622284135
9JD4_Treg,-1.4335792487506667,-0.9308182106674049,1.0673584114548862,0.07055465832657994,0.4489399329877177,-0.03059747317380103,-1.3219175247933566,0.13556111751510364,0.5115845899123839,-1.5507146319115914,-1.2830138567063143,-0.7596850446539603,0.09564148522490304,1.0938913987670205,1.4786573294202185,0.30908209221734256,2.1432372284882777,0.23872090116860675,0.7502285812689674,0.2635866727810321,-0.16533741662420187,0.6763112167410243,-1.2410733507827607,-0.6521594913422555,2.1415750407276075,1.9259177042715907,-0.6813991770961302,-0.6471434358173724,-1.7879255045142979,0.3268525758922718,-0.9035177496263942,0.9873785081745795,-1.239493548365274,-0.6382343980292184,0.5145320970265576,1.164198958118659,0.7524724352209878,1.2285959474772767,0.6661600924252705,-1.5514523011357604,0.7339364371341563,-2.2932157926338683,-0.9670463386800293,0.9210154458875444,0.36738248251656624,1.073184931514187,1.2891289066134988,1.0137378555385164,0.8918974548846166,0.9995725345504296,-1.127995131748956,2.1958072842117424,-0.02102806740016892,-0.8653858144241889,1.1460348131800209,-0.9019898825297001,-1.142177229067372,-0.261391113546066,0.2745693214572745,-1.2393468974326367,-1.8128247596525304,-1.099668130532049,0.7436985419519245,-0.6294230267927807,1.7157029638132617,1.4053957018794652,-0.0480830282231348,0.7544741689086937,1.2993486308138602,1.1429713604969647,-0.30414257571990366,0.28602410770553127,1.9089493693469075,1.7938680500122242,-1.9270895468512734,0.14656904554194342,1.5581350597264987,1.7542259016325223,-1.734682722789702,-0.7559950298278753,-0.2493871755128696,0.4662460672585253,-0.1812569594880389,-0.3062922859070121,1.9643237827236288,0.6851183353244387,-1.359682842448044,1.2771795041068883,-1.3095363899459609,-0.2336355142041886,0.2921691476759547,-0.44922943315493996,0.31833134272945374,0.9504774302315858,-1.6152249329948647,-0.9483419195593766,0.2839416280295419,0.019291723843249658,0.9698838408119966,-0.47778141431161425,1.1512118489803131,1.0578587019651706,0.2476879033125883,0.9929394990500561,1.8766456376732505,0.37417846099379687,0.1436259006786933,-1.5781517203211815,1.1280802953212075,0.7251267903384456,0.3352564391502945,1.3920065389631502,-0.9910844710267597,-0.2742954703140474,2.1449504428231156,1.2092220470725574,-0.3778348980261489,-0.2085644333174319,1.3028834510491154,-1.693720206746436,-1.3507350448929385,1.3295270556892944,1.413969576180139,1.2080733123325753,-1.818594761195014,-0.9481557340027423,-1.3376227246376498,0.4339761943619602,1.7438865040160032,1.0428005516780408,0.5944123115048177,-0.7263318913489839,-0.8716868990069692,1.8029362120624368,-1.145491871063157,1.6519199907350681,0.7429433563542309,0.7912233334805766,1.8139772500719864,-0.5496659773388027,-1.4256764486505438,1.653095713551852,-0.05832771750929498,0.4297179354373317,1.0623853425793655,0.3315299613480288,0.489978857412738,0.2127995211392736,0.908689783141672,0.08397091763492474,-1.114412916650045,-1.1551512569464637,1.3029591827706277,-1.5446909007425376,1.1302777441449163,-0.6400005152324467,0.16024008531800063,-1.3165750032910655,1.5478682229124954,-1.2622431300464048,1.8523982169111584,0.6415171723989361,0.8082799769886756,-0.9297107677595546,0.7077658836986542,0.9152480372545376,-0.48018849257401386,-0.3987519415616921,0.5142229161692975,-2.0016859072882474,-0.0128427284605802,-0.6044248275983605,0.30873072262350365,-0.45768354178493786,0.4303192148760761,-0.7093915071589899,0.799236293652267,-0.1997295402411548,-0.2980536947339665,0.35189702531704575,-1.3161029906710742,1.2193101606351981,0.7246087866714068,0.03418188186291154,-2.0683527600747253,1.477884285517588,0.48027548520588487,-0.4424881889234355,1.2191908453294893,-0.46697482993627837,-0.11940504170671001,0.08049356727234233,0.857649196503966,-0.15856446836183058,-0.7793293475495232,1.2083851443620637,-1.990180823464287,0.5178304872178595,-0.7777736095509465,-0.8352519806309113
9JD4_Th1,-0.45571747460564765,0.7489576265494887,0.44990618803389376,-0.6788488054900537,-0.08320773403782575,-1.4267115555558558,0.7586123761130444,0.544277661719351,-0.3103144852967729,0.8437682178235998,0.7831729074843484,1.0648896665925895,0.7797483531004976,-0.48331295896912685,1.1622167376443298,2.1307898396054403,-0.5107138469052229,-1.14205711908177,-0.429981707194315,0.33066468858633674,0.7325768131542892,0.4127242834953122,0.6921002759496001,-0.34632921731624927,-0.07069595387773062,-1.1261549628553098,-1.0698070510445563,-1.7265773215031184,-0.08715846256170887,-0.4841052254109879,0.29491804868043897,-1.6186269238758002,-0.735579180573541,-0.6837028276847272,0.45331917575984804,-0.5706233279199793,-0.4564009128562994,1.2537569588336765,0.16667228468790185,0.6567502638175984,-1.812529252641544,0.04709173886711862,-0.9510461630280351,1.3482459305309415,-0.24119714105048265,0.3290161657539532,-1.0875361272284891,-0.8971159168215754,-1.7066948349049105,-1.7029590543552655,1.3565189250870902,-0.5595058128452461,1.841359221284937,0.8403492206505369,1.5978740420572983,0.5254528529545627,0.22334273123478265,0.9818609294463395,1.1252087106276514,1.221028760896289,-0.723448435982877,0.741999185650867,0.938005169204881,0.985444766467342,-0.5620587042376968,-1.5330776162515194,-1.64434398976262,-0.512473918904163,-1.4032805114753957,-1.7374629234877952,0.8979050475412383,1.1819986178711097,1.5898471729149075,-0.41292205788544784,0.5974771108726344,-0.2285173992708171,2.1395133464809875,0.5797247453242365,-0.2962447354411482,-0.6622237610686869,0.4054602644052023,0.164844967462224,-0.5428044651366851,-0.3583636006546231,-1.7106029292623017,-1.1379057497187814,-0.3175052595347833,-0.9592107175500981,1.4150265203660366,0.6299692172129087,-1.759692882339835,0.7858784038286336,0.7189482145223355,0.12188812733747759,-0.25976526220929164,-0.8999941894714103,0.7426558084854739,-1.5542170604303431,0.8060596386584881,-0.3911562929666941,1.1457630820597795,-1.505268776378424,1.5799029303117136,-0.944344933355141,-0.04277495928161017,1.2728682604026555,1.3125890930262638,-0.4740762514621077,2.0863347041462514,1.7896607455708802,1.0737865232181136,0.4823259499834894,-1.0762611275243918,0.18511757768104417,-0.385202026839927,1.581654267224753,-1.1565541456719177,-0.03328308723072408,1.0927516867114737,-0.29832722739795736,0.6842874459045694,-1.361845892346726,1.3841919468490933,-0.5403327736688744,0.5764412618851901,0.047703344479086786,-0.1244519862724294,-0.49108312684494543,-0.4453990879117674,0.12177147891923593,0.7764003744221973,-1.3307375859125163,0.8088748239539859,0.9915355777033029,-0.39334943580896586,0.3683376150503927,1.7658273023836135,-0.1825262488495172,0.12793051749469517,-0.7530129365360949,0.10734304944012743,-1.9441257601013537,-1.1987313520724563,0.845209103870995,1.5038816577929415,-0.6292412671340455,0.903270637845433,-0.018058934299131295,0.8096574546624471,-0.4609041069114475,0.15631825799297783,-1.4302930212195104,-0.9733000304901939,-0.48731886204170144,0.2348166346988368,0.6486718862996242,1.4073990234905043,-0.4154752407272571,-0.4856418247417025,0.4165053601705958,1.9183807686693548,0.16698230123096422,2.113290005000658,0.45636306987315306,0.2579829117842469,-0.3916407187209803,-0.0966425157880716,1.6914695852357486,0.6964584178477885,1.3054627804668046,-1.6742173094433046,0.13630249311913176,-0.10179478084964956,-0.5348148399494238,-0.4967767102742553,0.9361812859020197,-1.3518768821474019,1.5163574428038251,0.6150008001400902,-1.2768239696327013,-1.3703191623066187,-0.2533453686492878,1.4682410443274723,0.256575625593883,0.6201061329737191,-0.5820844598364979,1.8514744266634822,-0.712197893266284,0.6681051056441877,0.08075684906912789,-0.9305889689391265,-0.06526238627267734,-1.3732840111280002,-1.6414705975828652,1.3966496206636296,1.0729065517015912,1.8701644584358548,-1.3150068993104824,0.2763824570007783,-0.22446846551276264
9JD4_Th1/Th17,1.3946258761428396,-1.7538943586663962,-1.2176235494158674,0.9195977623018375,-0.4922346566663615,-0.9582340233582343,1.0711870221186002,0.08880376906297832,1.064120064814474,-0.7365264675687787,1.796291176689629,0.6472210897297122,1.2403653715446126,-0.9158906184480856,0.34194994218500496,-1.6317501529009786,0.40637818697948064,-0.20073675164019517,0.7647727048649495,-1.1415254790785105,0.8871313771226531,0.3503323232987699,-1.2558770468960636,1.9467899889599543,0.19345652188868545,2.163548035070212,-2.0702911247863316,-0.9434251394580336,-0.7643388879513257,0.7586102484994836,-0.1510826510523588,-1.8398045771315508,-0.41501401940689175,1.5099862867019764,0.7676592153936884,0.6590131346154746,0.19124920435512657,0.1440974565830552,1.4574943411650532,-0.014934390088841515,-0.8490807009119933,0.7511330475403627,-0.27709109683683647,-0.6772462973001828,-1.4211168655782827,-1.3718190006957052,1.3403581794773227,-0.7298396267479872,0.5498948010475261,-0.2975535034947662,-0.6596091569324378,0.2589470278972119,0.39214728857550213,0.8847360582177732,-1.1190112788755657,1.9367504599699334,-0.23223131301843913,1.004832831033096,1.3313861386318653,-1.4765181792567488,1.5465219254511604,-0.012153943604149195,2.2109527203174464,1.6630598289766518,1.3844512121220083,0.9712614651665207,-0.44436052547761173,0.7541286555676426,0.44003514891181084,-0.14714626121423297,-0.1592523788570867,-0.8366855422517934,0.5962877845541587,-1.4972116556861628,-0.9391649990599569,0.24347315548926216,0.3249502171276494,-0.3958450732119865,0.9894659245003764,-0.3016061350711427,-1.7752189004362402,-1.08515695515411,0.9577146330949831,0.11574722911357191,1.1799803853459196,0.06923107234024942,0.37890740684405994,0.8321517415753844,0.46510193345661166,0.5467369450592385,1.8872208347148367,-1.4277488166733456,0.805947010451024,1.4180444935827754,-0.7657412779969954,0.803304037781643,1.2877411409980648,0.08994995158522147,-1.2124795748733757,-0.7592993119773676,1.115162913336221,2.023112192907507,-1.055753761174968,-1.2211023153951328,1.274043425503007,-0.2622996305955325,1.8719004558841077,0.6785687605732497,1.121864849665248,-1.420579207809994,-1.480735112194843,1.9486559235665168,-0.5160075621617892,0.8401001221137344,0.9484483691605429,-0.4798549562534646,-1.4468477123574786,-1.586779541580785,1.8150954130797254,1.6858702106699586,0.47599255356159337,0.5665929029267729,0.6113058998734127,1.4465591108540352,0.21071142086990952,-0.2727035275566034,-1.1383459429240033,0.9025769621242963,0.8841948535070063,-0.05856673508785103,0.2814569210417513,0.4848068526105057,1.397731318744294,-1.1780300741540894,-0.31706216137967574,-0.1631505522225476,1.7696097127199244,-0.9170652802032739,0.18466282270194484,-1.1539127404259637,0.15904642173156475,1.5764381799363811,0.12114942809997234,0.2788564125648496,-0.035888491475225166,-0.11662605433413022,1.0667960077096619,1.5978681279983982,0.5197443357263568,-0.3682066368018106,0.6930475140208548,0.9614971350848244,0.14102237698365833,1.4625729511208627,-0.771677582238233,0.9199439556221091,0.6007355950583233,-1.7927575308970762,-0.608980445326501,-1.0435242708726362,-0.5684749997824071,1.5861477418247059,0.8357162995163283,0.7888713143547267,-0.9867658661923825,-1.1477217752125304,-0.04090396804143246,0.832518236126359,0.5917187875552062,0.05497225802934083,2.2690882253276388,-0.578651503831196,-0.886687057505036,1.2829381582724233,0.2641735598290389,-1.5887230538512784,-0.8278143633942924,0.9017098096902437,1.1703767212478187,-0.7216782670521873,1.7302346718279253,-0.755803075104845,-0.7689997592604498,-1.6888694053867732,0.9236777908074327,1.1267506912988134,-0.8861702240515753,1.7821791160275564,0.06111597151941001,0.03042274978239271,1.4901362597101921,-0.8022728164015005,-0.32587575518980194,-0.6509846138517087,1.183234915518732,1.9265657692684028,-0.5395711763166797,-0.1686095165685329,0.024026132235847868,-0.2844763145904398
9JD4_Th17,1.675269262000264,-1.1119699058394503,2.0987108872719977,-0.5679799961729096,1.7045136900293263,1.268257889226904,-1.3636667594132854,-0.38276388445188225,-1.8496797933836706,-1.1449250128625388,0.7946626752452454,0.3632875798202267,1.0687044094238143,0.7769538915630597,-0.12812601115626468,-0.3270384596648556,-0.030817642228017056,-0.8525487529807402,-0.625723573941917,-1.5797744725280012,-0.7434907722540809,-0.9865896156104966,-1.2087348395699304,-1.0360705759755262,0.7486434509896807,1.479129801740195,0.9140033932685715,0.47341582387022185,1.3889197965463742,-0.5417161181816865,0.587196620674169,1.5699684421790105,0.6380034873970066,1.856361943572181,1.1046716066082523,-0.955175399225139,-0.4586606200430585,-1.362831930426159,-0.04347877983169734,0.9816121723880018,-1.142576440544113,0.42819323303071954,1.6594794354050573,0.8028464840941345,-0.3749726456753223,-1.781043382016346,1.5140585404085187,0.937881148274187,-1.3296935702985488,2.1389446276393507,-0.6198691869429325,0.30127332637742,1.3876869646470238,1.208127209238441,-1.4663434178185177,0.17588243436424833,1.3398964622372034,1.0972229538452452,1.0919634625038133,1.9875184794069358,1.1432693675140944,2.2909811115097534,-1.178432057570219,-0.3710299458600311,-0.9254025386703095,0.9933960415970312,2.015703088549996,-1.5333674740897274,-0.9604012264361642,-0.7908414213552668,-1.361759559373718,0.1031299586103961,1.7857345106357994,0.9800041858554431,-1.1487701148414198,1.3467565426321677,-0.31340584354254436,-1.1688028092384108,-1.288406459851144,-0.8683146205118922,1.3297145604107234,2.3200231330683465,0.6897110341178738,-0.5778195287600213,1.1264286007524316,-0.9359604123224257,-0.9629865411833307,0.28233087623851016,0.17446125313996583,1.1824274454899848,0.28298311520389685,1.8321374211037733,-1.1786823018592898,-1.3935856016234105,0.3851746939632311,-2.1356702984880465,0.05406275674976056,-0.42495102658411116,0.192601854143184,0.3492661507776783,-1.8300592242266962,0.7150553976297487,-0.8153819823701695,-0.8440044439511913,0.9461834165909448,2.1061643627299778,0.1514642973141412,-0.7504326360348942,0.0338473418676813,1.038052850541694,0.1322731258387687,-0.1929303505759646,-1.7515950697404157,1.391933068793968,-0.1362386645874711,1.582952768251947,-1.780265177087497,-0.9778569175023301,2.171082451577557,-0.10673535186089472,0.7361501493302577,-0.7516456503738651,0.11346687142595244,1.3420164455202337,-1.4250790582939012,-0.6278314004025101,-0.9520527479604893,-0.8492990309411536,-0.4537231648037847,-0.9438525237156152,0.27277326677930813,-1.2654710103690612,-1.9885283977258943,-1.2139057377064615,-1.647967769648931,0.4242269371339179,-0.20852637883625366,-0.833801044521431,0.8553283985335979,0.005809801170028103,-1.355968412551058,0.35748738714152367,1.2428649719449287,0.36081463704813677,-0.6236660146480556,0.369083811154028,-0.43237489702577886,0.19181223185702545,0.8580986480090325,-0.899852609783699,1.324114125240165,-0.9339993000688721,0.053004435880385864,0.3669098142777471,-1.1813734069848347,-1.0803195719953287,-1.3240764965554508,2.1340959646511304,0.34594402277318304,0.8292598878166371,-0.9350815864965832,1.3011144266951762,1.3903110559355645,0.26897851338423184,-0.6885008163797032,0.09690202407988366,0.21327853314967918,0.7211375375390956,0.9991818558321065,0.04423991025860311,0.4457065587307515,0.041879563747457264,0.06868312123389989,-2.0538301150426213,-0.1282807723965669,1.1395270394303199,-1.154536232429127,-0.015999197363827374,2.269667276724113,0.6740267225900166,1.257364672805846,-0.444082838236845,-0.5036177032474023,1.0693926820246398,0.11289679255927122,-0.22782043483391465,1.4885193519687223,-0.45922728712036864,1.8398790809804608,2.1332026628236274,0.22189724277918,1.4727780141688869,1.3828270510189036,-0.04333726936302724,1.895104710154126,1.7107004363064837,0.29155191744501097,0.2857793196448343,-1.4491326524600199,0.601950561276082
9JD4_Th2,0.8187603895925558,0.1288051462729407,0.8204364849973638,0.71037360305333,-1.3701312061122757,-0.2867365369698359,1.3601964080782787,-0.19068582769976555,-1.8504557857662367,0.07227973638543911,1.6700998424336237,1.3641263914358455,0.5933376533408395,0.33133794683362994,1.8296390077594245,0.8470249468931081,-0.9740957359874698,-1.497543804709823,0.48043044838197824,-1.337816097842092,0.4817374874310974,0.9160085403182776,0.9106985932265422,-0.8405815540139626,-1.2531311293789478,-0.5204301069625671,-0.35695225677196224,-0.820844760027902,1.1545697406659376,0.27728284834774075,0.06142244919853146,1.5599886518250052,-1.3617228190027884,-1.170935139876413,0.8769646776722371,-0.28798448590709436,0.7349231449818867,0.3486113633423062,1.9146944383455482,-1.0503716296304335,-1.2972613118136624,-1.0955008290850423,-0.006694071502608203,-1.3574961883146806,0.6603612742089604,-0.12425771721299525,-0.505450953723824,0.8576973045840992,-0.6571067707117754,-1.052274474702135,-0.563634662289722,-0.3720179409390133,0.041001121817594376,-0.01944959941043649,-0.23792908174968727,1.3876068940280022,1.1204461409066497,-1.0558306659370338,-0.953826182416987,-0.9834167279720231,2.0378603576034906,-0.36624726646295186,1.7921509129533297,0.881464737881305,-0.6458857715515886,-0.24697187794124092,-1.5522845606922915,-1.1673522719436384,0.23301109805268544,1.3964498678271728,1.7714413613787523,1.4123146029342137,-1.4565201772735699,2.0977702862682337,1.079313413501177,-0.6132705009075041,-0.16191527297269614,-1.12363732860883,1.0705957097816807,1.9356888928475209,-0.36915289161910075,0.28750468938532686,-0.21816023870282547,-1.3043767073220944,-0.38882886037005376,0.35954169606247877,-1.8748859967466154,-0.41919709395701293,0.8199242333642508,-1.0523095774138822,-0.9336263026598625,1.696477517118467,-0.08725766853268023,0.29931552693864266,-1.3184504403244675,0.5902376953903361,0.6196926497325208,1.8725188511842665,-1.1927869257162902,0.8371684447295391,0.828532495840443,1.5331118281882659,0.2408729569766003,-0.7698388119435488,-0.8685753599244508,0.6639157525320911,-1.085257526651025,0.43258393116991695,0.8447207529456545,-0.5772883624670524,0.5896740182483516,-1.3986324857016046,0.56503742130557,-0.515971428431569,0.16853767120933796,0.5331093693891665,-0.01757194707295428,0.5799201192965264,-1.5963900593318252,0.8300687199587532,0.16602136567775383,0.10145524709465713,-0.9733566404662617,0.6803523206562615,0.5955372343266078,-0.5359917021206638,1.1210186975648986,-1.3126370858876513,-0.07195939915463634,0.7974364011258462,1.051633527719529,-0.1828609298665462,-0.7284035424908514,0.7299133382558985,0.661375570201516,-1.5478483538295056,1.907346487208641,1.6742491644639614,1.1423000129968235,-0.46762955315428995,-0.03526706113888787,1.0267393774795515,-0.4831932510433265,-1.687078925325013,1.7824248090960726,-0.35411630801813154,-0.40229769028360957,0.8969139906054688,1.0273110478682506,0.11773625248742793,1.6408818303063144,1.066440301491795,0.5925425485286369,-0.8805679408258646,0.8142260277728519,0.43729417908153523,0.8018348563866624,0.8102099328067178,1.5126635719409771,-0.3592245479084902,-0.8748846865399748,-0.27191162090393745,-1.1606412629694827,-1.4842457207661688,1.0017726274013203,1.0574789285366484,-1.0154917152052467,0.7805980707002235,-1.2507002966554095,-0.36622946917787175,0.6603776190402834,1.0326472018917014,1.9521785862592973,0.7016845473197477,0.9547388946872936,0.2240948007652451,0.26272713913170076,0.8835532353493621,-1.2787620233695776,0.1507116885113008,0.591558895904765,0.6515968177166732,-0.5385761930683537,1.1733320468365613,-0.022398086201139467,-1.8590715372640974,1.0630763801595575,0.603055094883632,-0.2378914422487666,-1.3582183714330232,-0.10388914794827399,0.8516973152780257,0.7685644438704861,-0.5267122351481649,1.2862765790079145,-1.6151903175636215,2.055263524088411,0.6234040465653728,0.41105880666355016,0.6297763723367938
9JD4_CD4_naive,-0.3397478443719181,-1.888068050880127,1.2936214187462114,-0.021490628808124426,0.3231913119162221,-1.076195256196644,0.2960948737532649,0.5340865272437623,1.6652317277927462,-0.5195409528647918,-1.0472510309578027,-1.430299255588045,0.39471512258095853,-1.5866367579874496,-1.1237330682482585,-0.880381123455603,-1.423743087239379,0.556630286203334,0.733435841559091,-1.3844661732020347,1.4303709701663425,0.7390415094339985,1.550844880392195,-0.2035583106078351,-0.32860116919396454,-0.8716507666225652,2.059910121277356,1.8633839258997968,0.70419937588531,0.1879394775230556,0.26086950273156406,0.7259668587006262,0.7870856053138554,-0.8288717996249164,-0.3985872357712074,0.23535603265951432,2.046848007003986,-0.058958477988525056,-0.5474106396480292,-0.21245741009518293,0.08321393133972199,-0.9163803840706242,1.5408604910433805,-1.111312954643882,1.3033234292192581,-0.6286884157890386,0.7831600526043776,-0.8368258676042916,-0.6815949377031956,-0.5892811851231756,0.32306176257630637,-1.9686236777983137,0.3303920078755314,-0.5748364847784824,0.42920166848774227,-0.03238045282526555,-1.4975363431309288,-0.863264393103138,-0.010017920978844064,-0.4567519157620819,-1.4838568136546915,0.8141963973503539,1.1561990355511826,-0.7802361919892349,-1.4544638433274155,-0.5062431604775667,-0.7722312132183903,-1.491076121333868,1.7070420373804795,1.2309499335001244,-1.1953523371416077,-0.7867264163425868,0.5187083146432744,-0.35508129236034347,-1.419901498470371,-0.080234358099332,-1.2496001697690178,1.1976674576241995,-0.4449009822847653,0.1514832292644465,0.4736392393337609,-1.0258817745528082,-0.2822498585736295,0.534250447966432,-0.6243348002082458,1.3829035077355054,0.02210687847701543,-0.3003886583007452,-0.5026024989725103,1.6546421561401308,-0.7242392265235836,-1.0624254699442452,-0.9591096091506782,-0.46769156580315624,1.4843154839643597,-0.03962481565703192,0.10279494746933099,-1.3207021547482283,0.6263732784761402,0.010380835762972069,0.019329314144325774,-0.4534080487035979,-0.48917724048355565,-0.021026963613998657,-1.2814069822779701,0.27347937270678246,0.3345426326056731,-0.6111797176891315,1.2257866775872486,0.9462342934393929,0.8466010399788316,0.9230308945229917,-0.582685776168097,0.09952698546839302,-0.7409953002605881,-1.900284500043668,-0.38847884010122186,1.5437890353604222,-0.7926803281307897,-0.39623129203084284,1.5028213113328832,1.8301119876380452,0.47196810560730185,1.5257537312290494,1.3304886191071998,0.07757687754309901,-0.8100777411022967,1.8433436444807907,0.8573697493082535,-1.3789649393496444,-1.1948197217568826,0.6395338427880733,-0.792115652161849,-0.11405416457983272,-0.07717132022999774,-1.213619197934867,-0.9351639731338882,-0.6860604374732499,0.22157001964052253,-0.3726188820895067,0.6729270685203741,1.4467117676229082,-1.1168217707072399,-1.0461205625065524,1.1680188054383418,-0.888018934992453,0.1243762122440005,-0.5652426592950369,0.8241136094316912,-1.0356243402939211,-0.10191605191629452,-0.7109863476705698,-1.048347464365066,-0.5657629063964389,-0.9080805173674412,0.4208229731465707,0.7127284990585023,-0.5968009481453416,1.1353584042777192,-1.5635961747815714,0.385675191739964,0.4856006098774731,-0.9692511214856103,-0.2879559318591334,0.6257811714086645,-0.07448299070956146,-0.6900680658970177,-1.3021673653318353,-0.310939390464773,1.968708817852633,-0.9097101430114836,0.4470337045261072,0.4973350337781238,-0.6290487769545939,0.4566158921564086,0.5995580919093175,0.687062647434775,-0.38116374294075267,0.4093996877505334,-1.0029637502039028,-1.6918366888542504,-0.2314316892686373,-1.0710626877460503,-0.8148936986316884,-0.5880857087435564,0.9583766266646855,-1.2148498826091294,0.12011822208250834,-0.9669977748782669,2.4297785943688823,0.9352343499171802,-1.1313256147192188,0.07059665584513868,-0.4009708836023874,-0.8646223327327511,-0.2422489335417569,0.9306467650538952,1.8001136427881022,1.1417603634432725,-0.5540841188667873
9JD4_CD4_TE,-1.2761814544977939,-1.033205020223785,0.5013641863353256,0.6820745552031969,0.7424225751628893,0.5005609101959623,-0.3930876637742565,1.9804307304022315,0.8712994422782249,-0.0711652119021195,1.1572825141765504,-0.5419926335487695,0.23854912014959787,0.5804127402094297,0.33628755886821515,-1.2802931186978606,0.0628781027957846,1.3540652545616514,-0.520978556306236,1.230365938812649,-0.14319065017768648,-0.4312901254509007,-0.7534142658070055,0.19727754329269104,-1.0991614099225584,0.9833987593373439,-0.12323887084777073,1.3904472349548467,-0.3792552676283104,1.3809510574062918,1.585339524446512,1.3576462231917565,0.47002321432859984,1.5672945454724931,0.13215931410395274,1.265427721881005,0.91563390422719,0.7996692574974478,-0.20216953476723432,0.6466919786098813,-0.29300241697716567,-0.4616019902246184,0.4655681889494375,-0.894211086175317,-1.195568224621146,-1.6598688240812292,2.2576167125650852,-1.9779153489449757,0.9168108212579339,-0.8498424122222127,0.47797962076782124,1.6503304268513952,-0.811807686224914,0.9532667053934425,1.1854323369562145,-0.43207557806661584,1.9395311452935668,-0.511663996525342,-0.7503477190026405,1.1341901122691456,-0.9338261399451112,1.513614774211738,0.01384070545146344,-1.5776713719786395,0.6516977471474272,-1.6917616125185493,1.434481739795484,0.8341404121462627,-0.7625379465152452,1.0576536131996357,0.2761395085121666,-0.7959787519411299,-1.619387482090416,1.660583023994504,-0.08323160220834323,-0.4462691082486366,0.8903302313085193,1.4715026850295618,-0.33653261552219726,-0.4137556533968325,-1.0837563612186798,-0.356581754138156,-1.4234210369376783,0.3256764048778571,1.4097657136896897,1.7981369604976951,-0.5278943904994529,0.7041888479458668,0.33536903031957527,0.1497321305132502,0.20418965301007563,1.4212336708405349,1.3834890859623759,0.8701114363111109,-0.5489677376437267,-1.5531193026272139,1.1488162515723381,0.6157386520551277,-0.7866202826965955,-0.2855168744866953,1.7792157816096905,-1.2062899726597005,0.5827270921241158,-1.379595403683272,0.5484380066829938,-0.5029316629706322,-0.32813194770842485,0.24562827555342737,1.5766520353014626,-1.5321103367999878,1.4004010301243628,0.4708096671323128,1.7743742954119228,0.01354317601459554,-1.3979125564651802,0.30143286531558733,0.9074895970766869,-1.4318947041912355,-0.77152663770195,-1.8889044588120962,1.616600576963384,0.4512968090094289,-0.29485298054038805,-0.6060823751033612,0.062128298696772534,0.6842794976826837,0.989988073341235,0.3149162952139347,-0.5401096072025725,-0.8498848036572034,-0.5700781116412986,0.16784724397236356,-0.6098307610203668,1.1302992682883783,-0.9907266583882361,-0.8179090915305178,-1.3029645601651658,0.019019425437543945,-1.3831951679607901,1.482574365967924,-1.3319493363973065,-1.7084124072838338,0.9797985323970327,-0.1156398812045369,-0.34058279819446236,0.004375278144256822,0.171007327182534,0.7322723193723725,0.5548516626373363,0.33072691559651146,-0.2505932687504267,-0.5705710632125731,-0.16097210227154143,1.550592110245555,-1.0690100672617193,-0.31823036367306634,2.1903503334375762,-0.21501081573585712,-0.4897889875206831,-0.8240478479117617,1.3370481210223741,-0.8370663115461391,-1.0081451391071359,0.10853546182965765,1.246775817217986,0.09858589704722076,0.01753200874127578,0.34546741350666704,0.8512705826689199,-1.085723827215762,0.7482585312669131,0.5911798013909179,1.9080639057796314,1.5316241565851962,0.48104765951987294,-0.7835980528792788,0.4570214401260627,0.5894020289275896,-0.09669067255568711,-0.7692308243180705,-1.5278735088785231,1.5882114806754064,-1.0259811118519855,0.6171838679063025,0.050278909566936536,1.2568875937338058,-1.4299184235836857,-0.3207443807751007,-1.2759746753568717,0.11837693322166552,2.1779127310314186,0.9862653968879734,0.7123099044451959,-1.3526541076958964,1.5436319220192711,0.5974726871734569,0.2607461737377414,1.5592533850784454,0.4366201994873494,1.3930472137253147
9JD4_Progenitor,-1.2820456451266533,-1.0957614117022811,-0.8670313576952755,-0.7424701745405106,-0.8547683306864108,0.10008444017521632,1.4887400885336624,-0.7377963889174717,0.8662418864230702,1.649963663362372,-0.3263485181519558,-0.5856001368301605,1.025067860426797,-1.6741253439315402,0.8480173810639026,1.0979165534988617,-0.9067630662391796,0.49905694669141554,1.1411921606226416,-0.07764906842329969,0.9233240812056682,-1.3982284899360278,1.0010009480670103,0.4961467896757067,2.1415750407276075,-0.6005274274100945,-0.25723650610719784,0.17932583810098027,1.6141632335397222,-2.129785189443894,0.20372996180338804,-0.743955841813345,1.4149908073392563,-0.6879415229076318,-0.44208094661347946,-1.1672340194494921,-0.2814570000919515,-0.9400309290504867,-1.0491324886195244,-0.4213680727366721,1.1958906569299186,0.9293354194025231,0.2363673287668067,2.0478008289588305,0.6617855536773467,-1.0329456331302411,2.4196589584418216,0.2679317850074031,1.766050218375483,0.8808143037026139,0.9550559239124248,-0.5165560219614223,2.030192656075224,1.4715394561783526,-1.5677179197952427,0.19342887527179173,1.5782268125822787,-0.5435416264186975,0.49007560653784943,1.0004870129102723,-1.0835509440486326,0.020979948863496866,1.5380175673027079,2.0896867144351674,0.6993477352848002,0.42606549166518287,-1.32304691893529,-0.7089669193425865,-0.6681296056676611,1.2979429135224188,2.214372262413598,2.342029450815291,0.4111540856809974,-0.8026838874931009,-0.39318781708124323,1.4588686804901818,0.5330791810657679,-1.0029724949986645,1.6086504056321969,-1.803644866150832,-0.9765866124938183,0.8668399422416373,0.4703455563202448,0.08767736456976234,0.9271997765286641,-0.9831114680808353,1.1450816760134392,1.5904837822036164,0.1964950312787986,0.9921271019125272,1.1058399512096875,-1.8911146992950627,1.5446069017619006,0.6543409454722452,0.5431361796781804,-0.7241796748253667,-1.1593606345826317,2.1015954401719172,-0.043363850121491854,-1.358456617833015,0.8283415646476566,0.05157844971635257,0.11834273366865082,0.2523704620732007,-0.5820493311529213,0.2668277642060262,-0.6620234891873931,0.6886403347449053,-0.7559343337749033,-0.5078715742072649,-0.639155658019469,-1.0590837662858028,1.362258769965549,1.4689662845960472,-0.542991209037596,0.32470369572288865,-0.05956170545802887,0.9397497469874245,0.12327269994937139,1.118374336609387,-0.04081090230126338,0.45898431592779665,-0.9636751301504427,1.0793685965381796,-1.6437344155041864,-0.05580470484540109,1.475264492166691,0.8312516172576808,-0.6456220760766254,-1.102016862247298,0.025431828186678312,2.1029240348495097,-1.4248226110148534,-0.2826562299393992,-0.9243685903663375,1.3929801976055114,0.16018070690283298,-0.09765253415710835,1.0130395130247887,2.165598243997979,0.02280401494398128,-0.9390331823968534,-0.05587907915503202,2.036960608162433,-0.8837412180844465,-0.10271997438713996,-0.27628299446503457,-1.1148429435369098,-1.0210722705056943,0.5368223441058468,0.30963614177529514,0.9862296360142171,0.9752066936756286,-0.7665267553431393,1.4845334164530481,0.9634813964334589,1.567600795656521,2.1340959646511304,-1.7316861313584997,1.6484717433567646,1.5879970227573692,-0.3776433741513207,0.3375291295911836,-0.2416515411456431,-1.7935676067249806,0.5279505099707488,-0.22546140234785084,-0.5956591731568794,-0.0982302633220755,-0.06630462021354956,1.1679905035168492,1.8064839485579218,1.7930928295186515,-0.5826085644153637,-0.3803488009872597,0.3928199529100361,0.6113567017485655,0.5398912360342374,0.5811950001772298,0.7020954870070663,-1.6063457544598674,0.5926503335214985,-1.1614851164593505,-0.518288509008086,-0.579543647657685,-1.6083266455396814,0.34419315203481954,0.8973029642935463,1.0423196013351301,-1.068309690933943,1.0479924729714487,1.8355021284013013,1.3141337242307551,-0.0020082826424847465,0.4724711351000115,0.9512842187670809,0.04091697087605093,0.18528473922139074,1.706043445348438,0.4558872570621744
9JD4_B_naive,1.0287624015279055,-0.8536706671847772,0.0035537172628215675,0.28170970624482106,0.5049177404385695,0.4205843660748939,-1.3782674820591108,1.091232462951681,-1.3917185993666898,-0.15753703520111598,0.8755774355040722,1.6528719694782659,0.4186244137305108,-0.10289629160837371,-1.315229023157712,0.3265846195318566,1.28340434414595,2.005100590950582,-0.5515283656059108,1.379170988736454,-0.8258597921512298,0.26059070703790366,-1.0604718987765587,0.5162446055434915,1.4383702516990418,-0.4886046639520907,1.4916441663995157,0.8151165780304974,-0.3876680349692101,-1.105219013464812,0.8928650455593979,1.2364680142414768,-1.7451608015554787,-0.6928826693013411,0.33222743512298103,-0.3609286215639353,0.6139006042354135,-1.519507435387049,-0.35567645071015347,1.4420834442198345,-1.2142606767598887,1.5982739130690673,1.189133394253564,0.44395252208560765,-1.2291656701415135,-0.7944236368425959,1.573927673923378,-0.6222440245952724,-1.9584600869228357,1.055862357025395,-0.9439140022200364,-0.6905489458399341,0.46525418025322435,-1.7255661742251778,0.4385810670205755,1.627296982262617,0.4534664353714455,1.2647927234705512,1.649776885942593,-0.14978818911046549,-1.1692947618267613,0.28870951464550826,0.08971250660906256,0.3471286780726649,-0.5660733974240968,1.3101022065957209,0.9420917938568729,-0.2890170794718592,0.021503396328618803,0.9634542262928589,1.0001504410781832,-0.7127537417158781,-0.5658607279224123,-0.22212213963448563,-1.1221516441638648,-0.0453379290301268,0.9809531000768487,0.13211842544692737,0.7278222201843132,-0.26261750238358317,0.7516641242769339,-0.34466396962668977,-0.7862813167534425,1.8881028684461503,0.09141837413462148,1.6095033036749913,-0.11917346492486985,-0.6108639510241262,-0.45715717520322424,-0.7406820273644177,-0.9810032660551784,-0.4803155437101138,0.992050290249772,0.1718459914562005,0.4663784506491486,0.44379033763430464,-0.1383278115803234,-1.1024111604002533,0.8715284144516254,0.17458908660323,-0.7586077677256954,0.5942911134336623,-1.2578797787293838,2.058684600677698,-1.7831012581837755,-0.5922965740030001,-0.12995128638573814,-0.7119288441710216,-0.8272436192140115,0.44809522587600475,0.30730341546970924,1.3683977669945924,-0.2654885824273821,-0.23846931104362692,0.4639004223402838,0.4077056240122849,-0.24503810306767426,0.40206129657441975,-0.7232793874707671,1.320689284537232,-0.24889726857704822,-0.9875578861448155,0.6535502891588734,0.24974319118186575,-0.2193336996837871,0.9051875318917104,-1.2278951145249675,0.1703581670171453,-0.8374939455090369,-0.9968091359649697,1.1623768285633531,0.3343534550799416,0.39244158465320106,-0.35511709029727734,0.73375577251339,-1.6666180546873268,0.18492999680116073,-1.4523189170928892,1.8747855617550875,0.3405114688028667,0.9425910861212331,-0.37015012450607954,-1.1167110911743279,0.7777887419562923,-0.5485775832241923,-0.8434607841242573,0.7283208817267408,0.9715041935506569,-0.966731267069522,1.9861991810989807,-0.6461992739006714,-0.5480575609482486,-0.8729396756865804,-1.5243864988493352,0.15881049822859045,0.23606755327466528,-0.9311279401648762,1.4696981253152552,-0.8033662922562622,0.10437292482280926,1.6006679329655011,1.1171352379115262,0.2263596268377489,1.187276428050739,0.2194780591671931,0.9666039461744728,0.4084174322458504,-0.16238832665538225,0.7536480524154973,0.6826779216359155,-0.24661073240033665,0.1536536430216159,-1.189091153994437,0.6828109961380602,-0.5371491603413658,0.40653714340474817,-1.087430878307452,-0.13356338760872832,-0.8930195324482098,-1.414235114399789,1.1109838030232924,-1.4416969083263058,1.3203716417810405,1.1696534886666334,-0.9272531540112874,0.1085771764704985,0.3790665838327045,0.20709838010918305,-1.1271382947806552,-0.8642844431478853,-1.5249363683869055,-0.32359506415485734,-1.3291165284899757,-1.2566453082704918,1.2756797912560578,1.4825575228940007,-0.07242026610831782,0.30259730052025796,-1.0891686275747876,-0.45945078464530487
9JD4_B_NSM,-0.7648628971337715,0.4939787336256516,0.9522520026433348,0.01855954172139134,-0.8828370393384588,-0.9837636108546679,0.3366499349003691,-1.5125764270514985,0.3320062613502947,-1.4693438643531902,1.5400211478158614,-0.5858035969563207,-0.45512939546300174,0.7318904653341126,1.369991803087805,-1.4855597810676169,-0.7532663820627574,-0.5116109759117168,-1.6756362849243762,-0.5802956757844925,-2.0171787458171098,1.4075072290632062,-0.026749099873667775,-0.46540428919631693,-1.4330931911352807,-0.47694104576141105,0.5279387069382877,-1.2348435090544458,0.2021287055912711,0.9383257445757945,0.018925639743393997,1.423268920567095,-0.025952440832608743,-1.3208077163357883,-1.4640907880298004,0.339938184945126,1.390752420667611,-1.1869974809528543,-0.9009011496077345,-0.4383553995763147,-0.8969131995034408,1.4689741623061614,0.1334687337552447,-1.593983559652165,2.228407500708681,-1.4653956936698758,-1.7039987263868759,1.2564850330435882,0.28837331548361844,0.9318228571513996,-1.0303450438012487,2.069128108385787,0.6914241989064867,0.9217118539019885,0.3683227741884375,-0.4343254867246213,-0.2133823710660253,-0.9439750761851865,-0.05600283115565405,-1.5532228027118327,1.6420815647003775,-1.1071058693479607,-1.6438893252630007,-1.2040758109640308,-0.29870906550560644,-1.3251221165365585,-0.2782986901931359,-0.8209287300296948,-0.7475948190755909,1.0092752491543397,-0.008911407580733246,-0.47167667819635817,-0.6598635162394735,-0.610205082840739,-0.7641421456900356,0.8185430291671565,-1.6410030295303593,-0.4742652461636657,-0.24879150423965338,-0.5566393491953829,-0.3226741853077866,-0.3329086206183785,-0.03381024071672534,-0.16222235241900143,0.2965952438310136,-0.506439181304016,-0.6322923476565373,-2.0527754664633124,-1.2433121553182411,-0.34245676948269577,0.9863296323107932,0.4584907515431889,-0.2730431604451763,-1.0789312655523902,0.26042780052690934,1.694893568027588,-1.6330247067230386,0.8985502157123743,-1.9985727378791174,0.5231993995654164,0.9946800244862379,-1.2212220014652855,-1.8287882316074313,-1.8742776326767907,0.3610805673037666,1.4120100003611775,-1.3306552546522974,1.094174155674835,-1.0698385391973335,0.950346141189958,0.056117413817025084,1.0215071215506377,-0.5626813954249824,-0.4920177467936547,0.4880085070088149,-0.060292503684534524,1.265534407109596,0.935520231864573,0.3404220060249773,0.6029982696412233,-0.11761539871882652,-0.5567831640958859,-0.9940907724525401,0.6264436797199122,1.5782364658683936,-1.8391254626944076,1.1133129854651465,1.2710855269163546,-0.8505932713575219,1.1986260186410123,-0.07794780591888816,-0.6292337126882922,2.0044945599982458,1.1180682877474297,-0.7091995494531014,-1.4741774938446088,-1.1750099799161529,-0.3350175688169908,-1.121354497480571,1.3030750756487204,0.7631428108297117,-0.5465981561736403,0.6398394361986133,-0.920999268136226,-1.891982329601085,0.10591354522410676,-1.2325223464240656,-1.2533097920740286,-1.9512451651005418,0.0802517178031283,0.9535762508287258,0.7578174200272549,2.274867542240986,1.5443445574565795,-1.1926643442225282,-0.7549923110195941,-0.41482993700254533,-0.3250143290641602,1.4375426343471185,-0.3812498485724431,1.4053190780646125,0.8722670228510894,0.34913924496063486,-0.5138006776429994,0.9831102967528162,-2.1439091410981685,-0.8932291946224242,1.883125821227901,1.0896921561848907,-0.914567774814114,-0.5159224061672131,0.9630462608317403,0.5056876473878276,1.9166793882849338,0.4184828101222311,1.0841931489915666,1.7080853874986779,-2.0826726493205596,1.917885289535722,-1.2283402781436603,1.3635713467926318,0.04664060414601726,0.7838620254864261,0.1517751339410993,-1.7283447271379482,-1.7491420295689044,-0.26296027968076774,-1.7378670414624777,-0.8816913948308499,1.5067943609514731,-1.7054610505265237,-1.7616767485213651,0.04796548118258226,-0.15782948046975767,1.2489221770440417,0.6729505202982101,-0.8692081569092163,1.1611423838895938,-0.9666222025161311,-1.12618375513185
9JD4_B_Ex,-0.7043788831547477,1.2006908366623712,-0.4027117973828946,0.4568674216949998,-0.9527615387273478,0.9566858622498955,0.6712558710349638,1.2433367592104032,-1.2748175193678142,0.33872626921241145,0.46960184527719456,-1.3812435424316685,0.9505489925798812,-1.4079652467971846,0.3772390921467677,-0.37988320952846927,-0.6762959855783297,-0.35413697190804766,-1.5778324180900838,-1.457774796607152,1.445212093542228,-0.12594134640294236,-0.6254883313670535,1.5453996430417427,0.41730137144885265,0.4662543061448861,0.9436200609179024,0.5626883287328426,1.0344352645091552,-1.1675874826386388,-0.03203287074341487,0.35068884362528063,1.5879731542054627,0.1814070811293445,-1.064409276400593,0.29501637107838036,0.8725269016480474,2.1416345456211596,0.3527554291831121,-0.2652091131889257,-0.5091630627471098,0.8501645807309465,-0.22493507592393724,-1.3902073635115424,-0.2580308277529233,-0.5216467842902051,0.01707490442683227,0.9213130603137077,0.3126755290407838,1.8679878267511687,0.08257060494118092,-1.2841010477159953,1.0832241898883308,-0.44679938345994524,1.1774348578923084,-0.9720980535191323,-0.47397050075131375,0.16507991262333097,0.26725124026153485,-0.724293269804201,-0.6092421452382636,-0.9564086421777906,-0.35332292260566667,-0.4152143414333883,-1.5530307739271707,1.083673315936187,-1.0846759757644981,-1.2024046051045314,-0.7104822262910432,1.5994825349964825,0.8409294174526295,1.1086711610909634,-1.1123993920694422,-1.4541778529179352,0.9925376588359357,0.0020868650535201265,-0.29565763211108637,-0.8812442977891703,0.02381025031703382,-0.9114602301984879,0.13340901035287767,1.2344718178990768,-0.6784030938533044,-0.06228602142274551,-1.651946255625902,-1.192847671908883,-0.5365172836423064,1.135267840526024,-0.5543329361551765,-1.40427051111784,-1.4410386620966256,0.1566576391497756,0.61459948196942,-2.080789392639117,0.5073105599074118,0.31336224817298247,-0.667873521178387,1.472665033570921,0.2882401328573933,0.03725715064980164,0.5484211198920883,1.2160475465506055,0.6010855013117283,0.8576178689879482,0.696452449576455,-0.13674049235595181,0.06790741353857517,-0.543702014691912,-0.5592473278992967,-0.7664556621812023,1.2265301548580168,-1.1422719861562138,-1.0053042887300527,0.6409576517542078,-0.7939714468246348,-1.5640207588978572,1.1167101533139867,-0.8973387639201714,0.3300225778874588,-1.5461822300864476,0.8728803284967968,-0.584573537885538,0.12443586025061833,-0.8706634556178527,0.8023252488972449,-1.6062127279654455,-1.7106384151149177,0.02805379568468813,-0.12315902754736963,0.8595472357750439,0.1285671106036608,1.5449474090167366,0.3078384592360236,-0.8029507906244545,-0.06817294970196486,0.19566215143442342,-0.2972977188466761,-0.5253898956986379,0.710239507825555,1.0445376303602156,1.5667074593420918,1.6936563210153335,0.897099218470172,0.053005057907515044,0.22893184643611617,-0.5375435094104107,1.480879000787309,0.0796238812924546,-1.5313928809487456,-1.0787784845190902,-0.05645366552337745,1.3928114711838915,-1.535892158326474,0.19054714797128616,1.152972094232397,-1.5995773763849914,-1.1743914245715077,0.8025516773838238,-1.8281437082862115,-1.549638835836819,-0.9460190976258882,-1.3461411086271602,-0.9194360749171875,1.0676859965012568,-1.4402732891283834,2.1611397888805173,0.10744001523466606,-0.6393913503022292,0.7635783024853265,-0.552498350310996,0.2768971805739723,-0.4363146241877173,-1.3505802182138846,1.1798001749687888,0.7760213799076218,1.2807109350684378,0.971701555096173,1.0412790972634256,-0.9943995393196936,1.5914332017471104,-0.8287387680541486,-0.31057363803171295,0.27011153223159406,-0.21016002191094735,0.37786398172374075,-0.04965786235859556,1.3992913212369822,1.156261686669812,1.8435312989476076,0.9937337753562884,1.7308646874743843,0.39798806926564356,0.48806403997161335,0.5241564379966296,-1.8901685887221766,-0.46639447248934507,1.5204383346716912,-1.8213481569483108,1.365657002901933,0.9780651400603464
9JD4_B_SM,0.17201171994360623,-0.7735237590568577,0.0644377331602892,1.9571338616780032,-1.3513296669709773,0.5114131466753778,-0.7193577825871424,1.2794134417067897,0.4987740524771839,-0.3592791908239767,1.0686111902674456,0.8427348326696295,-0.910430727802956,-1.1440243029876218,0.16863909827449183,1.1069143152256566,1.074655863721004,-1.014949299582771,1.9139400935957807,1.8807182571863108,-2.0521848412403245,1.5251670831088537,-0.5791529939382366,0.6164192335690633,-1.0537200145656136,-1.6162998575573202,-0.9320912830580377,0.535680565827436,-0.7777495777770189,0.30977593227600037,0.25726642509064296,-1.4624329957634168,0.3369594634102414,0.7901825635079963,-1.308866997681297,-0.5583626645178486,0.12091448858110106,0.4098095261028083,0.08186693796275593,0.18644906296367603,-1.1290978501163107,-1.3241703624187036,1.2715335827345366,-1.155306940386208,-0.7226280867573327,0.06650212025376831,-0.09486714358648392,0.8117052117728528,0.201215950970766,0.01711024420296914,-0.048222714663449955,-0.6718551331559447,-1.8005668450410872,0.44772422506891224,-0.4601161793966582,0.28865255313835,-1.8244440868177532,-1.6611029115877458,1.5743410971509564,-1.490018093509385,0.11522815204561906,-0.29977534181503884,-0.9977237406356984,0.958374785246229,0.8497550368297335,-1.555897092016667,0.7507737618562919,1.2022611720546394,0.12139321709626363,-0.3654929800306946,-0.6775559217410178,-1.1441023406898558,0.10489629667938218,-1.8701291885908111,-0.12372122895706632,-2.031833198756312,-0.3271516434230908,1.6377185559026846,0.291651483433529,0.08427027910849239,-1.7814980529294777,0.9613143622825503,1.0592845910120667,1.197523815330454,0.7870672869722611,0.076807528497646,0.6184848296166697,0.7140696212387784,1.8145968457025086,-1.4596295435663291,-0.7808461308446589,0.31902921719197797,-1.183677755780016,-0.5360235666141986,-0.46810758505701516,0.6927180839472927,-1.0441064762552112,-0.5989379595134032,-1.0462076633684227,0.8636065010157373,0.7440162473916537,1.1060072470840443,-0.6727333708347647,-0.395544291537899,0.7996675263290361,0.5538475186406993,0.9580759403345682,0.13131977592379232,0.6145579852864829,1.4159702097208908,-0.21542375326550656,1.439740677498136,1.6418544297200215,-2.0221628753117407,1.6850676208695852,0.9348423673181887,0.8843318881873254,-1.7739312810530778,-0.314288627728095,0.7290295993748535,-0.2119793788147724,0.16874073556544103,-0.9242181554794431,-0.2120138703840667,0.5072167351046836,-1.4870617798287766,-1.0499773568398454,-0.14415888471638874,-0.3325612541140387,0.2641268821330961,1.3095463853230256,0.615848651206319,-1.574537587703363,-1.4435741135607796,0.8053956951909823,-1.0893143560039318,-1.5419906836676287,1.6907992746426435,0.23280627188625586,1.5844318615560082,2.0269915703418953,-1.3791468632031194,1.0916666845167806,-1.325965173865782,-1.3169182044320178,-0.49151243900089747,1.4372742682716937,1.0132249736766243,-1.522628326772467,-0.5237415035771833,1.054551438818114,-0.4044933764500776,0.9585569172179205,-0.384120181750834,-0.3004413809795203,-0.8090764756821779,-1.77420986108346,-0.18625994209082244,1.3812613003633243,-0.1253254465726689,0.3161541507574758,-1.0353961691091664,0.4148746785063023,0.32748749404259053,0.335327430052972,-1.3315494328808053,0.7623865704196184,0.5296127507568869,0.11453695792599047,2.082230688416982,0.6722680027999157,-1.3025242055672361,0.8547080613588556,0.700743585089558,0.7837907942010293,0.5648311282980734,-0.9597993994227234,1.0477614335894934,-1.4267726846683362,1.1092175318567727,-0.33233801461861473,-1.6984691599677926,-0.6498586921002272,-0.04869581762132435,0.43907017994898195,0.20922051187901886,-1.432596054157147,0.32377472653220996,-0.5058011602377278,0.4223383528255653,-0.026553172756020992,0.6322498326307977,0.07690571937291878,-0.6145981418354654,0.29051264743563704,1.2766071249577235,-0.3055518010720326,0.681557750646424,-1.1284632604616887,-1.331130596197035
9JD4_Plasmablasts,0.5160741521634923,-1.2932362812685572,-0.07874566654617628,0.17330780256800532,-1.2652725190382308,-0.2869214610911328,-1.595321845409524,-0.548296649399645,-0.20698739135117192,-0.12108585547325056,-0.8405816363621927,-1.780566616558157,-0.7047697416623665,-0.10448419020717213,-1.388527226249058,-1.0875122354010178,-1.7837448131639793,-1.2963323584238946,-0.29079365811371627,0.2455643104067422,-0.8094422861795041,0.224496088580181,-1.1206970094665571,-1.294562466053728,-0.2255481752539734,-1.326220052586336,-1.061386082333103,-0.13058319172220953,-1.143854331475117,-0.7912633938009892,-1.1597339659899364,-0.5787542105556827,-1.1243818919385586,-1.8494228676294453,-0.1607309706347797,-0.8940219817621561,-1.2462793794870672,-0.04185549386206606,-0.7869943705855111,-1.37266716082358,-0.41048376270354564,-1.0582454879190142,-1.2220222058089303,-0.9124793334515172,-1.6966717036740773,-0.7119569146950437,-0.4831660252743671,-0.7757921125710987,-0.130753021064429,-0.8069101883071168,0.18295306896776745,-0.757052380870839,-0.9631961398134529,-0.4175905003489015,-1.6086248393569793,-0.6593555002909378,-0.9972526150289379,-0.4475274675581046,-0.9905439318453368,-0.1661135769196167,0.010996291136597409,-0.5996299272616931,-1.7930804424272726,-0.10662153675042585,-0.5625690994877198,-1.0031181526625017,-0.6514105086638863,-0.9413365276779303,-0.3094713962470231,0.22619924344931439,-0.35516979472680843,-0.880892840226716,-1.4755230260690244,-0.6549152889886554,-0.3928719743921062,-0.3646034028717918,-0.5927059689975954,0.005634454485308839,-0.9368329322089352,-1.0570792148113544,-1.0525547684606908,-1.4778913465225614,-0.24648909312639294,-1.0092731130719619,-0.9793515366269991,-1.2362939605404313,-0.8852884994985032,-0.21277661674548082,-0.5046853684723949,-1.9915032633438294,-1.9184285734752766,-1.094779309304172,-1.4886766356873442,0.21595179961556613,-1.3273618620236485,-1.3965081608884033,-0.3698381043703495,-0.012009821403501809,-0.5742375060156022,-1.0083831792356153,0.03643921830985338,-0.25325654641821166,-1.267714292077961,-0.8989661213592433,-1.5617218177102234,-1.1315399396565005,-0.8468873189875068,-1.0232985208650751,-0.881614960278027,-0.34383128576292477,-0.7570442472859474,-0.007991227275360112,-0.22629997316390213,-1.0874634124441502,-0.8011993937429853,-2.1083384784715444,-0.8751596488812938,-0.8936177065926256,-0.16962203270594867,-0.09410206501609061,-1.8108658444176735,-0.8701205547833549,-0.9693355807943435,-0.6862202330428051,-0.9299838036878995,0.05148108873386008,-0.25368018283901034,-1.0640937107341266,-1.0192211750501492,0.2027384368335343,-0.11722613619429108,-1.2192054597897912,-1.1057682945878498,-0.8274303137353426,0.18597819406760965,0.6352034452481393,-1.5427299221465394,-1.8346758219481576,-1.8795936738825598,-0.6718069711491444,-0.6626105072286703,0.03331161767959997,-0.7921187015235699,-0.576798854486051,-1.2123713512123422,-0.6001324255605455,-0.3985088205529801,-0.9650225294649621,-0.8491487224456492,-0.44327928668929917,-1.065619505952453,-1.886226608727587,-0.16338625685290234,-0.3500502378664581,-1.3096998510746631,-0.20987923878683143,-1.6744634850852291,-1.1210709656934577,-1.1745072630372893,-1.2316894327345405,-0.9888267282020159,-1.7298119309111724,-1.5721764192414658,-0.41009265218977764,-1.1202233506754007,-0.37883156886837155,0.053278029917060876,-2.1169483144841474,-1.0983722811392647,-0.5351618181778549,-1.2212133090174335,-0.9415467856129393,-0.1379982759174557,-0.35989266691043637,0.015380469737555455,-0.4067061155019219,-1.2931649716053109,-1.142211665266311,-0.4272968083732764,0.4940995949162197,-1.1129100386025004,-0.8105782484810171,-1.1395701795386564,-1.4018470265963723,-2.1368762264257652,0.011588592886341911,-1.3119811975127849,-1.2120651358626897,-1.3726561174045213,-0.5252642272937935,-0.9618618305276525,-0.6918232196247001,-0.4686431596480164,-0.03074736557679833,-1.4530110951547335,-1.8881681840112723,-1.452258361584055,0.0023604216958276404,-0.1748189163578694,-1.2183393397245526
9JD4_C_mono,-0.5040389574020571,-1.4757685967828258,-1.436720005961698,-0.27385211406234145,1.6364816030603506,-1.1873053724046994,-0.7501149649499542,-0.8446062984285269,-1.2471217951145976,0.05207312718427852,1.0613464002162278,-1.1679700626876564,-0.9795750481824198,-1.0594582874380314,-1.607768629277664,-0.20828972074575908,-1.225159780387762,-1.1110276403954857,0.41920574023749063,-0.3207692293232594,-0.08319389653819186,1.2640797642283907,0.4250351124343069,-1.4382180653728682,1.9245660125728221,0.5605032639078342,-0.34850192404735847,-1.02124754954876,0.8846541841968697,-0.9331139248555025,1.7640749110414242,0.721805136080486,-0.2520088968172851,0.745379597658382,-0.05620714063316255,-0.12549577519357322,0.6097070508364407,-1.4485548246756583,1.2331945462411045,-0.3109353034393106,1.8934503988857747,-0.5000424221314294,0.5934091122222127,0.01472061947432166,-0.08672744129491158,0.8540508293948311,0.3470808665701174,1.0004982390675572,-0.3517556135399714,-0.5985201457603941,-0.33008151037334243,-2.073190732373371,-1.439413433180066,0.6485344951477876,0.4155173822751326,0.07002872578300612,-0.5498615683437686,-0.6159277066630571,-0.31830023481888325,-0.48844379132821863,-1.4164672920400996,-0.5220257659292706,-0.3306652541246171,-1.106350565451734,-0.28493132200982424,-1.2525072818397371,-1.7583304810127414,0.7955732127377186,1.0720441884245746,1.7037159581156314,0.9678294280307744,1.2586397923555035,-1.2819247018471174,0.028252772717491426,1.0167288012907225,0.5343323703153592,-0.19329945706355217,-0.2848563806420432,-0.7809647230460305,0.8568762719682951,0.5192518949137276,-1.6199629726460316,1.508946360623374,-0.026040036803873918,-1.210599491847825,1.0760843147066712,0.4213179258793386,-0.10018858559913982,0.5527855155120669,-0.6864584803488442,1.709315376585038,-1.1388150509424744,-0.954136618780348,-0.6032943109595179,0.012507308033853711,1.545943037693954,-0.21463755302311915,-1.6288903756263775,0.9893319687930057,-0.6843115907381688,0.004002652901742548,-1.735126874396768,0.09741444454713931,0.04038685482408458,1.5901174470960326,-0.0017827595236969225,0.29383934521769983,0.25620165694521785,0.821877736742453,0.030057627346347395,0.6031413350850897,-0.04806144187515714,-0.7957480261441722,0.0677984424936249,-1.8891488900032158,1.0506418842281569,1.0203442925396344,-0.7360622158049964,-1.1522113276422274,-0.921915914933714,1.6907565651916372,0.6407504205273551,-0.402719900202246,-1.5079854181885959,-1.3881074536439602,-0.512777803338802,-0.050210236691561584,-0.7545680048497406,0.16565959110793937,-1.9216596576384672,0.8791709488391132,0.8336079269676925,-0.5787327760160343,0.9240607575035494,-0.07157433690525067,-0.14702541740031527,-1.125356495419347,-0.9787921048922424,0.7950872819727067,0.22301070288879346,-0.19453577657705023,0.9585044109793747,-0.1670329474346167,0.5601071499531288,-0.3108290004190131,-0.3075814584096953,-0.8121559395598161,1.4978784747538922,-0.4336737726486911,0.5084838785094103,0.5847035876547662,0.7563084829121183,0.37785871435701174,0.42009380393724854,-1.2731486944052626,-0.05186529985881959,-0.9626486398064473,1.2356015550422605,0.23557512633440858,1.1360294240573319,0.014015804790692385,-0.44508483716009967,-0.016014964603896616,-0.965550050188816,-0.24119417670034698,-1.599993310610544,0.2707915335361263,-0.8663285885065272,-0.2046451523067041,-0.4965486941020559,-1.641360346114035,0.2287843356325817,0.23932437186064615,1.0161923899464436,0.88707105173403,-1.736131065620844,0.5173983601800879,-0.342093815690674,0.3881808659112972,0.9659552361938217,0.22052010494321744,0.0004945448149199031,-1.5093273986837656,-0.8129840284215871,1.0249774251227604,-1.0764481111338577,0.16392242653970265,0.8799692180141272,0.298512171414281,0.978315194479726,-1.21377409690714,-0.07795136341424513,-0.11550453740765863,0.15842315785856173,0.1646922486835416,-1.3062770501130607,-0.6069381475493931,-0.03967272188574519,-1.199343333968468,0.789844406931372
9JD4_I_mono,-1.1968268673955555,-1.0919203483671331,-1.6764517829796577,-1.1576637016642615,0.22742735571021622,0.01806289920262029,-1.8307687555350716,0.9044959443989471,-0.217529885823904,1.845280545264524,-0.24439108763676162,1.062415123784942,-0.4369278347631487,-0.6790169820651034,-1.4693232009889075,1.382309726251222,0.35188893797693227,-0.611011027870048,-1.2602245493863216,1.1592353273761442,-0.2350568716445983,0.5960295989037594,0.31998458603860713,0.5106932694693911,-0.06727112206579937,-0.6035049926054151,-0.15226676397359803,0.10931118939380616,0.2196235049664687,-0.9943559115670624,0.5959824641197707,0.4226848872789843,-0.3607692681128284,-1.2514049181349967,-1.249143366108192,0.01540067390874541,1.742910767623284,-0.8261927492004276,-0.8292174588912633,-0.24691718852347175,-0.6424983318363503,-0.36000245822024635,-1.3352325115106212,-1.17756136406388,1.3993809191378566,1.8895268678791417,0.19270444096835765,0.3932108134555151,-0.6658783943919656,0.7906791580696375,-1.1391269975363445,1.1475547056254987,-0.8659564695212886,0.9852336912658027,1.024375455094719,1.4352918246794177,0.37167568722134003,0.4720969992437554,0.8092446016328151,1.0735201349153156,0.828072858853028,0.31066469427445237,-0.24321388590624032,0.22281727758915987,1.433208106948821,0.8083852842940967,0.856427180138906,0.1411125110064998,1.2019721907153793,-0.36863532753833006,-0.4912059406855299,-0.11613251913808754,0.06012753425586697,-0.3053208419048399,1.7135035436795705,0.19242750368046693,-1.2970639558442127,0.4183598396369157,-1.438787038949211,-0.283544751401623,-0.5993809047268173,-0.1657206415290849,-0.05297107461376231,0.5733808582746056,-0.18822261198263351,0.7969270346258279,1.037004870858895,0.5885880720984732,-1.9296960601535784,0.5245112200251066,0.8580534679957443,0.44989562291854407,-1.2275888674043023,1.0804547424274966,-0.3346620644034921,-1.214215404683204,1.4336042564125435,-0.5786066066813141,0.12418509232059106,1.5103393702094345,0.7903290927525617,-1.2973110460694541,-1.4118199953347288,-0.1699789188744604,0.3953593315308956,0.47904079540360534,-1.6063471499334228,0.7418730942735058,-0.3029125259142859,1.1103854044107422,0.6442404143392542,1.7992309722809132,-0.8849798671445466,1.3019191867732365,-0.5008028580942996,1.3502339241582983,0.36079052208927487,0.21807355654859656,0.8479758286842801,-0.9233281579178019,-2.1869236789991264,-0.8952652059907465,1.0855282907142807,0.5335332045934618,0.42654555184651943,-0.010265002415314986,-0.21584047603252887,-0.7915206642016761,0.7751638489439144,-1.4914881164283587,1.0362110029914866,-1.2949962597725055,-0.08255245486520485,-1.5292136867277797,-0.9004013257546573,1.5511446048624549,0.513753436494174,-0.9620520989008736,0.44500446684394,1.812999521996445,1.5823003480190305,-0.7964332446479757,-0.0566658903997941,1.1309866538832214,-1.3433148251640292,-1.5884030932804165,-0.9464281935416263,0.7385021041420532,-1.5859459724665312,-0.22307867409767948,-2.1209831671277457,1.5524959761846364,1.8267380639927275,1.3773025306455935,1.3124820749601334,0.6812085266610887,-0.40911394722539696,-0.250209627689904,1.3656574736446512,1.707696248203242,-1.122625861305656,0.3201997071300389,0.7407061178662852,0.7888903447119164,-0.6804913266135917,-0.7394104929600943,0.20659806614138412,1.6175924092647562,1.389748505573175,0.5013264510396932,0.06882672314802118,1.3770527265739958,-2.046880843509151,-0.27233942456139154,0.8891924952524438,0.23855777141502832,0.5084728453283998,1.1833429285109294,-0.3027807923191306,0.31105894727220873,1.6252142293812872,1.1458593635352972,-0.01640159777531055,-0.28802343717283224,-0.21701453789729847,-0.5785016066789864,-0.913870567629513,-1.3282127036937785,-0.6853857663609475,1.1678789756109544,-0.6071985116593074,-0.4820058198562648,-0.6846939189656986,0.8056985005848954,-0.2512214648930349,-0.8286438664915918,1.4853191299692967,0.14232756955972636,1.00603573263331,-0.735168789771489
9JD4_NC_mono,1.1369980688446113,0.8386415021853424,1.047859887205137,1.2469156112515336,-0.1638550347818534,0.7687183337663351,0.9210968569541341,0.9573425434854381,-1.5779134801444064,-0.28523872770218534,-0.7578121591849992,-0.3311577831839182,-0.5729975827712663,-0.5173790846617511,1.2044261063441684,-0.05169967081783735,-0.6918422127947029,-0.9463410634587742,1.8216592473711515,-1.1685182995609877,0.5961985732687789,1.0867227414024114,1.905726139880842,-0.5374631679302698,1.1999174237267431,1.4713967088375646,0.4261936949766485,0.5080911529729597,0.3072055120509537,1.1666555815011694,0.23587297886228378,-1.9468024270014916,0.3743998975474719,0.5439135871685548,0.2646474093064413,-1.0574998630636394,0.7508784653762565,0.5513016435982331,-2.0458274112086667,1.5051625480110873,-1.7545137174443235,0.9618157153125755,-0.24743771497100508,0.02044417422287147,0.1573076447516797,-1.0246009529030462,-0.8801600536849917,0.8715055421663142,0.3733950094390232,1.6742274869698148,0.1469511251135192,0.23433094743922595,0.356122413670464,-0.32156334609481957,0.4851330562548539,-1.0847376367796588,-0.33411524601451137,-0.8240848677053927,0.3110652618749866,-0.20723302689916198,1.3748898345948948,0.10170136478142727,-1.4117346684868288,-0.6751368960253626,0.7477231312040762,1.432362626865063,-0.5066926793396186,1.2829983530848177,0.3587051124751294,-0.45663841419104356,0.46126356453533873,0.7541795453914252,1.437830029657815,1.9142192477464735,-1.5486576034411117,0.5559547250246982,0.10246984001800363,0.3369130663487075,0.036466728812699925,1.318686604039244,1.899922225171715,1.0095264885523276,-0.18640336378814537,1.4963237637416558,-1.1983568174764765,0.45046439697171425,2.249801555904154,-0.5625734716538909,-0.9967871448532046,-0.24079771729594457,-1.9771589006755628,1.1040269654657473,0.5458027272368394,0.2308969344213223,1.4605206319157658,-1.0036283497102447,-1.2713685692164058,-0.7973291894577441,1.4538318836894306,-0.7568018471765127,0.9183167193702485,1.3416208513389671,-1.0075244100200154,-0.9194940532243491,-0.5918707662238868,1.465812713656342,-0.29886600667950436,2.0644362427868934,0.12749106648332004,0.42715743804205797,-0.15226249338434722,-0.156117278635697,-1.5286576871236282,-0.11781676740897477,1.4505698706330434,0.022833762142887168,0.9970029257514798,-0.4783149724851326,-1.1753125894121494,-0.9195034261101835,0.2891319445762685,1.6782984306881725,1.0765599974204234,-0.8832031896495912,-0.9444178580958356,-0.875624321231331,1.5813165522472965,0.9378649033341802,-1.0213561694428965,0.7950260460521896,0.19324137955500145,-1.4033930024323598,0.2042422184135477,0.3891875523882584,0.04285275168668612,1.1169916972390534,0.29222458521974976,0.3428227821709073,1.2546846088659462,-0.807252240396715,-1.2120853561962905,-1.0800861108246353,-1.1215458187044431,-1.87646810256353,0.06856240938491379,1.4065981515063604,1.1535047644553877,-1.5274465909527952,-0.8474770147031776,-0.0831177612922378,1.0372087353743138,1.9058711972698232,-1.3472260743134814,0.779561019439351,0.04416029116190046,0.7752194278073855,1.1911370722626888,-0.6360833669774285,1.2936124038992822,-1.400120622872602,1.2615266174674908,0.16523644487270817,0.6245813718310608,1.0494760942438188,0.006820685321035283,0.2865686406688998,0.8343001767775715,0.8256817922721666,1.426900038057021,-1.0347164105741231,-0.34612970752407,-0.16920703181735516,-0.36426324723843584,-0.5919138494361729,-0.035932189639077336,-1.2052991184414217,0.3830058039250717,-1.4282430181899404,0.8103796852424726,-1.3806761795074824,0.6311082117115292,0.2057462988160288,-0.6378571637746876,0.601355303616033,0.4049819521037079,-0.07337823078768563,-1.4850333282646857,1.2023143734220707,0.03173804262834409,0.31368337439878,1.4402186450665984,0.4602707707398094,0.4980540830558512,-0.8800729305682887,-0.7960689471913578,0.4043858341414337,-0.21876641793926796,0.32566584675161603,-0.600388925044811,-0.49217069850563805
9JD4_NK,1.8008128976856799,-1.5016654100631226,-1.8780833375395687,0.8371099572491587,1.6632811559081506,-0.795439123767902,-1.067669052371787,1.4493544751232819,1.3514859605365641,1.1931901629859347,-0.11489387064736627,0.40998435387733867,-1.6952928759842323,-1.5412978368963095,1.4088642158037694,-0.35505345716227654,0.6018525471074889,0.009182724572945222,-0.6677051424349081,0.8058370570974703,-0.6723464176655886,-0.008750192039309452,0.8393461076140337,1.4577547796287356,0.897192868757792,0.7305241087799433,-0.23493712925265228,-0.7158898123029149,1.0219938248598883,0.47301665921456326,1.1774665342187038,-0.9981953299403808,-0.07068010134768057,2.0653680380152895,0.5918718517646443,-0.6990612856961104,-0.05921344281041692,-1.1703545995820341,1.2561765952048074,1.9473134327386092,0.5581026354435976,0.7381287389589211,-0.9392655007916159,-0.47227559605122116,-0.26806035891345553,-1.423902849666053,-0.4342189357555513,1.170134668042838,-0.8270897384364587,-0.45127440932620877,-2.1058779928919042,-1.9323979749997262,0.17637847501733386,-0.8541729084856351,-1.2505933915514054,-0.4940975255587968,-0.2529580736110943,-0.28217240512684955,1.394935046894453,0.25917910329182475,-0.25830722204832407,-0.2932909883748975,-0.5992489283914377,-1.4149045030632377,-0.13314973262483945,-0.8824460682747336,0.767582102111857,-0.2204155964343713,-1.0279746867499946,-1.2769759334455464,-0.23179002580020402,0.5822557125906145,0.7291375316446037,1.204744221063472,-0.36404520611043517,0.9864125970614412,0.9366303391530565,-1.3762559252192137,0.5315169060374062,-1.2753741725589263,0.012967377525697255,-0.5595464514187456,0.5971212255814657,1.4899480603197757,1.3151691105300907,-0.2718272573157983,0.26817844119351975,-1.7506678985792004,0.018008255541621478,-0.8806362109994543,1.5717611720877112,-1.3824215919718628,0.9441761576082388,0.38126802918497027,-0.8282101027307119,-1.0801594833071093,-0.674901258184936,0.31826912706354876,0.05154514142733994,0.15467434317673845,-0.11745250779243577,0.34117235448079125,0.7271729311099377,0.3873023663968206,-0.22883219916902867,0.6765328477886234,1.6780496991661393,-0.538771958353542,0.568699651947643,-1.0842362989620906,-0.3409138620040499,-1.5343130140555423,-0.956451090944895,0.021291668299865674,0.13675764576490304,-0.6646656203477338,-1.1741110143227358,-1.8837941370838092,1.1247796241116426,2.2251482226425123,-0.10248236934179729,-0.3941625298267824,0.6183845677117766,1.9490404988251342,1.498777457343001,-0.3955853444572965,1.0136038252637825,-1.238528583816101,-0.6676767087013779,-0.37868572195342315,-0.42537208976512403,-0.918257921733716,-1.1695735059254635,1.411812532452534,-1.5521176588435077,1.3376875228843275,-1.5774183271372575,1.5039618551380434,0.6768973597925261,-0.16452142440179848,1.2465622035643489,-0.6426922424182779,1.303842919220913,-0.7911187259629328,-0.8631126013133444,1.8055041557619484,1.504313303555417,0.5410837274132774,-0.9019857955832066,-0.48024585980178564,-0.6775575801385032,0.3596696129082407,0.7961098300852459,0.3967006163008956,-0.6881913000239717,-0.27187376289206794,1.2429064991225083,0.6841795441561221,0.539834783300482,-0.9002506414729259,1.5515106085929449,0.4642132064626978,0.45786251553672463,-0.18402001518200717,-0.2118656431698473,1.1439056982822664,-0.2749752268290042,-0.5326892911332546,-0.5170794155442844,1.5665199234589353,-0.4025425723506641,1.017923438670741,-0.8175792028373283,1.1062892655016219,-0.8230361490246637,0.7933024856977463,-0.2596738764219352,-0.9890159494024513,0.40487518369802317,1.860543350574353,-0.6006442783279874,-1.620060179064007,1.5243632171122488,-0.012674527952958441,-1.0350063735189565,0.6955795335413123,1.087843885777087,1.305380080738185,-0.33290101628903973,-0.23192773767471073,-0.4582650353414501,-0.8614761417013463,0.0981210714544463,0.8902160994170762,-0.4853981495120847,0.26039824503441145,-1.4852747684032344,0.9714539634979504,-0.9183953083325607,0.0510227623429693
9JD4_pDC,-0.4898417973611216,0.05358586383904336,0.4358403957243211,-1.0162863524635337,-2.000652866773853,-0.3943361044053452,-1.2397114923059531,-1.3132392303277505,-0.3801729895868901,0.9255494247435222,-1.6628614357470946,-1.7843832369301655,1.7370908775219713,0.11550634879225787,1.929271708956052,1.652902343908739,0.5866949101280693,-0.4065636536667937,-0.3944347752587662,1.4129517753983052,-0.7849691555108034,0.029549625457825485,-1.0078855334815244,1.3386262043440809,-0.2300126251292231,1.619256334146132,0.5601933363265585,-1.363638045257303,-0.054053377030705445,0.9167370572803905,0.40818620123355354,-0.7737805386857641,-0.6773891226553632,-1.170633103717704,1.8510792395433533,-0.03044422034322802,0.3431613821189574,0.12400978839386476,-1.585652931484737,1.339805885775182,0.7025919921243845,-0.8253790839302029,-1.396821046172781,-1.4795618211366723,-0.8400839719530572,0.7045176320939953,0.7093541814052049,-1.3721456797098357,0.9765351569458396,-1.1852683921800895,-1.760047595825765,-0.15237274930900654,-0.1486722425841802,-0.2097152604869685,0.16121576012429267,-1.4034812309854112,0.9545521773540865,-0.3017603069106071,0.8258489028493913,-0.8173588954506035,0.05793592347882377,-1.1389166829911883,0.9134293565109742,-0.33103917270717975,0.470779835785591,-0.972822462743778,-0.08300747762008032,-0.2493884062645192,1.2562015731346143,-0.4630618448017861,1.1361034676703008,0.7045008837119832,1.71606418111036,-0.8101539067105042,-1.5944753326594323,0.8856717336971117,-1.1122556486848794,0.6486236059976378,0.12227103981155356,1.0628534456026926,0.7473289203246809,1.2167510488704625,1.316997492050317,1.640617284649732,0.07173742010969077,0.376001815938603,0.25303345043574405,0.6688831118502648,0.47680080175689016,-1.0513949182708002,0.1734977954101978,-1.9625212379718404,0.23204387115478917,0.3052396400644577,-0.3059500640459988,0.747874104020845,0.6872936342942719,-0.6957244167661657,-0.42433230125749893,-1.2602718194829967,1.3252598533840738,0.7735162211338135,-0.12868280905247773,0.1246611067556418,1.4860896467137457,1.0210519257336093,-1.3313621346921365,0.6025205159177284,-0.21282157439008956,0.20492079223474552,0.08891627814747885,0.018612552414518577,0.4839918381150437,0.7901638332528171,-0.05643883286920524,-0.2024253763073073,0.05009652698938854,1.3511179235116093,-0.05892217907287558,-0.9377002980064209,-1.590263538400842,-1.6113084322626554,-0.7426202514693184,-1.5320451965663247,-0.9901507867297559,-0.30860225884958725,1.7896397936841526,-1.2002180014685075,-0.05802157828829597,0.4026087010017634,-1.1441235342765292,-0.6691962460811255,-0.23303815616643264,-1.2744835284311087,-1.653253973698495,-0.6446608183802013,-0.39602232692950895,1.257988969362765,0.980951540012985,-0.13280049319680265,0.7491080979983712,-0.11491661112051432,0.10759860191626347,0.5713459719012293,1.6020221958136012,-0.8443470264451306,0.06429554531517705,-1.4853599587409612,-1.6584457113075008,0.2569702021131132,-0.47739242086212136,1.9107233497817186,-1.1023304050787484,0.6667128253534944,-2.0578613922190883,0.5135361802861487,1.2391663204079701,-0.07021698275517894,0.2819651584339814,0.5380177582675363,1.2023902391625814,-1.292444987447628,1.7430730425261705,-0.8790833884533616,-0.5616717393905188,-0.5473775764558663,-0.3609349511599676,0.4704225632241437,1.6273935710546552,-0.05201375516431894,0.1381160040793933,-0.335023269100181,1.5743946991112114,-0.23204212332148366,2.0213478047651554,0.1310533360985724,0.033020505433771594,-0.11041183534441629,1.199169924271212,0.7553752149704723,0.6115450391583173,-1.4010775199226368,-0.828542458594236,0.4180510866193647,0.47531282368412936,1.2992865121707209,-0.08907311947608505,-0.7215195695425234,0.5839258591302495,-0.12650027852441942,-0.9320999614163006,0.5394142295081292,1.7846910912091825,-0.7950788858532543,0.28304438941042687,-0.006009744144326113,1.605486022557475,-2.094724376927738,-1.6921020815356551,-0.6722291479552148
9JD4_mDC,-0.1960385852954404,1.3282524154228912,1.0797346501222695,1.2457939458809406,-0.08527053677238756,0.7704154440850135,0.4913455593021161,-1.3354319648885655,-0.8403276878722469,0.6571975364473632,0.8034465976676664,0.8189752008406782,-0.5903566318791903,-0.032995125433305225,0.4824693331075897,0.4168860722699633,1.8863995573862755,1.04048070328632,0.11616329751239715,-0.17355755965767813,0.4636008248970384,-0.7767869583743293,-0.4280548638817661,-0.5786340213167795,1.413917463494635,-1.2778793602618317,0.6760268325379927,0.008179984133867002,1.0972475335617695,1.4656171864615082,0.8815512781904035,0.6657793743396827,-1.0724237260718252,-0.4296575871303446,0.4115383073370519,0.8594455542029997,-0.8430525131544153,1.4430238735502128,0.6424253863321455,-1.2369913303744222,0.4230602607690535,1.2582082321339045,0.6887181204722972,-0.5062660596254597,0.5992566136054627,-0.2241164745729908,-0.95435396507968,-1.1390720336629203,-0.1811596017734363,-0.7887157960631656,1.860126398242464,1.114590788668752,-0.43136165516818326,1.1313260613659166,-0.8244644898306357,-0.9102538171235646,0.3578269681215598,-0.0975362789778925,0.2278761400733945,-0.2807119698135811,-0.8544191919100844,0.4963301838389492,-0.9716450097697852,0.24165767429389046,-0.0017315054167517416,0.9342553688130523,-0.34721764934767446,1.304796298180486,0.7127103898193617,0.12208344355262624,1.2516792056345567,-1.2626840555489363,-1.0088971118088925,1.4440483804166964,-0.837436430164898,0.5876492854970353,-0.6098027377777698,2.4541493050229732,1.4252558586193487,-0.3761558360480163,-1.2981539311480037,1.0105194208619699,0.8770229744492318,-0.24729613286053073,0.6479895513771851,-1.4822864298752136,2.1075219545961805,1.5411621281324337,0.3339560156202426,1.5143347108464136,0.3434247039543986,0.6265829607886089,-0.31809162128359897,-0.7356991003397934,-0.991664891674637,0.3057520159261599,-1.3207562091273173,-0.6770982793907183,-1.2010709567283209,-0.6807814342908174,-0.9701638531208575,1.1661994309999333,0.45822408041300594,0.745317827760197,1.6282249327094893,-2.097239860949132,1.3077550447914321,0.5698527707505862,0.34486454730481697,-1.1676183276738572,-0.12728765226279412,0.17128707535111223,-0.9240217235188569,0.7335571160080328,-1.2508694430885752,1.808517538605593,-1.2674598231706897,2.088217075544585,0.6387319957742497,0.03928818803768678,0.6975998663604244,0.4405188050856737,1.3959138953847152,1.5334350345171162,-1.3967628100444343,-1.27441634240455,-1.4391972625709848,-0.6781715862485004,0.16960150632201568,0.2546703169597629,-0.10286762941537816,0.5389121574231808,0.8243300434875098,-0.9558196051835911,0.231088821132355,2.3525780026013523,-1.2046523352504832,-0.04249322162624291,0.6238900099280558,1.9897959559644431,0.88137877166568,-1.1742826867662792,-0.6938317233900995,0.6616499755155443,-0.9516826306146559,-0.07003619517251619,1.2226868282701284,-0.8689344031419103,-1.149153478207088,-0.9550446683941435,-0.6918151089725746,0.8481024130191998,0.5209251463838932,0.8136409993142834,1.0248418170793614,1.6448050786576378,-0.7878554999830361,0.17455351381250347,0.4441496017471576,0.7155524725558593,-1.061336035734771,-1.0780935486740155,1.2600153319323142,-1.3250759003280388,-1.651891123643093,-1.4632227490937242,0.7549432369269757,1.3273382469486417,0.802084829080119,1.7366095277548455,0.8304601062807051,0.045746680968790324,0.7461835156306496,0.2525757850467095,-1.3537083425669272,0.21497401099280153,-1.2017335655101302,1.6140844222161472,1.2833669619016101,1.003417386179086,-0.38515397747645136,-0.6333417389744203,0.16004813963669373,-0.43665152675649976,-0.6256948362972479,0.8535229065924852,-0.05779352305475435,1.1301042722415457,0.9189574665245878,0.4140022424567632,0.733775847365065,-0.1556641114256308,-0.35853983174427234,-0.2303125852806973,0.4858669389708409,-0.8730550682021737,-1.002219955690697,0.693292650514199,1.7249678112554645,-0.08972045276210504
9JD4_Neutrophils,-1.4318594392533073,0.456265334513324,-0.688846474277445,0.5711249152827491,-1.7226733868480513,-1.4062623381767894,-0.03230018756954547,0.6404629784459306,0.4122508204355742,-0.2855204263228517,0.4344249969807888,-0.7531322367821138,-0.28112820917302017,-1.7856544657762268,-0.5427596804288137,-0.27494559728607165,-0.5213385885564689,-0.8960532816017011,-1.281263123953284,-1.5831113309654503,0.5578067122807018,-0.3990834307469227,-1.6267651749509304,-1.538674751078724,-0.124684506778971,-0.11614997222434817,0.5295730552753586,-0.706541343471888,-0.4393909097918781,-1.3093682440090315,-0.8216550406842197,0.6478361238954482,-0.6657890109448389,0.7163156922321221,0.5898222359731344,-0.18629935295258745,-1.0098187623092991,-1.3274842382543328,-0.46898157789035083,0.6693072622392947,0.31770906881624394,-0.45055773094808294,-0.25266054861943643,-0.5897072355801127,0.620853733889244,0.3964491209954882,-0.7016537680038165,-0.14025533732497802,-2.003934145304022,-1.4032247481311686,0.3426587957213822,-0.7221828718942093,0.004851737976310079,0.6242917840343756,-0.4424894759482096,-0.5774928998471414,1.0549868081273208,-1.7479783406653424,0.9549614713921817,-0.9803901240066506,-1.2679059963200525,-1.567149898303524,-0.9036831112498885,-0.46885266575658746,-0.8376139271647406,0.13527420373203108,0.5668406780009877,-0.3154607750892083,-1.1231777334108308,-1.075725039294062,-1.1474720454458935,-0.4187126369064087,-0.767431871753763,0.3050217256748563,-1.5025040542547996,-1.5925676846824341,-0.6903292640129682,-1.0593218922740621,-0.24754116396850773,-1.007606787145149,0.2774453603118292,-0.8955394617706265,-0.3343820974318701,0.4211024139396397,-0.37290637642543056,-0.6212949825312962,-0.27671162463286475,-0.25233409994779593,0.766303403142836,-1.5960704147931848,-1.3014718092616369,0.33144086467886713,-0.8870444887548814,-1.2707857394151416,-0.17732152080945354,-1.5816935286575073,0.12429161172235446,-0.7696321907121921,-0.014935575542527958,-0.8539179534386678,-1.2321865702967514,0.4572969293929784,-0.5871748026238469,-1.0822489214486497,-0.12560653593497242,-1.43753579491776,0.27135219972836905,-0.36822995248132634,0.5981716788288373,-1.0803530831379986,-0.9050450332424457,-0.5283183723684813,-1.5184064493040803,-1.1615578741283075,0.1749687096188155,-1.588949328100083,-1.5437265908283933,-0.4628658816662229,-0.06634043063029069,-0.8441663033004582,-0.37620256006124064,0.43922738393054045,-1.1809425702995562,1.0227255172500025,0.5259081532090185,-0.18822470490767818,0.7793334379164589,-1.361957779691718,-1.2353030243942165,-0.276046398632948,-1.4965525878833028,-0.3747324990983178,-0.349997252217406,0.7845726454680371,-0.974999894624524,1.1578592670658459,-0.8097091445686956,-2.02151575308819,0.8710925891333499,-1.6653936220097367,-1.5729517158214614,0.3540678546546117,-0.9468296991686355,-0.5860239125833981,-0.6156516805727843,-1.0444091620002454,-0.1346005734623333,-0.9434860023639577,-1.7726245454504974,0.43284265934847316,-1.210311694132107,0.5765068866146354,-0.5268239720069282,0.1365175710480766,-0.1342350056713482,-0.40673242763484707,-1.174492758165525,-1.1107393575546105,-0.342934510225417,-0.18435821768450938,-0.5437191194015221,-0.39176000090095425,-0.10529311186601818,-0.8626942159148098,-1.1693542505227994,-0.47840431952427037,-0.5199449752282816,-1.033360697973474,0.4231927777534723,-1.6773208186625517,-1.2199321108341197,-0.962495164721944,-1.4861756751254804,-0.6050228993159438,-0.8388814732910167,-0.03984084820417057,-1.619462403355923,-0.4375002533487376,0.1735646577722888,0.5990573172564886,-0.20388566507394748,-0.02432930950490993,-1.3805590606401033,-0.7369960239213567,-1.8629616412896777,-0.44237723595202666,0.18762571861205324,-0.9176461623136066,0.7230433842541558,-0.5311245608241875,-0.42183849230070763,-0.5167345449604659,-1.0854051190883118,-0.7151136592440863,-1.5068843307277122,-0.0963538595176103,-0.5740180809992281,-0.44247584305822835,-1.1179497420984144,0.2117058993537406
9JD4_Basophils,0.5533797597949723,0.7729695511738903,0.6058740985218911,-1.5425589686581345,-0.6035932876553737,-1.1237151734632513,0.7410134148730447,1.570774769692741,0.1302090960394697,-0.8641448383078415,0.24506816640603182,0.37692976057610966,-1.4394131183633683,1.8388568589333212,0.2579271850511487,-1.7834058544141558,-0.008777826645666443,-0.29020024769490793,-2.1333040989904375,1.5333723079149066,-1.7161700661597135,1.2981449797038425,-1.2679219132480049,-1.6640610202327841,-1.2577058244596961,0.7985382236728427,1.3538860446409338,1.3748912079198763,-0.18134651674567404,-1.36953685615466,-0.44944637994174125,0.9860743223422621,-0.6002974882213179,0.33906272348974187,-1.4419369137809275,1.340079550159597,-0.9304547903931236,-0.8511857587296473,-1.8370725920246618,0.9099537319937602,0.25656253097074594,1.3590375696925991,-1.896777920758097,0.35977897253485897,-0.035686644342918114,-0.7124815056804317,2.057957936420922,-0.9949866294084452,1.6810388968463719,-0.8938270725992074,-0.6722268235820683,1.3349126053165896,0.32340108916707594,-0.9018882298704709,-1.3424427066135474,0.9829255362384639,-0.6667761376452148,-1.7118377934774816,-0.37616760975141456,-0.6261072417520387,0.2097340669291499,-0.49407279116148267,0.32967720015890634,-1.5295665329536252,1.7860367663601362,-0.952449032609524,0.0046346022296358666,-0.5647413903980417,0.28485325453586696,1.1434567632891655,-1.0761864816788436,-0.4760513851890534,0.5405501868099795,0.5477627256349469,0.6590196835830996,-1.9685948294153732,0.5199121175782041,2.235492103233742,-0.0120602632567378,0.13409296704770282,-1.3116662165541795,-0.2867872788647576,-0.881625989932736,-1.0948202429327751,-1.0797250089458819,2.018369656340406,0.18657709977162384,0.010626872487235796,-0.385050367840492,-0.6911046025587159,1.6252919272462474,-1.5875856363871594,1.4449612532634593,1.065328024294012,-0.5859611181227727,-0.5218700727735377,0.6236395168692518,0.513953973432038,0.44721872238542265,-0.19818377120558994,-0.6814960246662201,-0.5599354701925563,1.413330574172662,-0.1891857490603571,0.19147137911445258,1.1255937434928376,0.7661981543391208,-0.32322551502019714,1.5335342122330133,0.4070754315546159,-0.7921601411976692,0.5555360023750412,-0.7657669543219596,0.9769776346243955,0.6911001680805888,0.31295664316082483,-0.6976939736940002,-0.7143362425375623,0.020144405740550323,-0.8789150149525108,-1.7492939635469904,-1.0024128727452328,-0.2680822691765451,-0.3314552222294452,-0.25014867291890636,0.02143109251455975,1.2730185329202983,1.7722986402370822,1.1508854692191193,-0.5594690213641538,-0.23257340145981534,0.32726279404466224,0.44221057327406954,-0.7225528424583855,-0.9632630914623063,-0.0987431392698138,0.4858556131431001,0.3596776338430883,-1.7410299989282478,-1.4789950429710697,-0.2248969313870532,-1.086176796233918,1.1366859878591276,0.2698020682348921,-0.1206260999084827,-1.0269370664508712,1.122492645460695,1.6081664686016834,-0.879915093705905,-0.03253770187871479,-1.0142997138076526,-0.8992419088574429,-1.1315376236069377,-0.1062176975163439,-0.7858900403146878,-0.9416563931019658,1.364108057682573,-0.8884260066105749,-0.632914111322118,-1.7242708561279982,0.08371714844445748,0.09177633942047125,-0.7134385127012407,-0.23221087542532992,-0.2265565399925298,0.3416003928823368,0.32656353663227133,1.758431664885074,-0.5264645806924083,-0.7741972946467416,-0.8823427798082708,-0.2965153077470954,-0.035124163902593895,1.1514718846761252,0.08464723345420434,-0.3627999345606069,-2.001279270597304,0.48337724088293127,1.2373181939765263,-1.8493447594401358,0.4392888802845569,1.1209945052923143,-0.12626160073145262,-1.0711669556054082,-0.3351894840577616,1.2028422292445478,0.41245067683958503,0.20658214142776715,0.893639595720806,-1.2254425192703677,-0.8757782584288563,-1.2163418488833242,0.29321633653924284,-0.7063657936689929,-1.0147649697221564,1.1757365335547993,-0.3903267178711987,0.27372048942652794,-0.812706825636689,-1.9838009874728189
G4YW_CD8_naive,1.2819542820298484,-1.4088238808760483,-1.772043559832217,-1.8363605872227864,-0.2899920894154723,1.641667529086725,1.1109153581239086,-1.1877782422189298,1.8645485497472922,0.6655934169421582,-1.3692118413877261,0.6361271421794038,0.5745210823670925,-1.0313479905679601,-1.0623621919523507,-1.0381340351727517,0.29380667868843696,-1.1431358265589242,0.9703227597234033,1.1833533791595026,-0.6443902150683228,0.14080005721207034,-0.20470249484976266,-1.1218090742815237,0.5555603335945157,-0.2659709373272082,0.6742941914616377,0.06566442529376151,-1.5175987629934566,1.746033906155148,-0.833801175554303,0.9864294435912119,1.5099659930592755,-0.6080435714601359,-0.3648513237563105,-1.0463168973714407,1.5266932201932184,-1.088731519040948,-1.5424690970796515,1.196179032155031,0.012258352670266185,0.5036504958044894,-0.9670390254073451,1.1936621536240544,-1.3678726222935427,-1.0210169259272472,-2.1793310958091654,0.5650198724717607,-1.1807511495840293,-0.3583461642470547,1.212797208070471,1.6857260083794867,-0.772008567623055,-1.3073223413799162,1.066902557016082,0.7742348396499718,-0.6792812178602257,0.9718512082278342,-1.2929745954361371,-0.9547702924068643,0.8882270021639038,-1.8055103825068626,0.5180509648747622,0.4261708334169689,-0.4854110425028799,-0.16712257857863996,0.9181605492925342,-0.25362803949665447,0.5630762087744913,-0.34759412554755686,1.5394714092638413,-0.1362667137605963,-0.9314914646625991,-0.7030152824369316,-0.2910872995742904,-0.8695028717165691,-0.7259136826999986,-0.42329484055227323,1.2733516171169816,-0.5553952622699677,0.16991338066021672,-0.774982673691079,0.09850606811085015,1.3010856812685556,0.6751298065599698,-0.29294685713010166,0.14253712141556948,1.4391823856860613,0.9633141224628823,0.046223079356429025,-0.7679212342065688,1.3249265111220283,-0.540025449832582,-1.4784431119918917,-0.48942963605346085,-0.856737210456963,-0.3556930988675659,-0.6107538869561404,0.3516755481956326,1.5716716274877458,-1.6302623051926513,1.8663053292976801,-0.5583691336072418,0.22352435915976038,-0.5715314208920351,0.1762655860560375,-0.7558081134727984,1.7432720156428803,1.379528483700758,1.547324490922724,-0.8118537497906669,0.23719413399904346,0.5104827077435388,-0.17609386796041165,-0.7295439620004609,0.13783813084594496,-0.28328590094875195,0.6146059484297073,-1.9429945861687772,-0.48392175219553174,0.8994408350384517,-1.9017575512458307,-1.196425053004262,-1.7518689526656919,0.4379461629170926,0.1337570362732287,-1.4021093055806262,1.173738474733504,1.148658594076673,-0.24556380879169518,-1.7235781735710902,0.8217099717799233,1.0250304302730473,0.17811789210434584,-0.011232809104227677,-0.6783333302937694,-1.026541592383795,-0.31692440856505094,0.7614341852575794,0.2389471830810529,1.3415296805107335,-0.8718037076040805,1.4155023063194527,0.32451303975858886,-0.12208622956755603,0.765455317546544,-0.1797439825470817,-1.4878564628161757,0.026024785956652495,0.1390017712897537,-0.5681636887483718,1.0322605382102976,-0.07120983195893112,-1.0854539858257568,0.06242827873932935,0.6852583007128173,-0.545615692324323,-0.7692407132432616,-1.3732730914478042,-0.18965273452077497,-0.8060433664470333,-1.4635841065896384,-0.595040265612425,1.2020562027031656,-0.9076472274062156,-0.7457644878913935,-0.058052874707150946,-0.07244172895890509,-0.9888103939213775,1.3180409032166058,0.28658140676657046,1.3583033858919153,-1.6766297838878135,-0.9614013080866827,0.6731485956818357,-0.3304249421033988,0.7819966389709064,-1.0222194137497955,-0.5366561072013488,1.3297896733204086,1.460627879044512,0.28065735961313504,0.013136089017822955,-0.9000639292716923,0.5069569124901113,0.8768892451985356,-0.27353935856169437,1.012342815063859,1.9614013412834477,0.23912295303150563,0.08121797615111959,0.9936519767066152,-1.4657351592341095,1.2445047737055674,0.09894458745748416,0.2547667300844933,-1.0188084776562965,-1.3920667349998057,1.5960667601323093,-0.7779014405956437
G4YW_CD8_CM,1.04047090295909,-0.6358224651083972,0.10343997195507387,-1.0817185253158308,0.3797397468562669,0.29681362253566684,1.2779638419296575,-0.40760690093492913,-0.19790305545185927,1.782986748392324,-0.6539232768906285,1.7042290357102008,-0.08663813514181491,1.4318948602958539,-0.8690196087872213,-1.5521504225473888,-1.5381485233631083,-0.38000035846786084,0.822373355680696,-1.3903190635342693,-0.7941346770047759,-1.5367919214084798,2.0064697907226288,1.2375809140863065,-1.3081743425370966,-1.2628444989809406,-0.8451550027321948,0.5663987762927876,1.1691403768343622,0.21511238130169874,-0.9013658325787177,-0.3091271822274815,-1.2740907317394294,0.14025783597555547,0.3781771213581466,0.33613099391593143,-1.6519212565801003,-1.4936922114264097,-0.93384278454103,0.5884366130913398,-0.3870501537177303,-1.7796538154103732,1.2651142562780435,0.45204648671694825,-0.8054252378350935,1.025411634832284,-0.4545624571247829,1.056815554515866,-0.43806516275188934,0.41112788181260607,0.7888280274305254,-0.4818576417864666,0.6989121719129584,1.0588699828922448,-0.03434783988818206,-0.664518944063718,1.1444701375577273,0.3524889420331947,0.5496611797858775,-1.7997887687879437,-0.681276173043849,-0.8911399201591181,-0.006873017560684531,0.38797150642827455,0.10490796669701953,-0.05191374181400946,1.1420361724309374,-0.15099528671923862,-1.6032453077581241,0.5061712418940136,-0.583062989479714,0.7367581933451615,0.9005809188032272,1.8125410224153566,0.9774471526093201,-1.3529263272944094,-1.256234614742447,-0.6255762205168721,-1.0947223911276502,1.1003811404698216,0.17175539666427272,0.8376290764548739,0.002209564871764005,0.88021564482642,0.04261180842769815,0.9703015156201273,1.1643223782586456,0.7954652410868414,-1.3857177994193133,-0.15097723587736128,-1.3905191305442504,-1.7161323596458355,1.1270989753436707,1.3036529993310138,0.4481929152222278,-0.19670192489781446,-0.9235879186193303,-0.48374296024525193,1.533348923386636,-1.8689070090001418,-1.4788610902286388,-1.185815296721222,-0.09179897328883331,0.8095564236321992,0.7767896484294399,0.5917051335938425,1.5177767573967598,0.8412026806949551,1.6397121269096104,-0.7372359242527086,-1.0528449653357723,-0.5068010987154392,1.5291392209989685,0.38880805969846116,0.7717927900537757,0.5289435838494642,0.5443901433270237,0.2540383248721783,-0.7686771303926928,0.15234162456946465,0.5429096469918047,-0.5807840251388593,-0.9893002611702612,-1.3486115858849146,0.5362845622963708,-1.0961089739795689,-0.6302579125817299,1.4826597426721104,-1.8488823857627172,-1.4481327106684978,-0.35373484122096005,1.827779470387715,1.699654118293582,-1.0007041706000532,-0.39826140268590204,-1.0499208239071047,-0.39265536624487823,0.5976562083633317,0.2731320716923192,-1.0951350089587812,0.5720958577461541,1.9708676177575706,-0.9919042685312628,-0.4048562301364224,0.6343233379275773,-0.4046282777642842,1.5313708977019078,0.10248902444788524,-0.17901726997651593,-1.2176019299079879,-0.518093958713582,0.9693592042524505,-0.4062168129552813,-1.2226300721920849,-0.8481934597571454,-0.2787767927988864,-0.6548523056449825,0.7365044158110223,1.2925328730494177,-0.7764135362867821,0.5590414651709146,-1.5002746447709256,-0.906279374325726,1.4741468338282724,1.3689387971585176,0.030001933886110096,0.9930331870467882,0.2315231712834847,-0.24200629540801827,-0.07852053443165512,-2.0619695348278397,0.8396928696875948,0.3491264212247949,-0.1260718177758359,0.7193712740864794,-0.6584975684707264,1.0510426020823196,-1.2975159453321923,-0.33287449283857273,-1.4250615938810538,0.6085627513587489,1.122887310202177,-1.5343211363145641,1.147555850428068,0.07114541898268635,0.06684410364049612,0.2725223120153323,1.1645683502544955,-0.5880191444543957,1.334815441578904,0.6610826582664937,0.2606249088356989,-0.8470984203547426,1.9284811064230358,-0.4663181112171761,-1.2749743159525568,0.04893244924526033,1.1022878523820938,-0.4549345693287336,0.7804699321518023
G4YW_CD8_EM,-0.4478641171033347,-1.1860133783588547,1.2478063810851423,0.9291393696772784,0.45377788859466045,-0.5038331310746322,0.13332068631039823,2.334655939811878,1.1986351647013498,-0.23835162630121565,-0.7744623748293429,-1.0685240139487704,1.5008914856503228,-0.20960915229507104,1.1729193796997965,-0.16570103366298336,-2.0226113210202477,-1.3547261770710157,-0.7962290564016625,-0.6399879516184424,1.84719852358299,0.7485918917242506,0.18115142408138316,0.7645437435885738,1.6157517012767963,1.0442419137203296,-0.21790962203490458,-1.0554697244461402,-0.42655332510229443,-0.160714467472527,-0.2473826490825617,0.38639098300815894,0.46801975365716003,-0.9363452367505495,0.22901232477318167,0.6719226421853842,0.7569585453091432,-0.6880308958126085,0.030765467493023443,0.7791903752310602,-1.1416304439863432,1.963884665662622,1.4391104403000758,-1.1630574255667552,-0.13231377840586514,0.6005286702445534,-2.1198196479503824,1.5717780576714269,-0.3480375693679648,0.9054692722822102,0.2196574334275025,0.5322181826374234,-0.2659069063840932,0.06720120123221761,-0.13645076383544205,-0.16346401383527823,1.0343722593751243,0.8800265045597506,-0.11877655260959907,1.464745463490103,0.03803035411725793,-0.5262965553763166,0.632163261901774,0.09969495588592163,-0.32591381213270937,0.02061793708542765,0.3673463400622969,0.7970571362487482,-0.1981867000814677,1.6660665576168046,-1.4046608260026716,-0.527161235065252,-0.25374462893005306,-0.03455775817275298,0.12174205091548326,0.11125713051493205,-0.024487076192239308,2.477007652001231,-1.5849255921324101,0.01622700008131616,0.21370185945207965,-1.162337206647191,0.06383420465289487,-0.2956519042075815,-0.18728959633027675,0.18093333287106142,1.7151274970481036,-1.379184223929746,0.33116049198665326,-0.03831432951514007,1.311891303091054,-0.1681445165127138,-0.968016613106015,-1.0871542634350564,0.5688495638401383,-1.3513469785281196,-1.3161028904453103,-0.14630712858768713,1.2101632480966895,-0.8129088036931122,0.3724319065707706,-0.05075705669711026,-1.2528632422509343,1.2480908055523239,0.5712349442831258,-0.02230380806407039,1.0058957409702898,1.7760935719681425,0.43947569271196146,-1.614246895957235,-1.0151124088471069,-0.5111885142339647,-1.2828053685789367,-0.16166169131969,1.2384248829250253,-0.6929994088924735,0.25689574919104213,0.44971849110938594,0.0990256825111462,0.2632368442968358,-0.2946598700119701,0.4350571233861574,1.3327235219863114,0.6397431178378595,-0.033597810814300244,-0.9502215181045323,0.6980134864833258,-0.9627564156250613,0.6573973347099112,-0.5430643888422861,2.1657701873965145,0.9919241723951037,-0.7982876927536616,0.5593700331120512,1.4634893413111134,-1.414098999908631,0.3660655201911255,-0.3913322531241742,-0.06654539338492846,0.28442630273471264,-1.3603990573057296,1.905658492461826,-0.09984680123054748,1.4131354984347448,-0.9549725796847868,0.6469417842699977,-1.8473089129643931,0.6812281664587215,1.4259078906291622,1.3274799801393407,1.6856276061891695,0.5419598983832659,1.4666847207142788,-0.37638642368756325,-1.329395075618295,1.9624777607412107,0.1640527225912927,-1.056386398233343,0.8565106438860766,1.0316717100862787,1.928504749479982,0.4192090207957677,-1.1929855535742717,-0.059990189330901465,-1.308879656558545,-0.47794056076595304,0.46899129249278504,1.1965073063901215,1.2860045272313299,1.6572031382497605,1.212988692158951,-0.7909551857418539,-0.1354012561648573,-0.9205387218747946,-0.7333822761681726,0.7249246853453192,-1.0678127609550783,-0.9973133183862746,-0.8130307450656296,-0.9979531265745157,0.7074406357891889,0.4659831149354732,0.11878970054373489,-0.03581117996939959,0.5061741800888766,0.5680988656403039,-0.9657325945604758,-1.997362248613731,-0.756042030297461,-0.9024043951288113,0.17973038218829404,-1.4946378879140738,2.173343768002209,-0.5009297901006127,0.025848733071937583,1.1975882408127947,0.3489613265576002,-1.5392756639763,1.7322334739852987,2.2234385227465
CYFZ_PBMC,-1.8192563623499385,-0.09850140155566352,1.3872949488815114,-0.8955335861260846,0.5786246105442997,2.1760511625279735,-0.4968763705833599,-0.3884002776767262,1.0665913219024588,1.1036490872321965,0.7720896386628725,-0.16450696602501277,0.27522856933602,0.39838359445164884,1.762893622815331,0.6069844321168925,1.8318515908950332,-1.34355254731439,1.6008924355229326,2.081993750079549,-1.6386390021590456,0.6114129339402374,-0.9611365347030936,0.6384214194724203,0.19368868228120176,-0.41516594465337747,0.4660389708118274,0.330849684030512,0.7454759531647229,-0.9161805022142849,0.47774839947565995,0.5453254847456969,0.45345550077156577,0.6932788560094116,1.5086299622249946,-1.37143540569628,1.9880170587946961,0.913378382581957,0.3377756932391128,-0.8946341410263938,1.5460748422732244,-1.6255553908671465,-0.05481854045497882,2.0752185574386783,0.2911222842028984,1.3524008785927353,-0.26859307849777647,0.8731239825005254,2.178732653482857,-0.2206447572058224,-0.7924172673902082,1.5865260581312244,-0.6069254053976829,-0.756939830186102,-2.0405121262805634,1.2273152407582792,-1.9345227426464273,-0.6018642011834296,0.4898922060216143,1.7888053795493914,-0.44939233478039015,-0.8135668335189821,0.44360472965841463,0.8888906903829725,-0.2739470772822461,-1.224512269862717,-0.12524407834126527,-0.8266712165907864,0.9484529275501491,0.1728837941629987,-0.5383764382374749,0.4898651301352058,1.3695385579258088,-1.1588674814584854,0.09985208602087195,1.986167769284642,1.354394217107836,1.4104431972962679,0.7135372794006426,-0.5156192837256706,-1.2788122239155382,1.0259988171685832,-1.5157814203645552,-1.1387039437379238,0.8155069977922305,2.084389713374579,-1.222430677291568,-1.0252321645130482,0.05998636332496862,1.298652526955757,0.04381146524692389,1.4247159652402548,0.2571379137776868,-1.0092028096009393,1.2985591223219075,-0.2313657068635741,0.04870683631199636,0.8940831937721033,-0.9410300870887089,-0.013462735113848578,0.30608337850030415,0.71319325422798,1.4984213679418819,-0.7850042429517203,-1.6449017328061126,0.7286715925591618,-0.044915689183342676,-0.08485319750782869,0.5987192019874308,-0.3270296594767483,0.921918293766206,-0.46838282151390953,1.865486395841387,-1.7500192687940221,-0.2579037712054517,-1.5167847066997224,1.2217887706680037,0.2840705395414585,0.4015674560109613,-1.780296702715069,0.19409738965729123,2.015660195452259,0.7885689328676634,0.45880796677129626,-1.6028495802535503,1.4954439737223362,-0.5509692197794611,-0.14778877237481386,-0.32075581689229643,-0.8625223549737847,1.3874627762830263,1.3935391334397793,0.7083031444243453,-1.6055064123352594,2.068195996328871,0.14845129664895723,0.6201499668647684,-1.010039706028686,-1.72716344545085,-0.4324511811369706,1.8890463460922227,-0.9423560273422391,-0.4626447770839728,0.41796010460920957,1.1474810567296314,-1.6011609963261757,1.804037391980856,-1.6571017089685325,0.3778565468075383,-1.3339503787618399,-0.610841097800568,1.1233999340850653,-1.5074327823079683,1.6022809685533275,1.0264027239979383,0.40222154325483833,1.06257066559111,0.5912693600664528,-0.43432424863174823,0.5407379296408197,-0.014997603457284268,1.1208435448489211,-1.307736426932518,0.30964400640989764,-1.0339048661994579,0.19518430525702007,0.05437191871627022,0.2930432364240827,0.1689763188541131,-0.8782994761302859,0.03782589558009883,-0.9952141365050539,-0.5635685517150699,0.7625323820308447,-0.13496764907977513,1.6627299855770397,1.2641222461983808,-0.48275937549424563,-0.5729693188461582,0.267131635195241,-1.7068933223311613,0.5657179679878289,0.5138874640210567,-1.126772590092158,-0.7732413003603845,-1.0168438985134698,1.756188618953063,-0.46443857412631495,1.2292974286509066,-1.2115256292584875,-1.314468475902835,1.8675337484120622,-0.6144479556411274,-0.6124031426571458,0.3909602701056914,1.5119167750968407,-0.650650133785062,-0.2521089605425172,-0.17207737539225484,0.02027178076405488
FY2H_PBMC,-0.0966576431758325,-0.9558104746492395,1.532142156887325,-1.1142150856862152,0.7484130060992191,-0.18242045959472564,-0.820394776121931,0.19851272687541544,-0.3179454270918223,-1.1715199649023509,-0.4843274712803575,0.4339711596026187,-1.576301802220538,-0.17361077854879262,-0.46844574751171697,-0.8482769891413349,1.3743964109989595,-0.681261970910487,0.6195757637621678,-0.2575843691682828,-1.3145653845416458,0.4624352572495429,1.1662941456472855,-0.016487062831420592,1.2619877811554843,1.04991574063422,0.4943870034611205,0.3380188664865194,0.636154574486975,0.029641636121914085,-0.23727983856140628,1.3994549388974276,-1.3019069162412493,0.125718330730185,2.3889203741182192,-0.010919703019225093,1.3739595851128221,0.9342642366965236,0.7118430323892138,0.341834693857538,1.3926421924901735,0.39488675860086936,0.44767548704511373,0.03297131460886579,1.5142125578327499,0.03345717565830196,-1.169281273379529,-1.0648593520330578,0.30441007806773573,1.4233770435963713,-0.928051191283655,-0.649506637860013,-0.7398035126330016,0.7000038733614398,-0.9913832157778247,0.22332197282997987,0.07685356323735511,1.0773188884707174,-1.6939620510877365,1.1607101318726634,0.5349185962360828,0.7873227638775671,-0.4965624672714667,-0.9778233744139906,0.32316982787371623,0.495746383013631,0.35420431807509384,-0.5445312211529875,-1.6185519555760914,-0.2813443517940968,0.05881514453900613,-0.1526672804552,0.10159863728830737,0.16816827341593463,1.040971171495713,-0.13119636950289545,-0.0767330591902049,-1.207943194447732,-1.0672380791564753,-0.5638244916513013,2.187200795921748,-1.2525819148384025,-0.18014952692278963,-1.3065961932704633,-0.0618609787744126,-1.608249089338878,-0.04387593327564275,0.905559146730136,-0.9038768265099834,-0.40266451811995235,-0.009470146494678745,-0.3323916846262483,0.43027753821089615,-1.2461312597382954,-0.5017813958803645,-0.08670860515511723,-1.1596366941296385,-1.9617893004999578,0.8721691094773306,1.6764118351173165,0.6373050235158857,-0.3250303582304983,1.0338456540193903,-0.6575690396339924,-1.6951041093802715,-0.8410931245053497,0.4219956083516354,0.3674127556394863,-0.036384887998590784,-0.9933276758852743,1.1128923895621081,-1.1080216262701168,0.10807065034763937,-0.27578630342857074,-0.8359565670555971,-0.11955071704572591,-0.48590578028175085,-0.4585667716430596,1.6393840940352944,-1.7248287953233141,-1.7701880672945924,0.36015323176951036,-0.5269487904186742,-0.6530324169489791,1.0045686530703548,1.6731406094379333,-0.10808439151555724,-0.3805334749175125,1.062678918337855,-0.5641395647717953,-1.8789593571325907,0.019050714319678645,0.015057044451822498,-0.20250056447851644,0.759502162820276,-1.0689793160613248,0.7790019688341026,-1.558636590079202,-0.685723977868504,0.024379780387538984,0.36490259869917335,-0.9103845459427288,0.5752418566597142,-1.5064601916861216,-1.524294666199648,0.428725432101459,-1.4478408809690317,0.7566956671631053,-0.4809681753674334,0.6092325556699227,0.9365742679975834,0.589407091394824,-0.7895780264646098,-0.1410995023126574,0.4267613497892458,1.50805499955389,-0.7780825770288458,0.9149190667576302,1.5763156858723448,-1.282796924744358,0.8435166041079147,1.454833599628948,0.03668889112302035,0.5126829803138925,1.0338588551102392,2.1224866706271186,0.38161609551282777,-1.61426887914645,-0.7011552571748486,0.0023618545440064905,0.41063878429621486,-1.258642018530432,1.4489276252699124,-0.7493208628333164,0.0020952707697764984,0.3485033555694582,1.2394680600092824,-0.3353751119317527,-1.2716012237543366,0.12129424114655789,0.8907351036780787,-0.2003113716663969,-0.8848159040786006,-0.4161637252768272,-1.3887097326271056,0.6116046668813176,-1.175311130362656,-0.704888843594068,-1.4598041986192838,0.33990337666968284,0.2811933277548647,1.241358422471384,-0.35780322656126334,-0.0006957725347116189,-0.6074944464552928,-0.06960858117133549,-1.4123575147791436,-0.12545992034024026,-0.13001820155557656,-1.9364642665816254
FLWA_PBMC,-0.2988332484606848,2.050592011023071,0.006890472501695308,0.48662761363175855,-1.1641941860548768,1.239793878709495,-1.825287738202761,-0.32243345845298166,-0.6969537545193336,-0.7625655036916914,1.3874147718582273,1.9435568040823328,-0.0490165780373924,1.2805738627577643,-0.15818045692407467,1.1069007955734176,0.7725632935095992,1.5752766220360832,-1.5335576084124654,-1.990434763050559,0.3960305661625698,1.1746997505552292,0.37831557293102147,-0.5255670923695879,-1.1259765536923798,-1.4213726364692563,0.25165759377647806,-0.25422443757887814,0.5776289559396027,-1.0236198854573644,-1.084259880026202,1.4410322783942138,0.8640376684505713,2.0644213965817673,0.31343608755038976,1.1856273279939273,-0.707759148346401,0.15680847809995307,-0.03208267482853911,-0.2907799837470067,-0.6374410905597634,1.2486969009930562,0.47312106825161576,1.0683264250179243,-0.25367801526249034,-0.13261221254024877,-0.01677210371432429,-0.39817142009142525,0.08015546657695317,0.3092876714169767,0.8997326714330494,-0.45057168671286313,-0.37285111847459096,0.18050580979226646,-1.2693836951243915,-1.298154116877531,-1.0729800658096538,0.3399228582700837,0.3585590547943795,0.3623242736567567,-1.0097197458066938,0.18055239579582644,2.037138908503297,2.2235243721090003,-1.1626821580604796,-0.6666981686343494,1.0381636382059793,-0.14420123506390722,0.640857081667958,-1.9302732178514161,1.487015828763815,1.5401572342060903,-0.3099604689702348,-0.580823377742283,0.4736556878547935,0.38634922326351184,0.12265856271789896,1.605130197876371,0.2874344361953951,0.9012205021344455,0.1640138814690498,0.5273407718408255,1.2316186725754135,0.5647248392099353,1.452107019179358,-1.5523636021985223,-0.7199129320415577,0.6811569277656312,2.262129958704036,-1.2443157373209328,1.3814798642086654,0.44758486331844954,0.2742392589940275,0.7555980597487273,0.32296506706041317,-1.6655559146709868,1.3349979290213358,-1.8414472711802363,1.7298245582176106,-1.1731348273865574,-1.645979622739928,1.022379142859316,0.6712013275431594,-0.6735009929573449,-0.8200505983220194,-1.3887940774104506,-0.43461509173256424,-1.7820632870934583,-0.2564134155651983,1.9219324778286129,0.03254195981707634,-0.6979522546049401,-0.9519381975535305,2.2120865026689844,0.7265611082674465,-0.9744104062018818,1.6538504725980605,1.680023396567883,-2.0146587674561722,1.3056368531368319,-0.6777983768788122,1.293815831657834,1.5684975112937751,-0.0319467483658364,0.12632872258909564,0.6858340347639286,0.9246343769789303,1.9565159463625321,-1.6410255752723468,1.1787129543714157,0.0027916074172771865,0.5636271126249796,0.47930145006397135,-0.6123789542872345,1.9761969307097003,-0.3422063122257025,0.2015683696318733,0.8947141989912522,-0.6100453255828855,-0.5779305385335005,-1.9021005005449125,-1.4193566863137874,2.205997345451131,1.395033552067145,0.5149356507260033,1.8894981451455257,0.44844636069454147,-0.30652985094550733,1.3135200733402805,0.973421734509201,0.6306758507182678,-0.021243287285331057,-0.1927176536600112,1.1034418918583302,1.3845713705336298,-0.8079863842718282,-1.8923255098855114,-0.8272788016560599,1.6427216970006417,1.8176555454492953,0.1236022472042258,1.189158279647031,-0.9673100718386222,-1.3839162959034443,-0.6762778113226842,-1.2190869142422547,0.6424549478063241,1.8686825248746954,2.054870181694535,0.9621270612375632,0.6629582066949717,-1.135639595151965,0.07100081757191112,0.8234635374068051,0.6779389517737897,2.091621157186464,0.766287218655051,-0.710130333958032,-0.5813715156276515,1.2639194716926487,0.2518456373268737,-1.8178464499901519,-0.7988771634874609,2.032582296274001,2.2927761600632355,1.0216263194560986,0.5439045983732018,-0.4954878919997304,0.13276215849285702,-0.6061909236100004,0.41300345039440967,-0.044729509290154984,0.331670938323751,-1.6554113115247062,-0.4279019104690826,-0.05199379789190964,-0.44979692654249354,-1.186338342918284,-0.2890213692577706,1.5520631843707602
453W_PBMC,-0.9319865481902448,0.848800142195743,-0.6894502051863822,-2.110926658129271,0.47622275017649524,2.196064909164122,-0.2855444967029267,0.5784235737816283,-0.00011436225947568379,0.5284022992630536,0.4609630102896199,0.6274962398894665,-0.3898079879598019,1.5848641083215722,-0.38784274083743103,-0.5589020725375665,-0.9071524438923142,-0.5073431139610447,-0.9905847927393832,2.0691663916832326,1.1565342329938766,-1.2050700490343897,0.6430595839048049,0.6710923000338143,1.5985561907477268,-0.1309035254784184,1.6901730731480442,-0.5744810380033367,0.3731720403057015,-0.8797733073331825,0.7932472344540791,-1.0871626937350982,-1.2094859764092043,-0.41192075875773254,1.2508080105009844,0.7209747650466142,0.8821007308623828,-1.1624466088904388,0.450681744886576,-0.07528447938218766,1.6253563381176759,0.9116050216961078,-0.043790527861933826,1.670057846905834,1.5036263821649745,1.0600948549428735,-0.19461231998848474,-1.3802964752490707,0.46635096764221073,1.5409338329083906,1.4687237129102784,0.5646675523016611,0.6333455851580557,0.20025514429925886,1.770613022978638,1.2891315408269974,-0.9134933386403106,0.6180704647666282,0.06621517325222147,2.23492229610965,-0.8213199503544192,-0.542847529213788,-1.2646009292672609,1.1571616015751804,0.46284123749409356,0.080081733796324,0.03253619015067889,1.2407603391059023,-1.3102644849198113,0.4921097624748713,2.214372262413598,-0.885634331947492,1.8458416714217787,-0.2020746042960884,1.1544211694812267,-1.6521763612549056,-1.5041051325808903,0.42698422683589854,1.170664109326695,-0.3788100064740349,0.13103856362864738,-0.1700753794022498,-0.16793859898415459,-0.4460947736782081,1.598264632213931,-0.5347018378735142,0.26989518161735343,0.7604441879368766,-0.04937334766666465,0.5270880941103787,0.23511315491054136,1.4952002166946572,-0.2370294151754969,0.2476513461787838,1.2939296585178808,-0.5168593830617132,-0.2955509174561053,0.5161417406321215,-1.2392922032712372,2.578999617517487,-0.16653106691822986,-0.8992668205031499,-0.3442931188881147,0.8453812553595957,0.7620359307085803,0.3623136207418401,-0.7786445212985569,-1.3024866321444086,1.2921599114044653,0.9205949496242045,1.098855985261378,0.8125895557717175,0.9269814805102056,2.366076771788772,-0.6577418762149068,0.7605799328758832,-0.4873579088318389,-0.2090360702811659,-1.3750813258197958,-0.06460778336777316,-1.2526523529350164,-0.2148919153203443,-0.791234298837064,-1.417553942532906,1.234455195754626,0.27037548741545586,-1.69363077946496,0.11378353684540567,1.328147977216805,1.468636046444473,0.9207756276714348,0.48405259442467147,1.0227167964776351,1.2391241081299513,0.4579201764602251,-0.038710473202004866,1.5782463210535982,-0.05595924497155939,0.8280142967362192,0.8717832408806121,-0.05556235606484222,-0.7817576563529199,-0.19682297853175776,0.6005477936476976,-0.7106708248345116,0.592754993683865,-1.1708871272294483,1.0164195812860974,1.5306224103083457,1.1349129547041559,-0.41066980682203136,-0.067273618509475,-1.1196909240040176,-0.9306167140218787,0.9720926515674102,0.9212624752979643,2.1903503334375762,0.3029342096375623,-0.9389093312657071,2.1182615372898574,-0.29485063998382055,1.3511867180755308,1.6996733925456737,1.9419054550522932,2.122762071495537,-0.6938130671820918,0.13671468251018506,0.7667437923301118,0.10398110543635324,0.8568179789706534,0.9058770212043368,1.2433707829609764,0.873936861257867,0.4595302985476571,1.1093094196563553,-1.659077420610926,1.1560919798079332,-0.09028661928491925,-0.4739730791901226,0.01713224163586494,-0.027355260101817797,-0.6556663773013875,1.9435121309136594,-0.8260332045445197,1.3593554135193024,-1.835725980282414,1.8933300859700608,-0.07806487506101324,-1.9069342488836076,-0.32855159365890857,0.937867424432784,-0.0928846896835103,-0.7637827651277608,-0.1764958385878035,-0.7060813929414655,0.5240273364386812,0.04693943735096853,1.0560388979472581,0.8110312487882883,-1.2896910609374
684C_PBMC,-1.2430164568133006,0.3649826196530656,2.0274602822571106,0.9865683677837159,-0.8285885927617264,-0.29966186045848825,-0.16416618345527206,0.538335698743377,0.3068852053833768,0.9251796383563639,-0.6829120309604475,1.4930819276771732,0.9973863403643832,-0.037227217761261186,0.45875810185954696,0.1706731292642629,1.1409856317399998,-0.41528445056559393,-0.4041301069477489,-1.3011787703913693,-0.6508515222633634,2.29165480723717,0.7739841687273362,0.23744237208417976,-0.526792207816709,0.3573755685339345,1.020792800318019,-1.9727196909805713,0.8096878803983666,2.19086100817078,-0.4866642813428336,-1.660218980271662,-1.3095154026742604,-0.43816101189432055,1.279919157857682,-0.9668898511710005,-0.014144589170742915,0.013686197890735897,-0.055588555837022095,1.0300658910895046,0.7067524361778648,0.6948132719167952,-0.017304611443851578,-0.0630087274318239,1.0762255747080696,2.333285315118398,-1.0695128894268626,-0.06576494305928406,-1.7420143087074895,0.15931560199799885,0.4485268503072956,0.2774475352232329,1.1640037727318242,-1.0969904677446358,-1.0833031209142787,-0.08017414670105273,-1.4827647202221839,2.2481458921986834,0.23045233687196065,0.33574716872508137,1.2751053221860946,-0.45146199799623415,0.9742198064748082,0.1665496941505671,-1.089565709652141,0.9313172575747278,1.3054972558685165,-1.5785780637049098,1.1774614664049854,-1.816794117027571,-0.8041596021305967,-1.1133158887376424,0.2315470614683153,-1.0095906308602602,0.634380364658817,0.48996468363322565,-1.079426389121808,0.49498152998552875,1.697124446227173,0.09266071896335118,1.4478359411808732,0.9555249512487927,1.498417120280179,0.8750058841217501,1.8545520719261979,-1.2154555217153749,1.5091553861177363,1.910537476338937,1.4456658808234366,-0.5270483190293821,0.6496680823786753,-0.23819473327021606,-0.6630453652586097,-1.413294119668768,1.423836731620414,0.7281085197219426,-0.9042095485332519,1.3188840072368508,1.677727501521352,0.36501980554592817,1.883953781553986,-0.9118839148154768,2.329263234378784,-0.07419500215871253,1.398071620778693,-2.123033413113522,-1.2954069879117684,-0.5121771446344966,0.3466621366461374,-0.5534295032647348,0.8378707028928485,-1.1871949303435547,-0.4195029616941401,-1.3288763795289817,-1.5282355673071288,1.153766557505419,0.32603043124610886,1.1022690686571295,0.23367782023024322,1.153707547178743,0.8948060359179255,0.8781283231606131,-0.5687367786260202,-1.1567858525607233,-1.222986334578021,-0.8008979150827884,-0.17054466900866155,-1.0299437051306772,1.0918833651811326,1.7219830973155599,-0.3666054892580992,-0.9747534010154677,0.4900980051401368,-0.3372161870610291,-0.918821809253426,0.20014114276250194,-0.865521004545295,-0.09269484345789528,1.4617864278084023,-0.1431495912009763,2.1533460450991395,0.012781911629921141,-0.56791470911354,0.501602044625091,0.08372913032627721,-1.0093278644545611,1.6143451211723434,0.28610046242349346,1.3048954157750914,-1.8024512416920584,1.0503197798813255,0.12880893389882767,1.6721926747307645,-1.2337796933124336,0.3880174369098449,-0.0025940241495948403,-0.16285172702337328,0.20119620982681566,1.2890357970225632,0.37808572100679966,-2.056057673082641,0.4782836914733846,1.3881095945900352,2.1233131810089896,2.2095033438113005,-0.6822015548730207,1.8373776408393825,-0.17271174257213176,0.3397289986946715,1.724053830641433,0.9682934295938161,1.0216868713839575,-1.141763147641503,0.22229565640847285,-1.760404887432423,2.36926676859068,2.2649028130542654,0.7637482010292164,1.040605746231766,0.6544739261934786,-0.04173534502040247,-0.6650477864389808,0.868892397705339,-1.1680909656510796,0.8534822627852403,-1.218209469462469,1.1435818172177017,-0.7062261089503145,-0.09276912360813072,0.6666498655775208,0.2850395985798496,1.3005273324335092,0.02486048091329981,0.7888973837354866,0.746977973730207,-0.2924854785560844,-0.037692692549927055,0.9161807509332702,0.9874662237756995,-1.4034510785136192
CZJE_PBMC,1.0359684855981173,0.7337219013181104,1.5581907240423485,-0.20726549528653526,-0.7312157524963838,1.0283636800695826,-0.06180855197630465,-0.24012327275091405,0.07761568038022737,-0.7700570829311745,0.4169063159880229,1.3352849392364785,1.4441288193029114,-0.044729311740239794,0.23182049418229167,1.8878665953911238,0.7254631330377463,1.404295170030295,0.07701200191972554,0.8130336513556526,-1.6695754552031374,-0.6176311848043702,2.1669541346758767,-0.07482208034044409,1.2501430871578691,1.5562956161425228,0.32730703942197326,0.4359627579538294,0.9333218531373815,0.008440347286437676,-1.6809324405205794,0.1230292653192758,-0.7129337762196645,-0.23598034554350883,1.4270427777760426,1.7020550430190182,-0.928508574680363,2.3477562893330113,-1.5022723722643103,0.9160292396500908,-0.017382980597715692,0.0985145787289661,0.06160041058262147,1.0594125174593378,-0.6042543591255599,-1.3194006242558536,-2.080263732420816,-0.8416851240948314,-0.06631601880047373,-1.527129786249188,0.9386339620857285,-0.312084944601241,-0.18687480709483753,-0.1241873630883068,-1.0851920557364878,-0.2270913406995397,0.2944912459037275,1.4893876765703074,0.8463422841282596,0.5898437875554293,-0.4049503534017959,1.251191731121498,-1.406483741007045,1.5302087550183736,-1.3142345694115527,-0.48449986316322513,0.67841474743162,0.021052715893964746,1.0757409697502893,1.0320562220359513,1.529376015088903,-0.8521053729485147,-0.6586777160115916,-0.6748490934070923,1.89336746174268,-1.374593236627284,-0.6126186218034262,0.5976833365660683,1.697478988357926,1.9148623661040352,0.6342246008944122,0.3468740331495469,0.17253063367011245,-0.9762284122363739,0.680537638417325,-0.6978209012700485,-0.8726934662946727,-1.0965220081899598,-1.5574425723751215,1.1686706005584866,0.5600649431669913,0.16356835719338375,0.7129259506797035,1.250932771831317,1.7167165865834457,0.6056715395444888,0.7880026559292996,0.5393198117260956,-0.033133815367747455,-1.4118811393179236,0.7376982924425102,0.197897581098224,1.0872073153594282,0.6823440506298509,-0.885677404823118,-1.5355155990742642,1.308481949486224,-1.2905446338262192,0.5594821669306534,0.5756796009814064,0.08990440449218429,0.30532066607466374,-0.8036363049771884,2.342851108029043,0.03316227972622027,-1.9030056691310726,0.3648431105628501,-0.6851310222409547,-1.1550381370771612,2.071075544993469,0.264780027198904,-1.7909483830805628,-0.9103214396423112,0.2119975455715048,0.292845929143878,0.5059134213178919,-1.6793057401765041,-1.493896738496632,1.4494011437604686,-0.967023765132314,0.9338100842110487,-0.46724078267156943,0.055501482049135055,1.6408661234346318,-1.0950844191961966,0.2629337412429188,-0.77819860864091,0.607771569049853,1.781488745485255,-1.4476846345381176,0.4774586317446037,1.0170738323169786,-0.14793263546625168,-0.5509305885220598,-0.654222765353832,0.9476935291422495,1.3964808557136001,0.20865828195774863,-0.6914548025117404,-1.8080175070331004,0.4379326379575372,0.36766560057289027,-1.5711734820429395,-0.8312007040567083,-1.1609849353264035,-1.405783347767554,-0.12118034496327743,-1.0942736882805995,-1.8056390767546768,-1.887206923111058,0.5447269926703096,-0.5626856414194902,-1.1895017626995628,1.1312123447263058,-0.17820726697493572,-1.1694604800580994,0.5476811692292344,1.3917328126303656,-0.7242109883622339,-1.348401438617434,1.1515531647006296,0.5131857307454089,-1.284933593411524,-0.555769158593347,-1.3156959101844385,-0.605977442417038,-1.131352308979848,-0.9154879236222904,0.9449016450511557,1.8922980488758039,-1.5062052162792134,1.3324797825152737,0.3814527921602873,1.9353788646963244,1.1573684465482834,1.7493140734609973,1.2514915977537804,1.4136757024562014,-0.04009083378773504,0.12210291098860471,1.3288901295836197,-2.008777756007961,-1.2080133398851263,0.2115458458519069,-2.1055640512156315,-0.21935759081237105,0.09812486338805168,1.1751905541632366,0.4860465623188121,-1.6491082781341926
G4YW_CD8_TE,1.7018193612237695,0.2143060127972064,-1.3664613752572965,0.5674209022591639,1.1834382871212918,-0.9961475549193336,-1.4247299200702055,-0.444009434966927,-0.6427867782625984,0.006218967326989078,0.19138003916415333,-0.2239080295071941,1.7570269514572974,0.3386242104176553,0.8754534820824161,0.5791594932384082,0.3970923510303861,-0.8292869263857325,-0.6154253873572745,-0.23387774029293007,-0.0640234060580503,-1.1028527244608652,-0.39245491921336817,0.4520345682629544,0.09736774194299021,0.10816659761650356,-0.5535756701261499,0.6797720580658324,1.2096950957050125,1.5667867172682626,-0.09718257890125366,-1.1278890812811546,1.0903157206401304,1.3134555637605922,-0.9160013706771418,0.395087511618983,0.16676401103050278,-1.1267361681006636,-0.8422622264818982,-0.6734929162931904,1.1533131271437684,-0.22092167168700305,0.9092247310751556,0.02349580876048942,0.5452665846912979,1.8092040583768079,0.44336519196369906,0.6569260126347279,1.5871926460242147,-1.490824406515461,-0.7705981674368224,-0.08708585595527331,0.6472074376756366,-0.48440627785670787,0.0919689343885316,-1.0312199540890488,-0.6162022573402679,1.3849097410281261,0.47595402781398227,1.70379592613493,-0.5270415372820972,0.04706766967462249,1.2662837187545652,0.7633019585964843,0.60826991769032,0.547071675276418,1.0623605805437493,0.572890772251175,0.05887833988178205,1.5454778220206906,-0.9916389008855365,0.13521739414112185,0.979261124137007,0.3547037819913131,-0.39857078773752264,0.9781271377003358,0.10502391006993646,-0.6720247404126104,0.8268285627135167,0.22543564239774125,0.6291345437237402,0.6505501462549759,-1.6081606675234934,-0.9977803206292982,-1.2793810538199983,-0.6939909896621185,0.0070197427443736615,-0.7251319335210457,-0.34310444484974356,1.7833543240377963,-0.3622827461091137,0.38297340275117236,-0.9289853552280364,-0.6658681956094945,-0.580829721605622,0.19581064997878334,0.7345426736338218,0.7634071584306671,1.5690649816707232,-0.16065762532978775,0.07056748933921309,0.8566865620633087,-0.4077543520520113,-0.8481851459892087,0.07917368877017045,1.337804499113079,-0.28492765795109654,-1.799816124636565,1.8887084680923811,-0.16834443047749909,1.2641486475880672,-0.6310148927281449,-0.7640557229728622,-0.509264908173414,-0.9311302052915996,1.4679453768887625,0.36021626723562167,-0.2532429773031714,-1.7940814026233534,0.9583764850364853,-0.025721415349809963,-0.35420334463631076,0.9787910088351245,1.4408867426591665,-0.01056960196740023,1.0327181745411476,0.13900390325117554,0.18790858299583035,0.340870121138216,-1.7884759389965177,-1.3761760029337364,0.8080344965056755,0.3546075094830137,0.33196921116487504,-0.04602063775265711,-0.6091820777190569,0.23307065163067836,-1.1772327541045748,0.22990038845498711,1.5713703971077895,-0.23871749422128927,0.325236162846618,0.38519038333100947,2.061512559223099,-0.33717350274710617,-1.820985156569369,1.0505684188060815,-0.845569932974683,-0.999621527112112,-1.437277001593994,1.0099592073436212,0.6228417654096227,-0.4964218033414545,-1.024633990849217,-0.2779928114511398,-0.7535027750638389,1.6295001792550896,0.55037633413047,-1.0571552971735734,1.7416734519185615,-0.08241220526923387,-0.8788276925566145,1.0883416112453959,-0.05118444235677204,1.0451732094439428,-2.0875946756366646,0.19824109892502262,0.5978607710378225,-0.49207510544894867,1.74895731697406,-0.6737114846378874,-1.0506331016301391,0.20610235937967336,-1.115151209288521,-1.244021686751808,-0.7466896837811263,-0.43851431294538246,0.3828109708070566,-0.19543182894855105,0.38479226514846165,-0.9718179216644307,-2.0357113325458704,1.4556246462165376,-0.10333621392313017,0.6997568479529402,2.355020809230544,-1.0287967670420102,-0.008700723603252549,0.2099884799822832,1.1492263248407903,-0.38268279916549197,-0.326512993768933,-0.057771860003211946,1.6784642390006668,0.7860593253415525,-0.1966962094479003,0.8066689753619719,-1.185077425136575,0.6439889619234289,0.8808488222747454
G4YW_MAIT,0.3870130685074192,-0.8497233486841363,0.20751920093043957,-0.8484875514148802,-1.0577771946509185,-1.8852681577924526,0.5364296484560866,-0.8627122142973225,-1.889497578965058,1.3974706725806227,-0.923712034215843,-0.617094746471682,1.012178214474683,1.6570559831208578,-0.6693991968421046,0.5150852099286632,-2.002031483777404,0.9492138989452334,-0.3182678393583701,0.8973359615291442,1.1649425340916806,-0.8205325199474134,-0.8543393770728035,0.7952935720757436,-1.2260930356158517,-1.1908101590075078,-0.6272632876814958,-0.08198010992387628,1.3562447483543378,-1.2052942362863819,-0.6371476882887684,0.8948200937725491,1.3278955115995892,-0.7024656913605686,-0.13378916841815428,-0.8296267738365497,-0.4118442330988405,0.18785286124566394,-1.2430331761837357,0.04690472780261907,-0.6585885917610143,0.8860243387984101,0.5344848400503543,-1.8929683040101477,-1.0100111179199749,-0.3228681004171866,-1.4397354273714535,-0.6960166852394596,0.39972816044713405,0.8837128290508959,-1.3673704120230517,0.1691605721590888,-1.9760253557252256,0.07448128491499517,1.9260677606163465,-1.0112892133654827,1.2048724063829732,-0.1401274997335788,0.6734659446705062,-0.2263696323476334,-1.302314464202953,0.16158163245912469,-0.1493045954144883,-0.7223504404907695,1.0269888398023572,0.748783763210617,1.1621527674247347,1.465310429893316,0.40970122005801995,-1.8031456113218916,0.614004844179193,0.362650195441173,0.7014443368027566,-1.021880173030047,1.4085923021694455,-1.7090632245132331,2.1761072075432675,-0.0663599090084332,0.16950828445550964,-0.4611987409052402,-0.3300422127313254,1.8626021351780293,0.04367694992886574,-1.0192847533774982,-1.9131699460721991,-0.8270810117466103,-1.3957155862150363,-0.5868228891581574,-1.1220655704937752,-0.4586853474419786,0.6868705435220892,-0.3815627476042691,-0.3246555055182582,-0.8059254462878828,-0.20122167752377698,1.8206186626982315,-1.2403153416291886,-0.0874267703286032,-0.45179286441292743,-0.6767190399764745,1.9867060545843185,-1.0957076583823893,0.04965644781615684,1.0486557823888227,-0.12160584051029699,0.11318364749369504,0.28692858618853706,-0.908332492485176,-1.6487556362210392,0.16015362672389657,-0.24680250870195905,-1.616908064274427,0.35716612006881704,-1.110232058486641,-0.6875164383263108,-1.627654354002512,0.7537626677676261,-0.40324788326292443,0.0641550883672256,-1.5406766587356753,0.11984363510415261,-0.6370115845901276,-0.8009093986265303,-1.2837521904146936,-0.03291015919812804,-0.9471578989509626,1.4793549135517932,0.9139158735224174,-0.33620685696461483,-0.4918428626326618,-1.6914403146030361,1.2333152338491613,-0.8050825642490272,-0.49127595607837665,-0.3970793973366618,-1.0876039472754873,0.2659010660041044,-0.5249236087692163,1.2778262922775179,0.20334290326422166,-0.7325612144329996,-1.4368823567723283,1.0445371292387837,-0.04804065564031255,0.4633609128647043,0.7815731456877276,-0.40258344633610227,1.0247369184784545,0.08427105966339603,0.5800863292618085,1.8535974523501157,0.810832730995463,-0.8781888549947393,1.706841340996248,-0.7136400146968104,0.4167336522374841,0.33111570104940075,-0.33410269456238645,-0.5245904111223791,1.1178869486898884,-1.2040889987706662,-1.3160166040658348,-0.9931350466304147,0.0042303732843953735,-1.0814695388850284,0.8929558472135058,-0.839242528629681,1.0180509335982726,0.027046475200024463,-1.2189667174655199,1.3436289181363164,-1.9384765151092354,-1.2811429689827851,1.1884551703749289,1.803441790261593,-0.841824111220905,-1.4004820630850625,-1.4862489715069973,-0.7873069454965571,1.0751535910614638,1.0517076902165465,-0.7156171709673227,1.1275786000413373,-0.8409161334281,-1.6138043746592345,0.8583321623712831,0.07513028578033724,-0.5054009760085078,0.7866735652304719,-0.47250269631388064,-1.4719233464851538,0.7736022833932403,-0.023780818855058974,1.2777824167336147,0.4128043869432797,-1.19538235271148,-0.5043201693488892,-1.4425693434827447,-0.12489431416610319,-0.3608855515207589
G4YW_VD2+,0.44730909699095045,1.049607159922044,1.7204954080811699,-0.8820937662707466,0.8869921534205694,-1.2542185472381993,0.311394890285692,-0.3857773027594386,-1.2408090189378962,0.2702640079549841,1.102832960183954,1.5847406684016245,-0.06771110697498865,0.3547301251377659,-0.36641634846850235,0.7456279146670132,1.3846311750475007,-0.25439195451139607,0.011345668009610017,1.3740492611789958,0.40472964897677505,0.5607885678729423,-0.7710185186003404,0.3175679377107903,1.472235472231682,1.548503738342546,0.1682945688314304,1.3538882316880043,-1.6544126743774643,-0.25935188639201895,1.4377656831580983,-0.6846131152780085,-1.5259633459271553,0.9738758793396051,-0.5502182021582623,0.5632866315621492,0.8503859899751967,-1.6292596248281717,0.28354150278322143,-0.6476488748469317,0.04715840297384529,1.1154613136769413,0.15216539750763877,0.3049187133798731,1.1476614848614213,-0.3014022300790674,0.22646018500253062,-0.21596452554316212,-0.6696699748210606,0.32540178601573794,-0.9344421018269579,0.03682641419097331,0.08769158587096858,-1.2499370415143265,1.9965677715343764,-0.8185731437047877,-1.9389412706654148,-0.07005897704834775,-1.848247013820551,-0.5191873247208082,1.113261974268946,-0.10643938454578612,1.0679118557290774,1.0375956467725345,-0.46816763649490195,0.7782511541283704,1.7399661078433417,-0.6288891674039349,-1.1672716647288508,-1.4384835364012436,-1.3799558085006345,1.2990170707708588,1.4290659617028767,0.960264305623183,0.731218408188884,0.8968404475720879,1.704997292078072,1.020593780708493,-1.2546548429808606,-0.5721283596084654,-0.14477271030022326,0.3433760446948595,-0.6251576008081762,0.05461067028373161,-0.5794617900275879,-0.35183603436891503,0.26457510070313095,-1.081774881582076,-1.0924450749718753,-0.8869914102547702,0.5574648778321895,0.6039694584665761,0.15188619644774362,1.2087534295982434,-2.1381365331143396,0.27092203295069717,-0.12836200847039822,-1.7141624269856108,1.9064534636015107,0.5018852912296056,-1.8539719640447105,0.8852606396420915,1.6679343217602705,0.3915746292160084,-0.3660051638312281,-0.6572330589305907,1.1943634153607028,0.6671592037003193,0.8823659708280903,-0.13727496542003567,-1.283681097585563,1.3196067012194859,-0.6403171821425774,-0.08162219790267601,0.2629922598236332,-0.6940638261338483,1.34314945772638,-1.137962282422238,-0.6828071544008709,0.08856596763387779,-0.3152930968284489,-1.3777430304451521,1.162130246319611,1.851109553547179,-0.16883854021631525,-1.1608934336735597,0.07299742731682646,1.4644500942173713,-1.6374414132949278,0.7701094248006082,-0.8647715846144232,-0.7362573385699065,1.579196676352456,-1.5313632448295733,-1.0790627399734696,-1.4170495895094513,0.07516166708232377,-1.2718467605340353,-1.3897564050595168,-1.4871266023091652,-0.11119228335865393,-1.6390252277247181,0.04456312785507197,-1.2396529529385378,-1.4498134358811592,0.5310879298225453,-1.3974584572898205,0.7919427223874985,0.5572326093761638,-0.7247250809830981,0.8334722345619602,0.8448068473191764,0.2293481347881012,-0.9290922326008295,-0.9391909102672402,-0.06285458806313061,-0.7640403785435823,0.3484109498476463,0.18690252854692185,-0.44915612799628607,-0.2432846892079983,-1.1985247237950092,-0.14498192358736953,1.0673191670019864,1.4120027817510301,-0.402007185996175,0.5796130472780029,-0.6699558865941218,-1.7901945107286739,0.8537019220787765,0.9191997913442581,-0.15083285674152325,-0.939687404213687,-1.127349622439259,0.5747248556852883,-0.935877565666663,0.23723877643385674,1.7293104058532314,0.8542714799063827,1.0917857930702952,-0.1763715406123389,0.3338718759864904,-0.3831250661532571,-0.9321610731269963,-1.169964242033925,0.46537806251619535,-1.3114740790171813,1.0051206827554402,1.702631182545529,-0.6065692878218246,-1.0381409033372877,-0.9339883160178987,1.2320644194253372,-0.38079389352046705,-1.6799539306183338,1.8093548376678867,0.7934993628620611,0.1773932781198665,0.8975247357153101,-1.3850509483947522
G4YW_VD2-,1.346944263464744,-1.8854711218396913,-0.4323609703702671,0.3780892249065304,0.9508025534575496,-0.1955505359371328,2.035752800115471,-0.19038340413965826,0.12696405488578502,-1.6391732719637173,-0.07690418068900147,0.9972448900844858,-0.518542907343941,1.3955273044885612,1.5742816124274732,-0.547452217766994,0.8912092059025619,-0.11588468093473461,-1.7508482263005525,-0.00818036931099129,0.8550737559299254,0.34469050274346136,-0.3684554257143669,-0.2993665445594629,-0.6435347428841746,0.31021523841477516,1.3953815784470798,-0.722790142598196,-0.9852092159814225,-1.8921138920080383,-0.5501596289960062,-0.8126744306641641,1.3741878875926794,-0.33087668390302344,-0.21743294894481147,0.8702371736478108,2.034257073280932,1.1787817690963287,-0.4075886857237224,-0.7876488713264829,0.5515582109591604,1.1838319744355665,1.0316912598285362,-0.02213359456599063,-0.7351558094426455,0.17351085241747682,-0.4790630445175479,0.6860662180991257,-1.0695600718002385,-0.40297450900760057,-0.5670529826104397,-0.14500693705318626,-1.0326110344327994,0.6523319287025886,-0.06082704180369101,0.42017510214408743,-1.511071777133228,-1.410602619572639,0.47738070007376526,1.2266368701045272,0.002713779938903854,-1.5595188185854543,-0.5621350058433204,0.972794916719922,0.7363541264915483,-1.805660540668898,0.6573985967813853,-1.2509590485889117,1.2765467070142293,-1.3585631326911207,1.6556582110744877,-0.32178662775607464,-1.3412370808721392,0.022994275260076958,0.3063889616415352,0.7840081960427474,-0.9679683640937349,-0.5020564016882516,-0.09524560621934272,-0.04108618705557396,1.3961884905834614,1.3709562146152092,1.8024706818207743,-0.5291264489570672,0.010141782462142299,-1.0004108112911212,-0.4235972733621872,1.378205268417115,-0.0389745427052681,0.727873795374028,0.9717432995765445,-0.44747871357123387,-0.22899838688474974,1.5498837433864645,-0.5577864573336048,0.5404922802457878,-1.094900674533702,0.009496224168309574,-1.1560379566551435,-0.2097458776587231,-0.5939846688700483,0.6028990845469173,-1.1021702136275593,-0.18358149486438846,-0.058789871287801145,0.6057086927475306,-1.128893841222796,0.26285930887519654,-1.200713625537908,1.5334685750316697,-0.7484811431870505,-0.7645172910435087,0.9200675502434537,-1.3490678743223028,0.8516361189299847,0.11200042442567426,1.0579606252211626,-0.03903252053968504,1.4704171531132915,-0.20045341691112462,0.5850816962012113,-1.366184470235602,1.3673453528392998,0.8336871121674715,0.5443958253205942,1.1053489810148225,1.0742118579031867,1.3170155415892404,-1.8433318594494759,0.755954860972505,-1.3089514882807851,0.11571724297174714,-0.16151488771307593,-0.9265997383374427,-0.9210254996726427,0.1728792899168205,-0.4846451203342847,0.8797584281079164,-0.06816291550047962,0.041400266441056655,-0.5432732719429385,0.39778831041489426,0.1437577487459862,-0.23493460145093864,-0.09777609290188478,1.4672639729091839,0.37191950385972333,0.7355867784042575,1.38922893393614,-0.17619831987188392,1.1294543180145136,-1.9594135648637614,0.025737847985978963,0.18290292913160888,1.6640667987797324,0.9875798995200714,-0.5520229193270039,0.1736430667947019,1.56668523635201,-0.35588538969003103,-1.1712943192722363,0.37759956028002645,0.31906842223532716,-0.1161092739136255,0.4326100577067964,0.4952042569636597,-0.19256415746443015,0.3447572967764502,-0.8469256216958535,-1.342188176873574,-0.902699476037812,-1.1638879472435526,-0.9811805143570635,0.8933800680297217,0.5728898656775462,1.431690415817682,-0.42870102474925187,0.17861725601362213,-0.2673810568475199,0.8765037776893291,0.4479189526726443,-0.6017053856492202,0.31271510483392456,1.7821504206278596,0.6471271008740374,1.01347737816304,0.2665707509745716,0.4646786889994011,0.3218862642146991,0.5467137642488783,1.9146977221633532,0.18687922036559107,0.33063517046770485,1.109797520928569,-0.22543261262739187,1.708195437834515,0.37037297251466383,1.3432965881315302,-1.3606490345411122,-0.12219689548284829
G4YW_TFH,-1.3596602689436,-0.5155258241502503,-0.6557920112408316,0.379798776979055,1.5155745853483982,0.21458213049572677,-0.23612310812873066,1.7075666897765522,0.7967632022479714,-1.1227297393499918,1.32034510837767,-0.5614760560510615,0.935571295758618,-1.9748391911399166,-1.1029892579811198,0.021145488842740305,-0.05199742657962852,0.7382334236975159,-1.1708244008248525,-0.9739920590272275,-0.8262902699452287,-1.5581871802790261,-1.6804646173997975,0.4440937889324364,0.7320900788980425,-0.7476158767616484,-0.3816460811782211,-1.3708382927694744,0.9361039847714482,0.7596519450350178,-1.323962435403112,-1.034125126825866,-0.08511593248551523,-0.39622557787723384,0.1654080843551952,-1.2035345342703312,-2.0091355805019666,-1.8979707602329845,-0.5469427458978684,-0.3298561303511497,0.2708269869578766,1.8412845851692494,-0.38783276674198497,-1.0943279736659266,-1.1673128996953273,0.4779140959431567,0.05656886505508449,0.9959073179929235,-1.441993276567545,-0.08743410369613341,0.5202623563152643,1.7934470231944832,1.0907168146594444,0.5180271707090839,1.3364705607197827,0.6908281826103931,-0.835600267284894,1.6120652252265577,1.137613612854326,-0.10939301904483895,0.6537680355833231,-1.0802930988925565,0.42322288320124984,0.3889957791580578,-0.9247827723677845,0.027978737377693345,-1.5949230742112936,0.346987403543787,0.6168724455490938,-0.5262404579819664,-0.34015597369704936,-1.5982947013202786,-0.7189791930012326,1.5540968924752707,-0.05758010350043473,0.3265829278400722,-0.17983409378656115,0.2993252863715316,1.2227737034092154,0.8308127799449975,0.3790518684956405,-0.20577843489080788,0.6270968353298857,0.1437686178235858,0.7031787423543752,-0.41956256755156296,-0.442470783909526,-1.5962506608910751,0.730647574195985,0.2597605131316984,-0.2011125579278901,1.4339759816170299,-1.5396216155564955,0.5812208257594349,1.4142744555651443,1.1623775239598986,-1.5470913946021,-0.4884115000617809,-0.24929327255827693,0.1558539816270467,0.9578100414602473,-0.746318287851796,-1.1726671144087075,-1.7195695825435793,-0.229680031860017,1.5955694029250236,0.5112194717845379,0.6986134928128729,-1.5813845343686608,1.066456690983606,0.2384224027718614,-0.08676303616270133,-1.143173964270107,-0.2587751184940628,0.5305493079170662,-0.69773434537497,0.7903862089925637,1.2948736543674417,-0.8630343827529795,-1.150360475838606,-1.633545560607636,0.22166885156238833,1.2421326844456513,-1.3119719491975272,-0.5506125865750131,0.479047252658242,1.4605224227936977,-0.8093548754928526,1.5698653078798492,-1.0962749317688902,-0.6391582016211318,-1.746156317217418,-1.1278963615928277,0.5038299982819607,0.45431407816916564,-0.23902092587368395,0.4188341683131777,-0.7687844164589699,-0.8017002301647856,0.35594013718724826,1.1116065276548606,1.3046096728301946,-1.0686633277474769,-1.268978538595647,1.7944033029718174,0.9066634891912315,1.540433491343924,-0.3319364682638089,1.0977857190917282,0.4792886855077641,0.05943837679097785,-0.5233963408950364,-1.8053103307026273,0.8993881603845361,0.8542453095202412,0.9927671143515129,0.3376015967904184,-1.8648914597382213,0.422900690113722,-0.23611495625379073,1.040429452214002,-0.39929642230914386,0.4594338910079962,0.7322933503446987,0.8847318392126705,0.359153444316959,-1.0678747419200403,1.3522819002390738,-1.5972861629534991,0.6616545296740546,0.2152758846415527,-1.60174398455886,-0.024717146294734732,0.6821133841877256,0.2657962528428037,-0.5965511166538381,1.6422546502736999,1.841974390789494,0.6614445943332097,0.5878431646845552,-0.8001689951110955,0.7627534755705699,0.6232046712384905,-0.7273674438023326,-0.6540676928294131,1.6635132897968985,-0.3857822443363696,-1.0148175861093551,-0.9774108939798979,0.9456662471440703,-0.8340440538471963,-0.4037086432412174,-1.3661270585618193,-1.0711204712049938,-1.0357283420159633,-0.11901467654364903,-0.9059528829536042,-1.0452058582306005,1.5094242761578047,0.7071632584511123
G4YW_Treg,-0.9242772970513304,1.2233491584573895,0.566087484526688,-0.24879493496595717,-0.009260544207193792,0.04844503118578139,-0.5316067884148349,-1.9493679835262834,0.30237718063262636,-0.8985049462018767,0.13285413917456454,1.1595455480439536,1.530606214234677,1.1260640534791917,-1.1331627843945955,-0.9251484088999148,1.245853446915477,0.9233060015274737,-0.6069193411237721,0.18200333543203667,-1.3890667729247141,0.8857185609188032,1.2218997831132765,1.1709419276388384,0.05775681882902698,-0.8403908190402731,-1.5203704896495227,-1.314975992913535,-0.6306859433489644,0.18584847497371262,0.580873373243181,0.37776866037091883,0.7901111702320063,-1.3037247463743005,-1.6394230546668045,1.3983549861217017,-0.3958789415248206,0.6294981728881346,-1.276009640424089,0.19729632034093111,0.2582550107862567,0.7064797355067917,-1.503852216794484,0.5642240265225078,0.11929714877058976,0.5483245045870405,-0.12268817831217262,0.6061779349324635,1.7858820045041508,0.2990090135616627,-0.8232162711247157,-1.0730670182161566,-1.067164496892879,1.6973628476413902,1.4471573056615048,2.1346228625534565,1.9018830367857291,-1.151781171305333,0.2229640619243108,0.6824189846964617,-0.7060853383511474,0.004643903013154435,-0.75017378304041,0.28956795956383935,1.8272486092715998,1.1190933553152245,1.6695197922363867,-1.106875640787896,-0.5139514571104281,0.45657692286397655,1.055290242146046,-0.5570283747845001,0.566122212381667,0.5214294314548162,0.9404282816131531,-1.1184776976001654,1.908037928173001,-0.36804522640967646,-0.6110423269151826,-1.1885675800624036,1.0672673185975698,-0.8317237059117417,-0.3056440676674693,1.1276123068001815,0.7924746346746887,-0.6986891824921281,-1.5142920366837667,-0.24294800958787519,1.2913554474258975,-0.7774174258981937,0.04370345007828498,-1.1035455150493667,-1.5725279105386745,-0.005339700587306238,1.9153366311546183,-1.4478157344337834,1.6114314676205144,0.32031585078439356,0.15357685770637924,-0.9494265579628798,0.5679779562960744,0.7782792935751719,-1.4176290296100518,-0.4047479751188462,0.05159528396337322,-0.4814761129976327,0.8553163163859383,-0.6346746367087072,1.6931818579556441,-0.2854610284100841,0.5178660191375848,0.6610299223026979,-0.9564963164925417,2.001456125897866,-0.8736316592447169,-0.24246291831874084,-1.4211197415072516,-1.1420226511864182,0.36962029356785747,0.7206618204997058,-0.6850688890096952,-1.7710841481167414,-0.9517198219737515,-0.3910418937946771,1.1955378261682648,-0.8743167643480827,0.9514629896278315,-0.6723577015562716,1.2909058113631342,-0.3066981291700857,0.4257129976628458,1.4243798914158172,-1.0434122334853222,-0.22188101455476936,0.6244087132168465,-0.4810369248801296,1.6921181340835938,0.5835292204060922,1.4519523432404295,0.11941161513396105,-1.2222498678144684,0.5099180714048617,-1.1912109061923897,0.5789890597519958,0.04839082991180493,0.01456128098335763,0.39943960611343854,1.2263823754260077,0.2973740088384383,-2.046150773414032,-1.1138213620873414,-1.0617051607580863,-1.6528510908494056,-0.0003516245448969124,-0.1983181906161828,-0.600583896092357,0.5191600777234469,-1.1304886565959584,0.6976038640927071,1.2465907627591193,-0.7538698738975591,1.4530142048988504,0.481891384207877,-0.10311648044714157,0.21635120885010561,0.44965354525089757,1.2684027719851771,-1.1223700172307074,0.6360419770585282,1.0563708645614025,-1.0761646155743436,-0.09915673534705255,1.1078054256152663,-1.9648578473324503,1.037036311739371,-0.649313245995569,0.5387693444083721,1.045301081664555,0.1830784889939355,-0.7442356522625263,-0.610912631847109,0.04513343979501082,-0.09895195679956648,-1.749808538746899,-0.6914524779085329,0.43348403854955386,0.7621968135065855,-0.8733832261871398,-0.25998861278061375,0.6905057277444226,1.17951961944617,-1.1427683784779448,1.158479375746753,0.8153472927558755,0.6780636349027787,-1.4174723201503903,-1.9946696466978637,-1.7512140740599802,-0.12893365583706384,-1.4421350920037093
G4YW_Th1,-1.067526743900686,1.8762035688584,-1.6566259513676467,0.2353203227344285,-1.0582752276255705,-0.135300977522023,-0.33768208495662205,0.018880791633867734,0.8972320070046247,-1.148355930095229,0.7730351742836601,-1.7442283246474468,-1.2461981785479155,0.5254078359768328,-0.3108269602469059,1.2330656738121866,-1.7481784332633794,0.02281826528425619,0.4688792205587423,-1.758427554730432,0.21653136684026864,-1.654939397709275,-1.3597920966537516,0.5355731796648981,1.300569244143984,0.40031435645104674,-1.4743489374263987,-0.6183754208309068,-0.5961570832123125,-1.4694320646978476,0.034707244130150076,-0.8061027318517112,-0.06288269810139233,0.8903471602010247,0.42239449283877195,-1.762768171655207,-0.34166632236499694,0.5107773471313238,-1.242554632484247,-1.6593486229596133,-0.4532312668851746,1.4942143209473173,0.8256071872726546,0.9390939325882349,-0.7786964134977131,-0.19934368336074493,-0.11228167765913143,-0.6672188020972278,-1.4176517512579734,1.8590952928619238,-1.6806300133268581,1.788661485747805,-0.2631190549780099,-0.096911318482546,1.5756841614041626,-0.45620503129909357,1.0262239990366808,0.41166440042657665,0.3675963187264909,-1.1684984003668406,-1.1848419547971738,1.0600022459730936,-0.6416208216047925,-0.2609883265740737,-1.317890609152556,-0.5013288932496641,-1.1972933668543624,1.1067742169393586,0.6154287281043948,-0.15653577678949845,1.5049859564149508,-0.5657409279538732,-0.44444728810452877,1.4889954645048,1.1289410484454845,-0.2659280576622301,-0.9463019894837676,-0.46261521498055,-0.6293470636327334,-1.107834194913373,0.653348104269626,2.0029480488594125,1.1202765272259396,-0.6056571726366156,0.7886443005762176,0.5169120363091657,-0.3389278711408802,0.3172418043182952,0.07031786070393896,-1.8347222934912129,1.692876881725541,-0.456170778775507,-0.1355973684559571,0.5983190932819834,0.8213000061120252,-0.21134163253026816,0.29008321400493603,-0.40149648751751355,-0.7097149954033541,1.1824207587625948,-0.6804765153916235,0.9476966591848512,-0.40918135409640743,-1.528620741596706,-1.9471087579428052,-1.0007126612084496,0.2317438934795209,-1.491531534893301,0.3288269931843691,0.9688414604551274,0.4395618240722519,-0.7040876840478816,1.842220157498953,-0.07167549187208583,1.216638691368608,1.0887212041125485,0.4320452525899689,-1.0389388694194084,-0.4376708734906133,0.5727616947080465,0.005329270066383149,-0.5894296472227144,0.15088548423659684,-1.1135682987802755,-0.1718204846421188,-0.25371438747099473,1.3353476185936604,1.2046844023780605,1.0830863646071798,0.20319149588351082,0.8369029381612021,-0.6989731103498501,0.25701683218472793,-0.014807022502674579,-0.36520060751661,-0.7258937951765707,-0.6242650541788661,-1.7344188577941928,-0.05322035573676656,0.119659876586474,0.35905057691524644,-0.1815724523616762,-1.0777055440247079,0.402080347303849,1.2652054819141079,1.7571134368448953,-0.5439355536469954,-1.6109824525523417,0.3758391391546362,-0.6318744542248644,-1.6035439981139008,0.4497084155974149,0.17918002969204705,-0.7790119098251048,0.20616210620989006,-0.5089678110343612,-1.3953430696630005,-1.529350296218743,-0.17463453276491997,1.1365165470911185,0.3940579869840503,1.4999512236854124,1.6482286551155534,-1.6816279414309485,-1.909699424871715,-0.7477360692125496,-1.2058424893663802,1.179463284040003,-0.3046617420360096,0.3458394979806734,0.9087833984172365,-1.0144850441527546,-0.08066903661609867,0.1017026265822856,0.9642296072265945,-0.5194485188210141,0.29132470550877737,0.45422721862707505,-0.5707494001061816,0.19888549245527037,-0.07425827440655587,-0.1239985373256471,1.2585237004017236,0.45823384732709005,-1.1245172172765916,-1.3667659439863888,0.5055011839199691,0.6030589054374482,1.911432544595382,0.6380827029477506,0.3020164964960731,0.753877589949783,1.0588992856860318,0.13096798196993922,0.31334922701594187,1.1311939015066932,1.1867245334435033,-0.9593770136597433,1.1749393793708849,1.1607356451927218
G4YW_Th1/Th17,0.804261565590911,-0.6322747057678415,-0.45948693047379324,0.00863836444154236,-0.031022509093726492,1.6912135694389447,-1.997383936515717,-1.0430215637688318,-2.004890443690614,0.06461955722239958,0.7113527596234142,-0.4982401245650773,0.5498456206261905,-0.9785705309239549,-0.786530671484574,-1.354430349914221,-1.1869472378673254,1.4149459216735913,0.8409832120221762,-1.7630598913689903,-1.697413358353657,0.2931115075100272,1.259712552830977,-0.06565224125741376,1.7471943673545651,1.689485363491324,-1.4449187985100689,-1.5243314768600462,-0.5051445344505059,-1.3059168710324547,1.5508433946004312,-1.0641066266114991,-0.6552075018406406,0.622906740928804,-1.454068847433444,1.4851151630954378,1.735477039371799,-0.3237662249410563,0.280702507169828,-1.453390873255831,-0.8726807603766684,0.6014557586954483,-0.8707452035795253,1.0294558839125698,0.43613850467182835,-1.050007278926799,0.6561939635463025,-0.34681873911013616,1.3111911752898282,1.2210393714399412,0.05108334775912637,0.392308242253524,1.1695799946974126,-0.7777222021484079,0.8095820632453632,0.692432839330323,0.6674954460752796,-1.3374625824712187,-1.1945651324777664,-0.7551646408770798,1.802521778839104,-1.0429497760456128,-0.8106077193132035,-0.6324045953462342,-0.08094215159313509,1.8276163039782714,-0.32881692671097973,1.4159423009508063,0.019205275055811828,0.5163512590504854,0.8691674023590882,1.5445540411285896,-1.8505591641765597,1.7556394761564207,0.46190122944973344,-1.3178579724196793,0.9557805203525163,-1.3166201481136768,1.792515000388909,-0.9528824211980707,-0.0047976963617015955,0.07350085939188826,-1.4974512433054215,0.5808563126764195,-1.2026056534894674,0.8045608413558262,-1.630945937889708,-0.18529688897139343,-0.8718914096112359,-1.359947482291714,-0.1132134796056502,-1.073654041440967,-0.9089305310270797,0.4795931128250645,-0.18113428241465282,-0.47077443227710675,-0.007656225962264293,-0.8109314334647055,1.294421041281961,-0.8741049490913849,1.4976059091823006,-0.2904545990505677,1.4887059522193011,0.5699494455214031,-2.2080197333987743,-1.6244663620254476,-0.6998096598689875,1.237373387091989,-0.5734310013100958,0.895024514611508,0.16733774293985665,-1.317130830690865,-0.5284224487536526,-0.29293839058350046,-0.14606120229569836,-0.8224047603485224,0.05854557503989818,-0.45864355255861855,-0.46900955113649107,0.5500012635739147,-0.8882809690518246,-0.05607019949577696,-0.33480969146083545,-0.10864689008002903,-0.20775698915875032,-1.1619100095282382,0.0919284561283921,1.737243146052773,0.6079032853604277,-0.23274759052984806,-0.16283728698209693,1.1094236838626883,1.373523605872456,-1.8244779668576563,-1.4242536978575095,0.5037655110741482,-1.1531058457549672,-1.0472121659515392,0.03376467540786393,-1.0609297354502178,-0.4961127118997833,-0.20556330075811102,-0.5293998879043923,-1.1871669918506182,0.2256913930027963,1.0250172571231202,-0.16141797213101025,0.22389673526783996,2.0249865844050907,-0.9122359724064831,-1.1210392568149021,0.6738600392537611,0.006306866995253044,-0.3426343284626105,-0.5295035057928534,-1.9068183167653878,0.1913343089283598,-0.21870311000589004,-0.6458779935531762,1.4452622902064765,0.34514731144536587,0.16162503587988075,-0.003873082866043738,0.871633338026032,1.4113833219115317,1.7959906432189876,-1.5793470918990595,-1.3391963489088226,1.059206885811981,0.39111915247601514,0.936799994996633,-0.2872532413519859,1.3017186123805708,-0.6998161047420184,0.06471858905207703,-0.6601072288765993,0.6764730674704037,1.426752694898516,0.3570256803514607,1.0131189831446241,0.1002904940911504,-0.774485579544975,-0.6958920454056803,1.1061140658375026,0.8230783162683721,-1.5685038340682163,1.3075094967654382,-0.6303519061266906,0.09598404507833692,-1.0230660409916725,-0.5303136149152101,1.8273186864989226,0.1520201891861255,-0.38915901612581877,-1.5860417028765113,1.0715392713671918,-0.31413332348828416,-1.0626037607837244,0.9030543518106414,1.1279528329473911
G4YW_Th17,1.5311439628763401,1.470910257603404,-0.6566345502221357,-1.0838896373716544,1.4165789865653706,-0.07858529615441406,-1.7593503611749517,1.5430411220692715,-0.1843304873961363,-0.8013335258252742,1.173202475651893,0.07168676976669212,-1.3212377268012345,0.5680986612883607,0.6107124630478957,1.4444852255219756,0.6692430803845661,-0.5332053385401138,-0.4518217657163206,0.7545809709680706,0.3118183249012922,-0.6907989761666021,1.0269928771547847,1.1488216671796607,-0.0951555882691345,-1.337848327920843,-0.9045165027639124,0.6622949690016507,0.5474761951918177,-1.101955396758391,0.5460016633650306,0.7190163731935789,0.5293968167968104,-1.3297353510919905,0.5081191849538514,0.5598986538833985,-0.5690464847649319,0.8901074418072211,1.426351879453593,1.9216900005090363,-0.014712513801146465,-0.4306032127008145,0.2859615466032756,0.9293940205973488,-0.4111637466779727,-0.035238619879681576,-0.06854818561158993,0.20243774464331893,-0.25641403390600226,-1.3283441522081247,1.4537394626788658,-0.30364073825658633,0.6465580814777977,-0.5977402382870451,0.44586057227399206,0.965091006010245,0.7537552461805498,0.12308618506277497,-1.4139522487833032,0.9226453923656782,1.5006204618708965,-0.24136036193267488,0.5166168365282404,1.4599650004980778,1.9679970112399474,0.4340473140452651,0.19252254597870516,-0.2064382077765103,1.5773755710770692,1.5733135353466103,0.25831392114061225,-0.4168458373913289,0.9340210377159122,-0.1369384973393474,-0.749473740815953,1.0736924375984291,0.26310076586751624,-0.8094226326059986,-1.8439848964084908,-1.54804932338509,0.9910460573731156,-1.2259725696185435,1.9196057713811496,0.02343084453604486,-1.5638030195960206,0.3859277083859198,1.5196541306847369,-0.2917220710956866,0.7443672025053616,1.6739747823047226,0.5287881383039816,-1.4654735024705283,1.49774186856019,-1.1110211881102492,-1.6094870934794763,0.4617351383321977,1.3361254181528526,0.4828293990767505,0.37263748844202277,1.3341321036658194,-0.25162018915764534,0.10333003394176628,-0.6821698396561195,-0.632491888085363,-0.960053982759984,0.6923847448476392,1.6837780887190181,0.3864067021663752,-0.6241934037695053,0.45554767246725497,0.11801765559164829,-0.3790128356962542,-1.099783479343081,0.41341802910483816,0.43063154449767815,-0.23653150761871503,-0.3087885247952295,-0.5600660805071284,-1.4514715578582074,0.09976782679521476,-0.5517917457874983,-0.19472888627521115,-0.744923569607554,0.7012395950299134,0.886618647567315,0.07361869054722672,1.4920425038028537,0.731870325250616,0.7582065167831323,1.3799752714408684,1.110682212594705,0.8456313756870354,-0.9102898577368467,2.1284388834309844,1.748782939659744,1.4276041658482674,-0.01746845701558553,-0.03500338067468184,0.31710939603572,-2.129675419615462,-0.41883368599488346,-0.4644928256951473,-0.874143385576241,0.12164688425551319,0.44575656718063367,-0.5544952553484199,-0.6359362631949589,-1.182976490973359,-1.7542929386407913,-0.8131152825883055,-1.1907759242871774,-0.31401983291045954,0.23193544296155547,1.9581647511377844,2.142714212876889,2.1731490609718915,0.2274825552716172,1.1535901235405026,-0.0017655872669023053,0.8876718789864801,-1.141762222761003,-0.43075999361406725,0.23952601355154537,-0.4557374270680222,-1.2756680460378333,-0.7320894616982219,1.6529570907271274,0.5658250368442657,1.7092510375453493,-0.5508372201691165,0.634789054814101,-1.1955998066672253,-0.9573632656998933,0.2531945993921814,-0.13383818398004474,0.590657178341832,0.7528669243834625,0.38694974376775165,-1.4818959664645988,-1.7680108971251203,-0.7692018770363436,1.9054225181507143,-1.5139485749623143,-0.20376692357946002,-2.1782238752164855,-0.46395947250560804,1.2272243486063321,0.5183457330888056,0.6651326708470306,-0.6519112202919425,-0.6341914444472806,-0.09805551344417786,-0.6336862824838633,0.10078105009187889,0.5649443398785605,0.3778961652868775,-0.7882208958783582,-0.7783067718186927,-1.7427499330021394,1.487294918063563
G4YW_Th2,0.8140939427392029,0.992115502680391,-0.9729660302691625,-1.5222125232295438,0.2476712613699892,0.766825457678997,-0.18476970720575953,0.21743026773207222,0.08271986232944413,0.16132927172695488,0.07563496370906711,1.0092033977806818,-0.6024622754732545,-1.4250465881986465,-1.7091949620375968,0.792032562381487,-1.0432955785524969,-0.5528512593169533,1.1779831270859935,0.29752661444378303,-1.321649278157353,-0.46112867278385733,0.33995724083268086,-1.7745247954634489,0.7552412875138826,-1.0901424436785894,1.1715642829734934,0.16114636644468736,0.3435644022702042,-1.5703544010417383,-1.6209818917697905,1.0302407655916388,0.6770229972282411,0.14818210295522227,0.26597396993374656,1.300873713280155,-1.2228528986600624,-0.37800366713123273,1.792432222288825,1.8521336970070794,0.8047486499310214,0.6377645429683099,0.4823823117414032,0.11806136011805224,1.4837100177813998,-0.0950363751717913,0.6082114995255938,0.7236789700470885,0.023099308420950967,0.30422817932967344,1.3520588838461816,0.7533499577790679,0.2167399439398435,-0.25074978486779453,-0.774665988013223,2.09317226844371,1.0304255052054556,-1.6108765572298052,1.9103456720127074,0.49497933506163516,0.24874889900611102,-0.2673511618422673,0.6862719924602719,0.5977243498051004,-0.8377507548447098,-0.7436717209933691,1.7232373275888877,0.4913371958456886,-0.6231452222157788,-1.3481089577584648,-0.02058302769061731,-0.8352654665960455,-0.919787131896928,1.4807688369737873,0.13379564167715244,1.2188643086760496,0.020128525248447885,-0.35715842741272524,0.7643103099056248,-0.31479448926327713,-0.31551104601655683,-1.6140929484221758,-0.31786814428620674,0.5485149627230632,1.619526711825221,-0.14868501785499103,-0.5446846331107209,-0.2710236965201211,-1.3947973482386935,1.462796693898385,-0.03338171001142682,-0.20084193115697352,0.16584304083250956,1.0429932802174997,-1.3832713765677473,0.21741588740539466,-0.8721585507992629,1.8856221616396942,0.7111141996447491,1.4721916138648572,-0.8319313109762234,0.07338139802819259,-0.37433617909424416,0.1979245892025209,0.9271644514117698,-0.17388463273414026,1.3794502673332478,-0.27846999244600823,0.6234273910660282,1.087843003559628,-1.388899476870023,0.19159680596096126,0.872326416925532,0.19619830544311154,0.46067013847338706,0.6565270709878299,0.5841399792564729,-0.7305591034069974,-1.9885979383244754,-0.2060258015483577,0.3445876507942503,-0.2105951422668114,-0.6252857563729086,0.09439198283690753,-0.14139602415044433,-0.3729089824176324,1.914146891906725,0.920047402842782,-0.7824894979219171,-0.953580224072157,-0.07595817197739518,0.18818988518146215,-0.25338356285625,-1.3782006093784414,-0.946163716900018,0.5171579997863769,0.6964974508047985,-0.6517985397897055,1.492188143305873,-0.4037065163059343,-1.267086366759344,-0.9059168020970122,-1.0953074328717334,1.0769512207880048,-1.1194651334847265,0.8294540012588465,-1.3925677109944057,-0.06398142318884442,1.180452878511159,0.585649156214651,0.09306950692306497,0.37786372005811986,-1.25741299036713,-0.7261394177958369,-0.22988090676637654,-0.3678821882863486,0.2659350938864845,0.6902700421349021,-0.6669343652312228,0.9509838280156556,-0.9948291778134136,-0.3168693098654973,0.0174481097133535,1.6898053313524115,1.1877463293090327,0.38631979700935926,0.550088245582205,-0.5145471371373997,-0.5180492843870872,-1.53647129523953,-1.0081950831912003,0.10137222026595145,-0.26344430941175745,-1.3916120864270263,0.45429782997141177,0.19550311714612023,-1.438073444545808,-0.22075550023811988,-1.3361021636262123,-1.0028211727895353,-1.0450130479202293,-0.8093890402577553,0.6217072558102154,0.49974655749616786,1.503044279603169,-0.2833572911337529,0.13385873353329775,-1.0702545913681278,-0.5840717569411459,0.2511234468391311,-0.14304486641670036,-0.24922185526555904,-0.5950909825100136,0.776614297666167,-0.40677758169893985,0.09160396124343023,0.778038728126877,1.7143019464337068,1.0322774938403059,-1.8611552468378891
G4YW_CD4_naive,-1.885463134706164,0.44468394051129606,0.6917281368858712,0.2477086835586469,-0.4435216738525425,-0.011908681390633941,-0.3751988667671284,0.8993120355034435,-0.22166901023819954,1.3318847229647461,-0.6783737371213784,1.5972919490588446,1.8380940821532425,1.4571374180607957,-0.24788081210600835,-1.0248002801710738,0.7950313735899992,0.9916255128770218,0.04759269384574731,-0.5798954425537322,-0.9437341210445102,0.4021924026284733,-0.2841149126679001,-1.2006913873055733,1.0234814965029466,0.400868073643096,-1.2340892295102106,0.5053094727129106,1.3570493360516938,1.3771066632526023,-0.4205969802501442,1.3136903991146858,-0.33993631805468877,-0.3399531706205197,-0.44137658959178566,-0.5546647461016869,-0.07696426486976357,0.6820945872703047,1.0604795748730536,-1.1106510755282997,1.6734294766882951,0.8011470460975029,1.4884576545419335,0.9788173852294505,-0.3956770251844015,1.061512779780418,0.15322460789427217,-0.8921247459512662,-0.5732320681024321,-1.3486410047000097,0.31733134149592424,-0.08985133728498162,-0.6724098807401425,0.859757043910917,-0.43835261409320764,-0.8784715664673854,0.802810413214339,0.13226157368840435,-0.34808162549772254,0.8758693067923305,0.052229706451733256,0.5581754702515072,-0.23319800915755196,0.8287550429994675,-1.730033030058522,1.141731820521967,1.0893309410920142,-0.23980207378731244,-0.7350348242506982,-0.7812131080974964,0.20333968985148226,1.2342624973659955,1.4195613132780445,1.4616597503958126,-0.24667816367444964,1.6534141612228956,-1.110876901986205,-1.2839508421939483,0.6422111255026418,-1.2915546157753202,-0.43957767933959246,-1.2955017137389526,-0.22088453815953857,-1.4842153698822007,1.33554935035378,-1.3825161854817933,0.5251735034980859,-1.1844857101127968,1.2857712347553376,-1.6183052923460586,0.06647521650107034,-0.849355489573969,-0.9935142020376537,-1.2177726551600088,0.21583202518509007,1.6371805195387643,0.9302603795565211,1.220979836532167,1.2214109881160986,1.669364265061675,-0.35135702537634683,-0.40299390272293567,0.7875408614908828,1.234042361891377,-0.7286665099418664,0.3844394659984391,-0.28269780647124226,-0.12684807693141587,0.4456783443716599,-0.9010234822690213,0.5639086110414552,-0.5798253510527414,0.86932526513747,1.9756448365316415,-0.3210349315815529,-0.40942020698189874,-0.07621293883783248,0.2714414953114484,0.2131367545893125,0.3656387419020345,-0.3868932067706482,0.2740185950113971,1.0463506169644623,-0.20106184659079845,-0.7961823490753722,0.9751563069369534,0.9733724257787314,-0.7246846802439608,0.8210951281706277,-1.254886653465729,0.5305992594742004,1.4348503411471447,0.9849337281643823,-0.35147200665255524,-0.3907631370876202,0.37881268281488917,1.6016005191240332,0.09914229096906733,-0.495552173871728,-1.565777051613247,0.3642118256827281,0.9215813177844463,1.9038002565936807,-0.5148783299682727,0.3387806122162403,1.307825333619442,0.9117952137601374,-0.9072718365841095,1.3482504609693842,1.1675956175837416,-0.40251745238554715,0.8113666444453438,1.0301868669507621,0.6052994875556159,0.20305559024591782,0.9073085452262477,0.07950147007529167,1.1979803099304829,0.1448012826930231,-0.9221892461177688,1.0884005363356017,-0.4227519913664873,-1.0113835944550336,0.22772838884184413,0.31297152411974516,0.7960522907194145,-1.1729746563169825,-0.7100010326586056,0.7646701300640231,-0.8890521944629652,-0.6714026847131986,-1.1607790991392104,0.41101416460657697,0.18157433467944115,0.08904941876364451,1.5999343460536177,-0.4008987247074711,0.0010816424760795547,0.10997610768772251,0.2373156149740066,-0.21490527247464064,-0.9056701497934483,1.3919203745241417,0.7789074439245003,1.8902026686678586,-1.3102084273222048,-1.3657313821703638,-0.9412556086768901,-0.5538748381221266,-0.29542284325816864,1.6875309669477283,0.135590206710732,0.44305169800371796,0.5145311965655215,1.4124427406512425,0.33364057748496145,-0.07317279479674257,-1.0853897805921668,0.8387581038816005,-0.21727028507134366
G4YW_Progenitor,1.2041710170476156,1.0963905634627809,-0.6369218762655324,-0.8710080136813515,1.2906902386621841,1.1205209933144114,-1.6734871681602046,-1.0197229037649367,-0.5672140849230106,0.4918622956609354,-0.03658741894133161,1.4719909217450282,-1.3589069803921907,-0.5767027420724864,0.5923714906726236,-0.20502825960029164,1.4689050688601066,-0.6130756423081948,0.10660114616678935,0.8866607111070209,0.2503068322189037,1.1074983638205351,1.0704094372264996,-1.4124786173931616,1.1791156852641067,0.000719396712219345,-0.7426205978690708,-1.7065556239248343,-1.3820345716715214,2.07569084468938,2.1638010683306423,0.44211951239753866,-0.9101173629367498,1.5659881353982197,-1.582811137383867,0.06306043205737011,1.1963560501911006,-0.3301767604847749,-1.0274404231819458,-0.6008490080528888,-1.4242684473290876,-0.28150377477927613,1.6639308616978483,0.5304895947983539,-1.0555972822912443,-0.5574277702842664,-0.45913864214699646,-0.7737058751170711,-0.5182642551324972,0.7314005984372676,-1.09766501613993,-0.924093049301946,-0.33097407896610825,1.6990401242618534,-1.7103763184027312,1.2110811346061563,-0.7964537861943046,2.055267408171222,1.5949554212038068,-1.0689666026670501,-0.04727889677987011,1.1886007640213034,1.162129066666557,0.8980528702908076,1.4083114218929564,-1.085107829710832,2.015703088549996,-1.3874717529969103,2.2052619222247776,0.8479669727912041,-0.8288401893071871,0.37385686220601544,1.0202620397869633,-0.7998840655344635,1.1841296778139165,1.986167769284642,0.1698526012239502,0.5244659318520817,0.9738836763674831,-0.47783642771973067,-0.7248634815305197,0.09011292337447466,0.8554721564280019,1.3026548194034093,1.5425922899457198,-0.5201935642919352,0.6785219936411596,1.677491993725583,1.437958853403723,0.587306674137664,1.1372492557333465,0.7601612356701158,-0.4340882937477598,0.3356703399356299,0.09734091093981093,1.3721090462474146,1.348557322316175,-0.3643624952225062,0.5333063804714389,1.2157220260225015,0.2138187291554028,0.510709590020387,0.20759577126715936,1.1654641496527638,-1.5587937243210774,2.1061643627299778,2.050237631740646,-1.9543647884681459,0.5012391947735679,0.007081646413955238,-1.6996387518236709,0.7740413044075867,1.611569333252018,1.2594834389312581,2.0873972016173985,1.6213055022772151,1.5649030373540893,1.1951864499626748,1.464794906615195,-0.7856752500311256,2.199990446110855,1.0337829326555636,-1.476552885685587,-1.732527710755358,0.2254393114890243,1.1110231431396866,0.049327695908746694,1.774525813974598,-0.8006653380339609,-1.573104325347085,-0.7734131482044414,-0.43676738285912053,0.880543901257018,-0.9133299543767247,1.923980958173872,0.2934483223151345,1.0095215721722928,0.09095745842825843,-0.6828064059261745,0.35134738041430336,-1.2563074999962056,0.7256470164732226,1.8594956461559533,-0.551699333398965,1.7030815280714504,1.6313519382204391,-0.5078209751422371,0.9635609408864653,-0.9463046402376205,-1.7991490581845027,2.2226740191924343,2.2159572793986464,0.6762890439372004,1.0203877642785988,-1.3831089258158302,1.2381585830404922,-1.034897653012985,1.6331789392366274,-0.762534059499436,-0.5935118434931409,1.434767172633032,-0.36465423429225247,1.7218613521665687,0.6443939604645854,-1.5189302547441093,0.42192964615212875,1.6094856845963244,-1.6405071135978546,0.29974254062697575,0.21315922946459662,0.5275011555342747,0.21891919314167102,-1.1500848510456212,-1.3219846257889056,2.3764562538051486,-0.49418509847011255,0.4165026351116873,0.26284927291919047,0.9388667204031059,-0.09033330898501415,-0.1136644767502099,0.8331133106213618,1.4788351355658107,1.5051613245707396,-0.6448087308836252,0.6252227176005964,1.6250555393732564,-0.9360157912090669,-0.3347449614239556,2.438406088790925,-0.2307213024172288,-0.04972127346705616,-0.39131447449868884,1.7850641046215094,0.89135750794567,1.3346378989389662,-0.8864160153254405,0.30949927013767453,0.915461893685825,-0.29093835241632077
G4YW_B_naive,1.7966932533398667,-1.2164542676519066,-1.2647697264306041,1.2272037342722577,0.1180881305871327,-1.2510136640197596,-0.1243121076659228,-0.4953400811628752,-1.3458358723870485,0.18801114323243592,-1.6057361216980408,1.1065669054066105,0.9419224651763537,-1.819942402985707,0.6609881637534285,-0.20598888513728378,0.4364200090256003,-0.8306272005141653,-0.009549023842523725,-1.592994754929096,1.1509323850356865,-0.0032882154334239197,-1.1664690680712313,0.620106006787352,-0.1353815991759415,-1.9194069054157465,-0.5099104930665347,1.8438869065932817,1.0036983092023088,-0.806192771084759,-0.08271777560308961,1.4280093161141216,-0.2451062061815484,-0.16732002593846437,0.09280732041456098,-1.130264346769862,0.3519182369041124,0.8987124193440812,1.214915682181243,1.1097297476154566,0.7943996935146699,-0.1658623030230361,0.16517155081314636,-0.7048287006987802,-0.791856164291942,-0.8524635100237558,-0.2529002831740873,1.217666592550818,0.6330926365419577,-0.6855692852916526,0.9098643080612475,-1.5246966545241474,-0.8979018507490167,1.7265330809117705,-1.2316081915690291,-1.6117589472195983,-0.6606374101855867,0.5977373726755365,0.058441324938930325,1.2649850568723577,0.24126814484216696,0.6892976216042047,0.7177047386080007,1.939375530351824,-1.7799363432326412,-0.019588556022962167,0.35056703469455175,0.9271950522522354,-0.6664841960132154,1.5970166081466257,-1.29563363206802,0.1275885740866156,1.2096739708497017,0.5140540571861731,-0.9337114212671009,-1.493477747232789,1.9677240525545043,0.10754192197986936,-1.0367353696929396,0.7253095811262157,0.6768174253113824,0.2266886614687782,-1.4106577132368043,-0.05216263922945443,-0.5946139446243489,1.0411600024673353,-0.08395720702407718,0.35118373336991165,0.5732604870285575,-0.15415170246434018,0.9550590718820738,-0.022413944438642027,-0.9284030668442149,-0.259144785214076,0.004604189238090827,1.0729356781028303,0.5765401706602001,0.380360459438083,-0.8728240555927618,-0.8056967198993407,0.21220273054100466,-0.04504907318772336,1.0576481501311983,-0.5657137257270042,0.7954049134438368,-0.47024014083260984,0.20959270806956767,0.9994776796102401,-0.9006968031958077,1.207350119025115,0.08518559488026141,0.18003311136799532,1.290566166851345,1.750252189799083,0.43631326039680246,-0.3330209532013839,1.5294959765303449,0.0393506652416071,0.4944876945834154,1.08188106467319,-0.06548491793019125,1.6450795770000364,-0.13867676448216396,0.38756594055058813,0.7456680330568223,0.6983585250098844,-0.45792843877482886,-0.48266072911783314,0.41204133927679554,0.7051471524186778,0.9359584557882665,-0.41541709660169573,-1.6404071903760356,0.4406806881474599,-0.9495221684684948,0.8045931908456331,0.6238727013509349,0.9463400855517093,-1.1664698511101825,-0.01479949485434748,-1.3655058060647698,0.2175388862197687,0.22077969378401638,-1.3273464475905374,0.3669903734198456,-0.23657000745467552,-0.9651315405548184,-0.48210528238565625,0.022866092172567597,-0.8839688384811599,-0.4276700997525458,0.9774821403549899,0.8097912062837639,-0.5555182163945097,0.028356951356011136,-0.47182771102873095,-0.6317955530654543,-1.0645616071436934,0.930528081573045,-0.9184336466393962,1.5842377989035497,-1.3063626967086688,0.11390548956226908,0.9879008854455026,-1.6065090695164268,-0.8708977558462838,-0.6127055766441346,-1.0579078064945366,0.8663042859328175,0.3995881689613986,1.6309070391016147,-1.0632603704704506,-1.2871084011783018,-0.8199429121362056,-0.4811877531549261,1.5046901597638256,1.669051717131097,1.894221457415831,1.446930520596453,-1.1837747127896407,-1.906106792136793,1.624392364387381,1.604879869486469,-1.7705081610711666,0.6817594539610975,-0.5127542394699753,-0.9483411289447117,0.8449159303234939,0.3715615221391123,0.6957537289427932,-0.5011695135424327,0.43606068055708563,-0.2554918167214778,1.4334418000369031,-1.3625427528367717,-1.1780373416020928,1.1153523274449146,-0.677107641120547,-1.5189818633962135,-0.001272056223080197
G4YW_B_NSM,1.3047591796879758,-1.1839709831168908,-0.0338954000354247,0.3934982451646505,-0.7753587460414315,-0.529652948616381,-0.7605580709142876,0.24895631097719495,1.1080679896323384,0.488226149324262,1.990186181701811,0.31132148448344577,0.5491483559413145,1.252900131079544,0.3921468500018669,0.3616883690980234,1.00468556349,0.6761866795284392,-0.7010496454412207,1.152278516854245,-0.8307533472174655,-0.29626278549597707,-0.3067344444359381,-0.9342063963112353,0.9331653696583172,1.3808398888761768,1.1636304027049542,-1.2214037835148566,-1.817287349669902,0.27521417818184,-0.20205874846645963,-0.901225530907166,1.9900612489371048,1.4985894507638569,-0.6006108701099475,1.2669074732810819,-0.5666106078840686,1.2489405474685014,-0.4990917547368666,1.214955932972686,0.005194124991412637,-1.5969485023141214,1.562919452757071,-0.15845973952142187,1.7737100445299852,-0.7659214714753224,0.21740205654376724,-0.8955358440338839,0.8303736250399633,-0.21332322370654647,-0.986148398252359,0.6342232453169125,1.4508635419259606,-0.05147610216327775,-0.30930375036846225,0.6112899700475276,-0.08194581277390775,0.431938330664193,0.7819773838115038,-0.831555854717036,-0.747826061452373,0.21364211691924825,-0.7847098870802405,-0.22929588332568565,0.7236158194949875,-0.7509791752165585,-0.8323338274225277,-1.5165324829075952,-0.15411053147208653,0.44491421783536544,-0.8795893541632023,0.4116422467325986,0.45069411351886657,-0.3520751512423293,-0.7374599242078512,0.43931789008950306,0.817769124326888,0.028262379042153722,0.7969440672417415,0.8047397572418786,0.2887889833128175,-1.8071079011706783,-1.3093094507187477,0.42336095793470624,1.2766190577446608,-0.8154736656171295,0.5405661676042082,-1.811758410937357,0.9107712919052714,-1.7501680719788344,1.3391080922082907,0.4647665092640293,0.3658798293537272,0.89959715724341,0.02083156517482218,0.4714076600857273,1.4261679072168982,0.7599560517268071,-0.9576631505485865,0.7635556292291978,1.5142093569207782,0.8765029675438275,1.3500258917653292,-0.8719809392000057,0.7108872156830168,-0.2618097638765332,-1.1212941066728,0.9662979292901478,-0.6349534875694451,-0.3965536035287483,-1.216800341581602,0.11243192788692226,0.5937747113159003,-0.42953733627392787,-0.73151070343136,-0.30571614557730575,1.0277896450749788,0.25434114791041185,1.1742790288655554,0.23474620619088804,-1.8084897535588564,0.7669964084158818,0.7505328146960656,-0.26565473421011354,0.9379521496290307,0.6979410968388052,-0.19864798878836912,0.5167040920059888,0.6484787275217492,0.9020016240498087,0.09922014046988532,1.128872883942622,1.646998695333392,0.2161364171748086,-0.32710750587799575,-0.7276648657829954,0.10964301798687241,-0.8220609085311219,1.8915596529579852,0.4731412751196439,-0.5538406304328686,-0.4994961175073102,-0.26399076308724884,-0.06379478910059337,-0.7836678449725053,-1.0927449563160934,-0.7132216756260118,-0.11924776004787993,-1.3898848826130255,-0.8111625667552305,-1.7827078703975874,-2.1038135955861974,0.7439207951460622,-1.8955581978004497,0.15884736870219485,0.9241473488885005,1.358672332603307,-1.0101241060442823,1.1047098109816909,0.04033656788797907,-1.3613833319853386,1.34659452431995,-0.6798880368879072,-1.4458080927740509,-0.3282447158379859,-0.30276238960163676,-1.690753872220843,0.3741924555456164,-0.968969501843868,-0.3626659619567547,0.7621976410670211,1.7673478026284197,-1.848444063681916,1.0704251566459357,0.8472349876069312,-0.2773704589627218,0.44476224484279,-0.899728978021036,-0.6681328762769378,0.37877830230303955,1.4369446569972013,-0.6954705883520198,-1.2883875774872935,0.61056474051688,-1.0663128084011975,0.8700140540698202,-1.1429249020370318,0.09106240775820443,-0.812362671565447,-0.8737345768601712,-1.14692750153794,0.3467567880949763,-1.247647737329604,-0.8623318410931833,-1.0031758460369833,-1.3216967290706443,-1.3796323288736951,1.2214943406017575,-0.21841174941054511,0.8165819007244296
G4YW_B_Ex,-0.03581455638115378,-1.71568221097873,-0.5387923859525924,-0.586872135702123,-0.3118500566348575,-0.9235255599775936,-0.42222935164748376,0.5532437278180737,0.28812432926286596,0.9206646864690927,0.0062163161646581816,-0.8157242811528783,-0.6500531494077095,0.566737342182185,0.10657500922520752,-1.370087078948348,-0.38675748459429693,0.5912452450587536,2.019030317244887,0.827615912015796,0.4321824488136775,-0.09369647915963446,1.3780832545627126,1.550442010098673,0.46942336289438674,-1.8151987586049554,0.6660370984749591,0.49267589305857545,-1.0104493556809004,-0.2081095514681772,-1.5470676391259313,0.6950339419946657,0.525164132614218,-1.1095824954217697,0.477852381043005,0.6132995346516172,0.4795670684605365,-0.009346287532439625,0.010112705486897635,0.36089983771394396,0.4847427594168129,-0.7796040901817566,0.5999029170972158,0.954297200274499,-1.2782436096581413,-1.6354069243629679,-1.4594903169616937,0.4970479389266691,-0.7264257246406577,-1.3165949957051974,-1.0880707805477763,-1.073067368517635,0.6818295521762971,1.3803367233601445,0.39994981638995747,1.3385154608734324,0.8564249170738099,-0.7008733685708716,0.9364076645207339,0.9632237109494391,-1.1669560114550996,-0.7612433548723436,-1.7828492115686077,0.8528352464045598,0.6270091517759278,-0.07800727397305356,0.29329233808790467,-0.41304928456171164,0.4785796162017134,1.0356520368384774,0.3271614006135956,1.1997603437058868,-1.775056433495048,-1.4268377526454612,1.165578646594204,-0.16106876055334512,0.7414227145782649,0.9022927986247573,0.9782409038853579,0.9324960887974129,-0.09566866929524045,1.8387105731618651,1.1755397579544766,-0.41923144664581913,-0.5614418960327215,1.0764272349322341,-1.4049476108016596,1.199031558155915,-0.6084362605759491,1.3693709673662895,-0.7918552267586966,-1.7470861734840994,-1.0108187708486278,-1.116502869259117,0.614097853509353,0.5441809076232338,-0.07343688628442477,0.8823593314252953,0.5495773341592879,1.1744215793197652,-1.3958720548792438,0.755615529739845,1.0377193522675203,0.3220762578371416,1.0259205843157209,0.3297402341155223,0.7761390067381978,-1.7968745463089677,-1.1388681483966288,-1.1830374445739795,-0.4082770766924243,-1.7079509348892274,0.6720621003666568,-1.60013013227612,0.1933893991418676,-0.8822626177379115,0.4214729517095274,-1.0805230395253276,0.3234759425330593,-0.7354016618990936,-0.5026052275218744,0.13316516825983812,0.9111001674103015,0.42671894422750556,0.13628166628773622,-1.0272756677919774,-0.25197606390851807,0.44629361298161085,-1.6589240484719654,-1.0946800339159246,0.23032123916702527,-1.2261994712936373,0.6669111037589006,0.6946884485045473,-1.4470649171202703,-0.24581726478793464,-1.1880535836723936,-0.6725019597683123,0.40617164746320233,-0.4335483994576176,-0.5554511057100742,1.0705515529319758,-0.8637557353446497,1.1951579948910842,-0.3313332052608844,0.44416304825441016,-0.7150958897029015,-0.23058895402126905,1.5399754731297168,0.5477342754378025,-0.2763695597558625,0.01065990258447322,-0.431851572026002,-0.7439145306558707,-1.0318805717380561,-1.6808951439167563,-1.518504376442923,0.7689289868050732,-0.36749967005203027,-0.6397478379195168,-0.20138711842040463,-1.2511991821682868,-0.7705486398788347,1.4352704683086843,-0.44968091953043454,-0.9006988404333256,-0.9905129303201793,0.42720793501696375,-0.25506265400163713,0.6445216593557905,-1.6481999738880446,0.09153730171408686,0.3672766601904741,-0.3379588148806906,-0.9305766108375293,-0.40688814926343964,-0.8210756097857121,-0.8826123811135752,-1.630722671524253,-0.002917551139242541,-0.31261117007011724,-1.3784176079841872,-1.5936627558857992,-0.6413620870272493,0.6400104401801513,-0.5195273283286438,0.9760741415297208,0.2892624546509999,-0.18419957042923626,1.811398876777296,1.0029955649248081,-1.1693308968245204,0.5494274660707404,-0.43125779628007516,0.5093880019660185,0.21447009167686656,-1.1195336053658829,-0.7208701006469322,-1.1478365777467463,0.24769614714699095
G4YW_B_SM,-0.3667782709269368,-0.40918744277100616,-1.203451243320085,-1.3300830221095208,0.9290326541965551,0.06847784393051116,0.9638630493229147,-0.6152573580009875,-1.271865588082975,0.003274048665021088,0.11674412101964841,-0.7996594278960089,-1.9325033689349456,-0.6718296903698898,0.43004763758706077,-0.9605194063283672,-0.02944836864938757,-0.9626150346961857,-1.0685553175520506,1.0077832933367021,-0.7826599954451418,0.8833086485579811,0.08020598202621376,-1.5745359072428027,-0.8004911127856539,-0.8233690401846432,1.3668404517587294,1.6294908789967772,0.31287940717125917,0.04809191703579097,-0.6712035219906817,0.16779263260756105,1.3748626247619182,-0.5586091403010203,-0.5392099628585414,0.18723525347025602,-0.21481433321619525,0.13647243998298053,-0.5529171712350776,-1.4090536654227641,-0.967745814134537,-0.3793432746610565,-0.11028873007638061,-1.6841482887669443,-0.8836288962769682,-0.13588204880957613,-1.0217160798149694,0.6143117112611489,-0.48315006728632903,-0.1932097895095779,0.5770141162350505,1.1141176503332666,0.28639861065964484,0.5106301222952013,-0.5446932028495103,-1.8617271659426247,-1.720523659633775,-0.2770369519365204,-0.5110153551312692,-1.0595087802446104,0.16326549018864084,-1.6187281310716073,-0.4374342587400793,-0.20599158603463397,-1.0685324799392852,1.42518897530036,-0.8722866213074371,1.2447552168790743,1.3603619747729536,-1.485093743113282,1.2765767585094918,-1.0855260914272773,-0.520008643956927,-1.8594741171500713,0.42286966622917077,-0.19550475225838324,-1.78471750288799,0.6388270562029557,-0.7136898082945183,0.6113586658039307,-0.4590954036589344,-1.404246941893612,-0.7576644180831618,-0.7767248793080469,-0.9451728106821122,-1.3009900056469121,-0.23508836637254005,-0.917359040721896,0.3785412432396687,1.2894880073067736,0.8058801108702669,-0.9336893827976854,1.827295854980477,0.5387760811296313,0.19099371534896645,-0.6115858161942107,0.1663117166077477,-0.15405180771320112,-1.9343954579043825,-1.3468283561153724,0.13082864307077605,-0.7960374781734031,-2.002093679957861,1.2567378181419548,1.431896392057544,-1.0129289712764329,-0.19962203805909626,-0.41053068921822117,-1.2690857968052356,0.6210681204584008,-0.7273752695126101,0.15426540497393848,-0.821355416906972,0.3083261331861086,-1.216289327591219,0.4354183274285347,-0.29336166024298893,0.28641930662193243,-0.6629920643025091,1.3067695646921793,-0.45030517775813383,0.7067550097403836,-0.1950103219617859,1.7311236657037583,-2.0720558845293344,1.200983978863617,-1.7353025664755974,0.16458758749011856,-0.5902511918795981,0.8728895746264342,-1.333106244293737,-0.1857233750791559,-1.0114856083961747,-0.21785045686540963,-1.5718156343470149,0.17094566814453732,0.8643947567756649,-0.5419677500255454,0.11530143381178129,0.9340826559971198,-0.8601041710412802,2.0268924082731217,-0.17507366279982503,-1.2991124183866,-0.5122901473794546,-1.8586374869618019,0.8880198175450063,-0.10577436711196596,-1.3508640937782896,1.0056649538647124,0.4857198558653815,-0.1968303474389435,-0.5107586704980653,0.6418592348710914,0.1692397171816739,-0.9759399908787929,-0.35609407232927875,-0.9859177076831778,-0.28339823094999844,0.05209699497423975,-0.7408266445335755,-0.1541324592352437,-0.7414269225761265,-0.20372811079169642,-0.6798609468783561,-0.7979903200422496,0.7619379974678547,0.3289090951657906,-0.18104722390050684,-0.9806872652490635,0.44667287076144496,-1.0580260965991544,-1.6554514338924875,-1.3854114946449716,1.30760890551052,0.7871732519706652,0.06781782573407712,-0.8750634162287255,1.0184183601842525,-0.012738858965900513,-0.904407275672323,0.06294285504174534,1.2057819250515787,-0.4576523672392652,-0.20591147044731414,-1.5291522743727357,0.04063244087205332,0.21027163560575454,1.259445861272443,0.578375824941883,-1.100843453644044,1.5995292460242208,0.6939113515936923,-1.3175651243033462,-1.055544193435026,-1.0851185875838136,-0.3869922936004871,-0.43010221367652074,0.055896717862581095,-0.16861030782800096
G4YW_Plasmablasts,0.0763198847390816,-0.7679968001807838,-0.7058090025111605,-2.012957036177733,-1.6553797706732103,-1.4432569892717066,-0.7199753975304304,-1.6441076248140785,-0.6228379681055853,-1.741970526997347,-0.9845795072618655,-1.4878116734751121,0.0335986150720935,-1.8994093443968176,-0.32421685567556335,-1.7651781704639131,-1.3450230876877616,-1.2262348143748139,-0.4252237489679442,-0.39288710323521037,-0.5671434607887129,-0.8922459654821968,-0.963317916371708,-1.6543812911530256,-0.38346223136747376,-1.0000966027456912,-1.1736809355502107,-1.813161029509225,-0.8569871585449457,-0.7088763064791078,-1.6061404817316158,-1.3752360560740753,-0.22667091155621097,-1.3590582467462349,-1.1814816849802188,-1.1183445811482056,-2.178597617114213,-1.2096700187413736,-0.4902595383330628,-0.4499315855995072,-1.2333484758092053,-0.5665293370499532,-1.5564369424206366,0.1621133350850028,-0.5648176638806561,-0.5443456343990167,-0.37496714657901414,-1.2169945812084022,-0.9497233945335425,-0.17816662022802376,-0.2909472483013803,-0.6670457374141292,-1.2462081363839057,-1.089992857654085,-0.6757326481497666,-0.7780283406953513,-1.4036244536191411,0.36515995276151714,-1.3026682862155605,-1.4516925641690441,-0.8636023678061799,-0.4400296132472049,-0.9063004690257099,-1.287188357024157,-0.6212383418341906,-0.45710435289457957,-1.7845602845533364,-1.329606090300101,-0.7620878876456304,-0.6542776382560214,-0.7755987928246347,-0.5122144626099788,-0.4690729816586926,-0.19669608652428705,-1.1723133770579028,-1.4802832618883037,-1.3694372887541302,-0.6130624078147848,-1.7413345256770354,-1.2305449693753674,-0.6329774136737916,-1.3543314551673233,-1.4557389153929114,0.10378450150863115,-0.8239744778477179,-2.143550786673297,0.09068339423545574,-1.2238425596808067,-1.6209601768927921,-0.5555461527293442,-0.2897594972021216,-0.16705276481511053,-0.08971431611646029,-1.5402007116205156,-0.664775672210158,-1.3251523849475828,-0.3346698401467607,-1.7608561434543237,-1.7220577542033468,-0.5849064892875144,-0.185893701399136,-0.11841068471853226,-1.855384984669401,-0.7969120262677967,-2.0073993575068894,-1.2093624168269357,-0.9313386462778704,-0.554516595529998,-1.409020309760358,-0.7035917455932019,-0.9164815478538503,-0.28020475326374605,-0.7962714798573646,-1.309549565831431,-1.8478220048574043,0.0730548538986728,-0.690955158730471,-0.4523626195893788,-0.7541615780206017,-1.5707516982665206,-1.1246153640855667,-0.9557455100854231,-0.09689055355240271,-1.3858888140496937,-1.5338684161217937,-1.0060810852442084,-1.6151748350775792,-0.21612161417523887,-0.5121436982448879,-1.437278736906047,-1.4758164832112934,-0.8924114349608571,-1.3337297307070706,-0.9439366889381409,-0.5040929048118009,-0.38513188910334634,-0.0014332342562606076,-1.1981282528826638,-1.286825191344911,-0.17167751729557792,-0.907133402511015,-0.10667765586856921,-0.725341976831831,-0.07173022812827666,-0.1622701866079942,-1.703303779095317,-1.2097787870941026,-1.3637033988535294,-0.6546260796362027,-1.3878814443198915,-0.9162503051373323,-1.1539894812782414,-0.1551580683767699,-1.0435375498995694,-0.4067399547289529,-0.3366559027978501,-0.17250897482514,-1.513613856719947,-1.4222615061089954,-0.19909238135480253,-1.680844434477117,-0.2852937897723557,-1.886241373201763,-0.7685530132958333,-0.48811578373812503,-1.809871211126817,-1.951357008625508,-0.3904424901981069,-1.5201111098969278,-1.2220835687721043,-0.4954452098404301,-1.032521339833965,-0.8981581364511901,-1.6462915863199818,-0.4692178155161975,-0.6503674887495772,-1.4608637936909292,-1.3632446972469108,-1.301294102185999,-1.299220206145204,-0.8368698747709818,-0.644897764711713,-0.5841943301081733,-0.565601077005855,-0.6116719608243498,-0.8858009432341686,-0.4921766337496803,-0.7500232164457671,0.02048624560372859,-1.1326901375635665,-0.4592066264290584,-1.2696691015948225,-0.31903457972786575,0.10377251341199786,-0.9726979337391839,-1.1621407658389529,-0.6669253374096342,-2.082440086853137,-1.2889804296051097,-0.36476490847179505
G4YW_C_mono,-1.1008149065745318,0.26260193209602245,0.48716782088789323,1.6546817575581239,-0.31166973002073206,-0.035381749619394685,0.9338822909969712,0.5580301612088246,0.4946298615988393,-0.5586882516100086,-0.0694918376745788,0.7090042506756964,-1.0060598780499204,-0.33916826100064246,-0.6682502022587042,-2.1346223488785263,-0.36577258731265866,0.19344401369718914,-1.42746299841454,-1.225524799660313,0.34399812083504966,-0.70657502943322,-0.0027309608237016765,-0.7895110377561974,0.14159258925298757,-0.2167740898781251,1.7106539689278368,-0.45485345616162304,-1.9922160185755016,0.09589088433951326,-0.20164298357026283,1.3862154224465202,-1.1912363624229385,-1.1158296715353988,-0.10658385963028952,-1.5496475502275497,0.1434019220316669,-1.3362187050840066,0.685998165320223,0.4602237164313454,-0.937900802641005,0.2515495712939471,-1.0286792072208149,0.5484862242193559,0.8184756060214534,-1.1941373221092249,0.5971671394209058,1.07028499406847,-1.4634567040755238,-1.4527436055831895,0.7879833875468508,-0.2620024111324703,0.7112271485589735,-1.261536996205396,0.17996668382053757,0.016584610176814528,1.6415179913325644,1.721337606639685,0.5249412704404649,1.434755332947501,0.044502030006942084,2.008955147343033,1.3864561476694097,-0.682898884566737,-1.2158174544048412,1.0718482634834192,-2.125769308455029,-0.8226211627054834,-0.3636333223683144,-0.1119796088971201,1.1552261668753736,-1.7391366152097616,-0.0826548128834741,-1.1074545831929747,-1.0968034205994508,-0.057516498009499525,-0.9738468187933467,-0.46352096800306425,0.404023818808849,1.3916638692753065,1.503337533906362,-0.35751409124449157,0.3547606748254059,-2.0116719486594397,0.4436718915391026,0.9344678533557468,0.4209427414645775,-1.2856525891046893,1.4525596818504924,-0.3219913342486945,-0.935789525487516,-1.53285057417388,-1.5300565904801307,2.0931232461480778,-1.5808890375772169,0.8466170475076419,1.5651726149904355,-0.9481671596343108,-0.11610428162885805,-0.8607591938982484,0.5446286916103786,1.199773730836267,-1.3617403578201503,0.33076376691722653,-0.9757774376562395,0.056492586216393276,1.4614393407533492,1.5539223089104606,-0.8078339974280988,-0.6641364165456538,-0.09204914043042237,0.9364202066455874,0.6475235193639126,0.055302722302160746,1.3016218648764044,0.33738529114755156,-1.3481835935682431,0.7676408093498138,-0.5691818104010433,-0.9808731245127741,-1.313426323253316,-0.8072760968152591,-0.7552370887603932,-0.5441998777218042,-0.6515030217498834,0.5049055255964497,0.5894307064687974,1.4087963124287064,-0.9358938614223524,1.1963021979798145,0.31365075937020703,0.5317780205413989,-0.11978608641791914,1.8512643102221624,-0.4055081955212405,0.08541426725741645,1.0577672084025245,-0.3360713104064123,-0.6216272485914015,-0.037534455810652484,1.948942588915873,-0.4168985847542407,-0.9934549095326938,-0.026630390835410522,1.0884001814223405,0.9436238536635185,0.4183549940096433,0.5501874632599655,1.4999313488629098,0.7953119251029689,0.44732503821076114,1.089666526963811,0.2452131569357678,-0.09942910545897629,0.9804135629366839,-1.5443243282305736,1.1629731743841836,-0.07001851033754383,1.6157211431901413,-0.753528413265085,0.15847573075353233,0.8515072949263489,-0.6150642269928718,-0.7225241035901856,-1.0745769506593947,1.6751959646694967,0.3107964274024441,0.7732814651696308,1.3540718224726005,-0.537376919184678,1.1040845957296797,-1.1821072742663774,-1.5927371039331515,1.317449531400073,0.5115231561261546,-1.144486589896942,0.6459868146330697,0.861354843586184,0.8521572037114608,2.016889563900314,1.2769581375028138,-0.41408564612296345,0.15023193045829214,-0.1395141776474728,0.26665140307159313,-1.6825271354805609,0.4283009328997277,0.4228487662360007,1.330237209370186,-1.209161532726629,0.06277128124137256,0.43876867313279866,-1.3239258625739034,0.5672254975596448,0.8773475701669919,-0.5138701640204639,0.16608448568173761,-0.49317578143339774,-0.689474798928426,1.1756453083124982
G4YW_I_mono,-0.7152376590784598,1.5829730365212415,0.2924025282133301,-1.352109404852564,1.3072938706325252,1.5020629945113606,1.5797793728442655,-0.6354886901032245,-0.6722593476171702,-0.15589579582168306,-1.7551550114022016,0.5054335321398987,-0.38822997983569907,1.0411718264249425,-2.2012783839668644,0.5719648089730547,0.7938960936808525,-0.9390726366337386,0.7893456167527637,1.3090687906590313,0.7251577795122676,0.1606260982351402,-0.7881340982690929,-0.06234952320497116,0.6660002808349096,-0.484511777267658,0.06315787898614705,0.22917720504508451,0.14075574541780558,1.4510406668081073,1.2311251627734707,1.4075766988532743,-0.656855264917656,0.3909822637949968,-1.0067354991703883,0.9557110378529804,-0.6959877815994615,0.8508251329508737,-0.502502646317957,-1.5851941062202548,1.4329249386282956,-0.28523768180553777,0.884176597982743,0.6757834683608025,-1.574179334964828,0.3113767911722125,-0.9297292680610495,-1.7578171525515456,-1.0658416957466854,0.10945896472148757,-0.10244490915745545,1.0885991486487685,1.0519698106444861,0.10767622496324612,1.335188739349093,1.3196359196444398,-0.5974740983807181,-0.4401757076553405,-0.10312324917947617,0.48049452597363107,-1.1438617200389765,-0.0387941468074113,-0.2413781971897543,-1.1353510787221295,1.481573077718301,1.549276410590055,-1.1278178280911657,-0.3082438769610901,-1.1486846969389426,0.3187847606182967,-0.5823893119239508,1.4782201950095264,-0.026008208597488744,-0.21536235116717745,-1.0642356370382429,-1.211462627940323,1.2134529519229782,-0.03901607352433422,0.7635866580190359,-1.4329685323234143,0.8955330975829286,-0.06719719877562096,-1.5829899250792234,-1.8628251945378735,0.48086441562492893,0.5654868388426947,-0.3808225108574357,-1.4934251323964634,-0.5909206919838753,0.4045031484612332,-1.5747023998532879,-0.35265162775850895,1.5952360358534623,0.05133397199925186,0.18570807200890363,0.4543475214340232,1.1927051655076943,1.6843955727112387,-1.937380764345431,-0.4745214201666427,0.12797399576967186,1.5682690509759865,0.5472554337841217,0.6763357891927515,-1.6774129478480566,-0.2659314897895888,0.7197943168352303,-0.8178462673298725,-0.43319078898403945,-1.1588533479026173,1.3362719903255673,-1.0457334263638216,1.6607898221900577,-1.0991891321885296,-0.22565774857613877,-0.27678442167875983,-0.9298015212692681,-1.357968119356979,0.915046695043786,-0.36399618111611076,0.4119370844186664,-1.1264241464038667,1.1599014908256688,-0.2230333423631244,-0.25730693338756366,-1.2654021297122893,0.18298532382458685,-1.3764331709403408,-0.5583490650503878,-1.437714441272253,-0.16776267472366213,0.30753141464172756,-1.2740249287702883,0.37995738578403876,0.5790778691316472,0.4924886459910239,0.8024772355081405,1.3633652447569322,-1.2505764955483305,0.08338292971391775,0.516686519552356,0.8925304156424191,-0.49740639625038713,0.168440745255826,-0.3517581608712428,1.3427410420739623,-1.1481439311770967,1.703925008121693,0.338004188687844,0.3595480419534282,0.613314356174909,-1.1294304261014816,-1.0538435412345968,0.33079826964946385,-0.7610533034650868,-1.491733824234229,-0.11728086894732355,-0.6419839184038593,1.1077884660326967,-0.31019003551931323,-0.48443206133658817,-1.2300106111297893,-2.071852180804656,-0.3725891280312139,-0.2922891206617864,-0.0794931053270133,0.8804382499312764,-0.7352805903086563,-1.5224058503115216,0.04111287241100814,1.6936233753735719,-0.2841460641371134,0.8985701460169998,0.6509426945629438,-1.5229915346295466,0.2699503741015036,-1.132069163551198,-0.2300180078398611,0.0954143068632657,-1.1728522238333046,-1.3776810358054679,1.4135570465493608,1.3222810297204277,0.20836494165389421,-1.1292968851703509,-1.223045462725599,1.7924133728265177,1.308043337944671,0.2910193294919557,-1.8777370294067808,-0.5414668987776927,0.5750430953563821,-0.07733428933268921,-0.8719962726982052,0.6764021789694467,-0.7937928243364468,0.25540234856681865,1.3945237627856057,-0.6221055837189853,0.25645865539215495
G4YW_NC_mono,-0.0883058299316511,0.3594314329859756,-0.7809905700406949,0.7295256700714211,0.6935670682203425,-1.4417494640369388,0.6973698111442951,0.977400525653564,1.0221760612485633,0.8371315807446335,0.05878602529241101,-1.198080208089961,-0.8417437478056246,0.0660337268983282,-1.1859007667159986,0.3478033285402925,-1.6183522382806779,-1.5559874024059954,1.112368852021753,-0.37300390250508203,-0.13524481506385314,0.9045210048950582,0.13933246064295163,2.062097420717697,1.7297506603812205,-0.7247993506017819,1.1363536653416095,-1.2620425704307496,-0.8488524056206577,0.8591367969388641,-0.17650582690625435,-0.17934442978947182,-1.4067384624101753,-0.09739037205826444,-1.7844056675228734,0.09656090658509196,1.1260401337264279,-0.5384574764903022,0.9303404328645223,0.16313636583409,-0.036191559683958784,0.29443625877007984,0.5670350433873211,-0.0071340306903426775,-0.32935082596040605,0.5279691669675433,0.9611220328747367,0.06316728518927021,-0.4877443819505226,-0.5240853562451061,-0.748594916994837,-0.5483784057249393,-1.2580154456935213,0.7655871775223195,-0.4861568824115409,0.9764891278148049,0.37157050131827163,-0.8779407787681207,0.953132579921821,1.3944651270580162,0.5445781094101382,-1.0103139353956356,0.4851680720617616,0.6047298893841582,-0.8732897962691604,-0.3953911796289684,-0.7094713586963646,1.6983535668302479,0.028020354805570965,-0.9731695622458495,-1.5840089763595095,-0.9002295282457613,0.08623067618091686,-1.122438242381753,-0.6806680966334547,1.5636996675537094,2.0118130198563082,0.6584943158537422,-0.9707218423238327,0.5578970928362439,0.07970902727725131,-0.3781315004318675,-0.8189107973790369,0.8587398528526161,1.4922436901493539,0.28459306092821995,-1.4706457507300175,0.8209874963186068,-1.4202449233226218,1.0540592319441677,0.9071182094877813,-0.9933235371848935,0.29948379730817254,-1.7612236273711444,0.46928202994200613,1.8083065174608086,-1.2570574058244652,1.6009470282243667,0.19183082483695613,0.5774924181580591,-0.12627619637798324,1.2278134125297295,1.372926285176919,-2.0500083925912103,0.7707104718737802,-1.3336683250032724,-1.3975946413438922,1.1285985455707357,1.3041886940273801,0.13341023484250913,0.8792138896648284,1.431467040191935,-0.5993150394516792,0.2580539386542178,-1.1527153684929097,1.270653623916087,1.3371276520431452,2.0481446673513686,-0.5291547813447808,-0.18703561198805096,1.3235929402502629,-1.6569071499889558,-0.7436236327762553,-0.48155947159965773,1.084261440738293,0.40464100598696434,0.18141909529933184,1.3669527280397205,-1.9069901209733144,-0.762691883321962,0.19664909094801625,0.6037511500001878,1.1756779304386513,-0.6076833723758068,1.6742325463315662,1.3206443627166577,-1.807891940811049,0.6286232241522224,1.6118902018736672,-0.5507564756688798,1.0654191120753531,-0.8106350299564445,1.6889422057567236,1.6762083835076622,0.810653019786525,-1.2933432659189814,1.3314423376371582,0.34267354788277804,-0.6599731640619666,0.007578329277942945,0.6095356056759179,0.33883227497464885,-0.7138348623499807,-1.0549317745640299,-1.377167966345688,0.5325174866482384,1.013956098017185,1.1527411799170544,-1.4638708208730555,1.0480827937569983,-1.8362063305953233,-1.2500184481425978,-0.2321151097148996,0.5538293684470835,0.5199709478867134,1.3306520738042487,1.5478863932026483,-1.6512153022694367,-1.633115435539008,0.20570774768640315,-1.0745473017365414,-1.2274053571426862,0.3984344984819943,1.5053159238412852,1.014351140089542,1.1798358447292285,0.0747864953504478,-1.8360221798675818,-0.19395718022738664,0.46392654359059826,-0.9988637467358543,-1.1362406686161823,-0.8025829840485305,1.452394121283771,1.4713974002934336,0.27846479413792075,-1.7403168402325162,0.8084569094677339,-0.7538259769107968,-0.6007514593752984,-1.3254052752220427,-1.2130986520988492,0.7325171543266441,0.09579643482935293,-0.6262335256231074,-1.5392011204262244,-0.5891709765875253,0.9463873418175504,-0.017497186031384095,1.0379565032397462
G4YW_NK,-0.7326623339780926,1.8099193163750877,1.9082610453405635,1.6174635172604324,-0.37836483080441397,-0.5227095778005126,1.5834796709771604,-1.8603894589606234,-0.5732745437255765,-0.7654171601801016,0.2919706937224482,0.7351037588810029,0.6327793063262875,-0.9189149649453872,-0.22803335629489063,1.038825537214612,1.2237766333524718,-0.4219466268227801,-0.9941283727707511,0.5492617369217674,-1.3112070633390023,2.1196802134629484,1.950377960112767,-1.4204167630530173,-1.182401622509795,0.2733763231695677,1.1736210324296292,1.2318921304416972,-1.9494521332864503,0.7657032017587095,-0.17627727383898373,0.7805024374375115,-1.6515841065834944,1.7604240640668662,-1.3176849512919733,-0.9524039438342234,2.151162111736838,1.6769136674172662,-1.2447044070764821,-1.1767298294885498,0.3103954026481284,-0.6038704221557496,0.9784393396777238,-0.5672796713754766,-0.9687537674509088,-1.2997719652234547,0.24161770419767822,1.0741311158855276,0.007520647025761021,-0.4657745938549326,-0.825535162192884,0.6623676446119685,-1.261810447047547,1.6660679136178356,0.772466605155289,0.9226745021083591,-0.09809598773754087,-0.5913566567710057,0.9549946054042233,-1.2484616407438425,-0.6598299028323108,0.8478382315427802,-1.3996111134233378,2.1064665181423896,-0.25313167268274733,1.860819772262939,0.49859638170748133,0.322980374601856,0.5678213801940379,1.1407016643774748,-2.026870861258689,-0.6079836708714617,1.0559130955685971,0.1756940242872653,1.6854476758326045,0.3996238611334642,0.968448652273444,1.5497602953265628,-0.2130691216306937,-0.06859421831495731,-1.5874279262216449,1.7671713765062487,-1.031568244439282,1.362779597787148,0.7149675731327884,0.44403033574584355,-0.7917213278435158,-1.5951100714858275,2.010567160200528,-1.5529629752337357,-0.057527047070744526,1.393968975183285,0.22138441841477524,-1.6870353968911667,0.13798916675695125,-0.9829323365222185,-0.41587790328772467,-0.31656748505009724,-1.1775287636456189,2.578999617517487,-0.018553873081923303,1.3121998518366318,1.489667994220045,-0.014955317609858753,0.1435202440439006,-0.2565323274423053,0.2622026090065259,-0.19390503009905743,-0.9468597190258055,1.66999509639576,-1.8408577804256916,0.01155042924297262,2.195246116050784,-0.4027590209655027,0.03721786007197877,-1.5254585174907882,-0.5356262844254879,0.9932118513419338,1.2985794200702232,0.09144904801357356,0.11061958280672932,-1.1926153892065796,1.6334487344554829,-0.8834385173381738,-1.0315274634900984,0.2021875451679026,1.2725859304434077,-1.5048389313620665,-0.23425197945279996,1.0853054036762206,-1.5706534092487678,-0.24714795806966913,-0.5788997677656176,0.5304993707057396,1.08088212797393,0.87206585388355,0.8522999768396209,0.8212602934889247,-1.6128086531814398,-1.842419339730464,0.23827521903444368,-0.7631137798782017,0.4321454072843391,-1.7046128374911422,1.1253560006422396,0.8391922308129715,0.47485624517225106,0.02243972968213773,-0.1016941187491483,0.6402503610165193,0.6612686394135612,-0.45771533141819876,-0.9467846296660138,1.2310566533777259,-0.021483967665419604,1.615519787513401,-1.9764545269915994,-0.26633714635033123,0.4300023088006065,-0.393175918195691,-0.40590722245254945,-0.38507985897051444,-0.08384899375441818,-0.02971998936704838,0.19814804273164735,-0.5016713958476874,-2.0151053932590948,0.6031058697622955,-1.0874541341048336,-0.6701167395537042,-0.02995687719918676,-0.6382745116721689,-1.4169766695488355,-0.1828155835650733,-1.384394425583943,-0.3419980609175032,1.786655593576362,0.7966220070477673,-0.9339449305091962,0.776627963980745,0.20408880294642404,0.4102599467368781,0.8897613128821801,0.6003915580038359,-0.09200799686683075,0.5165288688783717,-1.2359542985765286,0.20141193475110478,-0.3750669212944108,-1.7279303580387344,1.1031758123646525,-0.6915706074093798,-2.2954041151231603,-1.0939156519780513,0.3282031863066709,-1.277222207379259,1.9695770247314597,0.6977536890785857,-0.39312160732531026,0.740704095665514
G4YW_pDC,1.5621932447519604,1.0565300436173046,0.5086593854020898,-0.3519250505991005,-0.7181341781659462,-1.2770609500951287,-0.18802784292965588,-0.38038102809007257,-0.027138224702289698,0.45669723629792597,-0.41034370126494885,-0.2311635546486829,1.6204706552419066,-0.2249586721960878,0.8698879108038428,1.4300981378094832,-0.9836266268702925,-1.4867284830417336,0.8122943511465507,1.3817718272743769,1.5953113610631706,-0.7006187871943194,0.40267306613881665,-0.5705922411241702,-1.5146600314064735,-0.6462890785316471,-0.0971720075028883,0.5625662095270925,0.8449542068164467,0.2100026521429132,0.03400477096561752,-1.5889828370330874,-1.1992734470617321,1.4234873859848285,-0.8466538032360665,-0.7914139311450253,0.7663867560466224,1.3349787885221036,0.555867995223387,-0.0949997950085081,-0.623811799278622,-1.7094314716156456,-1.0215087689331295,-0.5778340660786065,-0.02933226659208881,1.3403185272026017,-1.2166758226344505,-1.8423969330724252,0.9002963599250426,-0.8348747766862907,0.33473987110730713,-1.640787047169368,-0.8966919711382046,1.9423204647792096,-0.21812960723053312,-0.5831428667378641,1.7306979171646804,-0.35206140389733687,-1.3863841000205126,-1.1537549662856175,-1.0337160212167884,-1.0071973889907182,-1.7502819789780475,0.3590412460875574,-1.5068069019262387,1.4896441371735365,-1.8643440178742832,0.9645084393686264,-1.8631811002811889,0.12526594697740465,1.2660861983275244,-0.8012273505786563,-0.9568926537815915,1.0097100970020687,1.202332229163991,-1.4543272829108311,0.46715028352071264,1.2037755353223605,1.0176500250416567,0.3804223618767407,-1.121987699160626,0.7781904360273801,-1.867417702665917,0.07609171998182358,-0.19518302575490068,-0.7285160409693181,0.28735737981105114,-0.3058768596219866,-0.06500789047040546,0.1132601546690561,-0.546829486760233,1.2614837921430888,0.31974486762662424,0.8970796611104035,0.6450646615231975,-1.2211799469824063,-0.48480228347782034,1.068711407376988,0.8761626655749019,1.4919391763461731,0.4349754043354593,-0.8313574625835519,-0.09929695153071506,-2.070315326436713,0.5258132320384739,-0.4468272474561911,0.04169354202476558,0.7902403713616432,2.0427394151765217,0.4015404782601457,1.4268661944972034,-0.14604632195928804,1.9684915085619623,-1.169853066989659,-0.8137471253440605,-0.10692381558166593,1.4440489259160716,0.10755076772982858,-0.37500281359772647,0.23645373240925288,-0.6171475598033851,0.14906069997630705,0.15619881142644823,0.20414447315164747,-0.9916648789306459,-1.2074094036770473,-0.6479997179447676,0.5004324789635206,-0.9193725077963419,-1.412872913032368,0.1711764287328811,-0.25872777719875756,1.0857062053974889,-0.9839261757090296,0.6768178733750155,-1.0375658236309933,-1.1809246986530817,0.973160691041019,1.029863397334954,-0.05177443722939691,0.684811045837459,0.5013964795689088,1.1445197478431373,0.04625353863490712,0.851508519778098,1.4503388396998376,-0.40806353750411506,-0.4022157881655548,1.1287775978236059,0.8102341780375221,0.17019387127024505,0.19445771407792337,0.08237601187940355,0.6588170223789721,1.5225767035320716,-1.4151640106986525,0.6917375797399583,-1.9943131184648133,0.6414170136600292,-0.4488693655690259,1.6914293222150116,-1.1808116922212406,0.37422088665623376,0.7498817546992176,0.8754066547090206,1.1716000757637157,-0.5494643783580934,0.23399109324567915,-0.48257153104612194,1.4122362414836749,-1.2622404780699805,1.0226247293292914,1.2313242936688975,-0.05275803913777934,-0.9109921863713746,0.3330840738598832,1.5209516145150421,-0.6213616395349411,-1.2503184888313261,1.1133128007942574,-1.3143186759947694,-1.6748404246263655,-1.2333018584723352,-0.5400530866332203,1.4483736949926134,-0.06566114994970229,1.2454113175061585,-0.26195693304339074,-0.17164638822547443,-1.6735632007268126,-0.33515223397969446,-0.40929450607513845,0.08932500172059891,1.5977553030925484,-0.21615761579636025,0.06187145721911761,0.7227211156678134,-0.7224252017224141,0.19395791199171328,1.2038618941222454
G4YW_mDC,-0.2988136414500237,0.3914849008582708,1.041070688296802,1.6715677675975156,-0.0904325665876101,0.9509150071479684,0.011622103362492735,0.34295571542254116,1.2591612385634552,1.8638698292317317,0.328043616921483,0.9169975580057588,-1.701651761997464,-0.3798760538400208,-1.1815755869606297,-0.8559256373787385,-1.5959649332635673,1.6795607072909806,-1.4838749763500185,-0.5402633034629493,-1.4118648385161137,-0.9829749348553616,0.776045307566564,0.6280127912587965,-0.5042412360778579,-1.2908819307734258,-1.702431853091086,-0.030223559297898665,1.1116186776708088,0.7023265441149369,1.3989446720749479,-0.9439060430991467,0.937408462724068,-1.0888633141262514,0.5346709807799314,-0.9151550317990333,1.3412730405255902,-1.0834433206821568,1.417779008707583,-0.9208308877367196,0.0780938864092336,1.752578515110465,-0.0932398300224081,-1.5827324708253208,0.23494227136301127,0.49065341294893444,0.28798991123588547,-1.6623487449895973,-0.8713531759449021,0.7990664045187136,-0.9216599439253661,-0.6470234543239733,0.6316349657050095,1.029383404102109,-1.1347157710867601,1.3805739553151546,-0.1208104846210026,-0.3882573612113172,1.1664142198861436,-1.8071049619699702,1.1211449634075934,-0.02358361165551231,0.3535301221487984,-0.9294515842770745,0.9144954484605738,0.7177861796481726,0.9711240783349416,-0.04043725672981231,1.1554805639615746,0.5660484001593022,0.8575779575894124,-0.1869392526851201,-1.0990829606582144,-1.6653591106154533,1.916039941585913,1.0096078283994196,0.458211552468121,-0.8250936046197892,-0.4048039956529216,-0.07031559099640569,0.5822530216162529,0.9132239236762483,-0.5194531254204545,-0.6064370399357895,1.0913078926062283,-0.7802544542442928,-1.4784083767215221,1.4020708628152372,-0.06065395804514603,1.2371732847896089,0.5262148510654835,-0.5806622656456483,0.03229098838552626,0.46615673828695736,-0.982415987837605,-0.141932423369455,-1.2668886669534878,-0.48738512770660547,-0.2467795496756879,1.0908762841371866,-0.06693114250172896,1.1409455958388959,-1.7539844556889446,-0.31904126017928236,0.8415937503480879,-0.656596432702541,-0.9777688413417845,-0.9491168445360014,-0.06451015744374901,-0.5067745798297589,-0.2177907161319421,-0.11971212592490052,-0.39560855502985565,0.39957149954829635,0.39080893784525095,0.6559168980449548,0.8928515681679059,1.9121741447107723,-0.02493767714419529,0.673970909381236,1.3889351596758974,0.7450115204040502,0.7898828437673129,0.6928048180740901,0.16016918601846997,0.43672953034149425,-1.6982051406383774,-0.26850904210932236,0.0937947316711249,-0.33416373952929423,-1.2067833587639734,-0.930876648798557,1.2891404652614142,-0.3764580615822395,1.7657224070068747,-1.2202120340554228,0.6773233745543328,-0.14248583619556826,0.7399867402045215,1.2368539011400694,-1.107987252929785,-0.28542167812819913,-1.277835447609254,0.6047542672852899,-0.10897274986294954,-0.4282337252561013,0.23023971091637443,0.6652596795584012,0.3138868943539109,-0.105703001998151,0.13383535887047696,-0.6152143999307135,-1.6950011139841494,-0.8069428564523287,0.37499005804373897,-0.7379741933869541,-0.6691280068575896,0.6435827258781531,-1.3647221752485297,0.47041476017536793,0.897913653569738,-0.20867138560961,0.4140195675144171,-0.2096989029267735,-0.6435877968809606,-0.3739067543156574,1.7148283102667865,-0.8006716425193571,-0.9416945266392043,-0.49219663128857133,-0.12977420588273336,1.3040558245543985,0.36050448856143913,1.175813447243708,-0.9893158384007467,-0.05190283998335421,-0.8431047746865353,0.11655050909464014,1.0591198640839457,0.018117387290966167,1.8941383372413159,0.29307625491020833,-0.1372119282906487,1.45480249014265,0.10435003488661501,0.49958935425049966,0.38489470722187613,1.809159751732376,-0.6705106549547858,0.74658595052897,0.4775524678958403,0.4298063005178142,-0.48772064285757066,0.28782339106484733,1.5194529959998209,-0.28314428218842214,-0.9668326229758999,-0.6389336031152346,-0.33455228831696143,-0.21412560195032762
G4YW_Neutrophils,-0.6752275745678965,0.7303565108411638,-1.0727228540336942,-0.4652178569323013,0.4124082030080921,-0.6344924992241823,-1.7394503840283866,-0.5795849400592497,-0.009954015945875538,0.07316139693155566,-0.2851106785676552,0.8258025701232509,0.4055114546242857,0.7149161153655768,0.3357794772110634,-0.5660967956228781,-0.49469100317236353,-0.43390627673475174,-0.15439156945999252,-0.6051605762954413,-0.078370739841558,-0.03608342924808332,-0.21990134310655615,0.8106967092325353,-0.23382250071304975,-1.69838081634635,0.845898290095158,-0.9529629682244461,-1.527092587818482,-0.550212229049152,-0.6239459451798525,-0.9018745352637348,-0.6390041800244776,-0.7373489507688908,-1.1658407838022506,0.6405235972033143,-1.2563609827628492,-0.6193231390567232,-1.1899847380007176,-0.5924800831612254,-1.664357723667794,0.7196269362866311,-1.3929425842406624,-0.38317494446456857,-1.7357644797171217,-0.3056673885509766,-0.09698280435381558,-1.0616843597638792,-1.5935159222093118,-0.17311608541208687,-0.5554348192005231,1.0398262573283161,-1.8163106124892359,-1.8006969310962462,0.07440226668264867,-0.9408543465744199,-0.6954619709327964,-1.5459530623871844,-1.6113020377550469,-0.8624661929777359,-1.8604881769724095,0.8175561363476264,-0.9719483386770605,0.8397360447841048,-0.23161464752504862,0.6251843370245947,-0.1585820995056559,0.9843479697543144,-0.0637577378177809,0.3587051060370001,-0.3447658894931988,0.8423470306855235,-1.874759574862462,-0.5584839607842464,-1.0813938476092473,-1.5981407732436148,0.360543356975973,-1.437181320266158,-0.33202431283619915,-1.345180629245549,-0.7122832634675219,-1.615905624222296,-1.1117134558849397,-0.5338038325488751,0.04510002671780025,-0.9060519003644943,-0.0854607595582938,0.16808084308902307,0.5804939085615027,-0.8422766876211039,-0.15307801629055767,-0.22835034784277722,-0.2695552846497095,-1.4850516915773808,0.5928591674695577,0.4613608353485043,0.21271382469394454,-1.0002454110769097,-1.1038354947983948,-0.36255933265026463,-0.07119778137377283,-0.32464795139516045,-1.1361742553411653,-0.0430482491421238,0.3414422707564236,0.20333246867047347,-0.780625279833688,-0.7091106815746532,-0.9508086773741061,-0.848196640999594,0.16580997844086248,0.014877074090945472,-1.787601583119814,-0.836159575917383,-1.2090333236794262,-0.9976874829279265,-0.3585058797566588,-0.20557057028222325,0.47428467585441964,-0.5122508265740336,-0.5671940093086263,0.8532449188709792,-1.065727013288031,-1.839492590377023,-0.10345467713617634,0.5826748964739566,0.2787434021436818,-1.5912461932192061,-0.5863245864342006,-0.7246866013642088,-1.2655348123734615,-0.26420956066798723,-1.198506089657433,0.6806218013151479,-1.4517766310982423,0.14924566980431028,-1.350304081147165,-1.9014431888443624,0.32030389611111676,-0.4997801879053997,-0.887885871908381,-1.067083563366798,0.22537562306921008,-0.6352049606879616,-0.9747527513316288,-0.8307079259777361,-0.2497090782578308,-1.8221195863091686,-0.28906400100743446,-0.05263639319081298,0.22544582120765835,-0.43453368658253344,-0.7701190375898755,-0.605085601777768,-1.4559069344728839,-0.8494015696019153,-2.0153481273719027,-0.18198088115768674,-0.37781426510482136,-0.3946746156361609,-0.055649682765907635,-0.17417718260880696,-0.876097014469329,-0.3966341505747175,-0.6870856404216721,-0.606856863703732,0.015101280356612916,0.777437053401713,0.244195297389221,0.18647902446981293,0.26480517202624587,-0.06958277548388123,-1.7245845942130238,-1.0655129688607554,0.7292714341368963,-1.6315752132020465,-0.8661693098149308,-1.3323188964343227,-0.3974903091974366,-0.8752900520161233,0.7000613045162672,-0.2357263890538608,0.3378906841187117,-0.25507376390431197,0.6987024676947403,-0.30651864397478135,-0.10986780832111102,0.5345447990579466,-0.14753440530054082,-0.1362971040398627,-1.2139621170406578,-1.0356597272761323,0.3651991552460712,1.3614123585656723,0.18020727209578893,0.2899738954067404,-1.0312438297392414,-1.1927446367533305,-0.9952629650618442,0.07295248800390965
G4YW_Basophils,-1.6028231340759806,0.5642083473998301,0.9960097346112425,1.5929810262313213,-0.977234798790544,0.914266453461614,1.2651407294065167,-1.7113361785768364,0.5294066699967731,0.9715770932635646,-1.4178408730048622,-1.3603146394477759,0.36146670371642603,-0.8768116320527689,-0.08335886210051542,-1.211247905588079,-0.6623007221571074,-0.8884752266351971,-0.7470170939279893,-0.1048018773419136,-0.8008281380845562,-0.35505597311025033,0.10118193467622032,0.8675836995396068,-0.3304245444036816,-0.5291161727949542,0.5704395560407223,1.5608347528909337,1.0431280363625226,0.19077758379527374,-1.526833183054623,0.8526806891118928,0.6158405697548301,-0.9421886784646755,-0.8893287806951404,1.6685230913441376,-0.27463401922659914,-0.045477221474696836,1.8480341825365616,0.7187412136180218,0.009799821082220977,-1.2846127295790901,0.7581657643957285,0.5212512714579425,-0.37885352102672537,-0.1044833764225845,0.8148053858282268,-0.0956519332018635,0.5743464971109044,-1.6564219845693062,-1.2216928400999674,-0.20879563147431313,-1.0215108629857368,-0.6264949596505641,0.24490287391321203,1.154556514328249,-0.6980503923489717,0.19181763865990845,0.031073539299441445,-0.6885097472181314,0.37342469890600516,0.3357147545735648,-0.22678552659285445,0.8506915717973794,-0.18748542561153236,-1.4855335190075563,-0.47792402649274196,-0.2988603299527034,-0.7965916977956808,1.9197494132613395,-1.1340952110070064,-0.6676545414691006,-1.369070048941693,-0.7237191908908898,0.06631439225730192,-0.12803486051501575,-1.0264276443412426,-0.7109387534910936,-0.5220766210989454,0.3471741403307622,1.2822379497176495,-0.6857573978720453,-0.5060337940050221,-1.4967993312183512,0.736538563820432,-0.16140216850836514,-0.9934280433958839,0.7234979024360692,-0.2518281105235082,-0.016398013502588054,1.0464884398101912,-0.1524456255790296,0.903055704757757,0.43048651363473583,-0.05027566084864148,-1.9334203817727018,-0.7514873834997721,0.41502005891519345,-0.4353535370186012,-0.23905207435680684,-0.8570815348343636,-0.37999058800872804,-0.5579541235123872,0.003591088197440412,0.20642350383330998,1.5011537722160606,1.0008289145482199,0.14910894800146277,-0.8980568149235183,1.1319373704554467,-0.5169285126766875,-0.020254479363321264,0.6599727454851781,-0.4129769560477829,-0.15722226626804592,0.7547220715129048,-1.9599991459183665,-0.3486706294985058,1.4058811673007885,-1.7651006949339696,-0.985065945983659,1.477658606042823,0.9684156892521745,-0.35218163507045835,0.6873983339107153,-1.5658392901583302,-0.0691696220168623,1.2514593250300632,1.6566788994336137,1.2189663299564781,-0.2375746025100213,-1.448006280952218,0.6534215615277501,1.2030518132620494,-1.5861999967377067,-0.26126518651765906,-1.335554691873249,1.5355274716231786,-1.2366088846428518,0.4721320607477981,-0.6622156707336361,-0.6459835129803826,0.18405903355455547,0.42046578620185493,1.5418624836440908,1.1171019144861964,-1.0277204769174004,0.8977049480201145,0.6362927647674883,-0.19002890571944336,0.28338920532981526,-1.5861800033790885,0.8874025734569138,-1.5920981933158798,-1.1836609735758716,0.8064354794822002,0.17231001062034665,0.06864978917484271,0.4011069254537377,-0.27364877314669966,0.9105239274245062,-1.5577104778716264,0.85355278939985,-0.23963391868887268,-0.627731501444109,0.2614196831740551,-0.6377589018053297,-0.4823865346090277,1.1146352164805127,0.6280765483596137,0.8081652277495084,1.404892186278115,-0.29119300892563504,-0.2840110460813921,-1.105985599826351,0.3470837754216113,0.10644623326007228,-0.4855111210345736,0.45607535640625724,-0.05852998295224506,0.2262563783299666,0.7607111169252774,-0.6758016320190129,0.4956474640743879,0.7015541276686948,0.5039692559556118,-1.666242319085014,-1.5167086387313382,1.1715180506684655,0.7043714273400458,1.0572159421955651,0.1691469051526976,-0.21749980457667484,-0.3882258936857867,-0.254474502632055,0.6364209219276639,-0.25328052557133995,0.9301141223134055,0.8470696012032749,-0.87148348062409
DZQV_PBMC,0.7845301576272327,-0.36345774244304535,0.3684067173663887,-0.807457980494328,0.7811646701744773,0.2225832562164318,1.8399854034494405,0.9844147173837942,-0.2876347853065964,0.8048554829912725,1.778603296262629,0.2194081899430137,-0.9378098274338708,-1.779245248363076,1.3559582447540812,0.5907260646889904,-0.8246526605804442,-0.8002453262541643,-0.361709862100204,1.2550707112776605,2.0941930861982327,0.946544593247555,-0.07204485580441396,-0.2409728981096396,-0.20326358518304657,-0.5611103668957402,-0.13987906141812131,-0.10835577762501915,-0.20429921565436157,1.6605359808800397,0.06704750605305115,-1.1630173224006868,-1.48031454801327,1.8747171629888117,1.8468328466485875,-1.3466538434598925,-0.9390963085612043,-1.140738529429797,1.4761411685318653,1.0939721794670991,-0.8462350802838796,-0.6416412160145992,-0.359296161509716,0.15297722557976298,1.2194799495098199,0.15982497756065284,-1.1652163395894215,2.12430680082315,0.6929005521978052,-0.5031727043879266,0.6929009597840066,-1.4850794116022368,-0.7809546040652074,1.1178623850325764,-1.60747944519433,-0.9046417875324393,0.833151649514843,0.08935030006599132,-0.9350883807958065,0.5112966634259688,-0.12377717041537029,0.5274501254124365,-0.5477028244054005,-0.3625342536413894,-1.1607565514425457,-0.8434547877248554,0.4991183008568208,-1.0239255596519088,0.6948283896969715,-0.16361842062543697,-0.31575104177561086,-0.15408172301529538,-0.13334069320411332,-0.7466643726746295,1.2811012178732333,1.5825732569058915,1.4533740909234678,-0.11782411477469328,-0.009548573434758813,1.1325695876747095,1.0852961364868743,0.0726946576494454,1.67068598395408,-0.4154678366601306,-1.2091659850538705,-0.782580178186579,1.2837514972967607,-0.08626389340236926,0.23995391559370322,-1.3820455844296344,-0.05970933791440084,-0.5789433312443775,1.295298891601678,-1.00209688740554,0.6962799228720833,-0.02168014418775734,-1.7350242067171158,1.9550974111150037,0.5212446686511714,1.417779051257263,-0.8953113774318887,-1.568168008484314,-0.05339501147468206,1.77889703247786,-0.7418521830275504,0.8224753683246432,-0.4722939567805187,-0.6107488591902128,-1.503180371150315,-0.5386472610898055,1.4240159405818644,-1.4323170935505034,0.9818049356474499,-1.3359867245694923,-0.688834361285678,-1.1801343604102355,-0.5902669634761485,0.8632897426113445,-0.17529645041915004,-1.1331393081536059,-1.0115487331428106,-0.21856130762769627,0.4377310886343652,0.012696236129839172,0.508781334639679,0.3916186418318481,1.2165297393153216,-1.2899745843408805,-0.9704044736492088,1.796751257204355,-0.7925270469278106,-0.11132576150709386,0.5880217385936449,-0.16769509129965965,0.38204280621921455,-0.09575731443303916,-1.1144021464050724,0.6088717045185612,-0.9406249910560471,-0.8999491228519264,-1.0231339966989301,-0.4620229039322196,-0.158446863308723,-0.4276017215103458,-0.03896485813324499,1.5824326766736694,-0.9832723749927404,0.11944498373972161,-0.5687699897199904,0.46520508323918836,-1.628141929921372,-0.6000871113261913,-0.3255305389142305,1.2330621235951214,-0.736700615398929,-0.15411211032583075,1.4640915990258543,1.0346606521290918,1.3340197538113954,-0.7093917529629895,-0.9690942635380905,-0.7597733851076581,-2.270799070008689,-0.5239754836320989,-0.6094231147696546,0.13115545501209194,0.5492083580443364,0.1475790828839446,-0.09120779840258289,0.8949291458906862,-0.8251393184655882,0.3145158691686525,0.5858697205889377,-1.1586222371684443,0.473958125342233,0.7666594298205297,-0.9349467673933212,1.0555048938554907,-1.6932197850579425,0.35633956405418377,0.33995055897968557,-0.5081574886154375,0.22577557728450295,-0.9116360543663524,-1.2290240827983459,-0.2105446371079068,-1.2598770901694365,2.142279803567276,-1.4238355265742697,-1.4537805127976562,1.7198813267632511,1.2906006193376587,-0.7300448576829746,-1.8574066898030313,0.8077806398848251,-0.898728846853898,1.132114200842185,1.459436834522216,-0.62504819497651,0.3961987886561796
925L_PBMC,1.490545625515768,1.0750458918570445,-0.2592137520560573,-1.2616387460694676,2.2170268148170136,0.8297215954646984,1.5856132240920457,0.36581958283332433,0.6195104534713388,0.7761636500488857,-0.7322053173393027,0.13818162543631887,1.5925018222211984,1.124270025655668,-1.671088255115886,1.2177299039727956,-0.942074836203881,-0.1397255686310413,1.521267806351169,0.0512083994146078,0.7094345488060158,0.07533048819450083,0.6171256019654416,-1.4081003266996843,-1.793363511672113,0.5615015386643191,0.3771100638387864,-0.5181317828616065,-1.1675572838185102,0.6088757465825411,-0.15152062787280537,1.4725418160528456,-1.1793590573929273,1.215804918702506,-1.6245142129718584,0.21310033254997274,0.5293899630695851,2.2533611233444124,0.10152029359831775,-1.8311031945833856,1.5010921875088212,0.5845604875406627,0.723232936528176,1.60365654664635,2.2058254545903524,0.934218921554941,1.7216890953598132,-1.215367023930892,-0.6954497894623368,1.0023307304484996,-0.3348457735464404,0.798449804498218,1.4753563644534662,0.5182624191891823,0.5628308864516528,0.4240393343308221,1.7199518264474498,-1.2163051761856651,1.7214859539832061,0.6843532157569694,-0.5757021604569205,2.253374624591736,0.22065099874984856,0.8467359883110224,1.0289254219922834,0.5038856967407043,1.746174587598073,-0.31677562751610644,-0.9347798485109807,1.340796704813346,0.3324427346365283,0.10826436981143414,-0.2996525005173626,-1.5379102597398104,0.14231105177437933,-0.08094105773623318,0.2632362274615763,-0.3279751950736028,-0.0637268502339768,0.944765975964243,2.2080123801188516,0.09223520404393967,0.6983938750554709,0.9699097497616558,-0.536108337118664,-1.5620691857885327,1.346951923327437,1.1216540437710405,0.7678650523052558,-1.2364768135115352,-0.1261953362001753,-0.5902574439162205,0.48535060423439014,-1.2305151728520836,2.118403555372962,-0.09187856895359105,0.5266106393837537,0.2755839301474839,-0.24357347793377132,0.4736732287258597,2.1939379496640097,-0.6560299190617275,0.24647671908707017,0.7089143733659571,1.8858565069114739,1.1668770440072793,-1.569783859024241,-0.8348114651422124,0.021279035298028704,0.16197500268302578,1.2763058457431709,0.16797269886244862,0.5506451116788256,1.1941366539925957,1.6837519053289516,-1.2329168484458708,-0.6532811763448474,1.8625620708088302,-1.342776011551436,0.19143217876131519,-0.7804224683857198,-1.9166358457419912,1.11588045511714,0.005845087211064925,-1.1359362162487008,1.4192369440883756,0.9080728724876967,-0.18384674822152597,0.10575793190037786,0.7441580905868767,1.5513954719189469,0.8815979762753559,-1.6239336590151021,0.26214110781797917,1.089756722470595,-0.3661171950737352,0.8196971367435529,1.4992694177596504,0.1452579445422728,0.4554133235012742,-0.959384990726497,-1.1625745015251654,0.5281046579199277,0.38806210820766907,0.19590280217639336,1.0065230449550637,0.3975559504916253,0.6720754110601073,-0.961314164934862,-0.7920371418352875,1.9138638932498457,-1.2621999165036497,1.6258030489734083,1.8531107583267385,-0.013937543660963083,-1.3383236320258647,-0.7330718983725991,0.08616240319989427,1.4226712808899686,1.7563419870852204,2.026878760788525,2.052406945500624,0.9201806752892443,0.2150831114383035,-0.41763614047372777,2.1245300068675834,0.2018233481783429,-0.45276731623187333,1.4285103793506873,-1.802536004190234,1.618871228594035,1.1308411822783713,1.0805990191007424,0.9197282118545187,0.2565825919588754,1.642035726333467,-0.5675154540146355,1.2967046031427574,1.2010198038692501,-1.4240086277777717,-0.1859352469051251,0.22483309710999666,-1.2070624908356447,-0.09171197623870826,2.2927761600632355,0.3543640577100262,0.21927286578438987,-0.25936207304298564,-0.05498551202560786,1.7317230487127215,1.5336174167649956,1.0532504303629098,-0.30000650938827533,-0.6822058230040244,2.132469890232819,-1.3018973884336031,0.17399612945933382,-1.5029000784528204,-0.8114042921326522,0.7856994741896247
9JD4_PBMC,1.0145686677567833,0.5481831331408183,-1.4346383443492476,0.23168627155557162,-0.079455468627913,0.15652056290633443,-1.0874545807462128,-0.8375987292300724,1.270769619633944,0.4162780985078336,-2.0104271194595373,-0.690621747685673,0.9420114716270993,1.4492501733887138,1.3592480273553973,-1.9004398071266093,0.29283476734996383,0.9149259648826648,1.1471459903785255,0.672915152131898,-0.3747628411168177,-0.5364953744808885,-0.4973245261414972,1.7328478600013983,0.7802591533806172,-1.9408096239065635,1.8212172192373657,0.9588126640600393,0.13417150673234768,-1.3773360689702978,-0.526951757184416,0.9343772166536353,0.37964128656636514,-1.7257283776134482,-0.35033011847041845,-0.2929237840808561,1.6262481217989693,-0.9282825552739006,0.5648990100197626,0.16869984564999152,-0.6191556133253653,-0.30114323072535343,0.45141480736506234,-0.17158853082263964,-0.301720717948835,2.2169140030672,-0.02616892145303431,-0.16705152857560351,0.5277421411135947,-0.06280672583047386,0.8820594289741949,0.4033822499427551,1.4734386686195051,-1.138170682838405,-0.9929189126704405,0.32235313231300683,0.9013467052116391,0.6462932026406665,-1.8540013940685014,1.716474906062453,-1.280116621123718,1.8108109621095276,1.2992006001214644,-0.9342988329903186,-0.3360014683251431,-1.0348410691065244,1.302981093312133,0.7128245509599598,-0.753085316582817,-0.6575945231588954,0.1911290303177448,-0.3602101320022876,-1.0614806651154503,0.16829410092860272,1.0668732539017962,0.5337278264072647,0.1953060899240249,-1.8282263419488831,-1.5203674191186365,1.3697082516838488,0.4658545899936662,-0.38125683634874413,0.9562680846082052,0.4698444301200978,0.21474903054040076,-1.2054336826857737,0.3871118245646732,1.130438881397396,-0.9612822984774161,0.5658369007358367,0.12239554784416234,-1.7547386206594255,-0.659761563488699,0.9362917994418135,1.9619187463837233,-1.0698848126795277,1.1208013759086803,-0.04330343737852591,0.03244591481151131,-2.0709967082068155,0.5149658934584893,-0.3553860234535568,0.05821605269116509,0.08092552531759788,-0.9489421453571631,-0.7753539876963829,0.565459654426223,0.5109072115102162,-0.6926092674604458,1.9596662514247338,-1.08326657507753,-0.19466828510246517,0.5666092354873317,1.9879501298843187,0.6473027654559835,0.8392100704437212,0.5061715749083748,0.07585937363576736,-0.9808943481236498,-0.4052481320582014,1.5205526160578313,0.8641260084192294,-0.05225994839019642,0.3612496341166098,-0.27058781442288066,0.40583917012568815,-0.7596360872333913,-0.34927144023838635,1.5805353600741259,1.1570100074640914,0.7107781420094217,-1.2815700099082759,-0.36721818385940963,0.15301141944828395,1.327947412843104,-0.7022040905988508,0.36964057326270505,0.4799837115697383,-0.12017322521939706,1.4698003527745047,1.994946930140685,-0.739402646539264,0.7434657164728619,-0.5397466050730897,0.7541086160034055,1.1284132460573197,0.357967554149779,-0.4104717844295134,-1.4389889613881455,-1.003159951673029,1.7381377052925113,-1.7222615800816776,-0.6772903336784195,0.16393127001488,-1.0707093517586928,-1.2553648561052124,-0.1957856718841403,0.9512061900798929,1.7406623308400921,0.3016015343652614,1.2957142773991708,-0.8206895463591772,1.8252422590294157,0.8062778616528806,0.39610755381033214,0.21778687762146737,0.6949690925364855,0.9841577979810472,-1.1884773490131824,0.689816289356337,-0.37757004541471945,0.38918110507092496,0.3420821796763843,0.6070971048436026,-1.5780590784972215,0.26474703212305273,1.6460942281169533,1.1871021224859661,-0.9898817708444533,0.31622864675680934,-0.5705589898077428,0.48291435390806375,0.48156608132700013,-0.07366359330506894,0.6458531365318293,1.8318740033315686,1.2092187381448112,-1.6888946888603185,1.4821603835481238,-0.754828073525306,0.11019399418656733,1.4662758393395392,-0.3355147552468906,-1.1179122913933668,-0.02154736626524047,0.9240700452430334,0.9823626954689959,0.019477140294041417,-0.21348582459372914,0.4775290415526576
G4YW_PBMC,-0.08821289724106345,0.16411043117437701,0.23883153955444372,0.36541654931097173,0.608648848415578,-1.6670148450176279,0.12046056182166341,-0.3004725484018227,-0.5452189405246101,-0.6171894505736674,-0.48794750365717915,0.813707175797241,0.07296549843920552,-0.6770856179217383,0.7431640353285213,0.5619148626345468,0.1644730054981299,-0.7307037989819585,1.9203150633437231,0.259601359859958,0.22544064030941194,-0.13268358115240236,-1.058320599654115,1.8062266739884945,-1.4095113727550743,-0.9916258217933368,-0.09446763589284721,-0.7124892744208962,-0.5923982156070231,1.2997755657706818,-0.6892288220837919,0.6846788131043745,0.2510203747270375,0.9284528478531727,-0.31039065777482877,0.22251378854192883,0.41158802194202915,-0.27170006722640905,-0.32017204253859716,0.6094522481512358,0.39303187678588486,-0.11544996452129426,0.46992713790615764,0.3523913515934523,1.827001911400447,-1.5627190290132107,-0.2615640591365309,0.9593615072347574,0.24786060982937214,-1.2342427648754848,1.7835827890709848,-1.1663563071349345,-1.6043779834143042,-0.7979413672574497,-0.5813081215900139,-0.20945235589064096,-0.6991946142687697,1.1587242477426731,-1.0032572917961027,0.9213262324762275,1.3757638005180883,-1.4848271842828178,0.3794022875771627,0.02092107878828919,1.74679423269936,-1.3377632994423059,0.3268365684804454,0.5649263226558956,-0.8524958769063848,0.5613728063773017,0.7805948062157392,0.36051625595140147,1.1261045558749838,1.4865143923085264,-1.1040365202176523,-1.1946403381776085,0.9605779662174226,-0.01296726079034679,-0.26301158609296804,1.891736501669791,2.1996711584674373,-1.0792849072724202,-1.2651492505688287,1.1334039307033672,-0.5010633098144488,1.3447507031598727,1.104009656458892,0.21080452078574072,-0.2974533050833689,-1.3978055857298888,0.8602903489946817,-1.263266210424364,0.5238698007208514,-0.24635053716299946,1.3625939874318322,0.25732688564962175,-0.05123520965607797,-1.3462366767922234,-1.7580937077433703,-0.7785137178164279,-1.0703088797496658,-0.9507922734888751,1.7722634516942926,-0.12304918632023053,1.112400790467154,1.7661545278092528,-1.551244065563036,1.7354816090929266,1.2492480966063602,2.0249984993721393,1.7746768195749107,1.1243225962395318,-0.3080220453875457,1.0744753024229947,-1.6194172710164196,1.7298280160712816,1.0779485692407798,-0.47422062761865014,0.7675984029720467,1.3890526977163031,1.961996465847805,-0.5143491031926042,-1.1100602154074022,-1.5543794071806782,-0.7643727987411087,1.942550506510366,0.38129981040087785,0.8578577085571953,-1.1790742853766618,0.18152752149523865,2.178368135196743,-1.1440426588843409,1.7660988728977085,1.420197589775867,1.4122278557212264,0.951539606656865,-0.15634026227877637,0.8792861320477154,-1.5623000639135483,0.8064413972410293,-1.5129603308558266,-0.5354930399796317,-2.012449405115387,0.5862099218247672,-1.1101819370437038,-0.24020749507646888,-0.8544162269057745,0.5225797585734434,0.15850846342993408,1.3556948544307477,-0.47929509187981856,0.2103396939557713,0.32867660634283374,-1.2707754841543704,0.4462381879274278,-0.03879205755962701,-0.896883467036693,-0.6403233909397782,0.4559760915637353,-0.7869504303811424,-1.1356581122690885,1.7900741086606262,0.12592976316220786,0.6760363565776859,-0.08586186929297808,1.3746402888364893,0.6338696711769777,0.6134231113053644,-0.0887251053107446,-1.927533229986704,1.2939872118685851,0.7253876400897297,0.2836987920256472,2.0279291361481895,-1.1970794015784734,0.3844825159705603,-0.69996969972573,-0.9820080574016165,-0.13173026871858395,-0.8145668844614246,1.410636327033275,-0.3623698177814632,-0.9082154354443958,-0.5742888845024441,-1.6022483917803674,0.577444820473358,0.796713548912621,-0.8404333318155698,-0.25707243039685557,1.4004838240574418,-1.3868081661041822,-1.186940444066662,-1.4372499651205315,0.019267873468131934,0.9458542878591122,1.9082668647878704,-0.9960029676988876,0.5150542837107129,0.8079146064383558,1.8866804489965383
4DUY_PBMC,1.5902836331532413,1.3700784026313755,-0.8140034723638689,0.9072073976787425,-0.5105433635482471,0.04051662007380469,0.5971577292878768,0.2564787487417467,-1.43545373967104,-1.412083079277511,0.11828828998424067,-0.7056202326414964,-0.42832534278372675,0.6543269725754174,-1.0484020196516552,0.39418466912395306,1.1837248034010444,1.5459186403536829,2.4889426429915833,1.6355927769035188,-0.6005766439467711,0.06454903588836237,-1.7898806390534903,1.599870886885665,0.6202438931338521,0.5275922953558243,-0.2673185293684776,-0.7515433119957218,-1.1074314531295266,1.0662762524421276,-0.2730546417083186,-0.8226393040087904,1.7702570802390019,-0.13154580337726887,2.3889203741182192,1.3717474244226107,0.35835407161872557,-0.20552358447775293,-0.17417471355716208,1.056591022903901,2.035707908210472,0.15213167315997056,-1.0495891554672112,-0.14301980200114187,-1.0658823227307879,-0.9699122943244946,-0.18952654507480665,0.4480681665779304,0.13835053883605442,-1.2595867258378632,-0.8319272852598268,-1.0491256712113446,2.0048740476486238,1.3878090643187724,0.3469723042262014,0.3981612631396921,0.5487282540130626,-0.8979771276383102,-0.09761400150335428,-0.601191355995121,0.8648287698223908,0.6284561165685814,1.0267319842138756,1.2610311724596095,0.12435903771713429,1.460126680516397,0.04615417982337149,1.4951640705019962,-0.5576948322001315,-0.1989336664612331,0.31438923230553933,-0.8491775125650903,0.10048479318314736,0.6521318502993152,-1.306421691274081,0.942064476172911,0.17480556013736692,0.9844401496725499,-0.6392243383402855,1.2944909547786698,0.15076490638312953,-1.259092843115757,1.2279869591358328,1.8363558097550292,-0.9880893188293275,0.9171340489747685,0.4167462738706013,-1.7667268442367017,-0.04993332113269045,-0.629748813534485,1.205266331291206,0.41560191330930674,-0.3244987111213857,0.21191835738877088,1.2331235138046555,-1.959385189578729,1.8247046207257565,1.1972351465226363,1.4235049938859943,-1.2573448580282616,1.7527191046952184,-0.09010715086154389,-0.0504271845261499,-1.891758152585978,-0.24955222987828346,0.18313733545837796,1.8133370223427268,-0.182001582417477,0.3092407290406498,1.452595320385589,1.4805608351447388,0.21041565795194356,-0.980103875537145,-0.7250835282004027,0.9627211565120077,-0.09898715605197544,-0.15094581009843688,-1.6268895440925917,-0.6679709974962061,-0.18550245809029547,0.07489541423452425,-1.0968459853982917,-1.347339897494397,0.041279617082484815,2.030166009252999,-0.7470810792675898,0.2967663697792752,0.1846909228440114,-1.020644918863993,-1.0677421235972038,1.4539078457615655,0.4447838079873296,1.3967583866297908,0.48303692709855556,-0.7304651479628754,-0.14337791574494332,-1.2678227041842582,0.17702075030129819,0.9839569191924123,1.4274151898747889,-1.8579374220731977,-0.13764255490014854,0.0645329035511322,2.0708243448650947,1.9133370834591055,0.2072123803745088,-0.8111085757673815,-0.1487462710572947,-0.09788951724577659,-0.09387930793247731,-1.7163678073474748,0.6820790119272944,1.6166353996292993,-0.6619313534735761,-0.12803070165899086,-1.367671747322389,1.2472333659995545,2.1340959646511304,-1.0291164368246155,-0.6671123177090375,0.25774451559454126,0.44199942420457744,-0.33381343701477273,-0.29522720333879027,-1.1090429287125296,-0.3246962163106152,1.2322352151180767,1.9192982587826564,0.43445795677126015,1.5594830956436236,0.07449076441267222,1.1028145145126904,-0.6820945233214571,0.3076870280563037,-1.2989075401643029,0.6728805633916489,0.1025176428956358,0.8786753126297213,-0.2194133958915711,0.6315823882468671,-0.6286453444411115,-0.3952805421134144,0.25966479319778035,1.848956779786475,0.06889927096685637,-1.488668372469186,0.15126837186323402,0.6607367543105314,0.02506274595950665,-0.10754455989588292,0.5788894406892917,-0.29140191973413543,0.25576829136195295,0.04203719493074604,-0.634943765572778,2.010988825631637,1.5045558584520966,-0.10063486921891109,0.9245673148921997,0.3620206160412146
36TS_PBMC,-0.4634018925117747,-0.33550689183441057,0.8561440665322526,-1.0838396510749202,-0.3626799121081689,0.2457093452103923,-0.59436680173413,0.7407341504152778,-0.05282425807713339,-0.8633433053188475,-1.0113885750117115,-0.4833954089910864,0.8203957298245107,0.4316126326110273,-1.421527476660409,-0.5271462721475414,1.333779355133175,1.1464672995318228,0.15384219568783716,0.12355159749196551,-1.2392490135240566,-0.7727498609045438,-0.2296697946226498,-0.26037345104684634,-0.7099848967401625,0.8407104931841571,1.0231694275167362,0.1228217037110657,-1.4782276456693766,-1.997090827181695,1.2605750917403218,-1.5107894672944888,0.4543883358346673,-0.7501573954195625,0.01526111587295944,0.9735880774490504,1.0544728296166814,1.408885717412635,0.9648801604440884,1.2872354313271632,-0.9345505321782334,-1.0843347190906194,1.0586620983564656,0.9746954866731383,1.103653544288862,0.2502803770728383,0.3894634810420932,-1.7155438215792571,0.7125291841862927,-0.5438960399490378,0.03813523013584143,-0.8038187956752932,0.5351304307085877,-0.020658055758565174,-1.3700290773801627,0.8364167998521523,-0.41509521671985766,-0.8109522783761302,-0.7516373686986088,2.023671737613546,1.1187390655555536,-0.17523290324804935,-0.8897676752631313,-1.5819352344623,-0.09864910958284123,1.1718030384327884,0.7567159362815135,-0.7004337156261153,-1.408760513694858,1.2917222157034218,1.7973199169695002,-0.8585720153495421,0.9547861217798723,1.231905407330958,0.31953149089577093,-0.21642030588091482,-0.8441870787597181,-0.9678305299141701,-0.7044622831629277,1.0855434962798831,0.5188120569089296,-0.5672974069360981,0.4280708759788405,-1.181233996465861,0.42335081904539984,0.3497042571946811,-0.9616076787138503,1.3959404439277858,-0.6175585409917292,-1.1239140876759182,-1.2007000361235478,0.9034343831569123,1.353344876056245,0.5333589284578957,-0.8132371557214728,0.7174102898313163,-1.4389261807893552,-0.5413876799894795,1.8167648947608361,0.25656664304840565,0.5813567975505279,-1.3246790928344385,-0.082823146034299,0.4829070320963545,0.3659959591369779,1.6508341908934874,-0.5919905917874704,0.31225975729409183,1.2373128623337446,1.4897120239252561,1.7693285226431175,0.2860424712642163,0.027522058173824568,-1.0971360483485473,-0.09853417915471865,-0.8534392784377866,-1.639071449622554,0.48258141824060946,-1.4450912659794568,-0.8537266143584336,-1.5010476066275062,-0.1466308986802306,0.8123007119133353,-0.9942787455639324,1.6965708587306776,0.8084725271001761,-1.0296479972307049,-0.603326786302822,-0.7710984546261705,1.8036758695301862,1.4848328648210125,-0.5672179842499959,-1.6475142985012323,0.3527792230071287,0.27769111907808985,-0.878167978024332,0.2569312125975994,0.6582619048854891,1.4593096564338668,0.0472729312802917,-1.477907398861727,0.6647262719642678,-1.2821297393845539,-0.14655992566618195,1.6054616669723432,-0.08609791568853162,-1.4362886010087674,0.9601052491781097,-0.8011732970363468,-1.976862684571805,-0.1494523731400818,-0.5184901887801434,-1.0872863983597365,1.3086165804722414,1.0766491517308672,-0.18054531369895713,0.8637855784171665,0.5410710255715113,1.216009680029281,-1.3666977876177804,-0.36524643925818256,-1.2384906045646684,1.162804254197428,0.9345044627884547,-1.0752199521923647,-0.9656727725971803,1.247726349864132,-0.980858217067113,-0.873524529994551,-1.0166249244917662,-1.020169353944583,-0.16765527896717183,1.10991614265859,1.057199946917684,-1.378479600490412,-0.6334658131504528,-0.17049753901686276,-0.28006745888465245,-1.4751578226200024,0.6483207359794253,1.8749238434933755,0.2840916955228879,-0.7786972999052125,-0.8610301962754588,1.2877763040160848,0.5799669658892971,-1.0375369390212394,0.9528504152235918,0.26866613696741415,0.6481241732918664,0.4133452279657562,0.5386757667605166,-1.1908428077494682,-0.7454564053249613,-0.5536780375787231,-1.6411478854987047,0.12321506820809983,-0.08139950737784857,0.3249620779202342,-2.0672033560810346
CR3L_PBMC,0.2986460788604231,1.1561702420803581,-0.5917152453838302,1.0829716373609464,-1.4160382741456394,1.3684836749638436,-0.4581169440612179,-1.4205035863843318,-0.024760706778474802,-0.35072688189733076,-1.2207636274086997,1.0527821627660088,-0.4702036014420658,-0.14933444158213785,-0.6200569014630503,-1.0437734069343751,-1.226923740183925,-0.9749101473349082,-1.3285330758769114,0.07346827779183501,0.11846923162575941,0.9856500830277534,0.5051009511533233,-0.8005179043469093,-1.1037305332176939,-0.5064888676475836,-1.3551998946211103,-0.33317759581209583,0.840665746047154,0.7909790070213958,-1.9724495995685578,0.4694390952057774,-0.20816611745865748,0.8597604656768559,-0.7103076924757049,-1.4840656524930427,-0.16215438430980203,-0.40274169149069833,1.9130331206364086,-1.701014171577965,0.1790585395794675,0.09661858333379851,-0.505683250129246,0.3846379727692629,2.2528293946994107,1.7819142288688272,0.34393396515073393,1.477587656271324,0.6360176612423378,0.07863702054266564,-2.074287405041338,-0.12085674822369176,-1.4107935655444908,1.9797532397128887,-0.9605395217254029,-0.20941612014769745,0.5994725344094434,1.1083539343252422,-0.7889544261697021,-0.0426882455938451,-1.6420064178319864,-1.6437072650952402,0.12967615291692872,0.8007842994392251,-0.06780770171986703,-0.2825739527058965,-0.16068317160665932,0.3997022890032084,-1.5125227572315412,-0.041827471901300935,0.291001289169736,-1.6630075818792032,0.0011941177361506944,-0.04267720004017972,0.7045472388516073,1.755461172036897,-0.6610687691594263,2.201694209250415,-0.0848802312867584,1.7866174412763287,-0.9621274272990955,0.24859053816387372,0.005780695779329911,1.9272644498598013,0.4433193083083361,-0.805835595229441,-0.7706083989262262,0.11266444769983451,-0.49239442358418645,0.38027604710815543,-1.2962780658480895,1.547252126033324,-0.07712435447711029,-0.9551685639954282,0.6897152847025495,0.4913749304909372,0.24127378707034397,-0.17618954178800264,0.8634963172004322,0.6042457839658991,-1.3539563424461434,-1.9443813566187418,0.14926665879962098,0.8055860877417756,0.27192743566275873,0.24825745321295936,-0.20923746977971855,-0.6160667426522335,-1.2809460164404973,1.73630893474122,0.5664415988096193,0.1517338971084012,-1.0491323016668535,-0.8916471852702889,0.35450790127648063,0.44987808967534504,-1.9537737978423217,0.18034319650847722,-0.9331413018814052,0.5473220658575308,1.016139123321654,-0.8407342413871995,-0.9880255980001541,1.1929148087875066,-1.258515487821249,-0.8073916791968451,0.2982191008071002,-0.5667260625226208,1.0084993095442527,0.08392247041057267,-0.7418127577986564,-1.3581011048923297,0.2692825047324105,-0.49588073341061606,-0.6646134248382196,0.1768977907905409,0.8201098610693311,-0.5790380172669967,-1.7558131333517706,-0.9920482713415133,0.20984628619400156,-0.8228008627025496,2.1165585038631933,1.5321324478277696,-1.3835631189874207,0.6111399979317913,0.4250961035172868,-0.3394599481295597,-0.2908476305554199,0.8341049214320578,-0.23001776688841338,0.30236131499531227,1.173618102739117,-0.6575243611391168,-0.0403017861563459,0.7656773628966037,0.3075931660981808,-0.3900462238786841,-0.09711952986015508,1.8445205154044662,0.2943977488517358,-1.4938707401834006,0.4895093363574867,-0.6094470180979791,1.6580505218716397,0.8851934336067458,2.126522563966146,0.9828571332672505,-0.5186438590815524,1.0982947780768748,0.6622701037836319,-1.1746230388874912,0.6850662562999666,-1.2167578403496713,0.9590749949168088,0.3795705527459652,0.022438097818961736,1.492213146182204,-0.35985383788784364,0.3201730975836764,-0.6035974684661719,0.4180051205953629,-1.4301529700157722,1.6870202164258679,0.7620194141678087,0.22167847661973192,-0.09782358087054001,-1.1896707298994,-1.2889510156044415,1.1774104547614979,0.477217187349464,-1.6661587175423902,0.007202706867984784,0.8121210749727082,0.016383149136398517,-1.4397391973667621,1.1111593929664934,-1.31511150783265,0.07502076220671729,1.864345985149922
