,splicing_inclusion_0,splicing_inclusion_1,splicing_inclusion_2,splicing_inclusion_3,splicing_inclusion_4,splicing_inclusion_5,splicing_inclusion_6,splicing_inclusion_7,splicing_inclusion_8,splicing_inclusion_9,splicing_inclusion_10,splicing_inclusion_11,splicing_inclusion_12,splicing_inclusion_13,splicing_inclusion_14,splicing_inclusion_15,splicing_inclusion_16,splicing_inclusion_17,splicing_inclusion_18,splicing_inclusion_19,splicing_inclusion_20,splicing_inclusion_21,splicing_inclusion_22,splicing_inclusion_23,splicing_inclusion_24,splicing_inclusion_25,splicing_inclusion_26,splicing_inclusion_27,splicing_inclusion_28,splicing_inclusion_29,splicing_inclusion_30,splicing_inclusion_31,splicing_inclusion_32,splicing_inclusion_33,splicing_inclusion_34,splicing_inclusion_35,splicing_inclusion_36,splicing_inclusion_37,splicing_inclusion_38,splicing_inclusion_39,splicing_inclusion_40,splicing_inclusion_41,splicing_inclusion_42,splicing_inclusion_43,splicing_inclusion_44,splicing_inclusion_45,splicing_inclusion_46,splicing_inclusion_47,splicing_inclusion_48,splicing_inclusion_49,splicing_inclusion_50,splicing_inclusion_51,splicing_inclusion_52,splicing_inclusion_53,splicing_inclusion_54,splicing_inclusion_55,splicing_inclusion_56,splicing_inclusion_57,splicing_inclusion_58,splicing_inclusion_59,splicing_inclusion_60,splicing_inclusion_61,splicing_inclusion_62,splicing_inclusion_63,splicing_inclusion_64,splicing_inclusion_65,splicing_inclusion_66,splicing_inclusion_67,splicing_inclusion_68,splicing_inclusion_69,splicing_inclusion_70,splicing_inclusion_71,splicing_inclusion_72,splicing_inclusion_73,splicing_inclusion_74,splicing_inclusion_75,splicing_inclusion_76,splicing_inclusion_77,splicing_inclusion_78,splicing_inclusion_79,splicing_inclusion_80,splicing_inclusion_81,splicing_inclusion_82,splicing_inclusion_83,splicing_inclusion_84,splicing_inclusion_85,splicing_inclusion_86,splicing_inclusion_87,splicing_inclusion_88,splicing_inclusion_89,splicing_inclusion_90,splicing_inclusion_91,splicing_inclusion_92,splicing_inclusion_93,splicing_inclusion_94,splicing_inclusion_95,splicing_inclusion_96,splicing_inclusion_97,splicing_inclusion_98,splicing_inclusion_99,splicing_retention_0,splicing_retention_1,splicing_retention_2,splicing_retention_3,splicing_retention_4,splicing_retention_5,splicing_retention_6,splicing_retention_7,splicing_retention_8,splicing_retention_9,splicing_retention_10,splicing_retention_11,splicing_retention_12,splicing_retention_13,splicing_retention_14,splicing_retention_15,splicing_retention_16,splicing_retention_17,splicing_retention_18,splicing_retention_19,splicing_retention_20,splicing_retention_21,splicing_retention_22,splicing_retention_23,splicing_retention_24,splicing_retention_25,splicing_retention_26,splicing_retention_27,splicing_retention_28,splicing_retention_29,splicing_retention_30,splicing_retention_31,splicing_retention_32,splicing_retention_33,splicing_retention_34,splicing_retention_35,splicing_retention_36,splicing_retention_37,splicing_retention_38,splicing_retention_39,splicing_retention_40,splicing_retention_41,splicing_retention_42,splicing_retention_43,splicing_retention_44,splicing_retention_45,splicing_retention_46,splicing_retention_47,splicing_retention_48,splicing_retention_49,splicing_retention_50,splicing_retention_51,splicing_retention_52,splicing_retention_53,splicing_retention_54,splicing_retention_55,splicing_retention_56,splicing_retention_57,splicing_retention_58,splicing_retention_59,splicing_retention_60,splicing_retention_61,splicing_retention_62,splicing_retention_63,splicing_retention_64,splicing_retention_65,splicing_retention_66,splicing_retention_67,splicing_retention_68,splicing_retention_69,splicing_retention_70,splicing_retention_71,splicing_retention_72,splicing_retention_73,splicing_retention_74,splicing_retention_75,splicing_retention_76,splicing_retention_77,splicing_retention_78,splicing_retention_79,splicing_retention_80,splicing_retention_81,splicing_retention_82,splicing_retention_83,splicing_retention_84,splicing_retention_85,splicing_retention_86,splicing_retention_87,splicing_retention_88,splicing_retention_89,splicing_retention_90,splicing_retention_91,splicing_retention_92,splicing_retention_93,splicing_retention_94,splicing_retention_95,splicing_retention_96,splicing_retention_97,splicing_retention_98,splicing_retention_99
DZQV_CD8_naive,0.5903016897934052,0.4794214548579738,0.5931514587965451,0.3011846284243334,0.8653769030317757,0.23173414846968737,0.7270324984559796,0.3532300201371475,0.4149400296972894,0.6907509434463838,0.8124519532456851,0.18836142751066878,0.5725905687252324,0.5157561727151313,0.238766121804455,0.6092093211157438,0.254826091929197,0.49419394724138643,0.3658333285371278,0.4200795201546714,0.40117803079118125,0.6645308997982634,0.2493258825615096,0.5526121412453545,0.3756726887699857,0.41128669247672517,0.5722270905673028,0.3407700377851776,0.39990772673787206,0.48549838680817725,0.2541990889879117,0.3789818468990255,0.5393662728841602,0.11116372444519608,0.18508095432389546,0.38993261390678585,0.5374861256765221,0.8694987907960833,0.3820552271125634,0.16281613818133667,0.13336630845275096,0.3808033251752375,0.8131431652619298,0.14214844317501618,0.39479422288806704,0.517131615527243,0.3067953396528069,0.66779929187264,0.6683878278875142,0.18594337453186724,0.5654021165379739,0.5861799101774062,0.4048649213413171,0.2681876557143757,0.7368503052782932,0.20163454476595027,0.32116666986441406,0.574695033078214,0.6508744361373472,0.7576115718591175,0.2783584554270008,0.7182904683833103,0.4836813156480079,0.4796294746986363,0.41132476433266263,0.7254566577266275,0.16175722278478075,0.16319117040880105,0.7623699850525872,0.5854914574711922,0.8066090911754875,0.6672723556433289,0.37153935541750666,0.7005446953758454,0.6250647055849288,0.32398234369254153,0.4459058384348762,0.2711288475597225,0.7793933725806872,0.8818127925280397,0.8745032537358535,0.21941426942317305,0.5666475432759234,0.861900544451098,0.352103749121798,0.6482915457534496,0.24122230856567076,0.5734813102970023,0.41889190359689005,0.4540948520994625,0.6096523757996118,0.48124944526082225,0.6727879475097018,0.561008219208976,0.11351394381835704,0.5335777436166711,0.6576926499044005,0.6594888412086006,0.656601416988175,0.620151500749515,0.34778906571918555,0.46748037156857036,0.3743688349737859,0.6463264149416078,0.5314737483152217,0.6935449535553191,0.3890645049180203,0.5174605378915565,0.39777619408885523,0.8434069545702683,0.8491676834091018,0.11972987071520837,0.2710109047173822,0.23050693028781052,0.07886101009830057,0.7343168486950113,0.6989747005540997,0.6672803328787709,0.5756092572413443,0.5637828689224855,0.8327017934136326,0.4422956460247807,0.2233867437367326,0.6319135014342975,0.5231737014006024,0.16111078251714875,0.3523379757529648,0.5778895025703407,0.8671051530618453,0.3984291699632519,0.30036471060584824,0.7199277721698976,0.33908109522661994,0.09879133153009277,0.6245491347574215,0.5389545615826284,0.5427430355357549,0.7021068919914064,0.5946972332240918,0.5584384641727956,0.4320836309438889,0.2921741027284079,0.1077042157515296,0.6093605526239748,0.5226012348840713,0.29841147676876795,0.14180818662462247,0.44389319643273434,0.6537002314699589,0.6212722559279886,0.2544398592361355,0.37197752116867133,0.26256994728593297,0.15160005916562372,0.8578194127800516,0.34210112780291096,0.7329138769927931,0.3475601444536401,0.6142954702315088,0.6581164657407125,0.5246935830066691,0.6164590840105442,0.6269812401909904,0.6762311224711165,0.1994925986946633,0.24584756392953716,0.9183162310550497,0.09402676181396279,0.27124393502285943,0.5658300728500256,0.5854666223553783,0.7257376652705761,0.6315375912931658,0.7616708979566648,0.2808888799149095,0.05371783570464446,0.7435472957729247,0.37751494828302473,0.2523570987591823,0.7778931316246462,0.3001189128852211,0.31738849682718767,0.5332246558936584,0.6540225102025752,0.4808509711232618,0.7478707122950874,0.21970588580922187,0.6975354799127024,0.7814779029975947,0.5422493396152228,0.5805013604101287,0.22389876113423574,0.9189257210746845,0.32191569685894245,0.43103616461485966,0.7904836054125981,0.2985956789224568,0.5065264828094855,0.24324332780517743,0.6358601870689119
DZQV_CD8_CM,0.8170243400796302,0.24356797555465617,0.1234423456932107,0.03269914126142346,0.32611074661461326,0.5010908642070775,0.8923609603357451,0.5774903578530289,0.5642978655461256,0.7469624628909929,0.598787517442044,0.3868151375763274,0.329989725832767,0.7424568808818235,0.709220896448994,0.17167521382155246,0.5635562227616483,0.3656306031013227,0.81180183632652,0.2430521044038882,0.7375161781308514,0.8954917537483825,0.3825576057434312,0.46784320862392215,0.5708410992326846,0.5482188836611017,0.15646246262939117,0.37948187533703526,0.7583279097198894,0.48070287904814946,0.8495316454975699,0.7017764311362611,0.4027560465844335,0.344787283171905,0.20730313356092053,0.2137439068435281,0.4780425927882829,0.44791684073781945,0.4565379551038594,0.711686152788602,0.5475553789502674,0.7220157601013555,0.5325836917089924,0.47393378505246586,0.5036911204146489,0.3706509473535977,0.8535487627256767,0.3763941548210351,0.6054688587812851,0.34463284042885123,0.8413233538886904,0.21110205129845194,0.2876757916110626,0.6886191815794444,0.5532413664952047,0.3725566213127392,0.6552074017150187,0.4670897559591359,0.3917506804774161,0.40119908860055065,0.77048780515091,0.6530455914785546,0.6344078610895199,0.5194882380255914,0.47482543088279,0.32822643404040014,0.8073005001168483,0.19741163436612666,0.14244862641781955,0.6426640877287043,0.408309901773289,0.8200379117763191,0.6779442152593338,0.47595256719057727,0.6870181575494356,0.7583952573580496,0.7521563196248566,0.4540591489901959,0.1657397050407083,0.029679576874039902,0.7760937071045577,0.49921837038979133,0.29576406640815206,0.5632520043901976,0.587707182650301,0.5717740939485378,0.38075644174045536,0.6550994357674554,0.240233374954375,0.402154131254635,0.28093036946482947,0.6792630761951708,0.31926022227453327,0.1724405957907663,0.5813335482474643,0.5830481220373321,0.21912371709131948,0.712582269995169,0.5030778454560776,0.384272270043255,0.07448830108761413,0.6452120928183035,0.5624168119218075,0.5707302784664575,0.6852926184051796,0.12033959981007929,0.4113535249107663,0.7924709733936892,0.23685790990381902,0.5080839018854629,0.17815657221628187,0.6390553877982922,0.5010936071318324,0.6519517003233578,0.6033265199767992,0.8155781017880267,0.8580395933207751,0.15277372663708583,0.5702854320994017,0.8295584721308865,0.49558269208797967,0.9059136088297844,0.43368729514638,0.681667881249465,0.8890514991277907,0.24400123283540556,0.4701318751381253,0.8686428617903434,0.6817431011383005,0.5997019813988188,0.7306589640926973,0.590059691188529,0.634498100690974,0.5901641790466368,0.4018931397826083,0.5389141621956464,0.914426542558282,0.33741874157366336,0.8063200417915782,0.5471220040735592,0.7035457069266448,0.7414387825241123,0.6556801725399786,0.41904080931514315,0.8404644884695802,0.7154467759874497,0.5763096475877302,0.595990929867898,0.35727190118365076,0.6668987287589087,0.836732009236195,0.2858289082426676,0.30616154479278607,0.66248052281042,0.3148864135961126,0.4836340759715499,0.4901575977736231,0.33022412933637296,0.7596463602832342,0.6809825242401518,0.6069225686596246,0.46777369944219493,0.651973198539152,0.09276552520114939,0.23443516921207372,0.543532317303104,0.49802567984949475,0.6353524896457321,0.5152725420931697,0.3613405497531442,0.7894380113682022,0.41620303142723486,0.422176721301039,0.9136499047558181,0.17707526939492907,0.4365374249670998,0.5696440426618787,0.41606631105371866,0.34719463658460786,0.47126327929948,0.36653018696959005,0.7467613004492325,0.05498397598316687,0.583823951978174,0.41025777958258364,0.5684350497396463,0.640401163076397,0.2637798040067181,0.5660123410633474,0.15268929331180658,0.2042885623414946,0.6741940329697813,0.43734136973032434,0.8184792588876706,0.5279774555643055,0.40478357309536683,0.46342377115705746,0.409828826702716,0.3752933759815794,0.2370758453752608
DZQV_CD8_EM,0.6800653860714261,0.6332829061624795,0.7982899675534246,0.5334297606364556,0.7807455048593915,0.4327286672248209,0.4789970374808895,0.829920416486461,0.7299638168696634,0.7230825176524034,0.21288023413371382,0.5866958484958751,0.7686512769201945,0.667936645148015,0.7160600016674753,0.8233115296917562,0.25199930852773283,0.41321597256787546,0.8419747756414163,0.6370117966026443,0.09090373774670006,0.1262362120325243,0.45746307650355306,0.5931363586554382,0.34388580770274535,0.4784281228884034,0.3027625818007763,0.5295430895815244,0.11429032312254517,0.6906136260977077,0.5691092066468934,0.6471432395818757,0.12815432642945457,0.4128907673123274,0.8730734306224537,0.46980487177466657,0.7423338916863703,0.5263163811456507,0.34462493484050793,0.9791641829993072,0.6650331980666612,0.9101094970982191,0.2804187717421123,0.18789662676813187,0.6741073465002959,0.5755874247011178,0.4989672941528175,0.6907149730279131,0.44154031798136234,0.3159318895565208,0.26903889883622734,0.5594225731824717,0.28930507824958046,0.8222571725549994,0.6915272255413385,0.7350417199450127,0.8493564775718745,0.6357468049865594,0.3827870029818075,0.2317828231575488,0.5368109981960075,0.24872947035378576,0.2984628682513607,0.22748972346127425,0.6864349122627058,0.4148729935108612,0.5215128523749419,0.28887434904953413,0.3678580023779147,0.7005463994412258,0.17001155602604348,0.6960240278270904,0.7765762781296603,0.671105328331498,0.3196926140476379,0.4223841653647654,0.2906595064704915,0.43888875715685993,0.5928060608171944,0.6351306559062893,0.6121620801758177,0.3753860599310239,0.30539935860990935,0.8145305956411668,0.6417000378045505,0.7978005623323957,0.6987020764361526,0.17143257833044703,0.7976441782987304,0.472702570755953,0.8688860506480894,0.3950651463662119,1.0,0.5505936510210397,0.4867038749496453,0.7237931698212572,0.1962363818569148,0.26924768284984724,0.676159696714553,0.5833156630287418,0.22539135483304262,0.849443158507059,0.6239000664970549,0.5024277509533221,0.20911343197885218,0.6786881591262992,0.16285208132641868,0.7128067964334456,0.29453132592022374,0.9960791050400105,0.3906004459526085,0.503476192059049,0.6247400223511881,0.3587582078247093,0.8132439829235574,0.569326208820064,0.11203328662415038,0.17587927419520702,0.8397489614670353,0.44825494654517445,0.4968624142376544,0.4436676331249089,0.34838341018331614,0.498573133955321,0.4376945128257862,0.9730423905959792,0.46900606802274186,0.2773627671833471,0.6220714017241686,0.5816576702194893,0.23331120158399773,0.712114293950537,0.4154010526917824,0.23873826191692393,0.5455821902503166,0.48030938408815654,0.06715406153047224,0.9290669405601092,0.3993583283501441,0.4436077439258341,0.4819802040496768,0.6611891835975966,0.7077158728904227,0.599455543065252,0.06676247773156403,0.2042984151650431,0.6625938342441225,0.49967011428133157,0.5116997483361845,0.6349112128774022,0.6119324567813794,0.7260753766747141,0.5065994415839414,0.48457961530527965,0.47250627581001925,0.5922419393491138,0.7330023377698897,0.5334106568300433,0.890470449541931,0.4410699873076227,0.9442623944711698,0.23403471103547765,0.3672087072780872,0.1178802350153242,0.21024679498393822,0.6650485200319227,0.5162223617008113,0.699654378403448,0.45454459872276654,0.1935769837159732,0.42272450133108086,0.8264341488463821,0.37724309024979935,0.534592000697484,0.6166191800852006,0.055721420498332466,0.4789491631058035,0.5002879463310216,0.42622125349491896,0.4104062088220118,0.6912346917364928,0.21833473861954175,0.8513163410060033,0.8448925875016048,0.777258881105677,0.10770612572830875,0.3459879749952577,0.7477891904718196,0.6985981065138128,0.7412831278356695,0.42377779376437147,0.5209622361727364,0.5355075451587598,0.294751404059845,0.5438020617121724,0.5079116041146915,0.30620113474919436,0.8640629374282501,0.4804756444923078,0.3551672952178793
DZQV_CD8_TE,0.6107790480610819,0.3981234089375747,0.615286593552446,0.676233146609766,0.7059371434074393,0.5714096453020262,0.903363409265295,0.9137312877252032,0.5338300736724025,0.8817755427626889,0.5477976737492283,0.2937576222677493,0.24336071307137383,0.6671243605179484,0.6443651748866199,0.7619542306535515,0.6940016495571466,0.2493428518349328,0.32585797058660515,0.5995185547707177,0.9442397273026385,0.9427834070862149,0.6473358678362775,0.37347783268757057,0.3209320472967413,0.31826002813870696,0.2471223239760926,0.884657066681755,0.34750690531131273,0.37813994146375873,0.8572383255480123,0.11069145741821913,0.6586579755429018,0.35352347852336047,0.4989496132065242,0.8224251211632208,0.23246642191589614,0.3266674966262966,0.19111888991507037,0.6820837640178801,0.3495700373099753,0.8731027190969417,0.37679636510727,0.6406621069678116,0.19726450448012156,0.5406823313947975,0.6299170996063022,0.44282621400936806,0.38122637050415964,0.47458921228328027,0.23078027582840613,0.580108731102678,0.5461564613178408,0.0397192696205901,0.5882841836952187,0.5693336550648498,0.6495618314886671,0.39845712491896496,0.5887546181211344,0.17735272272621394,0.7843222301092003,0.58211948004963,0.4513647184846307,0.3691335676720557,0.571979015939814,0.6525075431104826,0.2457931513005905,0.7916438808132713,0.5250645506667952,0.44011034052666886,0.14060296205138773,0.8344493741678516,0.44568579933795854,0.5358452201454914,0.480954331874808,0.1318403280227259,0.7369482541197476,0.5292280255000998,0.33500975495360796,0.5498764883758267,0.3504997140801371,0.477077811259709,0.6357180367081262,0.33878749897805455,0.5040882685834827,0.8175393730108218,0.33408815016265664,0.33231818468733954,0.4284167011254687,0.14584472153805256,0.8695109097764077,0.25688582495584605,0.8870735109166291,0.20412840971640442,0.4994976905422478,0.5748107931308658,0.5609161995708952,0.7022214632632436,0.4881689793926539,0.414627893521258,0.6358874904300873,0.6275222486538474,0.4674809830197069,0.7614442986159766,0.4733100043107492,0.508244197628561,0.6383127234133814,0.7569447692339675,0.2998889822300651,0.35577443533210656,0.7089315728879612,0.7126966167842388,0.7005377958108778,0.2816054689014381,0.5128419227872164,0.16921364656853635,0.22672893597977856,0.7611376042623613,0.8870655799154434,0.6292628087179268,0.4952724672652077,0.3654589245360277,0.10968933906333499,0.8942232066746231,0.7246773595134898,0.3157439889554014,0.5948164078145256,0.1859898002441486,0.5349159670744009,0.7085740926759617,0.5003371839713483,0.5677294204604744,0.31978437587296055,0.8395092147002522,0.73678192366435,0.4368860713857243,0.365063415304178,0.8239949689256578,0.6140602347638615,0.4919271081457636,0.19180746298835988,0.3644008456686916,0.7889530427095721,0.0846356139295687,0.11517709922491952,0.3787960213427147,0.4249795035165886,0.7937098740445535,0.3904211630956378,0.6208404139239042,0.6446606925930295,0.6349973535506246,0.7304795277483762,0.6568307813969158,0.1653948296693285,0.4573890161043998,0.8371344001556499,0.7722556371088252,0.4404715111802992,0.7639555086466513,0.37104148056014064,0.601335623455175,0.4079066552486452,0.7744129241653007,0.5239937073382266,0.5771275174758899,0.1847431960306546,0.7585277111934248,0.4040452225430592,0.43155545754808633,0.6165851001274352,0.7997740795856996,0.49629718687251995,0.40117128716563455,0.45554448246932455,0.6349944579334125,0.7089617901215699,0.6711206957097091,0.3730600780104265,0.7602544808560502,0.6591600156896932,0.608849391274574,0.6424702785521925,0.6250703414402696,0.6523049480350703,0.6062366439615665,0.21133090995106135,0.19443955659102177,0.6956183627090046,0.16033712272275363,0.38004687157964806,0.6351132861974933,0.685019991812079,0.5635071880698791,0.5123813492479985,0.3455781697847638,0.9575879159256311,0.5832979803439869,0.8816855136865895,0.12277617416114943
DZQV_MAIT,0.2087439368027495,0.44335394479240114,0.744510025681674,0.5889316096694519,0.3333257217262225,0.6800294801629749,0.33570335495769166,0.34250685157310623,0.31815127225378986,0.48324219851052674,0.44565591832525475,0.7420455326299324,0.19471081268856846,0.4203110258298661,0.42766898370124745,0.7596968574523686,0.6608508863592499,0.8005815154135304,0.3276153374019019,0.8167325559874098,0.5971526398584573,0.36871849409423135,0.23298152012614123,0.8433046741395784,0.34117815782961713,0.4307017951476122,0.41692537441154975,0.5888592007225709,0.29064383729467025,0.7978731140318038,0.4618774982667254,0.8885345426400676,0.40561094792308644,0.7115036221744822,0.19272124797707088,0.8136653036052255,0.9186644348895198,0.008730649770071514,0.49332883634142516,0.46279610790657366,0.07545796703452397,0.43840180767663817,0.3399811630346317,0.3471353887383547,0.7569592882446003,0.337324864701094,0.8824663661963296,0.31798993527158553,0.6025750348801723,0.15391922901456037,0.4279879473018017,0.29433707955975835,0.5472671708802506,0.6821263868823768,0.41451906097237406,0.10068576779494035,0.41349841132956866,0.5841991319684773,0.23544293379543058,0.5938045117660727,0.16673302262729586,0.30703349999646545,0.5349468467095744,0.4218675819618956,0.6698192797760325,0.05235573826221771,0.49951346668996666,0.4357010255513791,0.6492306361659665,0.6178020590285984,0.5109840530975622,0.682079809577446,0.021030850697469152,0.22916324295463322,0.3064673178688483,0.6913801789431541,0.5770674092387302,0.14530105849092378,0.4464061852942049,0.5855101028112448,0.32973735078725835,0.15333466915773547,0.3758729052941654,0.8883211001577418,0.9427443348941461,0.4660003603622113,0.44140177985050927,0.5849202086785127,0.5300139793772473,0.22923330636952544,0.18836292645251076,0.7642310315095919,0.17429734570879127,0.884593743817854,0.10409514120235759,0.88339777783817,0.382417613023847,0.0836029278568538,0.7360460508192983,0.5636737756228151,0.5504541539800077,0.46799029985282115,0.45256768963858696,0.3286793937910205,0.43671812920439357,0.5360884176209091,0.15617831670938898,0.6790809152239227,0.32093991877351535,0.07507441271778631,0.43430621629582233,0.5306133295389543,0.3100896636538503,0.2563889349870391,0.1738293172944243,0.4097641211409186,0.21962134737531705,0.3012128579019826,0.2691158487002515,0.17857575724076766,0.8083266144739907,0.39796117422429717,0.8648000127154639,0.3566784896330909,0.6880461246327308,0.7566296106495882,0.8282319233837048,0.5664728676113717,0.3930534518986072,0.5570772046569911,0.548037060638846,0.30440236040642943,0.46903328082498297,0.3043463937982298,0.8137755940245742,0.10251437446947366,0.522775468042907,0.2595351704305555,0.5515204937149552,0.40257940886557037,0.4071467559710113,0.39015644669644717,0.4098406329697236,0.609781887653943,0.5429545693517733,0.7655095399969973,0.3257469671891521,0.5399560576621903,0.652725833700431,0.38738371689878176,0.8791878957452971,0.5382334202264136,0.7686666595412388,0.43294455072734506,0.08093679316773332,0.764209077643047,0.4827155856295537,0.8184947306753253,0.45901744003792366,0.7455492588973461,0.9727243619281575,0.4753171473096736,0.4480695720808006,0.6403947253350224,0.48579256986203556,0.30673067781730656,0.5466612895820011,0.5087189096331138,0.5827842110448125,0.847327536623014,0.5026995485181038,0.2739105593671301,0.9887723404574202,0.1311046964505992,0.6572524971301104,0.2800649679488261,0.7603696114042294,0.7820517090604763,0.33641327584939507,0.6766476571417545,0.27687658147902966,0.22845576937732914,0.13169481280766548,0.6019948102560828,0.7095424577583512,0.6638983562412575,0.3702483258588067,0.2518264454898505,0.2006612577062607,0.5750007176247833,0.9306857730952437,0.7968759462381706,0.7757913481239007,0.5847995689179946,0.9636890640293473,0.17681847074419751,0.6181627473776233,0.7968434284650134,0.19953153547294084,0.4948957058797623
DZQV_VD2+,0.4873492781030694,0.33835544256298716,0.16966993176629594,0.8743334136289311,0.26789262435434646,0.32443215632276146,0.3618523842268128,0.42850368074964695,0.5707177252270955,0.7038472181851393,0.7311623848287262,0.9003258814116708,0.5753783884033379,0.8686880446812061,0.4052302938267882,0.5182268522915321,0.46782550912628107,0.696504639286992,0.32973540806559,0.7746872584832349,0.4444898453620718,0.5178720185806501,0.3221490965748589,0.4383568465621042,0.41089360536346514,0.5631432237730831,0.16395729257734531,0.47917588863844934,0.5448239107178892,0.40382128956276697,0.780217321664917,0.650370715269002,0.7188615981804708,0.2675602268899326,0.5217236409672092,0.06752820160379602,0.3198913494663349,0.7611716769065242,0.23026671611612756,0.5494053464333177,0.21412874986903987,0.1474612604731724,0.7100755271270384,0.4887725016678249,0.1005246569291342,0.09545571673799404,0.5300108218072823,0.6817701917318313,0.32068507733067214,0.6734373182436258,0.5602927218536129,0.4229489816160399,0.5597271713103442,0.23590593939349325,0.46904520702818664,0.3012094489358749,0.44123137600372914,0.3664657275745826,0.20136897923522754,0.6029284776635536,0.8789398089399889,0.6269451530754521,0.5161228208858536,0.6059729499502307,0.7711642062303333,0.8569243013011987,0.4502808759802771,0.38112465878526847,0.5351092228970503,0.3003085451024419,0.187191615950232,0.6013507185522793,0.6094200790587904,0.20259695241643283,0.3377546347795485,0.512214107363892,0.263619564355805,0.5955706432262432,0.40550278688435665,0.7775440541258625,0.7331047509873978,0.7978719046319668,0.38107686625397397,0.7234860295435015,0.5093872820673988,0.5739552030504746,0.36891553286426565,0.43497936824324934,0.5877697338104251,0.9043611280442433,0.5127141380870764,0.7418736342155433,0.5010516042143945,0.6423423254877194,0.3718574170569449,0.3103188221527011,0.5901891675467992,0.5412423865271124,0.35379559779164554,0.4558253574951099,0.9129888916657654,0.85727147150465,0.9324713822481205,0.5630502946255078,0.6805581261636281,0.41294443552820026,0.044166744992320185,0.29411345592875243,0.2598893667019963,0.5973118243640219,0.4057667781154648,0.07469658526049462,0.3806673190539706,0.6085693909947031,0.9368517791413654,0.6272375905876684,0.39972068348441175,0.719950388678858,0.40322122667711735,0.5408087423523753,0.6452556792533221,0.5729951549413753,0.4080004803980014,0.1374893892347651,0.19499140291368097,0.4994469553025835,0.20721350018094303,0.05076551315774469,0.31054280523909755,0.7343042263623515,0.520549727351927,0.20204839021697904,0.7173880655391853,0.1700031830719165,0.6933754795294615,0.5245193280917826,0.14935262172758024,0.46710470342216903,0.1808194142899584,0.4114736144700076,0.4046916857446934,0.5763359105338554,0.7016581342803963,0.44638377529207396,0.9167602488473692,0.3477239036027272,0.6622123945886716,0.6769648660726405,0.4107905067868874,0.2826387067575029,0.774902206692785,0.6058611969799345,0.43605665124656284,0.3762714956884357,0.48742064603466967,0.639777499479942,0.410613145558186,0.6399613133166023,0.5762542693712951,0.7549906119263857,0.6411084808472484,0.9758265361421324,0.5539075190929047,0.914894518740773,0.40396286152672417,0.8184927024316813,0.8824910931680843,0.3060951500688583,0.6969600461411507,0.0777144134486254,0.3822146247457734,0.7257396684165269,0.26707551583348305,0.3478067342103149,0.4899053372036607,0.6781588284873267,0.2086145331674598,0.3842432102438732,0.11090301539227554,0.8454454806527844,0.4876135898622576,0.3693460792181944,0.7319721444922747,0.43760864920743997,0.740705542227943,0.2697493638888768,0.3447255155727341,0.5390088806391575,0.7288499746225855,0.6116593010054845,0.18587142886659055,0.6324436854478335,0.24783067000282993,0.3786055727389772,0.5288777208074499,0.19443831185671628,0.8401159328408746,0.18339101511046185,0.669306134253992,0.6520800648514837
DZQV_VD2-,0.4538746115090089,0.5431255618337185,0.5937911285138638,0.8099472057802118,0.8974948101782694,0.2525077251945169,1.0,0.7925779035808532,0.6843221099237269,0.40826545499451955,0.568694121820746,0.6120238721594234,0.17571504558509898,0.5987996615385922,0.726821685166312,0.5738942586988626,0.8635160782359564,0.6447889833379312,0.03390072353768988,0.6235113334202841,0.7847120765102511,0.11269412722648191,0.7135079149964285,0.5124256391679187,0.9687603359271185,0.2790066315991897,0.5737305392741352,0.3629926632899822,0.8889599108881618,0.4364495934936728,0.876271080065445,0.16677569795972966,0.539046416823501,0.5906739135398393,0.7095198050821265,0.8739979935007242,0.5839220162385097,0.13558997193680772,0.3287161609360777,0.19797314623353146,0.9378236826032424,0.6334383579036155,0.40596945664640455,0.5975475325472821,0.6554787508456795,0.608068014220691,0.6890074975731061,0.7727301394247964,0.25314189077754284,0.5271966161085337,0.629326104401912,0.7897957165261303,0.775965288178382,0.34245615169412286,0.20588530308062564,0.48318151075277277,0.6461449322260759,0.848322315676223,0.24735718724250436,0.116668133820125,0.2654615041758918,0.113750725519206,0.6524744375981133,0.6255635554825928,0.7438503727676604,0.26886439179762517,0.770394157004995,0.2898740456905612,0.6739577984221193,0.9869179410620388,0.2632327914949029,0.3184519116783572,0.3255405137010124,0.3609082235319345,0.3021135053562496,0.40158146327309996,0.46007939247562285,0.6965153609751782,0.7851207356725999,0.7411866358046166,0.5551329063316441,0.12140120647237959,0.9443625258001642,0.5664176011965412,0.5083843492989011,0.7908986672942483,0.46376483093519905,0.5617476974540868,0.6750247979050269,0.8206714702288319,0.45424045186287404,0.5989581037355759,0.8626127616675778,0.5617057077142003,0.4574325608032981,0.5932253809748883,0.39851550179694184,0.6524601662413362,0.6538423334848047,0.6951315417686562,0.2931119818391316,0.545554899979343,0.6832472808146126,0.6315800249903403,0.590367046125955,0.6647794953987441,0.26819252222876744,0.4072771730383522,0.34351783394395263,0.5257483752023469,0.8143643205038522,0.31538184086269605,0.5592359211793709,0.3540840354796159,0.2648075836845461,0.5726392412267813,0.2649583091145975,0.559612975856351,0.6364421938987028,0.3167817026825652,0.5192799852934653,0.9025455894238229,0.10473683415421242,0.44698754355316667,0.9607038279366852,0.6280550945778892,0.8339921197030494,0.8171960819999057,0.7960971538395522,0.6314376682891307,0.6913463982749879,0.3396941376864426,0.4618528094375134,0.8666826705837094,0.8827001194107335,0.5160559823064718,0.5909441563876601,0.33278591175365185,0.6737595383362873,0.12021157928566033,0.31893120129704966,0.5922155128307538,0.5088591054702749,0.6060350563226481,0.4771211218337842,0.10514638087893526,0.8393969495674252,0.43616084837256086,0.5174440984288443,0.8760996928881976,0.7655459861740618,0.8899032027226068,0.4773006263077068,0.3970852150717978,0.8300809455924858,0.5496566277913737,0.3625945555183061,0.9271088588920076,0.3373557914382661,0.46755653870513797,0.49547288775157017,0.7198453023883545,0.30998914127237925,0.11145497329469983,0.6224385110109891,0.5604258872839266,0.20482601771586587,0.5245194708418415,0.1985374298212732,0.673085263972564,0.2247190000284598,0.6403911187271573,0.7168599153623071,0.534365843517957,0.902779705625401,0.03955506010821514,0.8015103921386999,0.576273367529761,0.7441324206414556,0.8580475228083746,0.4965634534790198,0.5283839117959379,0.884394018228692,0.38924405289768194,0.6533304813906257,0.6454360076812038,0.8225672367390899,0.12231886822958794,0.12296113509248921,0.3920412430978728,0.49083244721583935,0.5481771820869329,0.2911235973708926,0.09468533103521581,0.9953438042722021,0.38543883559730774,0.835478547428175,0.29804340832838633,0.5017821473148135,0.22354067033901348
DZQV_TFH,0.8762118666710382,0.34430513116330025,0.16850370924426789,0.8157786846108239,0.3567140643810841,0.7777825504757306,0.4883290665196254,0.07931978073251622,0.8218174827011293,0.32218797536834315,0.5729818124097229,0.5250712516078266,0.2567350308720655,0.7736074018307588,0.8118387256265598,0.2706506012409164,0.4529480515690504,0.43915340510931045,0.49966702812734276,0.4797149499832277,0.449268789226908,0.48248511046317555,0.724913021298736,0.5074212200221258,0.8763769817068792,0.31361932912239193,0.6947131713059149,0.46945407527410715,0.4174413995797782,0.5801758056234996,0.6219300469315481,0.6602349735480821,0.6175506258727257,0.7193678112002232,0.6547581980749749,0.8539739282126866,0.5840380112208727,0.6169249016505242,0.43127278946879116,0.3696661611663081,0.21897782118084086,0.5268087056886949,0.17051520339882129,0.7135510430377504,0.4338320282342422,0.31467490875290716,0.10187479924337921,0.6453355331578322,0.6511183473842536,0.5545047126143915,0.3907401465195469,0.5697408169612234,0.05135956206128349,0.4648822291539847,0.7538669681644624,0.1410718625508774,0.16331933597729756,0.42948935699632595,0.26089286003385365,0.6640211910254288,0.23699007753125248,0.33557365662724015,0.3757010188336908,0.5113000524477385,0.27429418331912153,0.5437389713159205,0.2544195866424798,0.4055538942313174,0.2088785048408026,0.7668327641204264,0.6288385526749375,0.3485591902401168,0.8777108838714174,0.3443126555042007,0.4282777728782524,0.2984336005162894,0.21542293553494074,0.20263301008490697,0.8909371110276527,0.5301817056974211,0.33397040552454765,0.29497708823750274,0.46000069192343784,0.7728591145128344,0.1883562241603208,0.2743392592996837,0.43951003383352905,0.6977161080730548,0.12914853031809972,0.6267234126488759,0.8789819710357563,0.07049779813327332,0.7974403631549617,0.9110988725415637,0.4520694268775052,0.8127921524817459,0.756591789675421,0.5320142432149417,0.7048731636220529,0.14733688714255552,0.31703831589682974,0.6441783494478641,0.125398866478771,0.31013153714999286,0.31010724911062904,0.6543827093673887,0.6834784831479221,0.6949279459936805,0.0779859596690334,0.37477687477759813,0.44260968119584065,0.9124772641145938,0.5505768755507573,0.5867045152272775,0.42189244358381894,0.7950053894768279,0.6519521877847374,0.4720644757459015,0.6443398565136346,0.5835554986229353,0.7719144582097178,0.6992762442263964,0.27855931920573335,0.6703248535286191,0.35432624669855367,0.44776183497427957,0.7339351674084911,0.5360183665174915,0.3996621308024721,0.270695618290703,0.559684536918852,0.3323955668469,0.49269556761942074,0.7859165072711835,0.21126020882661303,0.34854654466388185,0.7798471214085377,0.3541128874073277,0.25287401497207956,0.377590141172874,0.7352120760929495,0.49651992011921353,0.3221800561018912,0.6089052058607936,0.7881145094780282,0.4405655383555307,0.2769346482650927,0.6156635731805772,0.42933273508565095,0.2953579484388735,0.2864632811281891,0.3350033121978082,0.6421603883117666,0.5220671816827009,0.813747463286198,0.7493015083614027,0.26824210027999545,0.21980133848990493,0.2303802398368418,0.3817593904302231,0.7209999337061518,0.8934880398521143,0.5635404818879736,0.2894058665660919,0.6614876879661932,0.6707571193298977,0.793780440501366,0.4865046619646879,0.06386503329662006,0.09902920773626683,0.3127193411500313,0.35450520327374296,0.7146729892911092,0.2528553779035286,0.7520059738808657,0.5665007244432038,0.3647954736095889,0.6224056763835828,0.5985728797269745,0.7167759103109069,0.5645646642941416,0.6193679476914766,0.1847440332755297,0.668009134475887,0.5254669758749774,0.6876505046683127,0.36680110067948174,0.7426640989534823,0.6294592253219751,0.5360807987579708,0.26474994697269855,0.3679912546726737,0.6272053863607997,0.561619763006309,0.3904555130157594,0.1044330414090152,0.2520937323404645,0.6888090911996875,0.279686414929865,0.7836820459972642
DZQV_Treg,1.0,0.49376775773528875,0.7619144490039027,0.6403846905775761,0.7097623156952688,0.9103329935244625,0.4800788923663586,0.03242128407081471,0.7360996912220973,0.8387171724126105,0.14842127078225878,0.9276320507215894,0.9918649004037667,0.7081767447601602,0.1758295137843952,0.6273277751328021,0.304839683764787,0.8987039092842452,0.23423049578346117,0.8370802422486938,0.5466159585992727,0.5170231039156146,0.3547401561078756,0.48891342737255494,0.46862293196252286,0.07933395075135839,0.7909518187862568,0.5499614066942626,0.7139590694530319,0.7494846141250723,0.7495632415106999,0.6468202937155837,0.6874201252584936,0.864944856163182,0.6372789379500571,0.6257555046928488,0.6632528767593261,1.0,0.9763529808379936,0.15156443369082664,0.8750143747728856,0.2288989003165827,0.554963596447111,0.2497147648402048,0.3944203393039618,0.12598079643080548,0.7374552255084138,0.7230699100681506,1.0,0.6922375740374795,0.13329016160998539,0.7690102810199335,0.34801221742437366,0.5754558909417861,0.23326122405386165,0.9280887467653498,0.4060692917399386,0.33989164308688785,0.8714636911575161,0.378429202697897,0.8169718162133092,0.5040299972123987,0.44134696969444814,0.17424511157759515,0.8088989013864121,0.9705878842544291,0.5330070701964605,0.8919623954267276,0.2866698035883202,0.588572990302455,0.3465895672070997,0.8048693870619886,0.40832729563684644,0.6261957461367198,0.7824422985252714,0.9260545233399544,0.9088746860788691,0.11019464195725222,0.7281445762678904,0.584303706004941,0.5933255081113683,0.6962869893194278,0.26268569357073046,0.7326621524257304,0.3611317285180413,0.1917287756471792,0.7809060097275861,0.8024494331826102,0.838373524170044,0.47882098679140894,0.8965463604230426,0.7124341959178896,0.8097262467572064,0.822741049847713,0.43641005323264304,0.4020064595418766,0.625185750629022,0.9347200228405769,0.558068266059536,0.5818374093713076,0.7083725579728757,0.40213815753215404,0.8772942006845008,0.41471207843767954,0.7658068424436454,0.7785380607504905,0.7600858310287567,0.6868683378614309,0.3136249369112812,0.9028013737083266,0.03128491143975796,0.5458980017515173,0.6723182103966412,0.5892716061233918,0.42102198585184636,0.6835139145052672,0.7435040698035763,0.8026562461427571,0.7426212762656408,0.6982330622743085,0.8022613394093963,0.6662332752514925,0.3195646139769313,0.30383479358494947,0.5966620417882053,0.31396068833971347,0.08705267246960023,0.842818480811722,0.9587762693792167,0.3697904851811028,0.4390733370090118,0.37456220511523514,0.614040103649712,0.32554929203419847,0.4287757959414396,0.7300072264645241,0.25293598244375004,0.516174606230571,0.20466967191165572,0.25485033853766403,0.1808848516617941,0.5883685196862044,0.5050933666349942,0.06267982279352581,0.5123631622307472,0.1797088498086027,0.9204345140300974,0.7428370940968688,0.7688757699189608,0.7430500613753018,0.49732294659667436,0.7479996071904658,0.346278954311852,0.5371100569132771,0.24511304899472844,0.9885281826844573,0.11438021718935788,0.3576177695478657,0.30494367413418083,0.9848829751884008,0.5169560882054489,0.311118379782909,0.6816445223872178,0.9014262324990576,0.5110394648288612,0.21580400184834567,0.28205337232026084,0.8367994767023941,0.7686912926328042,0.36176539071947983,0.45508824667201725,0.6375081872138145,0.7459484443183003,0.6732126093716669,0.7268075782658431,0.3231808744113487,0.8340179996376388,1.0,0.6291195040689144,0.5284142723211053,0.13223594655619872,0.45824947668437466,0.8278656250515618,0.6802415964966817,0.7779672979240326,0.5138059938891756,0.8391123498894241,0.4201200786173094,0.8954597025822124,0.6968478563326456,0.46002130621076837,0.0655369861097894,0.8179114696649432,0.5901535795233971,0.47602366630838716,0.5253698451150386,0.14433989798925814,0.27468084959985295,0.8702589450431449,0.8856008374235329
DZQV_Th1,0.21272075886410904,0.6091841663682296,0.5716459024276276,0.7135261715230825,0.3973806339216536,0.7300861347793743,0.7473358278415042,0.7224015505590528,0.8237462166342608,0.3388851609837021,0.7480965978100359,0.22478297604106845,0.7464853447114751,0.7281284029067199,0.5959181017804818,0.3951353029187912,0.3833251243857008,0.657414986231583,0.166746103677604,0.30558815885170704,0.7155667705092873,0.3244409667712477,0.4830725664677851,0.6825623512672748,0.533667984069452,0.26804062906343984,0.4233218220847544,0.5418093005145684,0.8174366205226746,0.9549859062498677,0.6822282931260368,0.07488409647986534,0.9442495460398828,0.6719897701029285,0.5098299716081077,0.5111066196806328,0.6852766587982735,0.2806361695328566,0.2698183675474202,0.5550287483772881,0.9314151810067682,0.6153874004851583,0.2478715836005757,0.049066946506045594,0.25440571973031595,0.5680456191970795,0.3723247607255904,0.7662224768071425,0.2810394701974511,0.49698694501992174,0.8902006190666062,0.28685995404523085,0.4069841690965861,0.4228954952314647,0.5006401298884432,0.5316791576106953,0.11825623377035448,0.24008740317853627,0.38394123075899345,0.39155296820906466,0.7762667995890354,0.8697237280236626,0.7510737377358331,0.2453677722350053,0.8984803410970394,0.653455171939095,0.5187940304731966,0.4477585385379117,0.8229254455656444,0.7773690444250595,0.6890519978230782,0.0649185640985764,0.8487678341841738,0.19034559115329544,0.6032498577410396,0.7051212452708807,0.711526572666209,0.18752534660506362,0.7718799047990552,0.5056461069873878,0.4994068810281229,0.348333450232977,0.7311599558389216,0.8527386929357412,0.3438237847469984,0.5312474831872168,0.7527890051843751,0.19322962463807372,0.740278172726884,0.8140910905803747,0.4398133996162774,0.890920350144551,0.7862495120797405,0.4159780306404565,0.26049103364443904,0.24591432604233676,0.7506049205396887,0.82624307152114,0.46573646215624165,0.38766955435841677,0.6068868505075248,0.8002986780225978,0.6238212667435726,0.9769255854336816,0.7353786003234224,0.1594924685606068,0.5965493033952031,0.7396528908407061,0.459845797426252,0.5248444479367917,0.09053423014766004,0.4239077118530995,0.3545452959787801,0.4196636048001965,0.5061681639440501,0.6828298368243939,0.11170590282520852,0.9498322496475824,0.730859062980948,0.8908201987290761,0.3522164882927662,0.7607562489293948,0.6555934676692304,0.4487738804305444,0.3556606012611391,0.2896878392174319,0.6148193316003292,0.39703445227349077,0.9774436963480597,0.598473313852931,0.06774014663487664,0.4489628587517792,0.4360279839854968,0.4348652450359947,0.5219974580198041,0.23113080725365462,0.6778002506912405,0.5798977890020574,0.37000249678742303,0.6372592623840675,0.4579150549608282,0.5789713230097753,0.18872124071194255,0.9346152946530148,0.2071573627802234,0.34405418119009706,0.18507061680156298,0.3292418239465226,0.5575057235447524,0.048643661032655355,0.7655040786682042,0.6117877742040172,0.27915535926284246,0.2101234905934863,0.6202243027075591,0.6473236144511153,0.34824071787044036,0.37008925145475846,0.09957563455876466,0.8550609593822946,0.49117901931656344,0.5909252057089426,0.126119630392336,0.32690106333629193,0.12566695341396386,0.6200636208072363,0.7225051774376481,0.49692231841399787,0.6369785579816578,0.5541894436623821,0.7075025343170016,0.7198361939016901,0.12843801531974022,0.371310226081862,0.5449854681192058,0.429818073299204,0.30058131352505185,0.657532687789213,0.3094297170938202,0.5518601648710144,0.4175964966723922,0.25611590189107897,0.42814388440139217,0.6859588798614875,0.3279577128866816,0.6139568495921391,0.5247024577510954,0.1312164361391328,0.12433703991384695,0.29854666995437357,0.18470467221337,0.9879988435947626,0.7492719978547294,0.42152256581660597,0.42642664902675603,0.406261462902716,0.7162491078873039,0.45888409783206763,0.48377957738604177,0.7220798056864502
DZQV_Th1/Th17,0.34946637518604684,0.12509267446769395,0.7858666821157537,0.6177999174907317,0.6438668080706784,0.714695693304609,0.7026918343286419,0.2932120658309863,0.17378757885204596,0.7913393067844636,0.511930390971877,0.022811474328788234,0.6167242705676095,0.20477562640067248,0.35323484641157465,0.44599415022428834,0.48690451178113625,0.9196227824130141,0.1625679394842205,0.6433854782873868,0.46795512571539183,0.2882555722893542,0.6876281178561989,0.5715661974748769,0.22055661953229297,0.6726999343472851,0.47695621857873993,0.8068918814503967,0.6482524549266034,0.6248743791458499,0.44752585430357705,0.8650223251132575,0.48271438127800326,0.08623071150023486,0.5138764308397237,0.6426950997439511,0.39896618962703523,0.35414854271768953,0.5141878057066935,0.10044679131143905,0.7406708045494088,0.5481036110443488,0.9370571513526195,0.737985935518183,0.4427718627720327,0.31700020868467854,0.7093370819630105,0.7364085211363749,0.2515265422756293,0.27258585542871316,0.8592949853119352,0.603638315121741,0.5095769085338623,0.5018196319408871,0.7982105969520605,0.4005276695525223,0.4589964713971491,0.31530072724050906,0.2819487738156129,0.4640447804713427,0.9909587648245137,0.5900356195595713,0.6756681836741877,0.25760793132002885,0.6436873537907755,0.5805739024108346,0.43889191913483927,0.7447028260142177,0.8970699216824775,0.4368444410742815,0.6431395907291071,0.8035605153315458,0.9193247576919681,0.6619617391130053,0.7479062029548792,0.608354488686879,0.6403950370317478,0.4120010748196887,0.6247113787805637,0.4229891452987416,0.7186848745463755,0.2826217672030978,0.6079345636754886,0.361824341361899,0.38859349016984085,0.8975646920033027,0.7111058450407084,0.27106429075665195,0.6814472956716603,0.7240285824818807,0.5897527719775131,0.7784721038857191,0.5490548542826272,0.36652082843395895,0.35697064392942224,0.5884614290010024,0.712441846796865,0.44005112451763057,0.41186265375188125,0.3027666035585837,0.4376244761072572,0.46726919138577816,0.41357736049322247,0.19852998153712617,0.8301804894923217,0.893894479407035,0.36283142203092783,0.615425504901947,0.2916211847915595,0.35033174238991527,0.035588311045043924,0.37984031602688617,0.6231283118285268,0.4368812373673138,0.49175713635704354,0.7590564238950143,0.5221568035632947,0.3129695751137801,0.7013266904442527,0.3802437701860088,0.900986856496541,0.43963113348825045,0.2272552119662641,0.4036737189626949,0.5449608882958638,0.8319955322015766,0.3963581249216184,0.19949484950900967,0.2360805383033494,0.1622403260437421,0.6216064979024452,0.4131788204068871,0.6590825787257178,0.7399180529895859,0.4066483214041924,0.7786783491190903,0.09614603315780751,0.6003234125850693,0.7397157112706397,0.43316233351900707,0.36919138976329136,0.8488256641411437,0.27036052035746017,0.5330556072554654,0.31218384984532116,0.3957560682299316,0.26987799911933197,0.8977986067613095,0.30714147249916407,0.31699420361057085,0.6456422577251278,0.5011928148164289,0.37248162941319346,0.3547181793151121,0.5406393463102169,0.3410725239573798,0.6731954228217573,0.6465269250400077,0.5880423641412109,0.5256184074446034,0.4351630180497884,0.47576392836899906,0.47005314601678483,0.8662464695484673,0.24486893380848082,0.40083197172471147,0.3967003078090035,0.5584217495842752,0.8366844807408719,0.432387592880563,0.4887296600717298,0.7198444539896829,0.7745048675460264,0.703800672321468,0.33935448803291746,0.2443594332083364,0.3898319704428797,0.6743562796732958,0.5638301954484297,0.5609515616171181,0.37559296234867684,0.890898662981836,0.8532663406665073,0.4757667349514063,0.21541797012328812,0.9841406187212213,0.987989811013241,0.846779934823774,0.3985764670969857,0.48010797402795347,0.2506268250551419,0.7855119085550125,0.5991472546153498,0.46051051669345294,0.2097037618888797,0.6079664421526528,0.7658918750692776,0.8039306218352114,0.41688097691173576,0.7447601742018479
DZQV_Th17,0.28312767832487956,0.4160459358745496,0.6645498936961128,0.7781688261370908,0.3425293692971559,0.22619217099025057,0.6830240514411747,0.7130563835883805,0.6644417888297924,0.12921978232884776,0.9606408635687551,0.5694864557868755,0.6157488983932122,0.8035227113570167,0.8140460219069972,0.8512779689578668,0.3194528412795632,0.8844455113455559,0.6221737109401771,0.3988774809683132,0.4224475373311539,0.6645662287900442,0.49075582944269125,0.6717000961096676,0.5756161898773058,0.36075228213703014,0.8242954052336515,0.9302929749804303,0.47941230757107806,0.6476469960075586,0.6584155383675737,0.7082519586307563,1.0,0.6406136722976543,0.11093459038505392,0.8351385818216341,0.22318469007195088,0.5324566656326267,0.44021117802973764,0.3607366670883146,0.3614640702824521,0.5717135565082759,0.9070857705298555,0.7494864165312725,0.20938112762125297,0.4612102217949324,0.5045378356517396,0.16906740688569527,0.3158216010026571,0.9515636335321915,0.9456024705094258,0.44369493977658403,0.4427118725595982,0.5756409467871137,0.46537511748965743,0.44095340959896573,0.5220245438354041,0.410621638353309,0.3513373218440124,0.6467056576779006,0.25141857374483345,0.1240376230372147,0.731168892102381,0.6083342059783733,0.16525293605630512,0.6876086563107581,0.8192587321838377,0.06704249388770737,0.4965147959210172,0.26951245172250543,0.5506685948078932,0.7300337255714329,0.5192877046679477,0.2695277869081751,0.7953802390466618,0.6071412007222786,0.35376324056684916,0.6371592299961037,0.7889296082611651,0.14768479975263696,0.8143618150452779,0.5696756348328961,0.0126002028869315,0.3093438396028345,0.7000029946302851,0.7255993000582207,0.8175717149716855,0.3959089492806676,0.9040586598066284,0.9109795113303318,0.752470075404147,0.806181945634921,0.1799785131367046,0.7924348003846925,0.511153338103206,0.5346720413884082,0.5619032848350369,0.16401435557758437,0.2872941752233204,0.8764524622131715,0.14524061074637917,0.7825539594256482,0.7039040597683847,0.327520843729521,0.667301612577963,0.35172298795714824,0.3355959271265636,0.543688483551118,0.4607781605733824,0.5124987333182943,0.6769164620530495,0.5536428301504734,0.46427755270678084,0.4888605160316159,0.09428781549758374,0.7406702888497717,0.6866437861241821,0.6864583659206084,0.3574925690258452,0.5720519553013483,0.8901273245832393,0.5416424413745227,0.6206070926242516,0.7218312343596975,0.7099093659198993,0.5007542916518448,0.7614032377196026,0.6379411918206072,0.8087982817097451,0.6902179284076919,0.19779019670007314,0.7532433226723706,0.6804303644983646,0.1416674166269832,0.273552519821305,0.2275012426368812,0.5489317605773703,0.38289787375597206,0.3091152410352144,0.34741947148111285,0.7438914233979341,0.28530917288174007,0.33544774634798225,0.7085046047268353,0.7552241384031677,0.7658397009085803,0.9053492342451078,0.16666853275662633,0.6213220158891166,0.09891187809297462,0.5293366385393525,0.8213519994719701,0.213473637914816,0.785353153097481,0.9171934062388324,0.22290118096597877,0.5714793477848428,0.5541652142024087,0.983662716161241,0.4369372879463867,0.1162220764416955,0.7149175423728673,0.879564543401642,0.9044463198592317,0.33708679818328163,0.40741778716820676,0.7784506463857425,0.2627853927582125,0.6052411784230076,0.4321636975124031,0.3143727179120451,0.4854533210564675,0.2099999223805048,0.8763394726038158,0.46335612264451026,0.43912884493563376,0.17753017135470694,0.49760565457068706,0.20268530002944576,0.17864915685239044,0.3087021233248946,0.09274524890047199,0.1986380280178729,0.5637256114692926,0.43062427624257066,0.26177890535041537,0.5984677173744072,0.6713807203428863,0.6794117685728236,0.8222746944299438,0.3831092387797455,0.5511072219754715,0.5736013517834074,0.35305561385063267,0.7580009048612684,0.8497284528431656,0.13977697626540897,0.6774650401549197,0.8747692343648489,0.31827074092944085
DZQV_Th2,0.6026978068030002,0.6040131452269825,0.41439331467418733,0.5656818361146149,0.6385106363504033,0.9279806740062416,0.6033442367531414,0.9452467164120605,0.38448436779794287,0.5509633182447081,0.5719064783686512,0.6994159659256569,0.3573380146428843,0.8947296982539922,0.5976390191272437,0.38627700485033906,0.24711741556346636,0.2661248914073483,0.2217366772476622,0.22283988727597587,0.7709571659757527,0.41406904624060303,0.5674918202148983,0.45902900954144443,0.6263385234030552,0.7940782456317177,0.4806353263624236,0.5180619083843089,0.43732327363888307,0.5151949034926482,0.6242654470152957,0.6556518329583745,0.2742111809002337,0.2867006379473965,0.7589082716044956,0.5639713224866255,0.4575130254429069,0.9234625481941243,0.0905324051456627,0.4839398771837709,0.45291653434557066,0.7142148997734183,0.6467256883633974,0.5094265630049677,0.8092368137429535,0.20131449192669498,0.5311218982884373,0.551413465892986,0.8279640920188454,0.9294756668243154,0.8123838616516009,0.41339215164652493,0.33146654371232226,0.37999092112088073,0.2945160123440116,0.1871566088281432,0.8053534706207003,0.7893347090824294,0.5292037524405317,0.4340567109110494,0.7204003364500005,0.4551269562454566,0.41999359623863186,0.43858820628756323,0.8095963602469689,0.2877123683808094,0.7323108272929093,0.6101655963784122,0.9072234270930349,0.36696491372725965,0.19649987283980183,0.5835411133199258,0.2464558014918106,0.22864249608720363,0.8195649283717324,0.8799640356560672,0.4909193140135078,0.45308536040922764,0.46527358738040303,0.7403981038879717,0.3763480693571932,0.03769141843251689,0.2564299739006638,0.29776554368047276,0.39877714602599335,0.710142857919341,0.8333931077092512,0.30399334605904726,0.4999988692785455,0.7924730147737961,0.32394402792593374,0.8165561711949733,0.23702796989989403,0.5005444024644329,0.4867116292530329,0.6724314677986475,0.2375483509714295,0.7674308059126008,0.5840526275713488,0.6983333716840671,0.42876856106039163,0.5204609656016025,0.7056276578270894,0.6882187530168983,0.5049649056559606,0.28113137171412406,0.36295068975353656,0.6858268940046927,0.42921689934758295,0.21941923857470946,0.6606282081667086,0.6228884006610153,0.41275820702456234,0.18323991544700527,0.9679566366897658,0.533369175473453,0.609946891452361,0.4836801198763045,0.304384206544369,0.6194278845694289,0.21939680301257394,0.5977190577111697,0.8960843120032915,0.5420113680353831,0.3373613701006679,0.2473499586997149,0.42061354421986613,0.4681807835614875,0.8698121744355848,0.6061670607240719,0.6644493978416135,0.3312370545864478,0.4791354457795972,0.6721129384914563,0.08091556453166038,0.1099813853135196,0.10030877787104887,0.40654269675624144,0.7516369417474555,0.2789319452376624,0.257048570877946,0.3914212382507202,0.43100780520864007,0.38636045767261035,0.2539919457297964,0.2217353769123258,0.9573975076284016,0.14857442089461403,0.6547549199578868,0.8858949906774505,0.7726209551204738,0.21911373275857193,0.8409239077382806,0.17201067952816862,0.35507794608085513,0.4803452913584264,0.23169925385717485,0.5213479274491097,0.31435204054815213,0.9187602887969459,0.5025154087225867,0.7649391917782978,0.9284360986029707,0.5931363007619539,0.9128407646638812,0.7112932798610019,0.6796602570985134,0.505173485899435,0.16316591822992885,0.44644400824963987,0.25891702364855695,0.7704659377596641,0.300131973640275,0.5538009272610455,0.6895201702640951,0.2706318307640826,0.5000557839321366,0.3759337456990972,0.5601961118669594,0.23660470475593695,0.941179054405552,0.6303401143578864,0.9536562056909565,0.7156771441054094,0.42627953912527344,0.7447365043452213,0.7931874753349893,0.7236628864652148,0.5257969960660248,0.29736530149573354,0.8021417734334721,0.7414035559541258,0.43237334860739446,0.23738832291795275,0.7123138591443885,0.30431004286829344,0.4086494257484498,0.7446260560065734,0.2533297236654414,0.15511744017177193
DZQV_CD4_naive,0.12296602088729518,0.678397301295187,0.6719749778664437,0.45670400969246866,0.7322887672153827,0.40153154863684903,0.43453576183676246,0.39139538259786344,0.10647203761389958,0.37062120479194666,0.17448620128184159,0.30012722376477274,0.6770022377474572,0.08796505536869692,0.35032792071574714,0.3398966463602084,0.5718926210391108,0.24734499148377453,0.6117893644346903,0.2830225854331425,0.6973354502174816,0.5832672212185693,0.5360844203685154,0.3332109899037142,0.1916258312212767,0.43012492749483283,0.7146880674466939,0.27121087997651067,0.7276688288652452,0.7277781953113391,0.27891549237329333,0.5363674293614235,0.8396062713947097,0.33106774760719887,0.632444339688776,0.22016438458095133,0.4928491725025876,0.3130319268473173,0.5537953341925,0.7654380291122803,0.46952454378675,0.4463931109541613,0.24809589074039248,0.8271863695085772,0.9116928145209257,0.5553283270440335,0.9035746611777126,0.6767457624698435,0.06328405978758647,0.20343064263666719,0.35875754475971094,0.6105605829264632,0.1150762068048548,0.5794580062745508,0.7762757399948282,0.41486510818067696,0.530628581666833,0.5884628125569815,0.5627301800327467,0.3585962609414171,0.6747161688713773,0.3843876244374634,0.5486178589172277,0.45806145166148887,0.36727639760497177,0.547393127371299,0.7846629922933432,0.13380909768189347,0.47926646068115064,0.17973708871088293,0.1308151362178919,0.2638562849285186,0.8258708948989467,0.531040519284408,0.3774710386617733,0.3509098056871967,0.6522191274619636,0.5283725702306485,0.3580693009795071,0.18442794392547218,0.2554679752623863,0.8375654040283445,0.5516009884674052,0.3357559687565034,0.6116299368631974,0.685152699409285,0.34767484726261433,0.3950395249939679,0.45360939965648617,0.7440895825544924,0.8274963625984957,0.49059516014971344,0.762223744626394,0.05472392701544206,0.3328329865954783,0.7808875215275379,0.48194996417832675,0.6261013839259131,0.38150462644188243,0.5858089926981745,0.5377594964332388,0.6858047618519585,0.24415369749211577,0.10375138765631527,0.2119199593069419,0.7451385909474758,0.143220425754542,0.3592758442838318,0.32898998525409767,0.6891245023878236,0.4975642121572145,0.6873609510100398,0.1080476677382389,0.28397570527610844,0.7014693686060642,0.4403120149573833,0.4037021768214922,0.4525735058910256,0.4949026568247927,0.4036885714246827,0.1867397625131894,0.6221988706867925,0.7038566434571643,0.30481194643600557,0.4260802101046647,0.5845364488697756,0.8228065792564729,0.46621082176959466,0.4735561389341321,0.4583842552667425,0.4754969982489053,0.4566036244682052,0.5397412990718539,0.36150534276583335,0.9555990279684917,0.30313088005915173,0.8960521257520301,0.3388945492195185,0.6260823275030842,0.5849421211999328,0.5800137965165767,0.3822026801662245,0.7027425782599387,0.23833989570235556,0.5492834619338393,0.2998993355635614,0.33137540975522933,0.17140801933719266,0.5412866065627675,0.5838867659883761,0.7348523575330578,0.6972587858515038,0.1929301117602752,0.7905387107287968,0.8097211884367258,0.7612654577137419,0.2604917449018944,0.22696065902349144,0.7233233033674318,0.2821402197159553,0.2474311132239491,0.7651170374748038,0.47373764482095426,0.4438880074083065,0.3424338226320118,0.8876446538100935,0.19485989232589992,0.4344094513167596,0.4664835412995214,0.4514398917001645,0.6126863174427493,0.36832679629496745,0.0881398161396665,0.40610876743135,0.42500232790163817,0.0642859412586034,0.45730663721727566,0.164682809495934,0.46707858049285794,0.14949932410184608,0.42281392481519403,0.5364739789399832,0.8754720252657646,0.5955170252197112,0.7127262114844601,0.38915387612443686,0.5368071067609971,0.5343526052368089,0.1853140251640183,0.41611707206360415,0.4355943881835416,0.6032769597331519,0.9016184571304363,0.6685890258336186,0.7857321520484943,0.717441621240466,0.4807722893367668,0.35416780453950364,0.1921425565649074,0.5583220993487289
DZQV_Progenitor,0.5008183479564513,0.8403335474747334,0.5755696481274246,0.15386361171526564,0.8343469506156892,0.05359463310857275,0.7529670925121149,0.40398942324143206,0.8445835734174553,0.3508356145592327,0.3533778476660029,0.5541989419359349,0.2329951837958273,0.682479275007005,0.43126121275049895,0.35072653773379026,0.8413610268417386,0.931532307264927,0.4551938019565883,0.27349339841791354,0.38892596806579294,0.5981665159801173,0.3642985197646134,0.5164559257173345,0.8959049875449007,0.6665010412502548,0.49800279543834763,0.34003640375787936,0.5512962655621915,0.8156603778085624,0.3157782841196775,0.2896129360773629,0.29943853555623023,0.6195721412686617,0.4168756800923252,0.8501229540140532,0.49887599832637347,0.6920127096383422,0.44536509180054146,0.6804298934419816,0.5336779660009766,0.21683896717413131,0.3342151776110989,0.6160257942034166,0.47070686390798716,0.10541942356964504,0.5806837107105348,1.0,0.6600408811744563,0.3148163065271158,0.7496270725162338,0.8954028219710021,0.756448990271879,0.56669269729374,0.23980991529672674,0.4090983281760349,0.8426213397534051,0.6450148224337287,0.9034554742811617,0.27746385553070096,0.572012106028959,0.359646488560605,0.8808791114803487,0.4552550070584908,0.0817960590083538,0.6093121408587174,0.610844810242666,1.0,0.7142761909321139,0.14301742416809785,0.8446223258733869,0.3972894747747077,0.3159776228115098,0.6769591939170037,0.8089431208706911,0.4917934189364592,0.38767553233648405,0.28184395777698373,0.8576384324790615,0.3285779759391579,0.8459777824505893,0.8118508066276094,0.8346534018294365,0.3631500318893725,0.5195515134773548,0.7519557698909601,0.1445505369134361,0.11337994509752747,0.22289698350343048,0.7536004763508005,1.0,0.7063931498415762,1.0,0.5956039082441404,0.8336405318884534,0.37321114273500594,0.8226624706732638,0.7596282541674868,0.5088409531423835,0.4201698422743743,0.550250832128323,0.1294365072839166,0.5152191396226344,0.8126769706310165,1.0,0.44001788267895425,0.8877532278980408,0.12546271853204047,0.994676618673478,0.3851024871270682,0.767707388574217,0.24730300359374657,0.4572226694969879,0.5492179391592685,0.5698086750081396,0.6561017517445973,0.6176935439651824,0.4814697807835699,0.36229350051454157,0.17977892777930096,1.0,0.5945272710367973,0.1746139996239115,0.8254387380784899,0.7825893412961543,0.8099480855072149,0.27742652599109147,0.7489872509596758,0.6825481974138417,0.731446442999002,1.0,0.9789277112658857,0.17284153670020472,0.688810978421019,0.5220861941030329,0.32764763653613693,0.28594729829392407,0.1537018384071449,0.41676379147450593,0.35174312402875196,0.8738127119433565,0.6425346066034056,1.0,0.6675769899136894,0.19544999210629943,0.761707415181891,0.6221211472139019,0.6552998670668523,0.40437218606662884,0.7722276143999627,0.28491171644024177,0.14213893812727219,0.10611694371151173,0.3532273898039721,0.3923930607049195,0.4655130167590494,0.5582894376687153,1.0,0.9340275420883744,0.6773395529179874,0.1813992337245337,0.9940733216240258,0.3413842084528609,0.24720197844966382,0.7773337004188772,0.41340717021896867,0.6719219725423191,0.7977882917214717,0.301523904622665,0.8760317489840388,0.4935542616994058,0.5791607072681817,0.8086660628550054,0.2572237152917919,0.567022935883928,0.2426162929703608,0.2553195726803366,0.345295664281969,0.629870603831557,0.40820088715560904,0.7459915691109674,0.6021841451014266,0.5282884914976327,0.08810867775772434,0.49189720817059535,0.3582950526888822,0.9065414285712823,0.5687409442080683,0.7400031506257163,0.5360008928506013,0.6764520054906799,0.9566555006142401,0.6840427515542903,0.8243580886082512,0.5839252998173913,0.8892647885061403,0.906211199668623,1.0,0.10842600253987399,0.6162600630566726
DZQV_B_naive,0.30728986935685915,0.6935520935267353,0.9630698710819138,0.5271944575328396,0.3305509141668587,0.5020100080593145,0.5609995188446032,0.7420363832304377,0.29390539024171697,0.8578709178157499,0.824914940183369,0.43006264783152043,0.5411519503468302,0.37949616866256375,0.5305796669625104,0.3050663073198888,0.668290116313133,0.31588792047558506,0.5125555483302119,0.7468783021418189,0.06940694350083221,0.4605177754850807,0.2073834157830655,0.4429968927643472,0.7402434067689972,0.7861337713953584,0.6422620422323414,0.47776661922845537,0.5755781166812827,0.5848582749718136,0.6938914820568896,0.4195430793745261,0.49534805558793343,0.2856550980703489,0.4735274735727871,0.8270828949399183,0.4972164341369719,0.3509103257558352,0.2287146128839665,0.24441162206347697,0.1194286728840743,0.03197327842656823,0.385380698326206,0.2274999873299249,0.27924706906005964,0.6760083137042003,0.409077261625614,0.4654824078219271,0.14142273755275614,0.8945449889451759,0.6555502218403236,0.2868353508197352,0.4132052180552531,0.6880335638911149,0.4306294996775201,0.24302530624961577,0.6463862749709531,0.7751972857772405,0.5343026280849291,0.85789865001296,0.7011920458666216,0.6333274577936983,0.499969324999363,0.06418350263344502,0.7867429392659678,0.4503172114736468,0.48626852170129514,0.4957240095135971,0.8226082394155738,0.25541443699904764,0.4278338549281606,0.6913722507971987,0.3137174881304985,0.2576715252115794,0.6374112321678439,0.594576560319643,0.6801706121019017,0.2846526410452115,0.5289698618464843,0.4315528971746698,0.30419954656520115,0.20842487021501765,0.8507077549574174,0.7734647940317293,0.19801658098948735,0.2955596103108817,0.35581372953832435,0.6310414787944684,0.4520237597859383,0.8708564487139768,0.3461263253456271,0.7136813916523799,0.5464114307621666,0.3638892007866684,0.7549450257275114,0.5109941332693182,0.25335150332443745,0.7504754460277319,0.4972036752304179,0.8710547115941315,0.2956998662582767,0.537964995673681,0.2992465846823412,0.5564744504979701,0.14768654786244875,0.27186078857899476,0.1792633359925711,0.5528059461771135,0.41192860488315186,0.5435882813010641,0.5079391373450481,0.6172161202672344,0.13284510864190555,0.09786192804643919,0.4849846451486066,0.6421360465294673,0.28056966474188705,0.48776899333949675,0.4707790036909444,0.32336399832506335,0.4384634534665845,0.43964431109607044,0.5912624573653713,0.3313413282366189,0.694956212899164,0.7383236523965497,0.32903763530912095,0.22978876638768594,0.43680372805422624,0.5878480834993073,0.27473678743625624,0.428710503460305,0.41050876306425094,0.6931889131398081,0.5953009030729398,0.16970065395105535,0.38156577388799684,0.6270744310627296,0.3654271350385942,0.7525088337355337,0.7537676984862649,0.7880984523117817,0.737580027356864,0.727735716559926,0.6516859500905482,0.19033400743015572,0.9201342143846001,0.12064904998236727,0.2949219287275896,0.7097739607231841,0.626708182504857,0.4697604254663811,0.3797273095280231,0.24384363075006713,0.5984809341357589,0.7868300341903517,0.3968120055893214,0.37761065091697354,0.7291683193479988,0.6650996413447315,0.5661166646173499,0.6510117459782302,0.6962158203590546,0.6517165438260414,0.6974848266485524,0.24853064122757978,0.606297780681518,0.39193579585974636,0.9215457750514159,0.5264398102728057,0.7499541104593828,0.8416161944171591,0.5193447182754026,0.06879410330653313,0.6696700806087008,0.6728975980646721,0.26926581324702303,0.6396223549657863,0.8106364847299035,0.38665388084907076,0.11777828483399486,0.5889840857912353,0.31105102839868254,0.8938508919506334,0.5800804689072564,0.6130896820284727,0.28466793338486146,0.6762624239627046,0.32192534159666386,0.2757480705788418,0.7941245736377267,0.2750857662701001,0.5793693861996385,0.6405934753551097,0.30090310428037137,0.19209792405891285,0.06075825556406536,0.30003274178494543,0.8893385437939086,0.26441837618516084
DZQV_B_NSM,0.10258871094753601,0.9030482314284131,0.5381584680155062,0.6985840218563126,0.10249221526764277,0.5112364702253243,0.8989841480296954,0.38345501191740683,0.18745343649814827,0.561686271779776,0.3697633752019559,0.6423910173216331,0.7656554928542223,0.44993331169762213,0.8218032083277185,0.847124183538754,0.26610640968263655,0.44772877931793037,0.2411470176156542,0.620464533564696,0.5843132423057031,0.5796662766249144,0.3425651202474771,0.4099210563528289,0.25590611216085385,0.506216172895526,0.19736163773367446,0.34998724839563833,0.29522002392347724,0.8307055672200296,0.2584025771385164,0.4871390176510802,0.6497854724510761,0.672175541818209,0.5466806555194423,0.5628148244488291,0.520236585482935,0.19770101170158488,0.43201104548594144,0.2012707493700258,0.8079702132200774,0.4335778129670989,0.14480458772593774,0.21169053714076116,0.8454715167743339,0.5281511350957966,0.6959180434884863,0.2242319585965257,0.4046249102663429,0.18762272203321018,0.40745374344870877,0.6934566813478111,0.5710405170463859,0.17340194135957077,0.4785894363969996,0.3038533484544422,0.4438208528519865,0.4740749722195366,0.24157570123210392,0.8418894328936334,0.3721958954291881,0.8777833846953995,0.5356683783377433,0.7562082762966092,0.1343091093506724,0.11915105619048909,0.5874322824269433,0.6467930918369229,0.9452441231485831,0.5297867312019877,0.4250400236007037,0.4250340408490289,0.1885742116549955,0.7027917827448866,0.49609017301894065,0.2996202176978648,0.36309880313682125,0.5016046460163145,0.9756233912240446,0.6688701987343109,0.1885049136863579,0.6198251394034164,0.6068609272675749,0.5425969046054413,0.7045854182015445,0.6754409499834538,0.11619524621058154,0.6278136588387314,0.28936103657948886,0.3784160389984121,0.33693613572418085,0.35212276718663615,0.2858321754025773,0.28889847147761644,0.935673102255912,0.1022181883394747,0.6920393601839816,0.1952174118919424,0.6916221988248102,0.35145286286634025,0.4229166812590294,0.07882419033740008,0.19891591249389148,0.04611891299832222,0.5128704314949158,0.6113403631224268,0.8401557281815603,0.4438231986688157,0.5332406478793752,0.4576000589622148,0.3806827602598344,0.7024257285078173,0.4520851607428221,0.7993625779426691,0.42594800236153424,0.4236305493698726,0.7144187196818932,0.3648790518076805,0.6870153419963173,0.48038928329478786,0.5672626139619521,0.5864393382937622,0.5736336501816168,0.16814918011272484,0.2591182837276313,0.24611918417100345,0.4275779402063255,0.8006059742191346,0.8142964060968857,0.8541896289809974,0.9406954280289744,0.19434022249067368,0.6134164596301191,0.8848432263265222,0.1925086307272436,0.7666178014115471,0.8780265502770959,0.8804557447970999,0.7660971443898099,0.38745267474245204,0.20536591164653267,0.5322301504037319,0.676272281234236,0.3580795249860982,0.1441752394528147,0.7003606887202749,0.3365769776732524,0.27464045785102414,0.8554215358815456,0.6474180234931567,0.7159797648265924,0.3634535880575148,0.8418421009443464,0.06571057463125296,0.6516410966010099,0.6661306256209677,0.6042383473247084,0.8712986943768858,0.6283987046472636,0.6528166837042756,0.7442229185135477,0.3816814217740833,0.7727660279994308,0.5094592858338335,0.2555511833068606,0.772431382347372,0.9369619937243364,0.6112004313037454,0.3491062654927063,0.6250596974655295,0.47368105652801923,0.6015218932758138,0.4658329042325674,0.13755650195711078,0.6194859271428332,0.8528810917839935,0.17763022945994142,0.7764363858112036,0.48626053100426603,0.7854018338672686,0.8749550870888239,0.4185695015160398,0.45915107968908564,0.47399584782244375,0.50992087703866,0.1427580663057728,0.29000102847123826,0.6466701512892069,0.7180133797815814,0.49532540034414624,0.2679050412995239,0.6892636265769466,0.35538288522726197,0.6080392000577441,0.8907100334511804,0.8842776029420192,0.29113365863695545,0.6607523014170337,0.7089462860854205,0.25982212747862576
DZQV_B_Ex,0.3271588327823741,0.10630799570275115,0.6295132703248261,0.4400284440072426,0.7150048273355226,0.2735455705723206,0.5835002950411726,0.3588845470760936,0.10148221360755232,0.39971229767981126,0.14951682453015927,0.7818125136682633,0.9109858056490818,0.7471483821233983,0.5883732612214767,0.25048030495271384,0.8309655238347083,0.2231293807174266,0.6349687224588325,0.682596448181311,0.7667236426377121,0.25844937948087465,0.39911576075174565,0.32460216551105353,0.5457204437574656,0.33985635837556166,0.8546677275069644,0.5016559921617928,0.647138437491509,0.49290037280485033,0.8126596220346928,0.09283886402208531,0.10276563758612185,0.8096212336105751,0.7000248246643352,0.8815504905214084,0.5742000545925134,0.49569051639246453,0.5242680322918105,0.5231949981789521,0.2708117233013272,0.5258616616807308,0.46326550339847816,0.28780296283944706,0.6986393801512465,0.5571052911449172,0.30724302739238396,0.5560079740054318,0.5578225210579805,0.25457336712510015,0.6173534334125502,0.2378585170200195,0.28938398475898397,0.7660304870500928,0.362197686790816,0.38721453160853186,0.2646219613107747,0.4851345838034562,0.5116901965411809,0.2534495883742235,0.4286172883149768,0.515875759888366,0.37950206873215714,0.6427633928544284,0.5817690520239911,0.2980941847437156,0.365610397226013,0.28545476294877997,0.7858019553966237,0.7531633707721762,0.19573810147608836,0.5362492785329414,0.49444513381522337,0.5257362777071417,0.5579028017739415,0.6833512106287607,0.35687888461412326,0.4671044485133612,0.7148350348643763,0.9253576147991319,0.6432489288811453,0.890901180909227,0.6902648489548577,0.4315669031549315,0.17881786078569178,0.6636406647320124,0.8076433030690775,0.34047122369900695,0.30174207601622727,0.7970373723476538,0.42357089169645196,0.9678901733803208,0.3592219022578628,0.4838515658555841,0.12769438666099184,0.3935124972103355,0.47985572395838927,0.14394900126414367,0.6296611971349908,0.37086193034259446,0.3380230477094182,0.4359304762673055,0.4599362593059928,0.26913542323987244,0.49357653521308276,0.5054289165784158,0.6912349777690987,0.5814056745383682,0.3977001556932611,0.3084953014836802,0.9067457236710719,0.9626531265722514,0.2880388612473033,0.5330415533523895,0.91985653940536,0.3081359151636761,0.5943555314227502,0.6365937201094723,0.7205915478440428,0.8827684100271729,0.5588638025149071,0.4313920678373738,0.6582183638294675,0.5643313203807419,0.591525951733385,0.25871593293531914,0.43774081802948334,0.5821566668017116,0.6056391229279257,0.32450542274711985,0.6492458577394098,0.38606726021660565,0.9743309511094252,0.5707485934319517,0.9243860956999663,0.566191517075536,0.20196181522205328,0.24621288032476163,0.5566216842714106,0.8537812331012832,0.27379139814810816,0.1262907963905904,0.9113713245008405,0.2306408653699137,0.4355976192072129,0.4868238509926,0.09660008813586402,0.5971158713359987,0.2858404453445586,0.22886081105254566,0.9218044294388065,0.6780028840905583,0.406377498066243,0.9183946736598707,0.2612505156479251,0.37161255320759307,0.6262256630281599,0.7103323658170732,0.578551688270587,0.49782960063358916,0.13191298940845939,0.5894034899216105,0.5703715372649429,0.219163715236109,0.5829088703978937,0.7362800401978518,0.4072912569082739,0.8909148074719744,0.6885234845000188,0.14534141084980728,0.5548593089754209,0.7892786778311685,0.7740694604028732,0.9507218437611638,0.48514439328322895,0.48889684231507297,0.4004923598520649,0.7381670034550188,0.25405561666567145,0.1330795118603283,0.643385976118034,0.8405505034473566,0.3322332684576501,0.2748262182471388,0.6112661181986832,0.9005422331603764,0.06392260504993418,0.16174525626109362,0.5645944891046001,0.5147016347193315,0.0672701835096352,0.6475023352785408,0.46539572309556504,0.2522292582398414,0.1378652262203546,0.4515887313481849,0.6441769458021047,0.5940871362325649,0.7335879569920903,0.3751606949202789
DZQV_B_SM,0.5337053455647898,0.7684498250006132,0.16189013550237125,0.45020026151422154,0.3788703905998428,0.4727585080897284,0.30986672654376923,0.5445539307644708,0.7580079149084318,0.690968871651377,0.7996204165697762,0.6476642425911886,0.44450745234892713,0.5046204637473056,0.8806002821225456,0.2554403287024483,0.29279523365295934,0.5043623406142795,0.3560680096915077,0.5100689421918777,0.3159902625001134,0.42086454200973844,0.15763240785797286,0.42605621143553246,0.4253834586570628,0.3816269144405412,0.2846678827067761,0.37826624188519026,0.4196208485008707,0.362157694522662,0.7737794873719163,0.6941888226371754,0.17642338923395331,0.45217864722671464,0.2946629749043085,0.703221620624807,0.29115315153436383,0.5697741674494077,0.5307678047823193,0.5857040262252661,0.6397578202775261,0.46649336116254947,0.517575676496763,0.6375407717546114,0.6136504049161681,0.7152380861809714,0.23598410162040365,0.5272455124888958,0.22796866185506243,0.7066936381828485,0.2404444113451219,0.7085987300165765,0.48252461221087395,0.6674914032788816,0.8074081517368092,0.507546352826967,0.43311221539434724,0.5600566181348844,0.5838405865876117,0.44397139126378915,0.7847206657512764,0.6832013395175245,0.22795464447175554,0.721343220209116,0.07923964679586074,0.32757259965198404,0.5895985168771947,0.20777398307620762,0.49725665243879585,0.6762986083771821,0.6793248257454205,0.45743622396820394,0.5670813609120195,0.8370917413168001,0.29803752261032984,0.6804267110419824,0.4276475718225937,0.5905556724227128,0.8222421558936753,0.26450439628504213,0.41743675969227234,0.5072706758432043,0.21519088073258125,0.11946491696018217,0.7195611034218523,0.441667357528194,0.7736602443382927,0.6052791281795981,0.2928689386672675,0.3104493376111947,0.37759991083160493,0.32999897334784517,0.5228881767072242,0.09547234905711503,0.6362900924286289,0.8477262488591729,0.6542625087712768,0.5843158603588416,0.21787544184839705,0.4942619302377752,0.5537033027553612,0.5289453973779028,0.6664758116524196,0.5408816139278894,0.8184377620959418,0.8721318084502089,0.7484842615043757,0.3292752648322055,0.3290575468805205,0.8174482951462451,0.5533489848054821,0.21024337581627406,0.15225470447995887,0.5954448789819685,0.2693248747128586,0.22207300666934957,0.46956828362499164,0.4865433340519813,0.7532017345484693,0.6683504232303654,0.5392503391767687,0.3161639428231523,0.7901620160886318,0.742974954815942,0.9121929687461117,0.6575208040662317,0.39782185508666384,0.28007681352750463,0.5881861026497615,0.6640552380423983,0.09821816703827782,0.4513595429729873,0.10871692702508638,0.4468642382431355,0.7301029494948852,0.6359965436439152,0.06505940971961664,0.5954820660335443,0.225378995225035,0.23007127973587624,0.6902444497204211,0.3818468119805974,0.18515957530730742,0.44956586282032995,0.5115340577394251,0.17212119954896793,0.46018900831446985,0.5474944428685073,0.6976352121579166,0.8429374426604832,0.43681524384033593,0.5731494448225273,0.37385658589820225,0.5304268101851352,0.7335908560532662,0.7453425388187228,0.6762487012769669,0.7804902322540002,0.4642774682918813,0.23667180642769917,0.43331148687913346,0.5003214361937388,0.5685139286135522,0.3240837649346122,0.5222678054394975,0.4274301389988156,0.6848279538296943,0.5180238276425998,0.03322048109689591,0.46251913394012845,0.39129001529092783,0.9111966379807721,0.7080950771102321,0.46850763416071395,0.7542302289895924,0.28656307169992623,0.3676433249481932,0.5195742018057595,0.8703885927856098,0.20485785748676794,0.6810004835464311,0.6055927029668432,0.29306287821685656,0.8518449877157024,0.62498614003529,0.5810762087322826,0.5956871121200576,0.6674494482188581,0.29170194900537116,0.5894537320288353,0.7920965938722907,0.3289801035585513,0.6533838559224182,0.3785845236554372,0.5151458429960454,0.26746530351374675,0.3391895361507551,0.4155761031148982,0.5039805044081764,0.2976843025695113
DZQV_Plasmablasts,0.3491194469608129,0.16787936392359912,0.3490258105830386,0.4005779624644776,0.20295724221819667,0.46421513542224335,0.28020432381622895,0.29395310487015447,0.4435850758633049,0.4014728817824298,0.34273368302375334,0.09510667062196261,0.3645356493083587,0.07082119744543697,0.1541634174449794,0.12311723368058888,0.39521523031358907,0.24534922824675479,0.394845124794102,0.15002053707232513,0.2509338915753795,0.16169229638675398,0.467564255140944,0.19019542828910102,0.20598550507195912,0.4433030069200555,0.34188276868785633,0.32975586314929756,0.19870346247205342,0.3741961859556831,0.24038135705584593,0.3578136768434681,0.42943875164334183,0.3693421842640806,0.521692508275969,0.3964669344793149,0.3030762250608903,0.5299956168255716,0.07916612142419122,0.27299515702209093,0.3517662961431311,0.38654863320861227,0.029941096101488564,0.23740207835884639,0.36418126293907954,0.36057230332638196,0.46147864991440596,0.26497578853082554,0.5014602250325668,0.2717200349829693,0.4397758248271858,0.20019996870379675,0.550102814807981,0.28595764596547185,0.48067386586186567,0.3169134951940631,0.5229799642600764,0.17054023432882615,0.4178226119129659,0.5430595496207165,0.3359617933361542,0.37258127580132955,0.2691375177187086,0.06626453628341028,0.08730536222282818,0.44843641866562567,0.2744562407929366,0.18898669591737666,0.6032637331443425,0.10602395555253716,0.2416405415210366,0.027586664786406676,0.13665203477882115,0.5444975892145117,0.26196182369601556,0.44544097404448896,0.4370625192518854,0.20938413489648747,0.10030576471383522,0.27459199297198145,0.4057168985600804,0.3829149527140631,0.5638527624212454,0.5650458913579859,0.4263906977066544,0.26576881819366527,0.18427428250840994,0.5347285977141408,0.2229449209783777,0.4012845851352923,0.4434196724596853,0.19242348211891355,0.3793239987022129,0.2505797003263327,0.21186107407284602,0.1808606345997059,0.35059380718363126,0.19578384698324175,0.21796107891828637,0.22158489506235154,0.278905639093051,0.5265823884578965,0.2110611641786394,0.2890320563376123,0.49842286401875074,0.21797293243887864,0.16871034375840027,0.2683553522094778,0.36253905797193337,0.217337404508326,0.39291744667985096,0.3955489914585713,0.35265104409664433,0.04548621510547317,0.28135584178981027,0.5070448315303887,0.3135049298078451,0.17874403112983933,0.10064556602714424,0.25408255751866243,0.26743730763356033,0.15287906182881925,0.22580784594971026,0.2733519153196133,0.2580409386925041,0.36850299316776586,0.10493918845426407,0.09936050308210209,0.32644033132985767,0.4819633348881554,0.4808153595942232,0.2989937042015786,0.27558803775460905,0.3328200467858709,0.40848241057877854,0.2679931934598909,0.5355987788751502,0.2746280157279805,0.09343295364885267,0.32487934273285474,0.41572145259124815,0.39465546627615594,0.22157896435282912,0.5352604811318911,0.46634468789662326,0.15470053024272146,0.10936177356959649,0.2559050999384784,0.043492883690243934,0.5278826052422629,0.3154028664962803,0.10224167942931474,0.356087464064264,0.16266556781935346,0.41647236446625513,0.4193423507972498,0.3689380835902603,0.37932736782391363,0.41072051471718024,0.26728427759520923,0.533198712672076,0.4294598139178715,0.33613589052390364,0.45812213400381274,0.4408689326153315,0.1511798940220823,0.14781825988748584,0.12551232065671986,0.16473149505721865,0.367832307443122,0.583767225419385,0.2953443715967778,0.31251314543398967,0.4006351315168055,0.3969657756301259,0.23616911316836592,0.2407766810521072,0.3407808885438189,0.2209482979395771,0.24902370628986006,0.2638933045432317,0.47857609226893094,0.2635765150830615,0.20758136952442066,0.3634874008158293,0.3518620432237151,0.3834518954133604,0.24086986765847757,0.14725727078347103,0.2213206059810702,0.36804662155537665,0.3792905232293428,0.1774956628607085,0.25236350734209384,0.13559357806133598,0.1596339300217418,0.4302121399858246,0.47998606988608555,0.0758026076744348,0.2860730138812827
DZQV_C_mono,0.5459451746534875,0.7262427094443205,0.12084365289251328,0.5641861797307586,0.5944353146844681,0.22728680159825498,0.5816649236079745,0.5738921117779582,0.44879265796695117,0.14154397625061801,0.7655860719539354,0.7596977324051203,0.1676865070914599,0.20538663942833438,0.5207158371395508,0.6678037985102278,0.2235497038216193,0.375495950038404,0.44267122034781825,0.6925870645848934,0.37829567053825824,0.5831315878523359,0.5718740373412888,0.37919766966343116,0.7959066032473175,0.5706698580451035,0.24344990878109046,0.6974557266328618,0.4589833711393469,0.47963008029002446,0.09705357117955231,0.5725703222281455,0.7883186827283453,0.3734650690513353,0.36293462069804167,0.5285166669970451,0.9035736234920904,0.6638417015276237,0.5241114342185227,0.28184968250315884,0.26727686240093745,0.64768383779675,0.19653277267560657,0.15984699734597083,0.1498056330114804,0.28317410744863525,0.5716170154534123,0.345533926546976,0.4358286781513724,0.11430576156551023,0.81388698366985,0.8217883859448736,0.3873906730112535,0.4813287275036059,0.5350857388328708,0.7116355719280277,0.6430737286453555,0.43935343188824516,0.3699674656275095,0.23257389719941626,0.5011243513591147,0.38900971570565773,0.4704148691575761,0.14268562398815487,0.355279868412072,0.28948901379202013,0.6526001581000431,0.5242321245165488,0.28484813956290755,0.3093442626561976,0.540188920124086,0.4792352704694733,0.45331775242925826,0.5254860969510754,0.6763640628718909,0.36757588484464726,0.2119946629384997,0.5871006702696886,0.39513295064235016,0.6055130401105209,0.7217230119123149,0.444694637157552,0.3681459729665617,0.05719172432274367,0.2314355295958674,0.27384675550988963,0.511353914921948,0.7889584380896097,0.20195359446451805,0.5029246225900893,0.3943643244415046,0.22738376911124678,0.6146556122023,0.708197051199348,0.5521325772667188,0.5917954466971573,0.5208406314135897,0.41291581243776104,0.6996277339975907,0.22859123784628005,0.2796562210803564,0.04308869856615245,0.4814099933856763,0.5272057792822762,0.4615187057985062,0.45614632130989186,0.3186774459760408,0.3290521474773085,0.488870507622771,0.2926405127730076,0.20293527683169493,0.44778156078680836,0.30579358541044077,0.5551351478464815,0.7668973295910853,0.3625560848197444,0.6494411564680052,0.14228600356688312,0.24199389329924553,0.25351289394314613,0.5015910851556808,0.5634979710056813,0.31468920682568297,0.8173062297263018,0.6819269716871098,0.3948898346254907,0.4495628156477414,0.48905179802525467,0.3953611262377285,0.07447757115034724,0.43730686638872657,0.046698620034724345,0.8193433895664662,0.6139690734022487,0.3427570086902027,0.7884938029912508,0.8335372157922869,0.3003017412360139,0.624397526642706,0.6835747388355283,0.3977581649449192,0.12586944465958178,0.46048137282083745,0.49688866520712244,0.6163088940583787,0.2755812154291251,0.32246071623449507,0.11140830202643434,0.5663027136119104,0.7362019518315921,0.5818396342722191,0.13977323788327167,0.26970461327555306,0.39493974039124335,0.6929068232862464,0.8632911192190703,0.23277501936426218,0.5488472033472528,0.6222313336721066,0.12255106958129544,0.2479334829583257,0.7559715927120266,0.07760477609753953,0.16602960172125072,0.825788163244783,0.4930970280502263,0.2068160221501115,0.326894043176801,0.5542746432733393,0.6659526874212023,0.7129220180090015,0.17864458858413992,0.4561879344147435,0.2801519803195605,0.21083693793506406,0.4239208404828599,0.534484202216572,0.2760864424771635,0.25569508124960405,0.3687202935075024,0.7413034169149938,0.44263863500311607,0.22875885771610704,0.6977987925991432,0.40281712921960816,0.4551835216452783,0.45989523555564543,0.22586853073557717,0.20850004179729065,0.07090313922307258,0.05194049431854276,0.6028903456484235,0.3511604411785252,0.010826701799430264,0.8201609656991921,0.7657508684373528,0.3924810819815886,0.7218061420378533,0.7085864995095148,0.5091502024016122
DZQV_I_mono,0.22168945563314688,0.46117683563681294,0.3837111465130315,0.29651131945706943,0.6014862695511444,0.6856776857785181,0.5301129361754076,0.155364309362246,0.23668051686820618,0.8618240176058073,0.0899460053443619,0.4969036988808695,0.3657599675192835,0.5635521448765028,0.6831010056688445,0.6115553654391167,0.734806854060122,0.5981815641045781,0.5548580459752205,0.6452754121710131,0.7612706352154719,0.49523385979083895,0.7601867950991115,0.7305577818954367,0.2251837677753886,0.2594321549598103,0.6199208123223505,0.8057801191110215,0.33841752097498357,0.5055735130572414,0.6230100353898629,0.055589902957558404,0.5953885719727317,0.30706680958442645,0.5136628385876774,0.10893020379543666,0.2842783115359901,0.5577355616287474,0.455436863026552,0.3464384362422867,0.4793738954169984,0.6188952174945881,0.5180125281826754,0.22766936562358586,0.1744118990221894,0.6917807399651875,0.5395820689608423,0.5905315039610057,0.394923646219326,0.6461091386767589,0.6065161013862587,0.37040971416996205,0.6824154133252492,0.20443037426785837,0.7191346280315771,0.7644727154185024,0.5372890215251255,0.35252805852676333,0.8419670179834636,0.39167324190169867,0.18355957335540773,0.692070601637825,0.7159048691671751,0.32017398612717696,0.4352542263584799,0.45510896447894944,0.6317411132428715,0.8051385627312091,0.33187401146249956,0.35646147576271714,0.256933678142401,0.8828368365684713,0.5804081688112911,0.3886431424530721,0.34479965996723244,0.23883898107764306,0.8409452372977071,0.46289580795263024,0.3316340789473423,0.7558107553882207,0.3698453629630736,0.5692640104816108,0.2626115680428755,0.39400615464942157,0.46016972927226196,0.4596842888230618,0.2912452089105215,0.7463874227736464,0.5082251257820911,0.46591338327715726,0.4434118707645584,0.77250892295008,0.6249915939348524,0.25235955697192214,0.6289820802738361,0.3159706720930098,0.8522292634287468,0.4736986267022173,0.6374120263846109,0.47352681853167083,0.14838859648289648,0.37240919419802465,0.5280146115607107,0.6470689595902698,0.7782941073375671,0.2480209599933114,0.35165981760730136,0.9589928048030463,0.08426469461052875,0.5108122579464015,0.19138553641811815,0.18834694498443763,0.7445264829201569,0.5149766921519402,0.6456699840352567,0.2663650620198093,0.7547078643254918,0.6480893916539404,0.5128480821850855,0.24103548112160414,0.7532092102173958,0.19294089282145727,0.5820406308727946,0.14027271975253114,0.8541493150686327,0.4725436142628048,0.1623293229570889,0.143151440749786,0.7381584337446685,0.39915577774713584,0.18934686892551525,0.17041375342842968,0.16866472708271654,0.35559861945793075,0.05860305928932824,0.48844590384166114,0.2370131705092606,0.7487274485531826,0.4465354519845886,0.1720423960755312,0.9127630408159713,0.4624239982040775,0.14380901879169714,0.7541378591325179,0.8438607276587688,0.5115105227812311,0.1893591871225989,0.8414481172317525,0.25330561083924746,0.45265519198803705,0.3155911087051814,0.41256829476718804,0.6590006666171097,0.8251940029395207,0.8709129974660654,0.5622145680908782,0.34265045664570193,0.7009786192837779,0.34332741781096093,0.3958775973369399,0.16846576051940687,0.6240422443635647,0.7548628110351328,0.585465116692866,0.2994237904658711,0.1824319858854341,0.6127217767196869,0.32505086983263975,0.6111427728648126,0.7129681902513715,0.4024358163915627,0.6913819551993801,0.8582519982806456,0.6737014078503603,0.7615535836105625,0.6033965570311337,0.6156851143982398,0.07345381635770398,0.7360788975873419,0.22585927118424753,0.5751199887822456,0.6400495263641263,0.7225757447225032,0.6291412710299863,0.2832459869017916,0.27003505018427426,0.5986078475120675,0.6624595809930132,0.4449048531926315,0.6599759013432538,0.12235433430321134,0.8064315075028492,0.6091134229264707,0.6418828608258984,0.6560428754280098,0.630853508217462,0.106380419103331,0.3925397666072552,0.42118008030290843,0.12590856112151738
DZQV_NC_mono,0.733197816368,0.60725263889542,0.3812828568487872,0.678813608219622,0.6515087553836396,0.16853319163949787,0.5256155344125585,0.15781107465471708,0.18418098974787883,0.3104174945714485,0.3464516454799124,0.3662437741579443,0.32381251673687206,0.4888939232961285,0.5347680589047131,0.7934845740211842,0.6228477204671125,0.5159336429997482,0.7464832275307963,0.25556256154215573,0.6317046273650303,0.3518692232898153,0.7347280525788361,0.6145038585845438,0.2980599952967674,0.7962167485389245,0.6527593312399507,0.4322763256661755,0.18091016400339135,0.5053100942530399,0.6617198710327059,0.7343973370392518,0.5121474611766103,0.38838345004741803,0.8402333059219943,0.45544265864215533,0.49230551062042716,0.304685844560683,0.7201130732988968,0.648011475145072,0.20430281039932202,0.7488993457117148,0.806023521630048,0.5504826013252708,0.3177843334302491,0.7205851910531621,0.6180081829445612,0.09535959278714672,0.5356326910143886,0.2695310075420119,0.8311365630412558,0.39682685745645085,0.40314345941279667,0.10665575884497479,0.5348078469540337,0.6960044445454932,0.542201488732725,0.16436766108714926,0.20494410379798952,0.5493284963916351,0.7169796418027995,0.5264394291822886,0.2949522323771959,0.6832655256712832,0.36991966965566214,0.6153845743708061,0.15361467527152378,0.6890225589302313,0.43497026255536253,0.6581977874555598,0.7048423597749548,0.3747611559711187,0.5066065434725816,0.9104731744542658,0.5045865984322783,0.433827414984704,0.8156412873788226,0.6151610543671931,0.5257121679312133,0.17410915915796926,0.5522326274849398,0.3483667280897298,0.8405774395534567,0.4398682364291127,0.4201898901306591,0.6474129918041834,0.7243381413598287,0.6813007616459199,0.7042111138151722,0.7110345846908399,0.0979455613005616,0.35185625610244425,0.6380144491410265,0.20034399385157875,0.7090862122055743,0.7143218536199388,0.21113877577518567,0.31672729049504256,0.3390727102548403,0.6964966071856306,0.3416376635478824,0.2774406726774352,0.6395672383158896,0.5483468199945061,0.5181257171155119,0.4665821412775422,0.6363953111289302,0.3826261392375111,0.3936647363613057,0.21988747718301063,0.7757111460105008,0.32086526103359614,0.06460511732170744,0.45131407141266006,0.33061074229004533,0.7804953496056942,0.6906404078632967,0.34006543355041785,0.28687899369230746,0.8658798749929707,0.313066675245222,0.7692322209149746,0.757814268190968,0.2224488014878915,0.6279970822412878,0.5287441572401735,0.5450428322499462,0.5719005610290284,0.743189837470508,0.6563359962973536,0.25058170164532956,0.3507350673851701,0.8544335959249503,0.7642440909884336,0.7923636801763279,0.09863297832467517,0.5641423093525303,0.8256142624397376,0.4832957703247819,0.8127383217703996,0.441244592393389,0.22229562777966655,0.46223455082002535,0.16327754214988802,0.39800813283522696,0.2636796011127591,0.6589023737181473,0.09631932665410271,0.5293890318053474,0.8226792285392733,0.6123184717877982,0.8139607902870514,0.7594586190855229,0.8196100739582716,0.9215484573310065,0.24638179988797404,0.3289031882942077,0.7438912098852803,0.2627290212491095,0.49047684068625225,0.7533324597987462,0.8535422496601645,0.44411414364881124,0.744221424826687,0.7744807637403,0.526750226111653,0.817899062720003,0.3003028908463449,0.21630116629914323,0.39811833517579326,0.5408638023481692,0.580884784489005,0.4041983691427349,0.5926278137883815,0.9076545173455696,0.46126076278633843,0.5609398512756508,0.4871446277643151,0.9229487504327935,0.2689476028830501,0.7901794805599414,0.2906866150974399,0.3315381032274025,0.2223831698795175,0.6910089136109837,0.6012590222931264,0.4827206083136938,0.7238751558481328,0.35622216362819303,0.6207245626547676,0.8329552962820403,0.41400575975996023,0.4108243886427246,0.6271249824277749,0.808558682400869,0.6266910961119752,0.5223022711592405,0.37907177615139853,0.7203108597854343,0.6927036839752426
DZQV_NK,0.5610988284937694,0.6908218083013562,0.6595085475343383,0.20386356830900437,0.617180928365764,0.6929830463467933,0.8864197372557694,0.6905692819814117,0.6530810485149665,0.3638789392888019,0.4863055978577649,0.0791658380760873,0.15993593398115727,0.15016298565794525,0.7111132836164662,0.6100775938829716,0.7387341405079623,0.18628067779412025,0.5351972196814615,0.4868378935246147,0.7480252032406947,0.4921513625111629,0.35083007190024507,0.7865618088400026,0.9093212418741663,0.456242888656137,0.09204161022122787,0.7277583489745862,0.37192086894903825,0.5945499725562847,0.639336333334689,0.20087703209239216,0.681724732114403,0.602291328491577,0.7444938448282575,0.8030942844609409,0.6855792483511878,0.6041573304049237,0.3662363580844478,0.49889443914870113,0.8581447210397821,0.5650122234176889,0.8866617253602698,0.838172105630618,0.35770671932044995,0.5045253703195896,0.31919118896044113,0.8298288436408967,0.5823020763823488,0.5632562995899658,0.6701004098972745,0.9922011334506184,0.9738515860835164,0.5067149761202391,0.8839303613023811,0.7992420709928757,0.7219716040510323,1.0,0.26477183199805804,0.4041756283617968,0.8485577668863897,0.42187422445461653,0.6636620623062722,0.3391659660110151,0.42651839353142756,0.7213610013023932,0.7178223033464397,0.41269127837498926,0.701750587399704,0.47181448048466723,0.715864722747002,0.5755028058428058,0.6285311917406029,0.5273980444238293,0.1860642555484524,0.4750347455636329,0.6629827447456056,0.48662090079692977,0.9288246776703148,0.7366403345688265,0.5887565491966092,0.6679685547354027,0.1350706551644417,0.21422772161684028,0.5929125551459085,0.7241528701303418,0.7523007336526605,0.8647431139627992,0.4504571915400615,0.017105522967237993,0.278355269342746,0.4881154898797582,0.32367521909470265,0.1334151803197807,0.8575094656687962,0.6822951174728797,0.5162718717062373,0.41364178129855855,0.582592083135354,0.5987173515123869,0.8064830839876926,0.478545204512358,0.4044336920081128,0.8939399573467967,0.6795002197020582,0.5828253321222411,0.6355929850495475,0.602740528172526,0.4508540456006662,0.4838191213094878,0.4588148453458018,0.20398006006615682,0.8417275493866334,0.15619835681657793,0.7937392578776793,0.5555661589167299,0.6976967608015895,0.11230258237751285,0.758805031935535,0.46621993837287734,0.5853519223680086,0.25293185581332317,0.3402572545041289,0.5995323315713645,0.7735999718846315,0.3221504285336926,0.3714103162567993,0.942451591408664,0.39691502108365506,0.5661235226426826,0.523199826625459,0.863422387597428,0.9058508020444008,0.9202777519384431,0.6658485513959834,0.5354586261738852,0.7621534799668155,0.7234152634972397,0.4713559668423489,0.8335357092890808,0.6204034790045834,0.17705922119042464,0.37581397203939815,0.6271602817543777,0.7711394743717233,0.667049746012978,0.8886416454374175,0.2974866491306124,0.5759799154159635,0.7895820805340661,0.6186884598690633,0.40793410083623,0.25723812539078045,0.2057246619762788,0.46888575782875136,0.6914845367285394,0.5089335091787436,1.0,0.18581043492445523,0.5340203050602502,0.283375661521153,0.18018500233504198,1.0,0.8666949728721226,0.5499161534822832,0.7593055481563304,0.31342312539078115,0.28677153934892813,0.08557031743493197,0.7113425171573896,0.826407097717403,0.40207778905087,0.17522208043415505,0.7468577817977209,0.7028084431101116,0.6895829913860357,0.3504379706485316,0.48886485703417165,0.93229897534828,0.35966866954738874,0.8918609472664496,0.5636741491343734,0.6237212211601478,0.6888641255855312,0.932751495836433,0.5796622828493742,0.23309658179012083,0.0777443583581843,0.7705843202986948,0.35619811249732836,0.7050826860971642,0.19264268050940894,0.29151326665526456,0.6194513473957224,0.7891307798508355,0.4305115184832092,0.826664668667973,0.26377535968118804,0.1822216805142929,0.6263818246053011
DZQV_pDC,0.40628217732640504,0.3611819898171434,0.5037108801728751,0.3433268741148967,0.29119369526153455,0.6829916002951925,0.6039761458812424,0.5545312027273218,0.8155182360460604,0.32515405981451495,0.6484986237469668,0.6924566054483963,0.5245955536750782,0.757373766016303,0.3270724580452314,0.47272022872401853,0.6617021570949996,0.2222740949181741,0.4761061214760042,0.3355146648658061,0.6316288721322775,0.23136541356178023,0.7549679273808649,0.7656511617734352,0.1719340348009413,0.3231328800143047,0.30368542230035744,0.5990549723308513,0.698301899689382,0.44551187263118386,0.8554430083568109,0.44959786440164745,0.4982037053932034,0.4180844702536493,0.7796461139899585,0.38125557273094707,0.6905856780725343,0.5055683988626618,0.2840420467826987,0.46669714618607855,0.30456247017728605,0.6330266423679338,0.714444771938236,0.7029222990633098,0.6970047702893859,0.3256364545236871,0.48114909842758413,0.2168219484996262,0.8172558544535711,0.3503756003722427,0.6935723469751233,0.12118412709475021,0.4393799849902642,0.13103921876719396,0.7627410976529265,0.380948214007094,0.5970602853420198,0.524923630979143,0.1804010956572296,0.33630735384763216,0.4473298892796521,0.07812989911387529,0.5498186036527594,0.09978275167751534,0.6237706737747089,0.5447932205888373,0.715033357828104,0.07122670746806639,0.8135503891122335,0.048664623566170274,0.5805523104855115,0.1120199527831289,0.35533534315602555,0.12209257640336846,0.277120493829931,0.542316173945753,0.5667807856969951,0.3445818170661614,0.7132057458694172,0.15953689999982806,0.1522541958915376,0.13793473904158862,0.435982261591433,0.09970713934587987,0.4526357701546662,0.5959419597433736,0.3822875498861086,0.12504815509934175,0.6228029958027625,0.5394006635330082,0.4006534485604256,0.3052404852634427,0.5772595050586891,0.818082764285597,0.3465119392515675,0.25022242812153855,0.21871813021008227,0.4729861819878845,0.6048223958990109,0.1842284178267743,0.4866074829036291,0.4661810821584009,0.4345181669396197,0.5060242739420872,0.39051620112071594,0.1943163309616879,0.19285285483075615,0.2852538417829682,0.6593699652150636,0.21953345814918943,0.47563591546943407,0.4824050183557281,0.8764767394159434,0.7030159206509795,0.5715170177177096,0.37856821277187047,0.4250596816179271,0.5037515273192629,0.23881157686772966,0.4204343798040702,0.6879105900797049,0.10994184714214492,0.24763070920281438,0.7748955022696984,0.5961430770133015,0.5857507761037025,0.5597416449404873,0.19613617177739148,0.5798962277181757,0.2828123047340097,0.5588055596411633,0.3259033890384015,0.8155828848446764,0.15058241708357895,0.24246608561070596,0.6613197108308781,0.409229184725702,0.4752325095596547,0.6128128704482494,0.45340763127433403,0.2926982275052088,0.3276673997604594,0.20721797225960248,0.6551121596619535,0.6686466856855653,0.26795624067865537,0.3631204874226196,0.7517128955791894,0.5014773797146777,0.7048048736506035,0.3313460675737283,0.5539275845839233,0.6067107934166547,0.8100734105972778,0.15842598113477294,0.8809852688011117,0.7859058488904059,0.49769265345888847,0.5903486622842389,0.3563276286285051,0.6150927635231493,0.226771495583024,0.49246553371426116,0.5132877968496659,0.6917294884472488,0.3745454816252602,0.20272945296291325,0.8072195094356683,0.5661747700755794,0.4179030634245985,0.4966280118529956,0.7430542087865952,0.41800856261810937,0.41723308230106004,0.4938003781119624,0.5170809294380863,0.5084084864931535,0.7924064030982485,0.6458080674358808,0.34168165236176784,0.2442242826310582,0.28147921728127945,0.6623639105263391,0.436014793767929,0.36389134805798684,0.6772759917182049,0.7339054694069223,0.07019846740522015,0.21546036754946668,0.5953894278028662,0.3487884610830054,0.40201171335379293,0.3668448510502823,0.6580936816709128,0.6808846269187158,0.43157057042189034,0.5589137744047986,0.4006725543818505,0.27352373664750135,0.5501543986017183
DZQV_mDC,0.2425839145876533,0.585587272518103,0.7587146524173709,0.2856566485856414,0.4990546508976149,0.6798008351595718,0.722030137629074,0.6810616582727903,0.7780148027526997,0.42590470688487636,0.5263149448885295,0.1722510870915734,0.38228258269678167,0.6529922363326093,0.34101500433720144,0.8228865222629057,0.6596478874909018,0.9393336201042654,0.40621384676683336,0.7340234192236114,0.6659530276958905,0.43345264024038943,0.3377194210575881,0.5011675306908518,0.23232060369353477,0.570352201933592,0.6014006628244691,0.6043995444986323,0.5070034757965336,0.3877950849327634,0.49640005798308046,0.22118762172803214,0.6503136636789831,0.4008847487920395,0.6986441231568855,0.4502748755558374,0.44476720942477255,0.2541011599265649,0.8686216099202329,0.768248619935638,0.6768756405773215,0.7327410427215939,0.5521461813288516,0.40199531405117006,0.4631931622584754,0.4356027715405658,0.4790786159692286,0.3389963019505056,0.6802327776353385,0.3417511178952538,0.2963695321089279,0.4331442125941528,0.8933805422550539,0.34678647039966115,0.8450590781430862,0.09164660097463974,0.1591220938428454,0.8636376997715685,0.6385485301401059,0.8621220658850951,0.7507333233922755,0.6254572934972087,0.3320016768793929,0.8428472981486747,0.6269557459920694,0.35151953023069465,0.31974198251230285,0.16403231458415016,0.7488650263732918,0.16172129730205895,0.8479027605502675,0.6975108025865764,0.7448073368106238,0.5795452125161251,0.1847640452166842,0.5084375701457685,0.2749688860989426,0.5088060753695302,0.0536267739628459,0.18605600996418514,0.1392653059195558,0.6821965715588014,0.6655859493513768,0.8685415063968789,0.5349375178916759,0.4162270141052223,0.3074612928611041,0.4184110256866584,0.3365205549880857,0.1620597223174397,0.6506554612794518,0.39846061304251135,0.8563858706401442,0.7022808189560983,0.20277324572235156,0.6181862706491797,0.7062615402565987,0.781681660683667,0.6182098972102292,0.6707270303896437,0.42650481991829,0.27319496454808895,0.7541727427335052,0.46508225737572473,0.8485543949193837,0.8534298827771233,0.10954668745893069,0.5831616545426429,0.33491347300944413,0.23105821357898104,0.3725177464557411,0.27500269435785435,0.31071524778580795,0.3155939194439097,0.9499345990459301,0.8573282334263881,0.6513289525955471,0.6216179840609471,0.40028400673845355,0.7734518052198978,0.5483618542754563,0.4982593684915572,0.620346459427066,0.7939698038827027,0.45076971705239344,0.28587155132514824,0.06371568754327288,0.21233785159562235,0.6348771036313147,0.3172563138067316,0.6039566409089003,0.6720060817151856,0.6326923685550472,0.20482212858797874,0.3237786086697103,0.8747979299918633,0.8327040091167511,0.8435455801930345,0.7174249381145217,0.7885053257413437,0.18131334326109488,0.2979966556026473,0.5602469055248789,0.3331724006344209,0.46869202841727914,0.41353022090968433,0.7965687897803848,0.4215282795648096,0.3622135851713711,0.874321851629505,0.2463211702041201,0.485155248040664,0.7395905566330785,0.23427244103416583,0.5006561684585261,0.20357190079091816,0.6677518997331269,0.7113240491853364,0.3229334858310382,0.4114569928400697,0.6953008657106821,0.380562752424708,0.2449496431428046,0.6719538286849889,0.519638337251682,0.402968087206037,0.6439824107905958,0.5876600080919668,0.530124155288673,0.6750038946448361,0.47903944770293927,0.5387641349068968,0.49636429655583536,0.47936480183425295,0.4432294281481063,0.6632860272575722,0.47335682336157964,0.20558628647658023,0.14402275871860024,0.24386227679796055,0.18482027287558528,0.8441888019173075,0.6062259849597795,0.42243133638738134,0.8475331724510287,0.6984838090819895,0.2540429517604417,0.17809758315864335,0.41639587069563505,0.4218990249106977,0.5509473607686411,0.7016577782289097,0.5450648760584664,0.9449764395003454,0.6740133000674805,0.5929907443306981,0.47144569829728256,0.7805719392032652,0.575615293311979,0.32948532139027037
DZQV_Neutrophils,0.36082880555629016,0.44962195259304927,0.27027134348042114,0.25366348687177515,0.38783930096122005,0.4052677687115883,0.4496503876327318,0.5482447549545981,0.35409577171912027,0.3424139165183245,0.4474115466407449,0.23243809720976155,0.15125323937407548,0.30896405410995664,0.30463500598844456,0.31886809316820375,0.3158868157982362,0.40624388095609887,0.3935328649648208,0.2723287386207566,0.15673673926880666,0.10012960029254356,0.13782408386072326,0.26589785764351515,0.21820874162066026,0.321770226815278,0.156601058499875,0.24656502626009424,0.14046779864982947,0.15456327406910694,0.4398351236140711,0.48492101998836634,0.1726334356993172,0.2600872323493668,0.3838946448692532,0.5973858637790914,0.3080290741424391,0.16838121899780553,0.5371238717558356,0.1264133254477272,0.32279088130069383,0.6037928305480657,0.13755098265449006,0.3142790981893338,0.3067542939895066,0.6702759363683275,0.45562391752403913,0.5117213956077592,0.4826432985505978,0.5352285571289666,0.3164008798421335,0.5073993770139833,0.20314047532584664,0.08796347763760691,0.6613193858057255,0.586226273280714,0.5981779847351196,0.4550795844116086,0.6712524923022167,0.4072893007900862,0.6721183159322507,0.48630167861810747,0.5499622247438694,0.36939998189474865,0.5313585511515528,0.19876385458878065,0.530526043871965,0.4737362860509074,0.5855975209599144,0.5430434368235451,0.39890849853230437,0.4954790827029476,0.36356613936225324,0.2794824924296239,0.3337187918639561,0.20916096119611421,0.37565230069358096,0.4845026863429394,0.1294871756070888,0.5203588608011167,0.2581596708629313,0.4686483805572267,0.3757390871549859,0.4330427573248358,0.0721474962925976,0.3202698631208217,0.41940254597325444,0.4915403267753767,0.40189090560223045,0.48893770929947683,0.06372416111722226,0.29702840494628735,0.6080870166271569,0.3904742103809843,0.26548766772452337,0.3842275375597273,0.3186222540961698,0.4648691526985232,0.5191349947903525,0.39988164691782346,0.4107393837621435,0.26313103245170993,0.30786819790150655,0.43509441969456214,0.1636061132755513,0.3301676755611912,0.5037932322948111,0.636303431344756,0.5423497180646352,0.5486888700317208,0.0895981451133417,0.51846483109148,0.4464973179033206,0.2599426259401558,0.3733080190112619,0.42541377777715333,0.25011678964709855,0.5792747665850634,0.47133389530928005,0.3498597911653822,0.5312370091121065,0.3270926158603649,0.3915934801773315,0.14668335111125547,0.5383806812456438,0.05770096730132272,0.5370111726992329,0.2562589058070686,0.3381679800709431,0.0521093675780274,0.17874211080417263,0.49916300938315744,0.24419052626052007,0.39186434656977254,0.28769226042293394,0.5124328913355543,0.558745009443265,0.567814145530951,0.21164703063812726,0.5088087584054911,0.6278348392707013,0.1861376522640129,0.2703036158327833,0.3351422664999398,0.3535244331593843,0.21871420481203485,0.3381819004785338,0.31756896271635016,0.1793310680356794,0.49611159570275054,0.17303286972100385,0.32463232939424,0.2875707674246974,0.38654284682030465,0.23538201582654802,0.3474656129897803,0.4458415316014548,0.39129430780997554,0.17167720911052559,0.14903333564761967,0.3132881947739849,0.5636416410976417,0.25023908710424836,0.15447350082001787,0.4098884533299401,0.4353491853522913,0.48965909529721613,0.39463597022585695,0.08535605782161101,0.28029897047566044,0.0876123675495933,0.32433945075590287,0.34104993538151657,0.40993376585534874,0.333909383331543,0.5137565516251799,0.5889519452734768,0.46894944809895095,0.39105933877339183,0.3897535603419093,0.41533034863726165,0.3359034012515642,0.4325296946281222,0.31268190560099424,0.5456483643881483,0.3292936226192846,0.33241038923893107,0.3417163536231417,0.12609115766016177,0.1565111778520951,0.1535072699122367,0.4204473502208625,0.10200349793693554,0.48892249271915084,0.38721899521174524,0.41356808672496514,0.4130850457768946,0.439485679784029,0.4889858650551503,0.3733366645845695
DZQV_Basophils,0.6588453859242189,0.1044985222949401,0.7437061564226676,0.16854748013711146,0.5381067856763879,0.5513489812071198,0.5529743206919941,0.5105661516225302,0.3484769686456747,0.6397349021610356,0.4876054047346438,0.13610246306947846,0.6596092895656809,0.707734952567121,0.3234591579082968,0.5551471521135676,0.4169008959478358,0.591005139806463,0.6861716559008969,0.3918452407838562,0.6250247011664407,0.11010805562069596,0.31803298465720614,0.22914760240164725,0.5370885469275808,0.6413094272515129,0.522983821954673,0.810171251827267,0.2914636942668063,0.6346203112279984,0.4831738056128251,0.419181243060021,0.9753427118698704,0.3408508251249542,0.6135510999871194,0.1906998166127112,0.5055399314889609,0.43342498548190267,0.11289546944218999,0.6131108913146348,0.4378376578084419,0.34417981777395634,0.2079557368019764,0.4013504002899328,0.5941111426714123,0.7818941130546202,0.25658132616980134,0.5347964153567502,0.4779209928232185,0.49967970230738346,0.4175404207140549,0.3181511591193465,0.5973993240567738,0.10672477908286003,0.45878238624947754,0.18038188462001484,0.6067824496982643,0.6326102837860605,0.6680181461334993,0.3450673128745656,0.16513143061243,0.03417054982144899,0.14870368528193392,0.9060358643284845,0.7837644411102491,0.6548951668596923,0.0884461993507789,0.4765261960435795,0.5250282914248209,0.2905577729263026,0.5339444995910948,0.7827039832621359,0.8588087593478381,0.8726674483639024,0.31619821595909986,0.3497005417570218,0.6105961354730405,0.6284119163165778,0.610366360296193,0.24989459626216687,0.34603461642855365,0.6503936817959767,0.4859979159047861,0.7021788394967995,0.7361864317828327,0.1943921727963,0.2572169586565401,0.3041820989750779,0.5064088134638858,0.2856801871072326,0.17791993817392873,0.60498300626362,0.5486297038972044,0.7609116935327428,0.14779705177458413,0.8687059333505377,0.23877088934069315,0.6456228120382468,0.9010398927394188,0.4013598709293022,0.8213012545850984,0.32661636302169017,0.5086375179072423,0.5985623430288244,0.7835487557694134,0.12774686051975037,0.2987631111534756,0.12101833228492644,0.4789859945655827,0.2793622282089619,0.2946527802231598,0.6676940757756502,0.42258665108659244,0.09024024104918259,0.2032301564727811,0.4888127133408556,0.7634992988701578,0.6935342816540231,0.5906589435400029,0.8238060169342188,0.6300915885249864,0.3384738116017132,0.7023548924016212,0.5565234188257911,0.4024902176919873,0.3345089632529275,0.8727395095561838,0.3282063599876711,0.054114780583627946,0.7061143736172175,0.411810258941438,0.39832753789642095,0.3385104466848028,0.5368256722684539,0.6798814850135981,0.7908718724357768,0.5807725996980384,0.7769866666906576,0.30569684422776816,0.04301286812644752,0.9194278050251855,0.42421406204265855,0.7069648862932092,0.16468007825428418,0.5422341256857884,0.27717782904183746,0.5070352947975635,0.5523082257220049,0.694692602158197,0.45235912957294794,0.3038161725505769,0.4005046319727563,0.8760576691755929,0.5919521281687178,0.14355419950152448,0.3916082809093654,0.5268873689774247,0.7386154341733616,0.8586661453104593,0.6932099743097805,0.3100866595136354,0.28269400208694057,0.5966321136832912,0.4867013768994248,0.3266243132249333,0.22236077708216942,0.6129984465902986,0.3425705968211737,0.5917796768125346,0.5547183208411893,0.765961892806571,0.8973553867340738,0.17834919270860009,0.2897788437181571,0.8462451764432797,0.7034137379905909,0.25734607654686503,0.8651494358250528,0.16109567732846786,0.15857703734034576,0.3844174209072301,0.7812551223850319,0.465605366958074,0.5845419818850672,0.09237204331340225,0.8997297265487991,0.4250024433960114,0.6799346310150005,0.4383292042887492,0.5293111770032611,0.34991679147076443,0.14440042332929584,0.3130686075437787,0.680036600412996,0.26870589897286956,0.7067328605593574,0.7404719392852948,0.10633751681320495,0.37171041595302284,0.6840670535514259
925L_CD8_naive,0.4096698124276992,0.8840805206252546,0.43130810228899435,0.07925164154646046,0.700577042162831,0.3134515482137688,0.5605514241413232,0.7833142932124018,0.8922329408899796,0.07427990835755897,0.5968286326854602,0.4835272623721908,0.26636440377156445,0.3843010589688476,0.29407272085968605,0.28870497580775195,0.32769397343131784,0.9425621334383137,0.48830367335672437,0.4275190148948506,0.7396613784004364,0.2470265217349364,1.0,0.3028817487123238,0.7096625919953413,0.876580689787715,0.5967831406803773,0.09230138612320048,0.35486948094970766,0.7232619687469647,0.10789872584330683,0.08376044807653514,0.7922793103790701,0.6251223663598549,0.13566424366991378,0.344363185170558,0.44408949959278243,0.6016571130282714,0.26026878693017574,0.6735562097519521,0.6271427888696838,0.4458024903159782,0.4014297541330506,0.36911319170710954,0.6828952281507021,0.29945904228855935,0.40410235800819205,0.42961127358756823,0.5973619469289831,0.5398364535285616,0.7249007009547475,0.43641745714290786,0.9688891274381958,0.5431253108233272,0.38627298011335437,0.16812951475915783,0.41853287590195504,0.6075069402182469,0.8330617325269701,0.48991884887606113,0.5088056623451828,0.4171871996610895,0.9070784648614502,0.6987726658887441,0.6766642340585399,0.37457633531811874,0.7533899565150074,0.28708561508667346,0.7421285048199754,0.44598136204561084,0.40090304325116133,0.31335670646691494,0.6266446742559776,0.5980058507251629,0.6062029884975866,0.22207050044374957,0.3015721683429706,0.606221615255984,0.7881855294571205,0.5220418316673852,0.20734993289261422,0.2652691565984625,0.6075753132523842,1.0,0.21913423572460797,0.2325097667441678,0.37330076460971034,0.7909693048743247,0.6857917292775998,0.6663478425800134,0.6969062824427759,0.2803859282925995,0.8247505574879367,0.41371282773960283,0.5904048686762519,0.5013980168821244,0.6577720127721405,0.2082547449076887,0.9728684546023968,0.3679957527111054,0.8174874877870553,0.6730853157501094,0.460582222097787,0.16434781136457097,0.495986799097171,0.14688951956186608,0.3816527984621931,0.7550486298963465,0.14351036192863956,0.27812989175773095,0.8604827098662496,0.2651439350809388,0.3379315977510592,0.17998685068405545,0.6954052537763145,0.42927649351945324,0.42295678377575413,0.4532235452356586,0.565895121351486,0.8756308656795745,0.3283091209029773,0.6960408554730961,0.2905780685896389,0.6997166638395794,0.10537054598647354,0.35353433335590945,0.6171119670727301,0.45839284871823327,1.0,0.5369455303039106,0.415084150118934,0.7262338827342975,0.5380098251258448,0.36450682453310046,0.4306136678661998,0.6828964037680347,0.6104053002624201,0.1905580416554534,0.5276516533041757,0.3377517120247726,0.45540499232627135,0.4614988000058384,0.1325044502829631,0.7566435302066548,0.7745402191646971,0.8012775006103395,0.23813547875123622,0.3614120652282838,0.2913360342665673,0.3100258292303567,0.47193639487152145,0.4784133219422209,0.851605968605074,0.22249834718685715,0.7510185632535259,0.639103171965393,0.8718156748124383,0.6019708182584981,0.38912399471711584,0.09233443268072376,0.2619441350399575,0.2829175185688946,0.3135950362989894,0.40242715124215894,0.6521856662092412,0.7141300273438657,0.5131919981616118,0.19733099195179923,0.7719889506878351,0.6464716872548484,0.18075671477036634,0.5360356309131207,0.6034297706218399,0.7926664474905332,0.9146464181534564,0.5713774573808099,0.8477119426813732,0.09215963348648916,0.5764723018551701,0.8991255386548761,0.8123881321974714,0.5936513504721918,1.0,0.12809091314870436,0.20176213957482772,0.4254479365452261,0.6865954425628488,0.4589993312086178,0.6838026679565201,0.2736831760353923,0.2722634666022985,0.6137756370678173,0.7323126120119126,0.3252307139190399,0.5367592061113338,0.7943942498583567,0.18167411646248627,0.3492149551505895,0.9147292123138122,0.9481120430114638
925L_CD8_CM,0.739241514136189,0.4911513563470925,0.46691066902671385,0.9017700428253822,0.42176499026425424,0.3706751879339223,0.5221468875641959,0.664034789786756,0.6608393055245118,0.44767352891869033,0.5483989952235637,0.5562601105253473,0.13466378554828545,0.9290771368943584,0.37623936675689124,0.791252196886161,0.680589851929372,0.5206139668171231,0.6980480929380606,0.49751778508174116,0.5461869809711667,0.3339021234912434,0.3965313155529763,0.5499246517902296,0.5567060459237141,0.4887819387138946,0.175431418980665,0.793177497337776,0.4445178979781864,0.40416363717069687,0.6608934469787163,0.6501978840566088,0.7256213267301056,0.631431821800146,0.45820424137552584,0.47260048042650077,0.38624687136980124,0.48139216223478426,0.36250053661824,0.4888837718248422,0.6075504677522062,0.3589922483386723,0.8431435970969934,0.9067163528106943,0.2448005976588574,0.4544981595866509,0.5340163137916238,0.531877155655602,0.39782464411538104,0.738605816879233,0.8283677432346487,0.6151864319321104,0.33091209792738757,0.8242119914624355,0.4365921629472918,0.9035813540005936,0.3703176729016394,0.5032142417344898,0.7515878313900074,0.2886507676635717,0.6434863474889225,0.8067854272357313,0.36535062251967343,0.32262257951687895,0.8391221474355459,0.45818263430511785,0.2879437519445244,0.49532119900179844,0.2718599608129415,0.6017454607959646,0.6470596381743692,0.16714281359823024,0.284412449596965,0.26960995057860976,0.7167815104800965,0.4649084430970653,0.698452670430741,0.6983773636513605,0.05677497885368433,0.8606890551785816,0.2450362121510555,0.6605777065460138,0.7742056704294811,0.12019058487281076,0.8409288609619341,0.4480106439219804,0.6429680826552575,0.7022788690800555,0.16810399981441704,0.7742778663113579,0.8036451253341798,0.5290271142721563,0.07640552894032823,0.38290508680623647,0.6615034841047468,0.8335871962811197,0.47120047910362384,0.2171950883596743,0.7118727126681802,0.689261149470883,0.8644545182122406,0.7382245468590847,0.45073091017423556,0.2711649143047664,0.16280374428589475,0.6924988563572383,0.48599641371125907,0.7565972030449728,0.6670694471510747,0.3932407683598812,0.9174212599643131,0.7435758840583859,0.6565386936005668,0.6342342911699826,0.9186427883241274,0.6300530213814352,0.42806350583110825,0.43537061622281664,0.7265957526147385,0.6971219835790751,0.729339197142993,0.20851535022578135,0.1346497103629299,0.38447953092436604,0.2981140867249293,0.8030899984328999,0.3115815762697777,0.437839588850108,0.7593104962161167,0.4962087194991852,0.2691428657801875,0.07210597375471836,0.6028259327537344,0.7124552798689884,0.7418054081345478,0.863220151391638,0.7351646939786779,0.854738771213882,0.29326610644952034,0.9325721068362807,0.6721277912490453,0.6860100086849906,0.5950181142411243,0.3261763548816723,0.29858865754630837,0.4376648867623456,0.6329588223103781,0.6662444269034217,0.8512078375771978,0.5820569020782939,0.859477041846074,0.3810372826160197,0.5176076138795771,0.9657396982518246,0.2049035174475892,0.345962344841641,0.8674995250041725,0.6337642935573722,0.7848913607278407,0.397028428567407,0.20387849229242222,0.4320657156321998,0.883961056086933,0.9145080222742221,0.4070410401790566,0.8405930815702884,0.712659263176355,0.5658277751817483,0.4392199248647098,0.5109881365389517,0.08645808225618047,0.4119852148407528,0.5196761031713577,0.2045623522862084,0.4275170193512461,0.34276674643886423,0.34842251898538584,0.8649807701406745,0.8693583112914873,0.5131486772322588,0.4494519363780702,0.7242108981652678,0.49987044202875297,0.43593622119746883,0.609950148583551,0.08872636527922445,0.44433283086106096,0.609963702066521,0.23170196119862752,0.4067376900671278,0.6440523846505364,0.7572265972884473,0.5652027198072025,0.4502168061563707,0.31341314560688943,0.5151141619209665,0.6143651991683322,0.5056982521118198,0.10844394392900264,0.47022694501998785
925L_CD8_EM,0.24258882398430104,0.05007355106195411,0.3134605834438809,0.6636046924066323,0.2691712654570776,0.593779227824638,0.46973285006915616,0.5578469375938951,0.42105779904685275,0.8017461006399804,0.8669497277841789,0.49675105314840073,0.6002395560625123,0.22313682024210663,0.5558368156129905,0.47980864671359474,0.29252811996798794,0.9009315416062224,0.5304627215991167,0.5949597508514195,0.47272930084888665,0.685466206469561,0.4492842829018736,0.6756543438742769,0.3068207214599958,0.8331014769363737,0.5591008485047722,0.729373837025097,0.5967132821999444,0.4013803780756483,0.830814557592665,0.5394714066159049,0.5765100063719558,0.6348007323971067,0.6919153074663925,0.8383582318978654,0.5619925358062204,0.33911140999200173,0.5832295119068455,0.8294133332659075,0.912387142034511,0.6405189506600713,0.16002824707614433,0.9321937242503713,0.7707052651314154,0.42660426762398734,0.5127512769138359,0.6001800389413154,0.9221595945146618,0.7406133686931285,0.11459246228753492,0.5999342855031509,0.3542071883930943,0.8407464875216493,0.751367929888169,0.42239721389674323,0.5759228562562944,0.8301343918669737,0.7158960122127044,0.6262858362436174,0.4708106558018534,0.4814268365930455,0.8838959114863314,0.46103910333606973,0.8614379693696257,0.17102183480118904,0.694685584843795,0.16669035521042763,0.7443839280596863,0.7513149353873567,0.3009311806961604,0.8861138964937162,0.7748843195375222,0.4544985114253012,0.8183228137461985,0.061655947482615714,0.8736276788196231,0.3044897361913431,0.28554287882521967,0.047995141542050736,0.5108962574282997,0.1803949858531053,0.7695648280773921,0.5584470633550719,0.15901988263551003,0.5988174562439302,0.38059184662890505,0.8745844308063507,0.2894731319761032,0.4945899727892735,0.5261473421533777,0.5969303532001066,0.4277064188844476,0.8761448445356841,0.7218094826543298,0.7555511761824291,0.8202999105919475,0.11281274082280297,0.6770554226700757,0.7785667472593671,0.4403173212322368,0.6529055826784498,0.7361282108115245,0.3083875331802375,0.6130996488442684,0.8736092744672618,0.4819884023981315,0.21406072143953994,0.20941568155532062,0.49793348733130477,0.956347696084683,0.6663078395475088,0.6484833287010541,0.5942705987003504,0.8225204922367035,0.590402930684424,1.0,0.6306525458587672,0.9033891226457742,0.9358295090762542,0.6765173215392035,0.597604682669885,0.44742424199856823,0.5035110305770046,0.5708787196175804,0.6772272706774429,0.4285344819667207,0.4094326264723227,0.22470962668769945,0.8072011730926598,0.5959854966224335,0.107304498493199,0.47058069937014996,0.34170894919486366,0.5930613516686922,0.0015981143551424644,0.5130151914793469,0.24882454795996548,0.4337622026988786,0.7408845561174886,0.7200912826787231,0.6201050565755241,0.2496808286351587,0.503506608641706,0.26280930249227974,0.46898662735878394,0.10312567244215122,0.2207147606613471,0.051227532763752914,0.21404192646886586,0.29450789483305945,0.2655244051077967,0.10492328921647648,0.4742410829737467,0.8094593864311674,0.9204015924498807,0.7397062563244091,0.29823764641765926,0.8256583154948544,0.6433726473778403,0.6624633984091373,0.3796334696463087,0.2678481042041524,0.36516017362065295,0.14827149585124233,0.6681672228021596,0.4858506671360029,0.5896508842607684,0.9398441900728219,0.2278491534440423,0.08388253322016913,0.6850625411856286,0.45319027930100897,0.5465055160577837,0.6792338557800623,1.0,0.7846880181610648,0.44290824263113326,0.33721865367640175,0.4858613733811774,0.2948113225303015,0.8000762864706419,0.9220632980264852,0.9960133421242781,0.5382849053532018,0.3795381210513559,0.6368131933063867,0.4595404770442185,0.18025414290202435,0.5835118349860976,0.2994015709146342,0.5186092210351257,0.5150318213484211,0.914413893248555,0.8069572983799994,0.341069840936047,0.6885211828091664,0.7957561714557239,0.2927484284018114,0.5783741639594793
925L_CD8_TE,0.3409929844847438,0.5178891577588902,0.6641339993196296,0.7829784356170308,0.963426980910059,0.828026140464848,0.8346608605968033,0.5336896750882644,0.279132384228861,0.13514165161525035,0.8035989744598798,0.756832692299537,0.7128496113715279,0.8331502939372749,0.5335436686517484,0.592446526951008,0.8165704402898006,0.6772278767975497,0.8483535690715961,0.27221711997973297,0.7289892636569272,0.34970717200820245,0.7516462572859339,0.502629353612068,0.8460644155492657,0.2703780846135324,0.32625966910892895,0.7141296788031399,0.2731718372427907,0.49209763772980947,0.6943731157673348,0.5052263342039272,0.7309892655506542,0.8754584231474726,0.628674886620336,0.2022075748360841,0.4093394144919779,0.39574403099506467,0.697538497108141,0.3429108725354202,0.07658190114936114,0.8573461029620211,0.3870762757591425,0.584629742329056,0.6464134311011895,0.4043747982733169,0.3849556293544746,0.7437106124645647,0.3390869251553836,0.3416035479381171,0.6966048265168446,0.6957629374852708,0.3715051084959674,0.631488846774963,0.6397849830281709,0.10532808501245529,0.18358877038980434,0.6948410566044645,0.20727531202479788,0.9301732480705064,0.40309601414213875,0.9763043624802183,0.3548253248108656,0.7676072382044905,0.3680036976750504,0.5540487110748312,0.5719896329116567,0.6200299631727266,0.6883921874731825,0.36223863883913526,0.5267513317653545,0.585921904247766,0.48080381108217474,0.38686013709132,0.8248706962582641,0.6620550374569205,0.330423224241708,0.1980047037348151,0.1942561300084539,0.7915880557509697,0.8624220333191907,0.18750222819107362,0.42898924204928085,0.5256292661299065,0.4051520420923929,0.580559917649711,0.406695255630627,0.2828300819418866,0.2711919395145719,0.5813299378669675,0.5427136284564176,0.19884607002680513,0.1097991233855731,0.4434768648706643,0.6641769813308732,0.3981141391143344,0.52681462592297,0.33313203577779477,0.377881419347961,0.5026209316262072,0.2083378560754024,0.6537408870275401,0.42913573290130697,0.924956355065547,0.29533453374837065,0.7691969336624289,1.0,0.6261106382187765,0.376507122317381,0.523065814275523,0.9018980329586487,0.7237395049890013,0.1948097087063923,0.2583816708855333,0.8474298175427244,0.09843104043751784,0.4019139829377412,0.8610274471959586,0.6549912059569328,0.8723862084302344,0.6293993109658365,0.4149259842519018,0.5922817862684974,0.30206509910798135,0.6116106391874787,0.5912186037588629,0.0355883530419654,0.2547625549390158,0.10276318129067165,0.6919591146463808,0.8233034670312802,0.23959563559317182,0.025830521363116563,0.6732143616855989,0.4676876128520713,0.8237403609707308,0.3370852103882958,0.5539576579793452,0.26881058791496165,0.9512485572975455,0.8677481269090863,0.7998182690177331,0.4523443704555655,0.5999439289189626,0.07925473323833988,0.34812396509737104,0.3183085740147014,0.6779045579537087,0.6849200041109503,0.6956351389609081,0.5594985867840008,0.6065716869223395,0.584505130892927,0.6139389558640141,0.3738071822646785,0.3253165077936631,0.5552286285805721,0.12952095110769424,0.633788642832946,0.7870743282129394,0.37709240459271115,0.6757639451297689,0.7925666609013616,0.13905022316331606,0.32528263152380527,0.2808883971637706,0.38084155576095,0.7018733975302596,0.7871245745853744,0.16460504089697459,0.41132009086043986,0.1061410201834762,0.9085936137499546,0.9174966164880695,0.4169321529399862,0.14615727952839846,0.36369474771787713,0.11604899874673581,0.5213091277509633,0.4931420170955508,0.7091032973989356,0.5011016935991816,0.26968342204056095,0.2951363700896859,0.26307385680647777,0.5416246655546906,0.6183954434779728,0.6271737224151478,0.8215240684388014,0.507595949286478,0.4599139568370298,0.827302926275299,0.6107832109704255,0.14759110055188282,0.7531284791851122,0.16119484373873066,0.4962987075963983,0.6326884289021213,0.4357773381630847,0.28620920357465685
925L_MAIT,0.5084629062135994,0.7321708672531145,0.3107740209041548,0.4129506352064993,0.9221391004143115,0.31911647016073486,0.46481888972678026,0.5867177821977178,0.17787676556273146,0.3780172063436229,0.540862563380567,0.36698749169506223,0.09767105068206403,0.3307325147166186,0.6173921795343955,0.42387417806712085,0.5266411784998072,0.5838339658666327,0.3505649973338007,0.4888008596931318,0.3860519436552116,0.252664651164718,0.5540028813051874,0.2602780337988164,0.32427689589865866,0.7429354348245238,0.35155780014398125,0.15013513302873177,0.6260206603792209,0.4960114871293948,0.881470144086523,0.5044432850619665,0.5659168485276805,0.43975838293048175,0.17919870562820056,0.8128725592395999,0.3920637742819054,0.6444044213051601,0.557690226767065,0.7702944590906042,0.6117050357686401,0.8083395102280703,0.5531082214876017,0.5442023878145097,0.2098787256103697,0.23430314981729078,0.4364594296981039,0.2557319486921534,0.7264660928628349,0.27299581284701063,0.8713669381597061,0.32319081577256864,0.4660755620148935,0.11862112677746026,0.6088070258100668,0.3145266762198393,0.4770774203577629,0.1368666291065126,0.35719201131200495,0.5991748212008846,0.483076101637955,0.14930232927069684,0.5049446665034394,0.5257732050120063,0.2869331662967958,0.5646989399411486,0.547389794893992,0.7577934163510639,0.36727028101087034,0.5997657087885601,0.6078326752658114,0.22892001566230785,0.6350140323574484,0.4377190928566489,0.1083945933533014,0.11407878155649405,0.5130748369454597,0.6131515149807291,0.6196181442746433,0.6966875390223031,0.4975148384060782,0.3649581363923732,0.7690839891965011,0.83046082870005,0.5463011632155037,0.7166796980532245,0.7312975373185105,0.6028226940197032,0.8524346019370802,0.4645210204490512,0.3067854432080165,0.7580227157365469,0.2807306367401838,0.6363652722881701,0.14524715215658823,0.7593854189636163,0.1347324002702375,0.856697572649293,0.7470608177756046,0.3078136793617307,0.33713911703752897,0.8992910048284043,0.6104573966783075,0.562816054186067,0.6530062237997484,0.3964132011410161,0.5587889335947044,0.7456236461096283,0.12591070226386358,0.2143621044349597,0.3654906850482462,0.45167591954740133,0.4195116110960893,0.22434043677907378,0.24040156841782112,0.3417738735345271,0.692851585884899,0.45794098265818073,0.4941156580975502,0.33385126069103654,0.4002228517086176,0.36007814782770975,0.7552799776686805,0.45282370413921863,0.4632036663345565,0.4963231427374335,0.7962830872814863,0.5779245946649676,0.24985380227829102,0.07555251941544772,0.8304837385297609,0.08629396598305045,0.3830347145005796,0.5945111833707694,0.7351977003739241,0.33098886568651675,0.5852512841179099,0.2595430348587633,0.3796786738842097,0.48681950309429356,0.40867370295086686,0.8434520239980567,0.5357747037332621,0.6278936874861519,0.7793800132501729,0.4392385656698862,0.5651351931668156,0.6641442266886487,0.8601142912784029,0.35595350663090675,0.17809321059771344,0.5421820198539347,0.5866267076096773,0.07294416293251517,0.7085965200758352,0.07675849060478747,0.505819046616673,0.681990194726129,0.3119180041298409,0.6661639692960919,0.5578200893516403,0.5306950957948358,0.6300767621033191,0.5781192361616619,0.7882185602408069,0.6332071919249335,0.6829652027521491,0.11380175675487339,0.7301293687669118,0.4382938464375086,0.3516650104569265,0.24065919332030586,0.3730743815930489,0.5173012471915647,0.3342731288995129,0.7327482299690726,0.38551924987264335,0.5710731093771231,0.6147130425921253,0.5802587810495542,0.5109495552585088,0.43770378266568966,0.5969926565985528,0.39299175330075653,0.35562398089997105,0.4052908918132894,0.7445463472220967,0.608797360012035,0.12794726395858125,0.5979015672979424,0.19862711041214628,0.48721568801965626,0.7532457238954373,0.4820603748732068,0.08135533213930483,0.7448475299570021,0.7664980900849016,0.4978167561347173,0.4701334900107081,0.7144769015087982
925L_VD2+,0.20712256143367977,0.37021392220702987,0.3566526532652454,0.9943478755442602,0.5733368784785137,0.8870130457015339,0.745186282400045,0.5830516538028501,0.16889280803324386,0.19094363117345178,0.6999180657722913,0.6627671189217245,0.5099973142619009,0.5207591811684708,0.12677660338824756,0.2394417845098513,0.6489279756909754,0.4221124125240383,0.6708387675520936,0.5516089948051454,0.482211221545188,0.21927265666145043,0.4165456453883304,0.4707660448661878,0.6194209691616772,0.3606957519255577,0.750342035516121,0.8722267320452891,0.3047129103340879,0.8883116962795261,0.6402307878219173,0.36465267516443917,0.2589458491369046,0.8138920988161881,0.18108534946199512,0.5640096721701088,0.529278983915357,0.47479823672010707,0.7351339179500547,0.3535384954481886,0.44402717686834575,0.5962888744325422,0.5734709723899103,0.8210491325036199,0.31268252430642457,0.6399117041440603,0.5440652953830758,0.586190475451675,0.515532827311304,0.727352017695422,0.517640145884323,0.6956137314743817,0.6303514555466456,0.43102005027804313,0.8972506283079638,0.6036622314839588,0.31441566698364637,0.5646288891961745,0.3014841704437987,0.699322773476324,0.8065519631127718,0.30318179911578513,0.10276108483135178,0.13823436791029595,0.8718694715292813,0.5252746166563945,0.6368500990329871,0.4199821525591286,0.3726166764006474,0.1471292335245276,0.8207586337088276,0.23167078284851464,0.5626279217990897,0.8978553944880844,0.41030180914338005,0.27439850939646987,0.7554106135262895,0.3675458099707811,0.27249698470647,0.2500524963461209,0.31022507162327817,0.1395098307210343,0.07341608021063531,0.11782896018254323,0.4936542651382881,0.07728137996678618,0.07345128129611381,0.44423826155825114,0.6944396079322226,0.4434021812320285,0.4551611881802974,0.278464307623718,0.5019822801804243,0.5583798757627018,0.6632768980538819,0.48270424477079604,0.6001278627198766,0.04373933750771667,0.10337977789423358,0.5887899634371693,0.41010612410998887,0.6601310776120751,0.23225105678279917,0.5534843621833253,0.8416108100188976,0.49336092833120465,0.6314051614140509,0.5203834588647795,0.24079703258166846,0.44323821664139446,0.1474654208935497,0.9258128852266089,0.6645040436776857,0.5994697064898531,0.5265349225560936,0.9280581714682328,0.05937003620819964,0.18973890327798756,0.7703075473847861,0.6739887699806985,0.4603471829340663,0.8817066238333477,0.6157009361185697,0.9586085519981538,0.8015896633139882,0.5897194951055104,0.3981843911138563,0.7412025411295192,0.393408393946113,0.35294875791388275,0.4646531390220466,0.7940510963190449,0.6201536532564249,0.6721359149248681,0.6538625670653351,0.7863153584258842,0.4547673784479665,0.6603285607422709,0.5599571397419254,0.7207734423115768,0.4713802988551477,0.4004743601886554,0.15655811927313965,0.3719897618267914,0.33840845688427335,0.5692862195232009,0.13569964820053673,0.14947365494998724,0.32226195130988916,0.8903084487358707,0.37060566339863116,0.5046152354294898,0.4146185643379314,0.6622552116483669,0.8151909620838171,0.29350956367309416,0.2772010281698213,0.7054884846549021,0.2695638672914689,0.36869022798274215,0.4604427537193534,0.7175347253950255,0.7990998689523677,0.4756857758593486,0.3730022347996882,0.4221415089239824,0.49846375448586894,0.008810349663546567,0.0870078782323418,0.7538854900129023,0.833329310315233,0.5379635359731422,0.27019364859560263,0.3855420877442485,0.635316604461161,0.8270353416284429,0.19548784076910103,0.6008327660179626,0.5127408096775714,0.3707542087706874,0.2734242863062973,0.23927358041231173,0.8179514318185421,0.6647368164634443,0.6210487435812,0.5264441770724517,0.5730484190644082,0.22482197476362353,0.8089534242092948,0.5594389914664604,0.6874674872553656,0.8207130851814232,0.3697702642663502,0.5036211283014935,0.2996198811157344,0.5681713084317866,0.4499090278306797,0.3420956875061968,0.31378035729548653,0.351975643130617
925L_VD2-,0.7044005599861116,0.2539545502427439,0.8145785186691162,0.20178115584895376,0.07995445208327578,0.5006340764448356,0.7082012540581129,0.19401642605510455,0.8444399493155189,0.3761199230008731,0.12378465748870873,0.7542603296465831,0.18381647738231086,0.6014856346140554,0.2520654123816622,0.8970259975400576,0.6373113272817542,0.1969631232102515,0.4642198481368035,0.7806452093833454,0.37246197904849887,0.44870978531849104,0.9786811625912633,0.3277670431131956,0.40040775100554193,0.39034399763313804,0.8602467550022068,0.3090493603454627,0.4352964019669098,0.7371354580111434,0.4050105476990301,0.9006155110892281,0.335528585939583,0.43862086520033355,0.7384507644764197,0.8210848205418709,0.6687883686428099,0.5024126546198004,0.5247553273534779,0.7291970505560383,0.8464329671676487,0.5080972365457942,0.12596354598994958,0.23051609671456427,0.736156320538056,0.6013214610737929,0.39796626908916694,0.3480453784717886,0.8949000148538169,0.7777853768540123,0.6465714118940148,0.7551653706510559,0.6464865020013497,0.4395263929906461,0.6519147802661586,0.5647475574658183,0.8692274989009575,0.7502906262318414,0.7345094767078665,0.5251099494824917,0.6366708226380794,0.7247144112317199,0.731903274012724,0.7957339191650642,0.7215614264958559,0.5384760996251913,0.5298087766513149,0.6405119750663079,0.6842853682050769,0.337342577548567,0.5503561600494046,0.1665670924176484,0.6633058695224878,0.44776626409457065,0.3268085681122625,0.4878870092008967,0.1892701062855018,0.22861116909195153,0.3974456634370789,0.29909227236933456,0.6419410317495755,0.13236471191637023,0.5041405201148911,0.21322786715212153,0.8957887031600786,0.3299072509299711,0.4830727755395031,0.8106601058020837,0.17568435745923072,0.7232085128938348,0.9004032968793151,0.4950620034312704,0.287315808440897,0.2394399650412043,0.7127331556436295,0.4787933977063593,0.0658878240663283,0.6039205730333489,0.5803669960141739,0.375127099658386,0.7399338979161857,0.04369669535802505,0.7228854774424572,0.7977287273220751,0.8538455622654478,0.8061828665292765,0.4943847504276028,0.5815141941613798,0.3203887253532268,0.3968455420462249,0.4798654979747035,0.6470641302339525,0.09363626226462467,0.5386093488093864,0.6573272413582862,0.8804412563061275,0.6786235614794377,0.21981081026678018,0.6335616992897884,0.6974336826800636,0.57850161169568,0.5255888441623865,0.6801164068884658,0.6712308504899793,1.0,0.8959303099536087,0.653547112494448,0.5233995141266023,0.17304068210318288,0.6085473509800222,0.45094553433742196,0.7880283175764914,0.3165537265787692,0.6550951444099248,0.8770378439949725,0.6665835748163638,0.718913564662298,0.7604608494383794,0.980609011188865,0.5027796534804606,0.21865189431703813,0.1987794987506331,0.18225938469811756,0.3851227897677287,0.6935537161636017,0.5350787055417151,0.5672842309399836,0.48103425065590993,0.9839297602880027,0.6407376871244117,0.826728006344658,0.5532974434356176,0.6428726449853799,0.5394864040723699,0.15579685587207798,0.5198752537040998,0.4477302620645607,0.49768693914639867,0.40509046422985395,0.24251230305342628,0.3013744237907131,0.21722894866004058,0.43275059560919826,0.023878780384150974,0.3861480162033911,0.7080089170409534,0.612649769630407,0.5525794634008409,0.4678745701503374,0.6847676226754074,0.876889674417619,0.12348797974803374,0.43372633012492784,0.607824875558177,0.4208494755880378,0.22250481247752307,0.47572440746617295,0.6760169363828343,0.9891467280565481,0.8084851043495775,0.6225911235351592,0.5505879625565409,0.8223432109595952,0.6283520160242354,0.6488210808739201,0.3175162531026022,0.30525902466768245,0.5357132855827587,0.14305523606660564,0.32868595917704624,0.6529002272388328,0.5751200611905094,0.48042998859679065,0.042247224616651834,0.47550523985619725,0.8983506751451292,0.7540759200575273,0.1950496223695339,0.9725722522936601,0.3971020146735439
925L_TFH,0.6249443217545946,0.49112088870070425,0.4591120603714215,0.19316461344069846,0.17991095887412248,0.2762524524345436,0.288472792092899,0.36715907132492026,0.5001849840579249,0.7674674728034778,0.8523877681825878,0.5906532955481913,0.8235908948065134,0.8294001542249805,0.33554082135866736,0.23628174601189753,0.6333169462166868,0.3523929499783839,0.8059342352924324,0.4894062168869928,0.653145756179588,0.820887013184199,0.5046837133488233,0.3253197113450422,0.6114904805742313,0.19322940459207233,0.5102538110466803,0.5993795306865228,0.48180087308011516,0.6497534535174452,0.3801513532835289,0.6688849696141511,0.6821806584791172,0.8207236345531229,0.5082441940457371,0.4488711676459798,0.8249282438175595,0.4946642556020994,0.5022026194811298,0.3409515004361061,0.8729263303750804,0.6551404737229912,0.7342544423241864,0.8858684291043701,0.47169130649987323,0.8355448721139724,0.8307429459345642,0.42984993443912484,0.6953275464303896,0.8779605946599385,0.43779570156966874,0.7055083319590113,0.28525969964647657,0.8760889305365773,0.48078600772824565,0.46161053443187067,0.4744986800532574,0.30320449068196903,0.6503285914964916,0.5299529773965652,0.18519292037354956,0.521872633544762,0.4115112306854859,0.597438541459555,0.8968653083095167,0.6207848739277713,0.30025756515378477,0.31915183683040954,0.8130048003730782,0.5281941691005041,0.17227154815767756,0.1297797573208411,0.6066143832517715,0.8226684391986581,0.16185868427933792,0.700181780915972,0.5363174612288805,0.49339415722871494,0.7411200192998424,0.11928108076042218,0.4664498737293042,0.18948359657788497,0.6874315279328119,0.5034144223685484,0.6725516335050256,0.00537785528331539,0.34854130770209524,0.8186274429579705,0.5310952121640637,0.2898250030439604,0.32947274175723396,0.8762546018160684,0.4846846082237739,0.4143723344775965,0.8148481498753603,0.3120433642151496,0.4839481100792832,0.46477959042761635,0.593421210349863,0.8972522316759896,0.10441792747169196,0.5395190722517902,0.32118442286569976,0.6373283257493315,0.772191602247743,0.6597196344267896,0.25250099166630713,0.4934398012650676,0.2014640876833948,0.11462545278654854,0.15634692341688927,0.7601208650911104,0.4206309592925205,0.7192606597254139,0.5014249659358997,0.8388942642413679,0.25991764616973156,0.6882897548043654,0.6927512681365884,0.5734911099427669,0.19005859151322016,0.2731979573480891,0.44654616067797137,0.7166696550954419,0.9157249068722355,0.11737242696189269,0.46636158962923424,0.30150289902342714,0.5858921742551492,0.4308338422808441,0.7216173522939715,0.5742398537192627,0.5409868915956859,0.6880105689943745,0.504866293132066,0.45044047995067366,0.7361607614295806,0.6459993617090665,0.4693392446868687,0.5938192223925769,0.3108531372321821,0.7739670233161133,0.3223221447930685,0.3065752833121622,0.27441610623667956,0.6994121944264273,0.6715033212461314,0.19315826382486787,0.6054613291128588,0.4144668565253323,0.8759963253385465,0.13239531998018594,0.2803074965777842,0.843110165474622,0.6574874747774633,0.4960992807675735,0.5923662896568016,0.5174622696732564,0.1703046252882732,0.8900734145330215,0.4776891178578552,0.023972337448041944,0.46864788742437347,0.3468461825159755,0.7367896543653806,0.7345457236052626,0.638063800711169,0.43674012825654934,0.511984604094522,0.900310202454172,0.5935615104969685,0.3606414048429027,0.2131588644234545,0.4527049417847462,0.574180986155309,0.7164755528399486,0.31416797924054707,0.8657140594619344,0.8795730867824252,0.1824519852139781,0.5531827020654884,0.48722755863660344,0.3498966413047871,0.6628811116681388,0.6938791518056049,0.358969573663378,0.27167697144318914,0.5228580077873495,0.4532183788774842,0.6515347237824011,0.571733204671425,0.6283660030672111,0.6930223277703893,0.43720590739689325,0.705766967337589,0.7414559421296564,0.2706722968595278,0.6636871273180786,0.37880703293990753,0.2868095562154787
925L_Treg,0.8098791132633792,0.22044700346903606,0.905642985189931,0.47370148727403516,0.7928526771566965,0.7304938859917383,0.4174150061093343,0.4848978263492405,0.5633240148864657,0.24864880362090785,0.45438942499582563,0.3776911355503858,0.6955585349622097,0.3789362029918128,0.46380786476712016,0.4457798648804409,0.4495559220823544,0.5844036546531308,0.5735598748596507,0.6765736895978454,0.8825239528073111,0.7913474901570836,0.9789410752050709,0.3737058692481935,0.6855153697950364,0.571679429815725,0.638687468661831,0.6447103829005668,0.32707014812008145,0.514217303723268,0.13217975986418273,0.7316919734589004,0.2658971246213302,0.36240514065658075,0.3944858950800679,0.6441268623500013,0.7193529404539267,0.22995223471712908,0.032168589895534144,0.7124001019533398,0.8261505701033716,0.7680366705389411,0.7595026934062276,0.44313508705121646,0.735458564852369,0.8972709660288652,0.2236217477839774,0.9767546823060399,0.6657647043052101,0.4323736331073111,0.9211309812884291,0.39601569528748,0.5904449653348417,0.44798519528384234,0.20560177901250853,0.7819582591010479,0.4439019065395105,0.7594691701236018,0.6268686025906325,0.903771654351609,0.6900550207160162,0.25798006462066975,0.46673581369651224,0.23089071776431486,0.9299110140641517,0.6696633764819236,0.619979629404887,0.1541519730904264,0.3934086298165131,0.1801706326311474,0.8026189369027298,0.4132422474268056,0.5604467728319913,0.748460947855141,0.6295109358631933,0.597115039397496,0.30070760069358626,0.6350126322564074,0.1354295542388228,0.4551319476135574,0.1489318081250526,0.7118866792579158,0.5141914685783384,0.6778021548297972,0.7060155276730162,0.314657966224632,0.24914234743098201,0.8692364376069024,0.9076090202973347,0.9549140790974238,0.2082625661190005,0.5848414338268998,0.7125683629597815,0.26785763176369715,0.5508901558096577,0.4745804145116612,0.3419821263816659,0.1084372370234008,0.7129396252991881,0.48135527984636206,0.8692109163259853,0.7495651619420021,0.6867075203998558,0.4411379871844573,0.6446119491396416,0.7969652438672263,0.17752000539389254,0.5792373853008864,0.07073464736423125,0.19504045370098938,0.6696400760933775,0.3415107650413467,0.6438481065079318,0.41962762028620143,0.5968554915972537,0.7053035848828,1.0,0.2425634073006996,0.22193704137969705,0.4049279172659007,0.6240932782124395,0.5203711388751274,0.18907989359208133,0.7517000019844741,0.6020169373422682,0.9214218322399239,0.33948118071716776,0.42567806638936073,0.5533990013484352,0.3752729534837092,0.6934746511493622,0.619374709990855,0.1030614526949407,0.2885139258607972,0.3732163036516894,0.579449522519546,0.062019192011399146,0.5056551260543063,0.310191208251314,0.5083886840030443,0.6415816729492386,0.4563896743463026,0.5623727592897666,0.6337982154511728,0.4344720947032766,0.46898637777712965,0.6815618279444808,0.5419376082881124,0.4022298944544088,0.6887960328037415,0.0967164550461013,0.5533194883492469,0.327958752229508,0.14810370204080456,0.566290661241724,0.6203961912753636,0.05874539017998987,0.6747653727118552,0.14594472078339785,0.7664260742555274,0.10962051125779544,0.515106436413093,0.5202711683471148,0.7365674969438514,0.613200029261417,0.3293306894288583,0.6779417779107816,0.8146024813270881,0.31920377576159875,0.5532367634436895,0.46323083965466816,0.27620796028860084,0.5050811221584868,0.9930773659532788,0.6932489096215795,0.7316341186074556,0.31416527084715234,0.24656585369644193,0.5208965968769964,0.8506010931293182,0.4793207438019483,0.43147988811295634,0.2570287541920447,0.24356237364929514,0.6953014636001893,0.6409649603559736,0.5689089806342,0.4148940592159696,0.6392044421842885,0.8234021798638154,0.3849081735782284,0.35931712660566917,0.4547529092488773,0.39470365762556986,0.438257179368995,0.6664500994731103,0.3697788524353258,0.5973867300996508,0.8094724202333531,0.17985046921304093
925L_Th1,0.3081690783632457,0.22982211725884097,0.5298493333695707,0.7004147247136318,0.3717625907335816,0.4421953604851044,0.359174865480056,0.19583892293251975,0.6734145130917554,0.3427298704774762,0.6449489086419843,0.9167273764850262,0.5200019278050576,0.6545908739150369,0.9808205293376938,0.5838346260101711,0.09566166917412408,0.22390574830134088,0.7929046569381378,0.5811705202931812,0.8847906391055381,0.023504824153954974,0.1726904617364958,0.5991877183415786,0.2163158378214345,0.5046287336151485,0.3060097591817958,0.9168472570550256,0.4575152644868926,0.8196966922007175,0.29493247927209676,0.2595436010767661,0.67183668196331,0.6002188297431703,0.903817825558042,0.5291531851579072,0.5118030946662192,0.9371796157507086,0.595944792598647,1.0,0.8322135567029032,0.10728522999501718,1.0,0.4358164140863403,0.617679681362765,0.20679656138512673,0.5208125568612381,0.4515498278744929,0.6867678689547532,0.36697025101526176,0.4600823985739684,0.32651124456201336,0.560245193941868,0.2359036886674249,0.25299965919584755,0.9544024600916771,0.756948915950755,0.5230068859979135,0.18976796807679078,0.3464901219408376,0.6338050980334278,0.3141782846591618,0.311476383571941,0.5294979697529956,0.5355911412396452,0.3940350694662797,1.0,0.35619575681346155,0.589970471647977,0.8826282909286842,0.46582372599320715,0.21249518048444208,0.5116140333104581,0.20681757606631204,0.0181907987994692,0.6939781205818623,0.3874477936331939,0.871230705708651,0.9670515148674277,0.9145301257293164,0.5552958254218363,0.7683948987119705,0.20763000409191476,0.17141780331199152,0.5585371453667989,0.4527019504043986,0.5617023113235788,0.5128639518015238,0.8986761695549095,0.5415793954756724,0.15077094913481293,0.6637858221197667,0.3714324957542601,0.7901568901552168,0.6348405130672586,0.744484447307937,0.732814907099171,0.8219415080591729,0.1400517143802706,0.2913341469346557,0.6936301394038411,0.8083061699225719,0.3069959278212911,0.5905178795268515,0.2427513066421999,0.7056939972609635,0.5777345116354237,0.18619395252074988,0.5027446784626942,0.9477423271017311,0.1861200421053634,0.3374980399087152,0.9248880301904507,0.2815081997752515,0.5762311477079344,0.5490661451583058,0.4156597143448547,0.4703462676747246,0.710769596538736,0.33129849033894354,0.376856357387116,0.755545243995583,0.4336414258064187,0.7919708536202121,0.4454020511453338,0.5735006012260232,0.978490522749799,0.18730317896523602,0.2761664333694659,0.3520705306340936,0.4969037150351194,0.2246617144843572,0.7729366653891251,0.870884194196196,0.7200616606096785,0.6370146604126785,0.9927603073210268,0.9041720888508804,0.8164356489762218,0.9822852890832103,0.16242332997676656,0.18344295438390035,0.33967708405932656,0.10967078038951981,0.4358463153442224,0.2635960062240583,0.6669783283825423,0.6121860711112126,0.2418594187185356,0.6547766840387315,0.8658495907761337,0.6663870598990661,0.9044274068323567,0.44825479558416614,0.6298149472074949,0.506729877502416,0.8614560576139441,0.2763082990875583,0.6484181515128284,0.9553781676590627,0.6958766652932993,0.5975310960455769,0.36267318078701843,0.1413120701804258,0.11917593806324586,0.5922425854476906,0.2968699928178563,0.8736850136844369,0.5719050233872686,0.18739789941158022,0.9048008330269667,0.4617088083544379,0.7233934750782518,0.5943144151543586,0.25586127792187285,0.8080805095432659,0.5510856446949405,0.5461975860242584,0.39963804798202046,0.607936779170576,0.5213501994970199,0.30206482434695137,0.9274804504327026,0.5855943060490805,0.41037495558018355,0.1641044975352257,0.9033641256273658,0.3680376502639306,0.5039804608710876,0.6825684100430439,0.5804101185128835,0.04506923797256449,0.8338495964657853,0.47299352376396686,0.5777476697470492,0.6700379047562272,0.29134337408488187,0.38690129373288984,0.27495207722328247,0.17220831020369598
925L_Th1/Th17,0.1621060132060864,0.33844501614525224,0.2373429003249077,0.5745119248289677,0.4263819527621671,0.24908978429213308,0.14000462263759017,0.38666058487937044,0.48743076004287095,0.5295113457278673,0.3944114964599016,0.14437428603190336,0.37018199726901957,0.5086162406211635,0.8142104993428224,0.6673159521273963,0.500990930498239,0.5708488989053045,0.7185242187953257,0.616978900482591,0.7878078209116911,0.3161748488354025,0.23558237308746194,0.9084318380288514,0.5468662693672843,0.6150819607014377,0.45275915282833845,0.2496662005520974,0.7186260151155369,0.2396575376599966,0.8341770901915191,0.3149628646490943,0.4372396871176082,0.6483840701028241,0.9776063743974015,0.3036489442691146,0.21691475659588205,0.6498247763996506,0.6093000139327578,0.5124368352061911,0.9040615211575802,0.4601461598088893,0.7635131501334662,0.12207297521989414,0.5169557658398497,0.2629316838453045,0.6604684309078642,0.5141012587519246,0.6784793634775277,0.16642753540294447,0.5049408513016724,0.6722722661615077,0.45940432367282164,0.4583257796677864,0.584200312599581,0.8730297797727373,0.4581419158041837,0.7217255987694007,0.4940809719288774,0.37060002615010507,0.7524547948729428,0.5087137324927511,0.84019739134717,0.44689870860765846,0.5109301745048848,0.5603055155624196,0.21432364407480073,0.7074250888307946,0.5383748131400958,0.6688909969457046,0.7561591210790052,0.832825852024698,0.1885333648006911,0.2129634497174313,0.3351709908942739,0.6486050677661407,0.5330752095697339,0.14179007246921654,0.8317453735081518,0.4415428357415975,0.45675571049673175,0.3331826885630837,0.1868118091470607,0.27655359462482104,0.3022777170207825,0.68017651979863,0.5460670315466489,0.47682248048607995,0.6658201439095628,0.7668390056500775,0.775696495661524,0.6399979939905123,0.7519567437178398,0.7829620778575744,0.7173872859502268,0.21465159302326067,0.6685084402998962,0.48533850516922683,0.2083033159763552,0.27401274956909905,0.7824471393119213,0.43159630857939457,0.488131076995,0.3753990243883356,0.8094254533945211,0.5232448279069835,0.7883513690710696,0.8279400554122058,0.1359749546006907,0.27960240705515593,0.7615932476925904,0.16476547561802238,0.6436228332004276,0.7217604611126838,0.23720950309886657,0.5790558150355981,0.8533497421797884,0.36613220667822016,0.42143445708010585,0.04402489233760522,0.5334745124792949,0.12021019374413137,0.707683928266503,0.30606821989809574,0.7254265848976311,0.44969266962732896,0.5211523796916946,0.3901103479012609,0.3416186404925517,0.186226976222495,0.07908082804062196,0.40507591139227944,0.6415165060448612,0.5584043701150652,0.6084946849162812,0.4870121458248126,0.21116394354487933,0.6662625925563325,0.852326843884203,0.41044317623040644,0.2506181556041729,0.710222618091062,0.21895323860679794,0.6802691203816137,0.6823370633109678,0.4420824199435166,0.45567739171765587,0.7632993572650747,0.5424410993618767,0.49343240803389615,0.8716977229309003,0.7452991628584666,0.3641782474312036,0.5669016515265208,0.6480794977471509,0.31585665668541996,0.3886948278441648,0.31578205014999977,0.4530412629059269,0.37206048195522584,0.32350484537823715,0.164223402484193,0.8265658702364029,0.5371250092014745,0.8346389075100418,0.7360065877913828,0.18854821322113863,0.5202492641750275,0.669747477551843,0.5287759463376757,0.5552167241652257,0.8132262644362611,0.847270559266032,0.3981857557329666,0.36587372483620983,0.7017390939132698,0.6176671940102734,0.22919535098413682,0.6910094826348064,0.5046156885648202,0.3520018848514913,0.9454971198185109,0.839458139164846,0.855753493043106,0.6697021391494439,0.41173642904224955,0.5340333972481719,0.300508404145392,0.18545675867502284,0.8755090466833088,0.9152108441467947,0.49672058580114814,0.9039285301295201,0.34620932266454874,0.1948280905865416,0.8477534290953017,0.4780534049178482,0.6193651551906864,0.30887785847099725,0.804175442570549
925L_Th17,0.8668974057280847,0.6352727631091283,0.48881695718508394,0.5109945778815739,0.40300750546499436,0.8041381189607326,0.6587149083060722,0.4100855529167869,0.39925647916337714,0.23763529995800745,0.3449941189807824,0.16889337808870444,0.48370935363041934,0.6210246210698629,0.8887568124631838,0.9638520100889653,0.17589093038403517,0.7655053895262893,0.37101719432278896,0.4759671460691512,0.42419445765624353,0.6805381966814296,0.2375764577223055,0.7194934300188712,0.378933845416824,0.421217145722919,0.2853781004180144,0.3117724737493947,0.9213742960808697,0.44510583504684076,1.0,0.36091870269808096,0.16796257685852556,0.38538960373062886,0.47254043526308714,0.8892033199701261,0.8136833306598251,0.2758803370627607,0.28864032008006196,0.635598341555061,0.5016811986514286,0.1773895521059062,0.6355421787291946,0.4222489684384898,0.34102476106659974,0.9825253752675295,0.5271472636568444,0.9896447705325535,0.4743915735325675,0.42616448765924236,0.20238667726236936,0.4084672367662058,0.3219456436259607,0.754647174996741,0.2744723953380095,0.9867987265761053,0.17209567765440836,0.62375603858939,0.3027884546354311,0.7703376452445999,0.47503033159989183,0.6554226126853845,0.23313078790722933,0.7532314658539989,0.34820706553885494,0.24689037813072243,1.0,0.9782194668523417,0.8354926732312592,0.19205049665742668,0.3990446691043245,0.12356708366536934,0.412550417942583,0.6989438416434676,0.6881489814039139,0.481109722059003,0.27058963434359984,0.5051930170300749,0.328829430746857,0.8996400053294313,0.5854100232055102,0.4991270685323328,0.8071007373842541,0.7247058665292931,0.24625722417497448,0.4830021934010839,0.6166765957549256,0.3915339574796554,0.5993860406372084,0.7469922140660826,0.4058743193756157,0.30184823891531426,0.13330631591499997,0.6291880979157198,0.3380501962312592,0.7716034704622817,0.22290615428951813,0.5650673276164754,0.5398426919696637,0.1664555388355133,0.3928449521618041,0.5047912349305606,0.6432125649000544,0.6996517456668793,0.7658165753797536,0.28924614448357466,0.6920587049018222,0.3867799215543608,0.42148590893231447,0.27400866344598923,0.6185624821419989,0.7709599147653504,0.7355490026630797,0.4987739959949869,0.227629790522419,0.3554691769491508,0.4841813165423162,0.7521038167167454,0.5001336608589267,0.5430307793296615,0.6215175978420814,0.8957071567953803,0.19481480820336836,0.26934823067145536,0.45241138914055573,0.46382717789635686,0.6346648870267974,0.17149081555424495,0.16850774938914626,0.6859334571428808,0.41082005297332896,0.7336090507925519,0.4778780312709284,0.7198623800526935,0.49493317303325124,0.2672337646975823,0.46959718612570467,0.7188890659252443,0.4274058270914828,0.3889915496070554,0.4151146626178588,0.5740969268428637,0.7438084006651461,0.4166836709033103,0.5197437184669385,0.3372117063271076,0.6698661507544748,0.457865912311918,0.8082960417118915,0.9477355099235646,0.35069189699156933,0.4777827846223718,0.5883187633500173,0.7479233220020234,0.22670573226691104,0.6631483195978114,0.6704909404686461,0.2677681635806939,0.5606206835266804,0.35818176346456493,0.5455267279232612,0.7845498367017606,0.7330918056462672,0.6126828666085374,1.0,0.6860277033503347,0.3664012666445277,0.22140242539553445,0.5509420281178427,0.301177576923788,0.47931380969040704,0.8692221993145918,0.7280583418122769,0.46433853732640146,0.3279218876555361,0.49785826849323994,0.3143590711360978,0.13047345353449186,0.36680058518996916,0.39636849649135975,0.7662730482745097,0.8566463528278764,0.18553851223128948,1.0,0.15077281405992404,0.3196122226333432,0.5872297103425136,0.5259134174848995,0.4958403055598188,0.9244185056970308,0.17963141779494787,0.1765590329504547,0.29729248638711553,0.7174143534580366,0.3565325169552628,0.1063771326406503,0.5624566410262563,0.6552625723923416,0.2922542652185763,0.24033773892163438
925L_Th2,0.5340173156806204,0.4990960573730653,0.18746732819414813,0.6918502951424468,0.4697966752543664,0.2932771932288468,0.7430865917847415,0.7507925908252165,0.5331100307332908,0.16054549983121505,0.7749923934800934,0.8573915397929092,0.6750719322071629,0.5884268480811138,0.26747570647271235,0.4405058639089335,0.14562488231948806,0.5993579207296821,0.6562012984394663,0.3805288919487888,0.5352640296893538,0.5543786187816965,0.6373507387547191,0.3494929812001181,0.07142105119971667,0.5016789557031668,0.5512454702452063,0.5800307547022246,0.12324228220738159,0.732409819756435,0.7088107394500132,0.46357623656115304,0.3301487033584112,0.5634066202124366,0.5529992782589545,0.029275149127832484,0.6123317530983367,0.18566521390009894,0.4439987267511928,0.5677468739924542,0.7489177608515916,0.184378161196732,0.31780356472024135,0.3933331980235441,0.61613566461184,0.7700908612005183,0.17440920689132727,0.6268080121617416,0.13474935470391747,0.4371057636515606,0.44622867897606916,0.49558962681364177,0.33400044382269095,0.2705285173365414,0.08540280632192111,0.39148818283161674,0.21707678933227725,0.404097043402419,0.4693211604750153,0.6031888796191623,0.6399074835596835,0.689627518003772,0.5085572782551117,0.7669514490870321,0.47926983955155056,0.5199771501443162,0.26099764075230364,0.5251697397229762,0.3844224240619489,0.7802696843288589,0.8252796070980986,0.3655625080541071,0.47631207135777603,0.45508037765234477,0.42766469473278035,0.45908744176253913,0.5108415090058733,0.30177229078979223,0.7500132351372228,0.31173449852103186,0.22449459455758616,0.6211675968271131,0.8654728331260124,0.623826984620946,0.24546661195210148,0.6213883402917529,0.5165571504266271,0.45258556854192283,0.04261237627755105,0.2745346601876,0.23590454235085068,0.5355944564128235,0.6424040651270885,0.24518195206963447,0.39076560331181054,0.6372643331241027,0.880733438349521,0.42651918850911946,0.7207926275031685,0.3650600075156297,0.0494385674477184,0.3957855908437554,0.7308406588951507,0.4368800669941214,0.5077884503444892,0.5469362154183478,0.4305286333848047,0.7351954389578008,0.23029480414635567,0.6481155067427351,0.8804090299538364,0.5337717010526509,0.6201909443481988,0.406625226636013,0.6243828424023378,0.7307863895866243,0.8662876164882545,0.18111307622985304,0.57380256688447,0.20983693492912517,0.7320845251028029,0.7347226602697831,0.6164558163546712,0.5814293395881365,0.46951489672823504,0.8555462959305049,0.2312489099821071,0.4535608308867446,0.6116951345204826,0.5915576177878925,0.8780266566305283,0.37289180686763523,0.41895265460918296,0.43482803134362424,0.45994777578692825,0.7395962691364218,0.8118940261473789,0.7170553192452797,0.7054298536999701,0.29608065908248826,0.7230469571672736,0.4946464231420276,0.3486901552473322,0.2621201987639986,0.18611871537249886,0.45040773186874095,0.3886517933272267,0.3021608442833065,0.4907288443230951,0.06421268902941399,0.23801126500607278,0.20625099447932593,0.5754082945662364,0.6577476220355594,0.441536900990125,0.6606718129616476,0.5769946815445158,0.5481106902891434,0.27820107972357194,0.11642074464127468,0.6322823169831199,0.5813247646662384,0.3547029753631359,0.3786881528916914,0.4995015059668092,0.7744663333878127,0.8143230085277979,0.2513565709078052,0.2517008411505797,0.5409942020274007,0.6132137096134821,0.608800982220075,0.7934637934250542,0.9253774399903827,0.12216170224163128,0.48551751145398786,0.12319054299364386,0.27947463479094753,0.261655222083287,0.6920378929595257,0.6168735866410707,0.33982386988354085,0.36258391244035965,0.5181346490424125,0.5423487253119618,0.16322782656652135,0.4533906343009754,0.2107214597337545,0.6516583068962153,0.7165959045445016,0.5400490522142816,0.2527189434830446,0.6435139774321489,0.38066513651471606,0.10306842642513078,0.2635453978591238,0.6782812416482348,0.37310829428952313,0.30977398657408173,0.5847890946053788
925L_CD4_naive,0.7390190618562388,0.7874715561589968,0.2645651106645889,0.33854538391428085,0.449777060087379,0.7790880197858975,0.6734760632284575,0.38338511860718444,0.38578841471073627,0.7684124575928332,0.49902776225058326,0.5022388078278269,0.5561872301003246,0.9228543415816816,0.6777312179093995,0.46999083971308075,0.13573698953923005,0.15085943482636743,0.316882284928968,0.12355034496286707,0.3822914466683054,0.45341995153919173,0.45483504966098415,0.5947652369091849,0.3709326652873631,0.2686446126262054,0.6021817122412749,0.10860379328396812,0.8456168717348124,0.15926912529065113,0.6043506772904278,0.6970778433737634,0.7242179124029227,0.4480748293727821,0.44264200792290004,0.36595913468835245,0.05401615802249449,0.7166297109248411,0.49256045190410913,0.6875375599655646,0.3222234876402859,0.39418918182913054,0.38339082345516,0.34867321588095523,0.7223408049501261,0.4213462243824936,0.7583965747866465,0.34587365040075724,0.722240000974017,0.49830281749763244,0.7108805509043447,0.1601457582410137,0.43936083279193217,0.3862948251849505,0.5241981856860719,0.3724374910621724,0.6956354318638175,0.23843343901255,0.7186364550959138,0.7120689965079304,0.15672533789775359,0.3424752221407813,0.8310435915581502,0.2811080280555328,0.40730410075251533,0.1689553679751093,0.7299586257625688,0.7020119396484947,0.4306850973808009,0.760257410882503,0.5138041659590384,0.7858202361034309,0.3962710710702377,0.45630153199009377,0.677175871820346,0.5936606939289953,0.3759977971387719,0.8920418191998547,0.3834778981933558,0.8974654541698875,0.721001996874655,0.564113836341615,0.7179901744128642,0.6780573584669094,0.5787048349974905,0.4013535009684892,0.63854325210575,0.8404231140415657,0.2975564881043076,0.7410612438451708,0.335276667535028,0.4725488740005372,0.9724300960129713,0.7891496635898231,0.20481443531414792,0.6579165778071413,0.15920245245743705,0.8072807478825292,0.8165452276382823,0.7382552204711276,0.5032563205852796,0.2820577892217952,0.4232673637570168,0.605902427786078,0.20927536390981416,0.4257608223760655,0.772742411310396,0.1185701608606497,0.3767774486328205,0.5004521802218773,0.4209205887525307,0.07041909656313029,0.6449720077592777,0.6188035119541806,0.7450940128392443,0.8287356717606906,0.7601853208811737,0.8757604606442494,0.5019673607030551,0.8810742632368435,0.680433239295948,0.5451291751450039,0.6086274168308589,0.2881629606925657,0.8138235014107926,0.7944104534327959,0.3982317974600937,0.24166638153071243,0.6149802103914558,0.2266757404775927,0.5237292122244986,0.6782865920940647,0.815927767892612,0.2796133790120491,0.5397222464766706,0.41009352578021546,0.9035536052923796,0.8777346187086431,0.20556975399704833,0.262434474755034,0.5299910461054663,0.7714662331041142,0.728426362896557,0.725166902676069,0.7699384552762532,0.6679375414054772,0.42417771951596445,0.756689870933045,0.8623642152468686,0.6064474625580071,0.6378853608505092,0.22819145970169147,0.24749016440085225,0.8165587838940375,0.31394557325231404,0.6408691864440279,0.3205903617483945,0.10432260738146164,0.07952592304461971,0.7164370248616144,0.3863466820752851,0.46765679735879523,0.553675523053237,0.8385932718990983,0.6078320237356533,0.469242079197752,0.559319257051649,0.2128405657978031,0.7694227607580835,0.31689545241289224,0.12322377697189392,0.7089937112886718,0.9603560544221552,0.5534432589863129,0.09736916071762138,0.5247420091243306,0.6066527445350384,0.41566075867352303,0.7459835640818612,0.8872633197992226,0.5731219901834125,0.3103439758631684,0.4651923059943084,0.7228189554147834,0.3736755070112658,0.675357680037069,0.019478262377117073,0.3425222639747898,0.46405530860865307,0.31965449807991025,0.42832500475447044,0.5364237395373245,0.21082503602394412,0.2712332922888389,0.911717726143437,0.35847022041340204,0.19542363584566663,0.757137718645668,0.6039783232397925,0.6957323012263034
925L_CD4_TE,0.62518808497461,0.7275425336749942,0.9146494978987307,0.566344908825148,0.8039335327244777,0.9223018695537074,0.7130052840915468,0.19226126836469828,0.7387834320839706,0.4070242272356368,0.6106430745039677,0.5858677170747867,0.3660781083888286,0.5990804707342678,0.6512701459510833,0.34608375632699273,0.5058545836417949,0.7550502601417336,0.47672896568714695,0.9246659584546265,1.0,0.7234896764434482,0.07659429054794009,0.5634753576128674,0.45410780986245686,0.7523790942577867,0.4848089871200361,0.7803987265997661,0.7596746728015057,0.2515982504849243,0.4710218880370084,0.7565470077565931,0.3911868460694961,0.8754809099869584,0.43887706432871154,0.3997443761430043,0.48895991874431666,0.5541193187777904,0.6480420147663388,0.7566845480994614,0.5889853027655714,0.8097977037380403,0.21330799718152893,0.4338527426159206,0.4344211755259898,0.44402253997725427,0.7267235868965077,0.14051953785466353,0.3799770814680685,0.7313437102348394,0.9533992396513621,0.42289323731024875,0.6958762396761073,0.164537169060691,0.60290413966893,0.6158308237857324,0.43184966591718565,0.5215611863824371,0.5254609377170096,0.5994221843381605,0.8444849262654062,0.788021872178713,0.8168763482792079,0.3351654613502691,0.975194291373169,0.8222539242207425,0.6235748079729109,0.3310222035963897,0.2867518245880801,0.5526999748368449,0.3161983993308841,0.553258714805832,0.4092215199351537,0.23182973670109067,0.18176463848101737,0.46477633065369206,0.3526541464460806,0.4674460140903539,0.24604801250719766,0.3650898519628565,0.6492467908764831,0.5295981864903597,0.9919420663151922,0.6243420205796183,0.187932337458948,0.6379061774018824,0.8868316188467235,0.6002678667355047,0.5048295182868918,0.8736407130333574,0.6956898165792913,0.888274998243691,0.3511236472452894,0.5324021597377083,0.17563447500888643,0.3033309830365019,0.47043185875370547,0.3105367483946262,0.046752117019119147,0.305599506808902,0.7844246700358244,0.41676311873148497,0.13848422447944653,0.648694889881895,0.2983199391584752,0.8623527276689746,0.19045301830692182,0.23481558647224338,0.5276513126100808,0.06902335346796581,0.7790068665353898,0.5316699112863568,0.749565420749015,0.4403820972248733,0.4907054943003303,0.784110821895664,0.2934832334702718,0.40434146788129355,1.0,0.7397232174112313,0.3245744735347289,0.9839220187829518,0.15217517982954024,0.11258253140254101,0.4187697913156347,0.7842408134637325,0.9726374805366058,0.5499470771223084,0.6875996288758562,0.6860343209370962,0.813943222980728,0.6865913303712398,0.5762263689488032,0.6928437583061966,0.5296473128767821,0.5404239236835664,0.5496753279696147,0.18014658365915773,0.27914198251651673,0.6585610782345621,0.7968002654661824,0.515526602967599,0.4465310858627563,0.25799274960955954,0.22732896878924597,0.36087739634521254,0.2797253490084636,0.37634298694970175,0.35326885016325427,0.31281624945079994,0.5237794407548738,0.7046130356895249,0.3641594167014729,0.6731203920488478,0.6660902974512771,0.9792540689353766,0.40468070197568284,0.6035510459695951,0.3408529621696205,0.4220901917883747,0.3910106995365592,0.5887280227901807,0.3356525469679969,0.8991474229085714,0.8454226040032918,0.1701792618641068,0.6568067142614397,0.4698914904259003,0.6588514513849343,0.47110828757592127,0.24172552468009467,0.429739691285041,0.9180033981096625,0.5078642986814201,0.5607911845970216,0.10240176121225865,0.6798841781527851,0.6773818102256705,0.06624927522593366,0.4561485620025095,0.8467570018956334,0.39542234111014724,0.4867955313759373,0.597101679147543,0.5392520054159521,0.27766298613449436,0.3966895659317072,0.37687145966543256,0.5050632216878373,0.4718920094398459,0.3031031602651599,0.8168464398431244,0.6351118319342942,0.7392517157253276,0.47236378837002013,0.42968429343882664,0.6573468080557621,0.24940185031878895,0.7038786309837267,0.6252517756177329
925L_Progenitor,0.3665493143411058,0.3385812194075389,0.6415334176474189,0.3002854921879947,0.7477973448231827,0.523964084933086,0.8949084083077855,0.42101657114542385,0.8281137097781187,0.16626475383521666,0.31823663538162905,0.08434364733437609,0.342011746059097,0.48141313836730715,0.5294680508300499,0.7183728357297621,0.8025203927381792,0.7603043708980276,0.3606440343194638,0.47794295429050304,0.6563422121835627,0.8127438572089992,0.28278059183108467,0.7913865006611099,0.3706013478660934,0.9389191027580096,0.7768055431224112,0.9180088950664045,0.41290674459840593,0.604298096322871,0.6283813840553935,0.8681890081564293,0.5611776527435579,0.8755392672257399,0.3045820027907136,0.47056497090834876,0.5763553333121886,0.5401970583926916,0.1869892072969758,0.3389747824271403,0.38546763796265593,0.7183934945526301,0.5257421283438523,0.7241431736122534,0.3558908477459615,0.8088498950263214,0.27518766344561046,0.9011644908198594,1.0,0.8892012058392073,0.3294620225886273,0.6511549925092014,0.9202310137166618,0.5726972543435772,1.0,0.595001503021566,0.9470739328181175,0.4368101819137735,0.8363285552107832,0.4064471077455999,0.5789320516088587,0.8470990051889004,0.062138039401049054,0.3598987798934116,0.21150548673822614,1.0,0.3347634999617954,1.0,0.22849586016068876,0.11539320052437733,0.36877962270862086,0.5170832716133085,0.9543001909687541,0.36506310449039603,0.9349060900366014,0.8822723936213527,0.5079455210591549,0.7396702917713263,0.4177473483607057,0.45193711975386847,0.8262774515880137,0.46271322571246826,0.840084841093182,0.6955857334890554,0.890969918388891,0.6708479924690026,0.885565060307058,0.5244919068467837,0.9607325887749367,0.344969491178009,0.7808332243766496,0.17812752215213867,0.8088889664628329,0.8541935587811559,1.0,0.7419602648647933,0.3438168291236319,0.7042840912347736,0.3489548008936847,0.3883782907460409,0.554845759471906,0.03811683528880974,0.9542312327800812,0.6492157165689719,0.3330672599498429,0.46171339393839783,0.5724006477313496,0.3788591836962807,0.35316521840570786,0.5495858589624564,0.9559680098669104,0.9235173801011074,0.7275360058247505,0.30849948152701434,0.49422300183310025,0.7914010453958654,0.34499903913558266,0.7757269795153601,0.1066370312930883,0.6888309446120828,0.9801458295677996,0.9280949462657377,0.955152192061715,0.7884390362762116,0.6472514227095207,1.0,0.3591454415646898,0.725326256910368,0.8322520908160081,0.41746356223268327,0.554297588755065,0.584518270313739,0.9178099929472259,0.5382285609208097,0.5119825657046285,0.8366526077089719,0.9589136459691854,1.0,0.29680896675076285,0.8293351381125742,0.2245833534966264,0.9321628733251812,1.0,0.8863977858900526,0.5509335172395976,0.8026592604831437,1.0,0.5237533030200728,0.9164880627029922,0.2869419122218062,0.4622708199630417,0.11996601194859469,0.9268997064177935,1.0,0.23664682662104325,0.25490775720180076,0.20846427271422885,0.2967675088698651,0.4995976914771281,0.611942572873769,0.3595100779406918,0.3979716611722207,0.704172088686124,0.9812245456063199,1.0,0.28203095001310385,0.9388121492362964,0.543690759502231,0.1220672954779318,0.35155355675189925,0.2745247923328891,0.5321310744316498,0.8742194937959441,0.9010048000263285,0.18465556899020377,0.20237701839179045,1.0,0.07768435875135583,0.6516913209166147,0.071809584587533,0.2528733686564548,1.0,0.7940730005241347,0.14528878291869954,0.45966896375962435,0.2878231088791562,0.8355856914047735,0.4729776620114433,0.5845335814023873,0.695175018577125,0.9778485155708913,0.8487346146172776,0.9960762310207252,0.3287928543814259,0.15413524898319247,0.6539315730043539,1.0,0.8005627802175461,0.8273919985727526,0.7151302184086676
925L_B_naive,0.2598722222554061,0.6368458203659444,0.04114146042909634,0.7698548658439585,0.7130810996172745,0.5144515671187632,0.6736637667332982,0.29397404637998953,0.49554205487604935,0.6371376395163513,0.8009749547540826,0.30279167735013,0.34994713746107114,0.48512113021818803,0.6135889030386704,0.39622909205248796,0.627454480201527,0.8479887095991393,0.2257080727705046,0.7520730083472569,0.18757562433196928,0.6923195052666896,0.3650838234416456,0.6555032251474882,0.3080042651264886,0.4141641979110424,0.5394319444301239,0.2647378463035863,0.2594442891668313,0.6863994445974666,0.6387022495057562,0.3132931087239131,0.34705817600366623,0.5645958754456509,0.6238188765369367,0.3935594223754397,0.43711434359749834,0.6960169067904424,0.32992609631407055,0.3332935759316876,0.39849941881788375,0.729361813141482,0.5049401013412744,0.33285278299890597,0.08115879518313879,0.545810532040709,0.7162469633575008,0.33822260757067835,0.3963910553004374,0.721586638072835,0.3235200792598877,0.7248050656779842,0.18100355078926075,0.10207485025626019,0.4219350416074786,0.6747587307492389,0.8589928428701822,0.09916135797541827,0.22688292438631036,0.32712971209285746,0.5760838919319363,0.9482712910268533,0.5145703545537264,0.5927119545929453,0.7007456954790452,0.7321152956517823,0.6418550691395664,0.6954717517039259,0.6336556492525258,0.03958600428346992,0.48531260720178004,0.6396383949149399,0.7224876131851846,0.6737011134323887,0.3116178058450449,0.443396320328576,0.1527409019697664,0.14410369274612242,0.6508160389370315,0.4234792634130752,0.898219311477078,0.27527418755420774,0.1555639779500702,0.80664740889645,0.4372869702870997,0.43184128991676707,0.04561598474782156,0.6506715151336883,0.3839175515962397,0.22092831640688776,0.4956444586488362,0.7351353398597879,0.44716745782653167,0.6125296237669503,0.6489756012503882,0.0874955543121004,0.1701724688426464,0.28883428473886935,0.21451533970715098,0.4882497459513831,0.712285078519736,0.555175364546348,0.6211656385039234,0.5936958501596268,0.5155692296230807,0.35433126728147646,0.20192585883496422,0.36245529932241854,0.7762893425413337,0.3207253820286885,0.08584331300489663,0.634418875907354,0.09433598584516358,0.37387969467632903,0.3897752751115223,0.41207388785944604,0.24740887780929466,0.4020073015949448,0.4663817343328744,0.07991578477888053,0.18911740387931944,0.6491033391139543,0.4613173038113582,0.5907338619452971,0.3775910436448308,0.8914492694632086,0.2690024229325707,0.9295791662631206,0.21619578892194719,0.6390189026446262,0.7132696756998168,0.6170426498414323,0.5980669053298846,0.14494728412450184,0.5595664163285702,0.24318435392669632,0.4458021790882246,0.46517382945321034,0.7428964563262757,0.2260865117393598,0.0930805062079217,0.7362881177330919,0.802916916881673,0.7187856732003362,0.6032119161413123,0.6926737451396796,0.6210610158011487,0.8088190365227443,0.6907268114011528,0.2664310845832897,0.4965404733038981,0.9013861825170613,0.4054911871961293,0.6223307214953467,0.39188787221556337,0.7976944953014772,0.32304846714197094,0.4796933128533344,0.06246856293133195,0.15588391851543934,0.9470717522525015,0.6827954177254238,0.3475829767362681,0.3536339916398486,0.5472384930161102,0.7275295417609238,0.0843165726001285,0.5374943732167666,0.31945341679396433,0.8200638098133483,0.18337691046551158,0.3751525087833388,0.2463030401378748,0.5772925974843193,0.11642152473904023,0.4924492454431789,0.3547371549156075,0.4805330042469262,0.3705590355410211,0.30518079217877714,0.3180963659087631,0.3976919957302905,0.3744691783042279,0.14390072896649728,0.30799440574399883,0.15134172002092502,0.18239009063967992,0.808986292940487,0.34226900684953,0.5440610050092881,0.3995139544712566,0.05956716100298835,0.20668580372329515,0.4918312936839116,0.21193613240493642,0.38679862371021634,0.5629623766607198,0.8604093680993513,0.48111394157849685,0.5821884276445689
925L_B_NSM,0.48944508430149836,0.5122923972702185,0.3521619966173463,0.8602642063601966,0.31081193636025506,0.4050206153665254,0.7315231264369849,0.35526255309440086,0.6187551865577717,0.8229789120868563,0.6070073616558277,0.2540158435617722,0.651921244769698,0.22663914508637956,0.2777696124864093,0.45786346146117934,0.030755532276208586,0.8734120823907235,0.43578262390988143,0.5973110203671371,0.541902526912958,0.7677722406251306,0.7089934127064059,0.25937686404428917,0.764990121761138,0.843768899718734,0.3779900769278446,0.7962391001385625,0.40365707935044615,0.5682819499218483,0.16690329686405808,0.8769640495446905,0.10850349795120112,0.19211502914955816,0.47507213086715805,0.3357901123659597,0.4715562856564048,0.2150313339493859,0.7657098521242106,0.3297566902070765,0.6278905324047603,0.5663894924331744,0.8575769525262152,0.6958880613799736,0.3290514506531553,0.40989854333573456,0.3676488775850672,0.39478144793211184,0.5748844832810022,0.31100757819430636,0.8540218368117423,0.020856480637906245,0.18735368125619714,0.4493653087661661,0.6630724668860584,0.23223319857187188,0.8653735545513956,0.5153243283373473,0.6087341900999846,0.3967556258536563,0.061851161436753115,0.16798666741534418,0.4548598035337445,0.3005039454792564,0.5012100937600993,0.5737407447165523,0.49151201053756105,0.23428564237092134,0.4404299035601352,0.4020976647143531,0.24436991985134776,0.5700397170558913,0.4629953215999989,0.576081813892864,0.3729347694628891,0.2478380663896663,0.6637498129113936,0.5983096159339212,0.5802796362376883,0.521761148597307,0.6981080498486371,0.744601421097933,0.33565069106822276,0.7744648415208101,0.689429301321252,0.5911596213186915,0.45936384521400475,0.9326035540192511,0.8076848140924948,0.7999319270456479,0.5876429884905737,0.7169780952571038,0.753603952370948,0.4503730664407132,0.42945593992793885,0.1760697730500702,0.3779517677587568,0.5954841452858826,0.43717649787275153,0.28675932859689407,0.7212708697002298,0.5980211966068029,0.3728415457736188,0.3485140498953974,0.2929154991188186,0.47658470699335986,0.8004979652822852,0.41348710482157097,0.4154174426453805,0.5074032334091897,0.35062424586356894,0.3682761247890714,0.3185865311840649,0.3748037812398936,0.39722299948431555,0.1738922197291469,0.5074130866396437,0.8868432312947213,0.6201669465688155,0.4268968611242972,0.5486685339179155,0.34565537424981063,0.17015379694600552,0.5952725419320583,0.5091674788967869,0.1262535169886899,0.6178542730262069,0.8239963690729595,0.5768269406425632,0.45692830464613293,0.7265691325848511,0.7793596915822945,0.15871072095534638,0.34307832156507984,0.35126112991666236,0.628466602179065,0.17961116123953677,0.3530555350697908,0.6043441980423486,0.21913586509264601,0.6826046969296647,0.20835919615877851,0.9237233369704877,0.0958840000492523,0.7585066685138822,0.11380194456974048,0.6547981800899862,0.6375895319501134,0.31484626098620344,0.23343099340015414,0.413103853942717,0.45504434797175997,0.6362471825562096,0.11521620149047396,0.7070257152989413,0.32738190593911387,0.19495668357345733,0.20305806888087036,0.6154373925307092,0.1271589563763791,0.9561522399036442,0.8445687435832235,0.5119491472249065,0.16325834134836834,0.2845942238419846,0.7928587473026617,0.494248018498208,0.7489162777307808,0.7342620747578475,0.6355515383429929,0.7693054912665722,0.4757901249951721,0.6672603975776109,0.5198087040035556,0.6409894967912294,0.44738328738590477,0.4914279967188433,0.685745659625665,0.267594839962443,0.32494116840717374,0.056579762990775835,0.5184192656298757,0.6700433063415697,0.1621169570959138,0.4386235709473076,0.6704571413256096,0.36818685547495555,0.07547459301974657,0.39690122573544134,0.35089209636872903,0.1901221356173934,0.6477282217770594,0.28245598651249176,0.7449978772027522,0.39194277721491994,0.5588491255396422,0.5219661384294345,0.10018609091217048,0.2421668628545135,0.41462250671281325
925L_B_Ex,0.2205178500473408,0.4599625326445335,0.5135224335605617,0.2796423042789482,0.513593596563463,0.26667260875728743,0.5627653618311118,0.659486181923119,0.2954525506387874,0.4039890592169686,0.42361479846482214,0.5108862344924268,0.4913642353421914,0.17250742521606208,0.11739149089267661,0.9115176115317909,0.4852217279101526,0.4634048199881585,0.47738534951859724,0.5143139218079351,0.13976082887588132,0.34570260680695675,0.3295198060255609,0.10403424713434177,0.622326804125841,0.6477891215916481,0.5671252369574348,0.41906211018757655,0.1518767482552163,0.7174555300093512,0.13325021659584887,0.29622127600316184,0.7808545123600363,0.393948976580345,0.20916216608686183,0.6037918148622661,0.881204968969241,0.4500001607116652,0.8001877770434482,0.5077242992842157,0.5597281679241318,0.48569940097328673,0.8736644970209697,0.03741720880713244,0.6561216932464643,0.04995339768268124,0.4960466854087341,0.387109299171904,0.4596612717631747,0.25382203900693695,0.5909852830423801,0.21034363210580087,0.32206131486686507,0.21335959571620883,0.704663930235159,0.24242163894282795,0.8829940110863818,0.2859873226890361,0.3150064826748832,0.6270154082327173,0.5986794824346495,0.6904196310532019,0.7090570265651315,0.2190327870972865,0.5251392658054754,0.5516950412010286,0.18054740631745253,0.3212270357220749,0.18172085162739468,0.4371416383814765,0.10295561806534954,0.1680136994586934,0.5328400935286414,0.2501485827056468,0.14226228243504405,0.605517340803497,0.52703849317796,0.5511331372891871,0.32569189663222325,0.4200945544868568,0.20900995129969543,0.6573655823438816,0.6659506124349098,0.48310655554554954,0.6809557440605217,0.20251190740642325,0.8980963633036021,0.46410300073238725,0.3433417080586594,0.37166601888920986,0.6705603936258356,0.7038391048243354,0.48141018347855075,0.32355693887608966,0.27008030379826753,0.6207448587084097,0.6199997966022255,0.6199958961829574,0.5815738014161237,0.3762517868033262,0.35117103156172674,0.718165459051578,0.5477259252691745,0.6183688931027268,0.45992316647531983,0.547761814550386,0.8066291785015719,0.23382961515085998,0.17098723817542502,0.5216865992255236,0.5868945894294954,0.5733822968825079,0.5387870823392195,0.5513446553869441,0.5131057075802808,0.6647573941467694,0.7108937785680621,0.38221681208880803,0.7529515719274585,0.288065562692354,0.41771038909109137,0.39235525958119766,0.189313457370284,0.2549422861574766,0.6482985405968479,0.6181740820825177,0.28834228408281526,0.6442317975739151,0.1903923951087789,0.6451545268310617,0.5796684561495012,0.7659926095476044,0.6127311354909758,0.3728014620237134,0.5186824762732608,0.11014189747726688,0.4308622667575301,0.36372068865593277,0.6587028784722543,0.3668060591437525,0.6054512123601777,0.5205610486218133,0.49736498791946365,0.8629646393390986,0.5968857576397096,0.530012827651358,0.08001174444965901,0.22720308725337865,0.3501164611861073,0.31691584531041234,0.531303531023574,0.21308072620340016,0.42936748928021734,0.51561143051268,0.5799011496774523,0.646026259722427,0.18421154947716156,0.4793823217517587,0.27711472226560496,0.357700375651723,0.5079189325052882,0.8023520476975866,0.28822487055484963,0.6188442857045787,0.6444076970543366,0.6170771119385816,0.011510217680073681,0.4697472263681901,0.1336596371006766,0.11948805060641558,0.2849274918025698,0.13830106128518052,0.6098464217454763,0.6040880627515159,0.7748886599316612,0.5027625929157178,0.395627181565989,0.33298453750534635,0.5307655187890373,0.6425464620962547,0.5715074326166165,0.6431220485265325,0.139145008679579,0.6190644578783375,0.44148874699222246,0.39696300961448383,0.5837239103902202,0.8004118363820844,0.6251880936173421,0.767464168778554,0.6017835151900305,0.7877830597776535,0.6822932165517046,0.48577526856481684,0.5972058348104399,0.4150418864608894,0.1247570008660184,0.5798607135991228,0.13896226396425954,0.4456408260278559
925L_B_SM,0.44678711457751713,0.7381412008487178,0.2695774924606951,0.36542696881219056,0.4171925530036131,0.5443061790226364,0.40947117548515927,0.1805497632439651,0.8454106168366945,0.6089876570447946,0.5253802488715442,0.3660739320013687,0.47911632725268133,0.488357133016043,0.3073603758705605,0.5139574319931935,0.6926085799715425,0.9315692677919999,0.8136381753496739,0.19493755347640093,0.1954186274070612,0.6124865949423027,0.8863937345858655,0.2850147887819983,0.45951915670146076,0.4517741111393536,0.09162227434207204,0.7533495066054132,0.8079849290488593,0.24903388360644924,0.3659902939758378,0.6117437208085924,0.8894270246457594,0.6045045833281254,0.1671433561851318,0.7280762601240065,0.20122238592102235,0.3149937795530746,0.6837174656487321,0.14359748137235803,0.6456727610284568,0.34526807731460524,0.4283334224320908,0.4294914381304508,0.37340051879682273,0.22195158718756483,0.5920831909644337,0.5284688693857753,0.7294717591294816,0.1733079618505873,0.8591914395618987,0.8024435029154596,0.16943655295939813,0.4008436255700179,0.37564696842126233,0.13353350234865116,0.5167477995748713,0.5323619337828897,0.17030568252350603,0.45867457494872127,0.9565141853888713,0.2587105354823502,0.6115875930635754,0.6555863859909532,0.6372070677975121,0.04195607441311245,0.781740963250614,0.5880237936335094,0.07549389111206838,0.1306969507224624,0.5024160410049494,0.6380421439096312,0.5680888095911897,0.7685607405322687,0.1121590970479848,0.5812262699618854,0.4940795313236188,0.40651880743795893,0.7106211087658694,0.5569671107061883,0.6097566833321111,0.5222828565468519,0.6567064131970487,0.22526426325948481,0.7603914250467019,0.8449193681022005,0.09465593288937274,0.4540790280535146,0.5362693541446266,0.3357639558596121,0.58235081914314,0.5040639385794109,0.8992198867315191,0.26907505848640195,0.49610396375855614,0.512869599867716,0.9608111385314907,0.5981352696592995,0.08308137932634548,0.4324213772495185,0.33738104365341437,0.7946715055603214,0.3517996644390112,0.7818798195861102,0.5440351233471015,0.7277899382873073,0.4823494052032899,0.4392490278344539,0.7453712304245173,0.4051875409987364,0.6192692961713762,0.36791411224421033,0.41375618319423735,0.2060622179883155,0.17071763666479997,0.05712270225474113,0.46442508472897887,0.44311673603051327,0.22992265403907255,0.8046198849588686,0.12573757902637234,0.43769853114540724,0.6552400566506547,0.6365072832167591,0.2866705462272575,0.14810664376457822,0.8954161324858546,0.26982890887071054,0.11041196912434154,0.8453424310498616,0.8763270935536214,0.8126853339463397,0.3675649219250446,0.7283636156790064,0.9298408048827003,0.675089505208518,0.5907664692453519,0.5923848939343961,0.8546919544485683,0.4876388209044176,0.6678841384024491,0.7212661422560781,0.6867191529453152,0.12049980537699664,0.8612909088679114,0.6635079608406834,0.46556885674660003,0.2871001421500931,0.7202390865525922,0.5761487112102507,0.4523405607371887,0.38276689583071316,0.7934936235611002,0.7391272803316453,0.5717449010943544,0.48111525079963824,0.6438686357239886,0.23040024787109617,0.6391021679443704,0.536122059659103,0.5512146861392748,0.6909411357768376,0.5365191993110343,0.2774708600317697,0.3795727858549427,0.5166280421917026,0.6802634077735034,0.7985576000291916,0.33744672495325573,0.8041923967477647,0.857559981657021,0.2834855280488107,0.6893577472023785,0.22843058267576863,0.31916775067769687,0.5791850314714028,0.4265959870378576,0.18152329276335005,0.8935623856981255,0.318644307740088,0.5469547872164044,0.1669015794008775,0.25487215199434526,0.13836498872671119,0.42161336975577046,0.2396753984156787,0.7408881485244246,0.5061753558293616,0.43620863097722384,0.34591068912435785,0.7054626730600292,0.3727668391974857,0.36032743792664473,0.45925813920113134,0.5484437828354907,0.26498950169122054,0.6464542225422272,0.7518724372795156,0.1837318142883356,0.49253799605008475
925L_Plasmablasts,0.3981306717162731,0.5491706189536855,0.455120071428813,0.3114273693849021,0.2718766686793084,0.40088320728961546,0.035888175543618346,0.22010364368264684,0.0756683326939977,0.3733318752131446,0.11795090725617492,0.41569864461258754,0.17459252845030632,0.43944113098462745,0.3878111552699066,0.2758867123597127,0.5003299683757462,0.08380470815300285,0.458593690602418,0.17475809950465968,0.2537560391742612,0.2565894821761954,0.29969947697324106,0.19837151612888074,0.25599688590450814,0.16215589602930686,0.07732346724080565,0.38101464322441686,0.4562926563070112,0.38060302948786146,0.09016687918232609,0.2161867933197947,0.28334096185524504,0.08994731095941891,0.33108402740274284,0.22898166605443318,0.22013811829124486,0.05369756291246021,0.2887376597022706,0.28558988085547177,0.2231610760091464,0.32598821157043917,0.40001764511366766,0.14966203306244721,0.13382073037798797,0.35509935125303854,0.19611197566837404,0.23999379848402497,0.45185250258723314,0.3607998057394207,0.1540035653364942,0.21102197143304793,0.28733995651350697,0.2947698433630807,0.1348512817334205,0.370739554402354,0.38877870385278235,0.3383350995676888,0.3898852082858883,0.4182703722668855,0.2801720039579557,0.3210474274253007,0.4110307195894466,0.38611542331159837,0.4190941895782312,0.1959177571185396,0.3834292189643149,0.3886626029886743,0.20248097297024212,0.20886461770186843,0.03250037097281243,0.3991134242708899,0.36989634568634017,0.36283207965402076,0.3163131335815575,0.43538126159219176,0.3906487187185093,0.2375793079144709,0.16207608023026426,0.4799988105900454,0.1515929258477298,0.3265535861954141,0.36750983392410425,0.1553179858957852,0.2558524439337985,0.2836288102146338,0.33460949465485207,0.07380396438322266,0.2358073332768032,0.36494895490565127,0.39270745614333913,0.3498847268406541,0.029734411081713708,0.39835054278539395,0.1977502885183776,0.08348364954278717,0.37696395196401833,0.43091037892560946,0.4294348451041402,0.3094090693365672,0.30093673971452845,0.22958941181992532,0.43409264956759663,0.365934300540984,0.28488490854513243,0.017209280970911,0.4344433105711843,0.07251360065673856,0.23418041211392457,0.27338622831010945,0.050282159648769933,0.2487986160082256,0.12945546794410753,0.3155529377041617,0.37034352243371144,0.37504413437888207,0.2030216376624611,0.4040848869101466,0.4157749629786477,0.33751466584423967,0.3339402188846916,0.2106136880340407,0.18919851963502352,0.4514608346402303,0.20884329723919146,0.5184121389564423,0.14175630641974654,0.50418714395679,0.37344552857535745,0.2673866034980315,0.310236529021392,0.28260538214753134,0.2935093605002504,0.15334767833020427,0.06364086077759466,0.37099372820207877,0.4012780730427365,0.2442494145006414,0.2248046528243039,0.41076320830470164,0.3800699850890479,0.12157667092682115,0.4351356881196417,0.33888394475054234,0.27225144770159027,0.10454347400922152,0.09513890124142689,0.3800969146484146,0.2642669010866683,0.1719367832497779,0.5189638359699494,0.44566262052126443,0.11485338400292724,0.08798706148132952,0.31173421341268975,0.35195318706754386,0.427059282107112,0.3043295859524524,0.32749770301545056,0.47382707495114007,0.5311361525330407,0.382263368218695,0.4008468054667695,0.07210115210142205,0.48886938603945007,0.39824573789933804,0.11025541939394269,0.2755324647376489,0.3143347822047173,0.42130827904673906,0.418325064966401,0.09344740128899982,0.3806225650221464,0.35902534002090525,0.25920166772073294,0.4396299491727499,0.3310601208648517,0.21205454903851442,0.2976240679556781,0.4140776893917741,0.18029859445918123,0.17987517436700787,0.29362751005987103,0.1802479769505206,0.31947579913076063,0.2990388378485853,0.21415178634060594,0.10698583468701821,0.2635328044586111,0.339427819210765,0.45753298809473963,0.06929154367041289,0.24096195223857977,0.044853305302889786,0.053432450421447834,0.3114152087145992,0.2926027244758745,0.23693966667501914,0.2248676405109021,0.25871160858006653
925L_C_mono,0.11599364300223358,0.2688876813723229,0.4505328571891481,0.6937955205989708,0.516914071815896,0.6472990234250564,0.4104108587357556,0.38244769689398656,0.44149422272342487,0.09135981747620055,0.31816207176823347,0.7469149168921083,0.4727800006823786,0.3708007926999209,0.5897575973548759,0.8204289538596817,0.6659033635885132,0.31530532209375295,0.4026064619547389,0.5503323991289578,0.6798751140160698,0.3006339668427046,0.13907141895947028,0.3757742727041801,0.4482041804448177,0.194622324776849,0.6896198315451386,0.3610587303593616,0.4918426950474043,0.5168628914864338,0.31261983475536426,0.8019823874153107,0.5832476534241283,0.26270781904071805,0.47017102604891314,0.26153496289722117,0.2726884860376192,0.40476925494058996,0.6560608844434777,0.44263693433239976,0.5606138556766028,0.702232935816119,0.5163920210614112,0.4823104122448348,0.5760250125789926,0.5800225168323834,0.5163028316484892,0.5306625353666525,0.2493716542880935,0.4403895526990558,0.2815256441459681,0.22112301150563565,0.7748373095758697,0.43740018717749013,0.7423908162047983,0.2352092670210726,0.4846010765008301,0.28789310549870323,0.23903791328186516,0.3620138974837612,0.5975906659663891,0.885404570731918,0.6437791607590906,0.7747446083298666,0.7044633583927459,0.0915296066598964,0.6438514570895145,0.719047528900864,0.818767545150082,0.8156058665226793,0.4276368445619248,0.3413244161796242,0.5413196276943095,0.6979477336432114,0.37797488105282834,0.7053427712990404,0.7716630356140374,0.15320450529724736,0.3733936541703657,0.11271630803960155,0.2752604586035086,0.5740626255553065,0.31508676721402545,0.5271503667854771,0.08497971749680766,0.23776880294577307,0.16997010493181272,0.20932967071384628,0.47410024101128345,0.4685640860785184,0.6269511928439888,0.6862991890256039,0.7093238735532017,0.2547455427408845,0.6756598728027744,0.3616542857451483,0.7250363563029084,0.6609480636646771,0.42132925427000867,0.5632933872179222,0.5683921951685438,0.15554036146875894,0.2594759114084636,0.2811548263222514,0.6220620677178939,0.2870922962097739,0.09591562220373731,0.45715439421831167,0.5629937328371022,0.23572883568144323,0.6652226273936719,0.4904228608672505,0.6109130386877065,0.7690559841949715,0.15980669717735677,0.538034705681926,0.33221350509375563,0.05665221473389833,0.8534701670986745,0.20310557404199825,0.4028470281607842,0.22520835766472228,0.33752789631942026,0.7295186533595764,0.6732576825599847,0.7535483030548777,0.4799748295126804,0.2270060078320524,0.6485963294338593,0.8386323330469966,0.6666238904245388,0.7358071817136197,0.21830823843082717,0.3013253720978658,0.3399847562751718,0.10829465478978523,0.17616307923163935,0.7698927202819463,0.7095083661986481,0.6887143028698172,0.44674136298323064,0.8646415110208082,0.8390644120791241,0.47941954641686546,0.7365401216113265,0.47586868665760085,0.38685679576700643,0.3426282136616183,0.4494165891262831,0.3578770591550871,0.14693095021418096,0.5700867889806028,0.2982599876592629,0.3238826854280173,0.33809186812802133,0.3215392121830652,0.6820476800992181,0.8593301912601555,0.6637257836632331,0.6541068793783856,0.4250846756844769,0.8427349883981449,0.2581769718863144,0.21524220864103344,0.1531382667585912,0.3909811286035894,0.2603989536389233,0.5894315023093882,0.6529322983562628,0.8022848261062058,0.3713802682466491,0.3749884760894311,0.4711531422764164,0.17172377536405592,0.3105934144958919,0.661703878745988,0.6476561977398639,0.7411390009887796,0.8182319223785098,0.6252703058528934,0.585065365967354,0.1069898516697722,0.14891951034111156,0.6401711026948842,0.6930757080090575,0.3995357676672368,0.47598407630993295,0.6710526894890826,0.1315339139935299,0.200523756540558,0.4211144250636364,0.3370707258223457,0.35539587036364506,0.41792772493340236,0.6554666479274374,0.2601387247774178,0.2556614833847673,0.71817923624965,0.1784906532597287,0.6233551671194852
925L_I_mono,0.7454938526119339,0.7730062418807304,0.5260682253275097,0.666693641635107,0.23237406617887596,0.4099412560362983,0.4232089579157316,0.35706908612599914,0.37030291060845516,0.5851405396517338,0.06734246531490858,0.5567129342808282,0.16104576395185394,0.7299130855441522,0.2924995235147752,0.2501236708127591,0.46012884074298555,0.38052970334210423,0.23286773689023557,0.7146605464175143,0.4717783499824807,0.1985037563369457,0.12496083170444994,0.13452973939970858,0.2754887636372864,0.3428557708211659,0.6558014168039936,0.43603313143382677,0.9126775946022253,0.13903945884291033,0.3838495465248442,0.04205196214364669,0.24777902588049253,0.1820652273915712,0.4696729081249744,0.4469035772739104,0.2131851685927615,0.6596692553985481,0.5302256689587646,0.6778714064800526,0.7559397275844342,0.4556488883587141,0.47661233363652034,0.20628980227261712,0.5819887619747965,0.5784348654386045,0.38488409507143206,0.761735034386073,0.5026143715684995,0.6223443194315679,0.7642532113545465,0.6278921571252196,0.8714104308636087,0.2526750570279972,0.2524948121938237,0.15487792186759664,0.6409535378570684,0.3083042198234743,0.33413913087266145,0.26645934495101026,0.8766647508829424,0.9410148374775736,0.2783804098758648,0.5202547815246308,0.38799775989294716,0.26038624626041745,0.5106106551205251,0.07313251577169834,0.11250206311595061,0.3724050008511373,0.054443681767306816,0.5366495280658437,0.29497651402775077,0.44926127336002103,0.5227708649630562,0.7028227931453476,0.42560245251339707,0.6722768956402253,0.18009251788438435,0.507848366319077,0.4997044712171235,0.7133577167156734,0.405995860013435,0.807252025055178,0.6570077401437983,0.6495502772847083,0.37288308912764145,0.6438584045174569,0.8294322156070121,0.5211745723339547,0.3609294712334467,0.6180138942837762,0.47182755150865885,0.7257623135300454,0.5919209120106469,0.3259610601588213,0.8797559521809417,0.7738379365663973,0.7092651772921708,0.48438249485640605,0.49620319769282684,0.6981782639433131,0.16579058660137766,0.4280124648638892,0.7389578888675619,0.3032103235124966,0.2828439648346676,0.8032801613373478,0.8155574903633359,0.43368200984626887,0.17665274182448779,0.10627786107429156,0.5159834287680951,0.9644107570945359,0.47309181232057396,0.20330583614075512,0.6244444685993628,0.3457071271787132,0.4937394368363972,0.6231176781280029,0.14919324976732876,0.900072181413526,0.5081706217703948,0.5833100540089495,0.3203799273011822,0.16728804598032965,0.44188204179287455,0.44844342474078275,0.7263428722177714,0.24359251539317064,0.7346620359809313,0.11352965226789567,0.6662519947968271,0.19258034435933788,0.12335847162300916,0.5616898513546794,0.4777606878591077,0.9444336668416142,0.46581635347207784,0.6095906884507658,0.25156746810372216,0.5876948091147774,0.4775262098550488,0.11508019323662591,0.7370525336440108,0.8350009642404983,0.4556716109718404,0.8705470302188428,0.5240661193785339,0.5521795897409592,0.43726141415744996,0.32983699338321854,0.6829220942763796,0.5036693445308145,0.9035320673293336,0.09188939055036208,0.5876469510843225,0.2287124731077806,0.4873258785229942,0.45822069113457914,0.053289577380500136,0.25188447537059927,0.8128834281252834,0.4617029102086166,0.7271557771810714,0.49925272432478246,0.38630337387560126,0.15100802717389106,0.8643608696381675,0.7181915481283337,0.6868988652362858,0.30184388628226444,0.688628707786115,0.1280313955921244,0.10935358647502104,0.5568607046415057,0.29135235312710217,0.30255306602707915,0.3195947659634199,0.34975112897053406,0.2493667091995038,0.8748875337075357,0.33587668647433305,0.41687226211011624,0.23363835905858896,0.42869199863816326,0.8943763191164708,0.41392927473413,0.8049012481778316,0.4882223961069456,0.38179394202372563,0.058942907751832085,0.4528725488196864,0.5096162646416995,0.3346303073702463,0.3749507682428669,0.27018228182166804,0.31269879513447263,0.24588977886191507,0.4996760525089481
925L_NC_mono,0.242838031174327,0.7818417801496768,0.6086110933421516,0.2976233147700142,0.2686723435029355,0.3957506900102888,0.7346363738981516,0.6550644139413911,0.21000937779314063,0.8470492525300266,0.35053807548246985,0.41741141320859987,0.3632224765947258,0.4982756589170761,0.5633406140170533,0.33398907339031575,0.35854932768432607,0.31084007181050965,0.23619638516874972,0.40910310556418356,0.45928320913913984,0.647906169727719,0.5878777395044705,0.5401973614199032,0.5953473325753404,0.7712450857886378,0.7293999100572014,0.5886323175794492,0.15863734607044017,0.2966082083050303,0.43813834701238175,0.6492126066440188,0.6467498348729441,0.33604558552064484,0.19520194292377072,0.4735658111980625,0.18177792263812753,0.42442632174804523,0.5918410363688609,0.2291389454676404,0.6807271001486207,0.8544595290666812,0.5056071994693623,0.42272584676646413,0.6817466752839414,0.6097987221363558,0.23950481521019043,0.6717682805077774,0.31347518369886573,0.9203857936945132,0.5225994753302596,0.6533496827476482,0.894710214240458,0.42865247300071785,0.12228581825155557,0.29620722086616863,0.674423554298914,0.5697150722116303,0.17753422415918152,0.5898895588140874,0.7508348636477143,0.48697169811800844,0.9230753868243916,0.34042833515063314,0.581491360477625,0.2602346270538433,0.2301500438037366,0.2424916132114678,0.6258170558529206,0.3990975546155464,0.5239844031480038,0.5759812244466676,0.22127835797082457,0.37590707213497715,0.7038201840728229,0.8413028191101419,0.7185759162716719,0.4836424146833978,0.6082195327255026,0.5937348019700707,0.5958942691701514,0.46697083493742597,0.4070937606186845,0.5365485331498832,0.9619391314910491,0.7534150520510455,0.4787582190987013,0.7785123256314093,0.144656973513994,0.5150609485413824,0.7426180751397753,0.7829431495613749,0.40288156988112717,0.1954715361968488,0.606451381452354,0.5483956432343443,0.7173341127139647,0.6790114391378437,0.6793811912984525,0.618755899018266,0.5792918521831484,0.1512057562416671,0.2876720208972539,0.5852284828006541,0.44785310676622475,0.8103030952363754,0.4802603386067158,0.8306269496679851,0.1636694660454632,0.8466762545286582,0.29889420878990264,0.10876620109981766,0.1779960775916527,0.908964994406753,0.40098392051970916,0.5082660120031647,0.3910984114605697,0.5480513820454203,0.8268110626281826,0.5898555400720141,0.8021825188889953,0.6458144209539535,0.30588389811539063,0.49512018100400695,0.23340373627753574,0.4223919538265659,0.6009740691718706,0.4723422665014989,0.46079245864545965,0.795901807576463,0.3798897892599948,0.6031674521519825,0.4400725502379938,0.8059409689132871,0.22177957719514044,0.8655593543174753,0.32202900933066714,0.2886641159811839,0.844107332851511,0.47082201917456157,0.8281451326149676,0.2530470300904641,0.1916827717546732,0.3545048811569917,0.13240132701441343,0.4153113682480152,0.8893345272654073,0.6359482936191561,0.4595142198273577,0.4906509391006996,0.345069631263461,0.5840605877024769,0.2756902807708399,0.6071980822795829,0.6168434224594707,0.12842909457372928,0.6296371604214216,0.405073213627331,0.1217306636414532,0.5866368636106962,0.7758754901131876,0.4289529894778587,0.13751204881321796,0.18381946035422222,0.22085293624384486,0.31769436574440124,0.8601067807381811,0.6079032368088462,0.5388648480105134,0.33246216320020794,0.5381620381745228,0.7412500716548133,0.7068512518083782,0.5012697876415028,0.35579451785297816,0.5469328058995113,0.4691656213854808,0.32053079675095897,0.5220358946454239,0.6209312632568801,0.6632925651083761,0.3811719601369531,0.26535602998431196,0.49221511504496673,0.5079587952143683,0.1686839728389052,0.24607026236499766,0.5518465179491546,0.09236960135271224,0.6770476279388651,0.5222584961565921,0.4025702684947208,0.3612808750312027,0.6073338871346582,0.3939224934336219,0.4284501229691615,0.4701873572632424,0.8531557840839732,0.2013937640145172,0.4154382381446845
925L_NK,0.49386155625196954,0.6847373593393593,0.8798519352061721,0.49587350085730997,0.22752752537414742,0.6262067398399179,0.3625577980811524,0.5728538879766677,0.31282716398181376,0.2836962384416489,0.2788300834526136,0.7667667106994241,0.21622340931882844,0.6462648560830655,0.6514143036595238,0.7722449009286051,0.44390916761392996,0.5776178422048552,0.5467741983720533,0.2510030620143232,0.13870097466674922,0.5021396032398412,0.8862976059376033,0.4275687246115957,0.8195488153794369,0.7355440568600962,0.3213715700231455,1.0,0.9250724323780749,0.21228416368255176,0.7278996831146431,0.7120087796749187,0.2039768864068881,0.6028436281830204,0.9311870896595374,0.7993607700944059,0.9208778759611594,0.34664376525276475,1.0,0.9382189361513265,0.08590703472717653,0.503587901990303,1.0,0.26921823987668475,0.42443429795870874,0.13664711131668056,0.6662894790026083,0.12375010522858018,0.0822967433156636,0.09966547591868656,0.2881001701320551,0.4709181901132611,0.5667243980289975,0.3228123463014693,0.8374624169490567,0.7725113414091093,0.1466215909979507,0.7145484928677384,0.6314776294319081,0.2551420401104028,0.62769561447619,0.5662415487889327,0.8721397691638032,0.47296463554255924,0.8577472704181638,0.5985393586028077,0.5774401235488343,1.0,0.20909507268208838,0.22681649231857826,0.6085760838604111,0.10986158069133904,0.3861592702929168,0.869545887420489,0.7001249079638998,0.9225819781285187,0.4096788550859767,0.32843063519560584,0.7324857742028517,0.6504741323920389,0.6471154995312756,0.4663214013026663,0.1982753810808155,0.6403376311066462,0.7346874432271712,0.883228600047852,0.6735885688471659,0.19147984242776497,0.40703837766418877,0.5557334482699658,0.7618816332207899,0.6087862821174516,0.215257944524844,0.8114435980346483,0.3720335893861424,0.7303579855879226,0.7434106297618828,0.6851464875160558,0.4243468728527357,0.7158575865400281,0.24688059689084044,0.8848200752520562,0.8208893397028644,1.0,0.5162776765373833,0.5789828459537714,0.6130274323121253,0.9610401443286695,0.5485010509444772,0.6675570178872721,0.3288100610340359,0.783504058575175,0.6790645357585944,0.7588920128163215,0.5508366939370879,0.8966960432795343,0.881063955370172,0.1499841658315636,0.7648518950571683,0.5467154361086374,0.419678749557026,0.9313755188874597,0.8216778707997637,0.7127738609461433,0.6324207723478908,0.22585130068720166,0.5807630219640851,0.8850707134147536,0.3720765073045111,0.7055831923588304,0.7977982656598346,0.7846634564256931,0.337606493183961,0.9863319936918913,0.7210518184064989,0.14575006207464608,0.5429207900190325,0.9046008436747901,0.47371775147978723,0.23749788491352547,0.768924443114009,0.363560575525719,0.8975101953456254,0.9613251334177904,0.9185310482602473,0.040109615640473176,0.023915136771684994,0.8761801174153362,0.8283365157523706,0.9966074459759883,0.05278326636953988,0.28700261928627063,0.6355832009648932,0.3287950273776409,0.8107490296741534,0.13235748951433116,0.4176582673291509,0.9115060936212391,0.28446611828654883,0.709257335343122,0.5721612100816749,0.5779508111357436,0.48929671477907066,0.41800016660823425,0.35134792449107893,0.0825441777828467,0.11005596315137743,0.3369536957410664,1.0,0.8452193344066503,0.11978937414263274,0.06174876340264196,0.29462640092203934,0.38263869692067404,0.5305450327279987,0.7968843457968802,0.6535851995817178,0.4787826959156871,0.5765122882250407,0.5655010059004643,0.6716409559717712,0.1263639345660747,0.4957277566055376,0.15393055882672904,0.8687050120276243,0.28212326684657035,0.47833950909864636,0.7575691919939752,0.42944434202608694,0.1816085832424815,0.16174760674224153,0.26444635066376954,0.7282164316832935,0.9289913686737384,0.3660334666826175,0.5467339227029856,0.9595701770524082,0.49765475022703176,0.9298269672216055,0.3339113703263199
925L_pDC,0.1841077174387712,0.5109785844759858,0.14050482197100517,0.34299335618225424,0.5130025448483905,0.6481844631980899,0.22527871111973244,0.28253465699462726,0.4526213330931574,0.2744907013244108,0.6917983992544766,0.1812396329532045,0.7348688779965677,0.4085001172612755,0.6940780163867479,0.7446313205320634,0.8299245914929941,0.855633649530912,0.6887157908335908,0.30524027824369426,0.26125639212866925,0.6176866083842902,0.5487405626858588,0.6443295693548456,0.7079088916905645,0.6169767201528105,0.5515400888998153,0.46844034929887274,0.38232641112053434,0.6323922817658976,0.2703715057791089,0.6386015706966423,0.055199637933707885,0.2827850904251592,0.2841980445152519,0.821046150274381,0.38064110919079863,0.35721597600559885,0.5292689868532103,0.10559790532116727,0.5454760459591981,0.4190666345598426,0.842210394792999,0.8055957627488095,0.441438795759439,0.545767313460062,0.7840129836074734,0.7048075992508203,0.16586336430289464,0.8387326558498752,0.6302138451151477,0.6139207909152239,0.7785391372612265,0.6086196965072739,0.4011746387800498,0.2605065991846601,0.2598992875998798,0.08265429750234224,0.18081896847355228,0.5040827390726044,0.3960492748299636,0.36890119530320203,0.7035630697261185,0.8793412116394135,0.539820763014985,0.8809938901810377,0.7160577639444621,0.37883173768120565,0.43236297521673445,0.8192274394577013,0.4780119040392541,0.7823509462292249,0.05713825894319549,0.1524281877035036,0.013861456557687783,0.780599098200777,0.8688164377539247,0.6250188851065058,0.23128502289418487,0.3297144982191249,0.5954705515492588,0.08134792929013523,0.5473642352166098,0.757075790108393,0.676343667410475,0.47165234369496073,0.7303793068075021,0.18978550980909226,0.566333443731655,0.4949789200814993,0.553993774843006,0.4008251360771987,0.6386880211933704,0.7322592718818098,0.6967611317744046,0.7483145607013204,0.21768176354201646,0.7411274187609787,0.768658067225414,0.22774010118811133,0.45239741699184255,0.7014789999150959,0.7500946897481251,0.273347594926274,0.17801168486344754,0.5077067892556202,0.38109595622053083,0.7966921508879972,0.5509269516954012,0.25166168143722695,0.6053350957356289,0.32386634187345964,0.7290872816780877,0.8062252920042936,0.3883315721596612,0.593788345284126,0.056622223904482204,0.7515509698914256,0.32317887911469606,0.5749919197433596,0.3977716490369289,0.28056008207150124,0.5183217401178367,0.1275783381820066,0.32329716704742134,0.47767432585603864,0.3637327510468825,0.4793978424589349,0.8254507899275405,0.22158862377612493,0.2831400447518456,0.2403414165691281,0.8184609697457693,0.4183078772324592,0.13556656930475922,0.4813571773029075,0.4211679919353173,0.11877639068033896,0.7821995552602937,0.27523089539563517,0.8002873680431433,0.17820615465665454,0.6770258030126372,0.39737899132046756,0.6183110952899218,0.6167520599062006,0.7745181053701126,0.5078436175671174,0.6754830794137668,0.14817489236135276,0.538298889279567,0.5531984274064033,0.6848294817435634,0.3737336334984185,0.910043966190917,0.6696825911612645,0.5951830518731005,0.4700159519361438,0.6233451496374653,0.35347043116601284,0.7781290562564402,0.33697027619171865,0.18715840713878465,0.5172727142609864,0.8214804228434579,0.8831677497844412,0.7165158341640756,0.20139206485735395,0.8754165184126339,0.549362516595518,0.3590370805735589,0.862031019893672,0.39510753897115486,0.38240631666550673,0.12456393946965848,0.0624404804459554,0.5904863783978672,0.40147209180608906,0.3981639850261958,0.18402838203668068,0.3811182005567274,0.5754379592691019,0.2284008519553074,0.8755274083026717,0.577911285290462,0.2775753312727064,0.245925718111122,0.8340925160521466,0.9392120305677008,0.41718513443337196,0.3873247527073064,0.5954988068481724,0.8531207998904085,0.6252287448862037,0.4129116386307287,0.7463105527510553,0.249262794548588,0.25577767832513365,0.18023319268796612,0.35914635810156803
925L_mDC,0.27121645126438415,0.9469217657809282,0.15871427538448613,0.20582969390805558,0.27480984852288803,0.8433854556676156,0.1818797900913642,0.5762092432402413,0.2346396873749303,0.2691049205146327,0.6657668660568784,0.42820197381914593,0.8293537962205828,0.2559144115423262,0.8237975006641759,0.16664660242171012,0.2464140414780016,0.3665941738945824,0.47343398017062926,0.3089395397844439,0.6438236904282862,0.7119640418680947,0.5970001063100213,0.2380212585973287,0.4602482056886906,0.6110815454214918,0.5381642652941483,0.17605560935125592,0.08919668390338906,0.4845044064744271,0.06293451604613289,0.787123784509427,0.42759914131318183,0.8865278510542893,0.6526969323074443,0.34721293274982995,0.1590937329974407,0.3949835419076494,0.4717422193393504,0.3890876140172521,0.8198345329425714,0.6884268077392746,0.6317146943599496,0.5330406866142448,0.4568405250963158,0.5819386300454391,0.8469503548365774,0.4427210572583196,0.7005201830627846,0.6016960617644718,0.4890399875462125,0.38721753577172285,0.6761227405124205,0.3777011659875794,0.3430734973788249,0.2827813356328149,0.6790838309908686,0.3909843439287323,0.6718222927858006,0.24504535169299446,0.6418284521104198,0.6464054427641405,0.588913828911541,0.33219318904750195,0.7835855703326395,0.33954131066726245,0.3567458048253064,0.8016307163074602,0.5051821541973726,0.2362261252683426,0.2264328385768565,0.48950050281125185,0.1797976865402819,0.7193615111134957,0.6275716507564141,0.3800013924576461,0.27624046602817415,0.2532845667328503,0.6074662919518854,0.19834101506816315,0.5857216211686095,0.49115022619960674,0.18910401230968663,0.9516786536370127,0.2721823923046829,0.27578699605285384,0.7606317720725848,0.4742501868486665,0.31459966497993047,0.5909716192908836,0.6008662046144596,0.8365418682855001,0.1032270055030679,0.3676803881079047,0.17453354842191504,0.5124251663174489,0.1054647469279623,0.4239359928686772,0.6377589726064732,0.3830007111743999,0.4668645623519716,0.4826038625694155,0.22114589099424029,0.31461802457653554,0.10023004324013515,0.5335560598833141,0.5717816263675908,0.2507363645746755,0.507400115063241,0.2441024939223154,0.05581423221670622,0.6971443255283987,0.3602154685664867,0.3853412910851625,0.49402634529937545,0.14173725697249392,0.6494678729580815,0.6599402140839004,0.3024456769452028,0.4531945673464511,0.459242603846273,0.09540144088049897,0.39461896093211735,0.1593208506232259,0.4226492460277841,0.1363123077623347,0.6161965859388551,0.6139035207305323,0.43494704549230706,0.424004199019955,0.6658508842917905,0.5257334567638076,0.12813844145553327,0.6468522832855202,0.47751766861893236,0.1360442980172758,0.630292159495444,0.36626911135422136,0.24952817691215087,0.1272417578085633,0.7388495248509569,0.7328846939058711,0.5318858450579205,0.7298680138102883,0.46006054560425436,0.6909399212273487,0.7663834527252602,0.09968200116620018,0.2659811458784677,0.32830858854131184,0.28667737824677747,0.39198132487719334,0.25088839311278166,0.7818644346538658,0.3860845000706698,0.2814531458899761,0.18442527524884472,0.2639784902839093,0.4741858618387505,0.40259172014649813,0.4747402888778499,0.05352758739616895,0.6187362257204713,0.660856873776714,0.7574382424789434,0.6998822396893707,0.43698391721264856,0.9141770224220397,0.09673344768103216,0.2975587546596789,0.7094827974965047,0.43143496422473626,0.8150592734043833,0.45169885831825457,0.30182409556473794,0.38399339134855986,0.9238609542965107,0.5336416549784571,0.4598124741499846,0.5268556422657317,0.4498553118139623,0.3215598686855461,0.6126998018300541,0.8139917286458567,0.3298112414792467,0.5005836904964337,0.09490798707034616,0.10179586845635057,0.2740426162837762,0.4731223657586591,0.46326222616625246,0.6217813302165964,0.723506906874985,0.5000226465522374,0.5442511071384296,0.35236174016620053,0.640024851277561,0.2528771587666563,0.5407923001218067,0.5945297601749542
925L_Neutrophils,0.354983646101239,0.6202960851940776,0.31874028517460196,0.4206122641356677,0.5279817262617212,0.35743406139031314,0.36095076725768943,0.4787019026771939,0.42854092615192074,0.2417869318363044,0.657190350293986,0.5318455173047123,0.6298033645304562,0.3830255260263826,0.5168986018895068,0.35670509660279365,0.38963587236440944,0.19738045010621896,0.5003276699888615,0.5749360361702472,0.14098624920626956,0.3957165974660397,0.30862259203162384,0.19521908969476107,0.16982605898110992,0.15552362536169673,0.36095718702779045,0.3209405255681196,0.41212387451312493,0.4432569482971247,0.1263900029062236,0.10657701710392195,0.4398537161500808,0.5675250207574869,0.605983405080136,0.33286373919253465,0.33498669130657643,0.1577999769108598,0.2969001205471764,0.11340006356857281,0.5920725787960295,0.63163115887633,0.35061783058277657,0.5896290234829522,0.1366104061009125,0.5109244469873986,0.17016300538249127,0.40042497145034217,0.24723099446388505,0.013862630058331523,0.5165237981206352,0.4210596146011495,0.15407864290145534,0.40072618428884876,0.31833917067324125,0.43581048617759416,0.5257836065033052,0.43970009054806986,0.2019311057879861,0.19311000889179436,0.481267693763674,0.37032462004443817,0.25607401484921505,0.5484052064241963,0.15465654822347957,0.09650503615416132,0.14262857966952225,0.4398204080062119,0.6572157012097553,0.16332436164653677,0.4117588489726019,0.24691832473338904,0.302233164374741,0.5400401207283161,0.4251606017699079,0.27683852605824283,0.04693544176356599,0.2531400933360807,0.11802538619566069,0.1477516891836578,0.2697601870331627,0.2408378533735747,0.6284214336680528,0.3815299605024827,0.3615568272003077,0.598998404576097,0.4512111606326901,0.39564468682006476,0.5702391457355046,0.5061349447661753,0.5479795385240912,0.40763257714965395,0.3238805946456502,0.2577571116181676,0.448451679651248,0.39062000550781384,0.30594699593006625,0.6181102392743147,0.3273748049844233,0.6637808733813348,0.21349638818074548,0.17017031141999525,0.5064875757194891,0.4497381868674113,0.3817721621726302,0.10842472745663294,0.03383428251917726,0.21190829782338283,0.3917315727605173,0.5791124914541685,0.11168787380823526,0.39401942962901776,0.13059443116552433,0.36520200161158567,0.6660219430303983,0.2715849702157814,0.15400828652277596,0.19216496183735896,0.32614676527900494,0.2144251981373928,0.5367593819435473,0.46340012448706214,0.6451587008429873,0.23646870973489478,0.569459690974022,0.23571576016702853,0.35418179969286995,0.07423917266386615,0.21273311675414983,0.567977016792075,0.31361384332028547,0.5548045602192291,0.6519147987189337,0.46002679589719475,0.674021672241819,0.40226085906320946,0.3065036702757634,0.3005379685129136,0.42697798768081513,0.5196408320238014,0.35169663513467464,0.3676894977720562,0.407188221484721,0.5264799492587214,0.1848363300716174,0.1357574498447978,0.5094437546443698,0.2183347245016613,0.15933808387658516,0.2785535747598627,0.3239778968559491,0.598184342895146,0.46830413748471633,0.5886350615089248,0.3639627265396662,0.324329433227154,0.37098224571915794,0.19164915338224742,0.2562363158441871,0.2880575400537668,0.4233736049878873,0.5316725009245362,0.6492915618403179,0.34669934476419606,0.18550427930092156,0.5625736090483872,0.2503401335999905,0.39988426815092076,0.18309556354337847,0.47989597254950617,0.3512719147207831,0.41136435321812803,0.3436569808932722,0.10271098236550863,0.020484087594299462,0.5565812914825228,0.2417401518308115,0.46241021659752024,0.3260831603419226,0.19388484833246852,0.5736218275420737,0.7146028659630869,0.3273208905461284,0.4827094553948081,0.2723980548466954,0.4964036724862665,0.20817463368423275,0.39466951076183177,0.28998542378086545,0.502661863771913,0.3807939444534924,0.29590826998701447,0.4318455801231545,0.2966959736692116,0.27425993260880094,0.34403850248508877,0.23902024255138363,0.5874799292041112,0.03740793685059098,0.28903404298461943
925L_Basophils,0.5415614559345007,0.662890491734133,0.44700852096964344,0.7328275928320735,0.20295700536651387,0.4766049606871473,0.4567652796660127,0.5008639872491478,0.7112376408605415,0.07404149262783083,0.9095607611330272,0.782663832445472,0.20418341268844012,0.10631149233456692,0.44411402687748175,0.7233361380457495,0.3643266508619739,0.8277985295209963,0.33265769715524124,0.2971680571876392,0.4780245010650884,0.0983751609939176,0.39992042158742114,0.3116408270075052,0.30727341313463835,0.4224221330823255,0.4030830037983748,0.606215595917148,0.33135111483998847,0.2436991875147162,0.2982051468830224,0.6801488622344,0.19238525512494442,0.7121012063435502,0.4264694182454988,0.2212973303235004,0.35754453514040546,0.382249411066584,0.8349637535516918,0.5247050348221762,0.48574502927849755,0.048943769808826455,0.3428734785561238,0.16347920033656804,0.3930207103028832,0.2513725998423122,0.2591272641525016,0.7710288519331377,0.63304645450637,0.17279482049364817,0.44953840786426413,0.5800119396335459,0.13039740245119494,0.8961371193971762,0.3341956827205475,0.3414436003897439,0.7810270311590193,0.6584678459017234,0.5581664501796243,0.8405202315507464,0.6392065069237307,0.52624503385861,0.4282467974027489,0.5983252133094386,0.30029920280826694,0.6452124757746693,0.33271119757440243,0.6603462180846004,0.1962462785674935,0.3597101471156034,0.5028898018160818,0.9022507060960966,0.4788025378333941,0.7374915584158743,0.6100680140441342,0.6751965290521135,0.5103113054027107,0.7224112126363964,0.471225713314711,0.6004956669376295,0.1379499350411475,0.1693100003647775,0.34246308012564713,0.5408329186322661,0.7964303950139391,0.6366750893715071,0.49953900774392046,0.8388172541880173,0.4521664995503344,0.9402027141008972,0.11915521693294442,0.25412452424825194,0.20764587782102614,0.4586498545392339,0.574520659223732,0.8856607518214007,0.29334931993750335,0.06986267808287913,0.6753649750724554,0.5005773208672829,0.06735003799873103,0.11364528372252158,0.7917840818006054,0.7529834128512247,0.36479795643731305,0.3845501938482305,0.4880534588861173,0.7631365202102844,0.3850772684403487,0.7537824810859182,0.34678889742350516,0.479867896932471,0.5428577191027599,0.585824900039555,0.23587213341802307,0.11341127678326132,0.24248472423310904,0.5345323199868774,0.10970321975105832,0.26937510846467144,0.4883696277171022,0.5704991293018685,0.13119972805817653,0.10001515307095135,0.10874915946079962,0.4581688139795751,0.17502983941288797,0.405307687465392,0.6062441993224571,0.4282149513641625,0.14305370815999077,0.8069965609250093,0.23183184638501497,0.3563270490906933,0.7170235550024486,0.5258299079629166,0.8231125966015046,0.7364417036551589,0.743803494523791,0.6723294871083115,0.4686684958851794,0.7643875291750821,0.33645799124665876,0.44235748379507056,0.36972561202341425,0.7843559482368604,0.871358739939495,0.24390069444122864,0.6406242315822064,0.5122871163841833,0.4691400134129062,0.8492304046749801,0.26361842387032797,0.29612375710858857,0.6578735119471729,0.784441109402314,0.9276753375777053,0.2539153468895837,0.8401763421174538,0.7100470335179971,0.32943195859824453,0.33339051521613644,0.47228832965528483,0.46539782810094005,0.5178721482192394,0.45529223324303075,0.2702593775390003,0.2769862303068873,0.39261661183902147,0.5041953761415947,0.5015909135516685,0.39197142437283145,0.3642758166109445,0.3829938693171807,0.16419865651382284,0.49145365036098554,0.4400902477415195,0.14651135637665663,0.7879388499827811,0.5371595456153124,0.5903480022524579,0.6183503862252859,0.8106570376009478,0.5541985011711005,0.2847914507936923,0.5902136234225709,0.10808121822564741,0.5136715275911315,0.2657219751717661,0.3802995140035724,0.5909695339977447,0.6243565466310114,0.25351035895545543,0.3706286537055285,0.7273151065029694,0.5688528562601854,0.4183662137061427,0.437552404569654,0.7367602380842665,0.5882243136470973
9JD4_CD8_naive,0.6647467659411348,0.572208623556413,0.07473696125239956,0.8385298968195248,0.741673306157123,0.43352348181468214,0.13285462023194564,0.4537916778857064,0.6774464796407056,0.9473274866354531,0.47831811575896677,0.09757479522395797,0.316869501033759,0.5418364392163543,0.7736073471189658,0.5850851900924469,0.6993222332142366,0.21179947454133544,0.589384496432261,0.7513121174730221,0.6020890529579088,0.22522659951318225,0.5736876713773275,0.8967151786058809,0.5225105906586838,0.1095011765031257,0.23493332468183872,0.5762425737437658,0.47646206037032035,0.3416184145142277,0.4598203036100412,0.5277586649795653,0.8375290364175515,0.816400654301963,0.26337087880803867,0.33212354351224394,0.40125120192271163,0.14156499454643354,0.4250810548274445,0.4534556294212511,0.5533460203497067,0.4410789824916693,0.8322762920139766,0.44625644640926426,0.545517977509424,0.559495287653879,0.6322246105315639,0.6725868348325837,0.6311701752570732,0.7366757184426721,0.4144080905234895,0.7044403714815336,0.7271372732901322,0.7501362138498344,0.5342703326500864,0.7410528012951135,0.13975288265808772,0.31959652411460776,0.5509581700629212,0.20542741731240455,0.27203250700115367,0.5920288314644863,0.2812474850114313,0.38380637152933367,0.47309847750370054,0.6733139182967381,0.3614764851690164,0.15441020408272063,0.6780030424716913,0.5937468343247696,0.42440438512369155,0.5122141046189651,0.3651965078660304,0.19185664061043622,0.5358253383438576,0.7955414274285268,0.11594463257477367,0.20831231166008427,0.7031777034811608,0.44090320446226744,0.3745451705888564,0.5452630191072083,0.7219086461649545,0.50926688023282,0.8024017426689285,0.5187639161160071,0.15173680396863473,0.9224215018020545,0.3311937993211031,0.32377890112732655,0.3978806496092035,0.6383486846956754,0.16788855375242362,0.7032649427901279,0.6616573768773073,0.5363252779492852,0.4151768942324751,0.6848996506162993,0.09154458843082955,0.48834475805816213,0.16207336825048577,0.6929864806672793,0.37547318404461016,0.47658320184549136,0.7355985022169994,0.7279538600892432,0.6024120702861004,0.3217462159248621,0.6483338768204194,0.3236308967194112,0.7124737663016956,0.8537382898655611,0.3564933410218101,0.6666492094950053,0.6286193120854654,0.7524393999961398,0.09435318746623571,0.1935065546680315,0.5659154086581202,0.6964419308909218,0.3185987965445948,0.4037373972849546,0.28638282357342115,0.834546007924328,0.7409577957714586,0.414836808569292,0.1341393761415039,0.1638411432585106,0.38205672267228924,0.3954010379372685,0.30732378087866524,0.3753933507756669,0.5663346311249982,0.27838295436434934,0.2552296782031655,0.4193525018455136,0.736030889862375,0.17945742537644013,0.38873333436553276,0.49881893845237973,0.56728427005473,0.4488640706537934,0.39078976361261963,0.22658342683744967,0.5510402359477256,0.708418222628424,0.5886873870622302,0.2998763278398628,0.120089439435745,0.8824275934328489,0.12166122513361327,0.550304870203914,0.05926942477823251,0.8427730832028743,0.09483528960356062,0.5850363056523923,0.648343390704658,0.19489891934241535,0.3620400758138312,0.5831549064480098,0.541801501836958,0.18571343950069993,0.5084475887101307,0.6920513447309828,0.31055220049183263,0.29829821612815194,0.38640355800197,0.21418705627565088,0.26794816201969224,0.5870887346507001,0.25165543475255175,0.32524583963108306,0.5273766621931523,0.5056358121818132,0.11022637702741192,0.6670206670782814,0.8059378382063512,0.5307484899760582,0.8188529664341307,0.40050752108443183,0.21934579778843216,0.6262538234540735,0.2782647987117543,0.15004947606410068,0.3866770559651416,0.1354247847664848,0.45706362330278477,0.47433910223061415,0.7156834514027622,0.7257488558154225,0.608445395145802,0.21432562141811454,0.33763806093276316,0.4384519693346171,0.41613947211320634,0.5649335691610421,0.2848054122427772,0.602445546384638,0.5829877768215881,0.6281944277853841
9JD4_CD8_CM,0.8156223838465252,0.45633761249525173,0.6046702728880576,0.7166273023437296,0.7993331206579188,0.3442543274216249,0.5993152318066697,0.7716089673169042,0.7513987914375142,1.0,0.4303789021746774,0.6038232119617422,0.24174274432138307,0.536356350521526,0.3457616162461094,0.20116028635911068,0.16506218767060254,0.952760346498863,0.6655615840278452,0.19795248519096315,0.22445194130470525,0.7739009332319453,0.35204057650893616,0.5913710138257908,0.5717874419211958,0.2567100566280511,0.4371484409493875,0.1789409918809249,0.708800176417484,0.8048235829813668,0.1546855294366445,0.24960612579917338,0.691189646687508,0.8677407995260101,0.444545022541846,0.24095691829405472,0.5979408463469129,0.9450359698730884,0.8444338712550621,0.49797560230092935,0.6183126536941339,0.25715354419230135,0.6451592449654034,0.608929294272742,0.6279401677811883,0.6871637858229896,0.6783711885632917,0.7060239466505467,0.9997559878823702,0.8810411828022584,0.45835959465159076,0.28665724232929385,0.5271050959549183,0.6396147293712229,0.9190660042048642,0.6121710651336507,0.7490307601916038,0.6763719076625236,0.9572457595461298,0.03155524054905221,0.08469371758630712,0.5174557508467336,0.0935282668081284,0.7948127289867895,0.44594548185095706,0.22283840321140116,0.27580313383238775,0.9317564338988924,0.6269114750252852,0.4928229040655805,0.28498141657260395,0.4360864945891719,0.48472155442576137,0.4182670492080095,0.15748817173312402,0.6099406700829986,0.10707756512562125,0.9373272928440735,0.49422150395890624,0.41480810388684053,0.2535576984913295,0.8262713198101324,0.9487891029271293,0.661360776146842,0.5890296908872265,0.22067967708129338,0.49398967706137636,0.34921974690484003,0.1886497701551803,0.6816455969412442,0.1869552128047357,0.4274676203371666,0.4349009112112036,0.3150972041920986,0.5271434009627674,0.5028606996470772,0.4816139126412524,0.8508174765342759,0.44033028720363643,0.6452171876333529,0.47547745880172954,0.26548912247649215,0.7876420513413213,0.5116521935576395,0.7309077133733575,0.4320338331578794,0.7230383791486024,0.3292688372156942,0.8441028931143947,0.302498748086351,0.24581641755589687,1.0,0.7888236773016567,0.469338413451683,0.5800688381972124,0.6913326782672731,0.6154117059465799,0.8723525843549124,0.38385673999834896,0.4651755760048167,0.7018434055921803,0.4757953970455724,0.3867463846408741,0.5868168284603812,0.5627741105004648,0.8625708427411515,0.38439854246805594,0.8814043468967552,0.834355021610455,0.7279864989630392,0.2606543316829964,0.6114513047973772,0.5749411869868367,0.6502954092702885,0.7185385242820868,0.7314407481729869,0.36356428718793254,0.3011054906660333,0.48929917302478565,0.6023065039493415,0.661154235159117,0.329908931725969,0.8373872808668134,0.817683585197704,0.8757899836460182,1.0,0.42880755944780075,0.7454034476295887,0.45063487794942914,0.10408482493156948,0.4073088557670397,0.9842445572745461,0.9605769459493237,0.40599564025207785,0.42072001694218836,0.42962430795664824,0.3268749912351722,0.6302804293841586,0.702358089607308,0.5386276812621854,0.04232240197566016,0.22910237517990628,0.5545747077483142,0.18496025410244088,0.2605457878315727,0.5428639101522119,0.35739884467867145,0.05973754370749836,0.6106439437820351,0.25367052464572215,0.23648448633620273,0.43399480810783675,0.573652347283774,0.6607047977199455,0.4408955027280859,0.7078699617945649,0.514676332824836,0.4007179160295736,0.7616808800569723,0.26216870803334624,0.03616049706199825,0.17491961504899184,0.533866394439496,0.7262778418119972,0.493359935308307,0.06900988049891933,0.43042765503229685,0.5573004232987259,0.5490156286289364,0.27426078817415683,0.7524832798413558,0.3617152603432064,0.34223736327699716,0.6986769904789603,0.40544829326475423,0.8749097306980844,0.6278575775261974,0.6068571000871343,0.6189901478740967,0.07012248962111597
9JD4_CD8_EM,0.7710951285869386,0.5796014142005168,0.28657395777120687,0.08123739946869515,0.770495427349533,0.501316198411176,0.4984735286216848,0.8318791563070583,0.721131059444174,0.5873432939324714,0.4662835667871976,0.38742845772011764,0.6126789757354502,0.635517179092725,0.7104765075438682,0.5025792426037697,0.41759500155716306,0.2727604304371228,0.7525235146901371,0.2610722240896634,0.5107716521674293,0.7487728297682745,0.6134329488000219,1.0,0.22956134530839162,0.7726510810348118,0.602758110869728,0.12366354071469061,0.7128329991789774,0.5287887125918996,0.166471255268795,0.2545088916368496,0.6050917659515066,0.5906812629682119,0.5859831849553021,0.8968662764099318,0.40829139283059296,0.2684637366196697,0.6598411219790133,1.0,0.14708334058006647,0.30916880728952156,0.36749917076995986,0.8594708728401885,0.5336420642898537,0.6234036701152021,0.6601249234157006,0.3269449047179037,0.5292091439106272,0.22237668555963408,0.6351067224392684,0.8560434240219035,0.5612283482799633,0.75613714777785,0.6674951588861824,0.17623990532978404,0.3818638286164808,1.0,0.9449295153321694,0.5412231309936637,0.1588594928613193,0.5763945625049439,0.4779579250651602,0.3831583432287375,0.48494992419761196,0.14517871867314383,0.15150777369382634,0.8559302120261941,0.06319841200442668,0.38920626144062725,0.750123382837379,0.6355700815067601,0.5125784340875523,0.20608802587032973,0.4125321893170419,0.768502174159817,0.5607184122177139,0.45697214933579416,0.5425999774871119,0.9203537541653217,0.32955589850964545,0.6882084386962887,0.6211513334924356,0.590461123091406,0.2434765099935206,0.6441389508407941,0.24035112991646726,0.5962355444590023,0.7383391159455581,0.4765396403422475,0.8026011821362772,0.7354740505808642,0.5325395561434273,0.6943902302181331,0.556485340344035,0.2573655965819949,0.2851069441634561,0.36106518012666755,0.2980453221617895,0.7465702607827792,0.06272034087992549,0.2861634277322044,0.2368794042997187,1.0,0.9078804217742055,0.5638321259410137,0.18018214108026398,0.13417462053174947,0.6190752545505986,0.6155637564865252,0.8467813888944394,0.8177814761152442,0.6387414428697629,0.5415544796257671,0.8665137709125076,0.1393229986845589,0.9304510758082544,0.7462085092112457,0.6962336001140936,0.7124858542410706,0.4461500372113469,0.42286441914640555,0.9909505235146842,0.5587420741482689,1.0,0.33411180289735914,0.41149806131743344,0.7500191788114119,0.41553928768373927,0.7696982380153005,0.10609479082034244,0.5594610003658492,0.428851664675827,0.20619072512224426,0.5212470903245807,0.8554382446773755,0.21018191361031033,0.6579085570008245,0.3022857350625124,0.743578617126094,0.43436837776978676,0.5602893997076438,0.25077744809742103,0.3838071640485352,0.15788989738547607,0.8552261060155868,0.38919485281058525,0.554579423474331,0.4958771376164904,0.30800651648748895,0.7273371705679141,0.276994509713547,0.21589345537112395,0.8935209876846003,0.6888906746227971,0.36204154808094713,0.6757881688241424,0.6030512286370702,0.4041107503348733,0.4887371851584217,0.5474155907959619,0.9220796774435399,0.8092075288691353,0.696958681710773,0.4936067068842051,0.36499021621693994,0.4692717966442824,0.9344623749570874,0.788231605029104,0.5905982234204264,0.2781046737203632,0.3454094289335428,0.6498947820541017,0.17007745946669456,0.44332194168190303,0.6399713368583401,0.17540110582763496,0.3281009163935826,0.444949024491086,0.7978542230973965,0.5367972377432155,0.9169165848469764,0.77508298508212,0.6568086039646588,0.6023848911383293,0.4708879579110538,0.8676859786594214,0.7427043354280826,0.6916940338189528,0.3499633991277852,0.11402465542604096,0.5519028153476199,0.4981432156597367,0.7931273732403811,0.740418319177022,0.7088928892768994,0.9073661731039433,0.7645811984386706,0.6125350141504031,0.7308553122849107
9JD4_CD8_TE,0.4691885929486419,0.672076690370234,0.7374235475344506,0.7400664974306415,0.062137553821145164,0.5727346622187848,1.0,0.160363103430215,0.7013010199219766,0.6291952765404466,0.7699743837268647,0.9177009788258091,0.3027065503827211,0.6015121733992634,0.29520695136279657,0.6430274301282395,0.599953111443753,0.13026655309593432,0.6110727767849932,0.6866518100467337,0.6100823375854559,0.282262953353188,0.31117405099932877,0.9744898132396457,0.40724860020297265,0.17813075063647046,0.3074443471221965,0.525440336300933,0.5609557470847369,0.7605535777440456,0.4483993507777023,0.47662889987372253,0.6018827795955514,0.8619769504660191,0.6444513563201507,0.5907444819282036,0.6693713571550228,0.5872851882424251,0.7631843530658184,0.2600106916924745,0.3132030854617131,0.962330256679904,0.6433357570841604,0.8930291294664887,0.542452359771989,0.2371213162411269,0.9048903690163201,0.7150454515805569,0.747508186872909,0.2921669655117012,0.9276384740608249,0.6017004284989251,0.8578451870493295,0.2102624002928026,0.40066137989756423,0.8048461516943604,0.6080557182435713,0.10065070377298732,0.5619968478793919,0.6076786904774694,0.7488513836238523,0.5156420527055143,0.17534623146799633,0.22609806375925084,0.16521269437421393,0.865007486367406,0.3635190735598144,0.6479335472483762,0.5915583494701357,0.41246415295785854,0.4011455910435928,0.8319766940550076,0.5437298491316006,0.699845123483653,0.42367414128270825,0.7514876614449646,0.8167289404383561,0.3938600098379471,0.4001609728365237,0.45945717679720605,0.4915989305409725,0.5543833426595369,0.05344949407374946,0.07937355877799154,0.49616245430098566,0.3438225360731218,0.8963736772910946,0.7344484347859791,0.5207066641697646,0.5211351613338352,0.7840943165627434,0.44748251946614703,0.9953982567580005,0.7854702961963018,0.8840558818449392,0.6843818342595209,0.24881201179463538,0.27673177722186126,0.6650047877216213,0.15091567580010948,0.29486449435940504,0.5558855372477378,0.3631124034656776,0.412333295749972,0.9184207766346824,0.31508297272846786,0.7247591926505429,0.7985913173744142,0.4358878511457978,0.5894830411493778,0.31867771494625213,0.895180752557847,0.7574665553813629,0.4056229726813928,0.049111216852781275,0.6256204329949461,0.22779640087376724,0.3699190840031747,0.82575070795802,0.45524094535914944,0.7375100596011552,0.5454888622565099,0.38335986188788423,0.09890835074437575,0.8413872170134669,0.5932804106421756,0.9110793769751169,0.10150956563848036,0.25264923261380007,0.5235881807367988,0.44957000305091616,0.47328621184016356,0.5187324467497882,0.4171296455125627,0.8853882618912963,0.11667010141086849,0.2447857029235538,0.5070160703944152,0.7120416233053166,0.4473380630190968,0.5209757435542639,0.8235517147586185,0.44280175467890664,0.21336936733909767,0.4236508512024052,0.14210177750050285,0.3305380084535686,0.4756058921998249,0.5485123747782749,0.4570592690188084,0.36241981768570364,0.2636281250712883,0.5827272980710603,0.3909351445333903,0.18500507394221846,0.0737628976677769,0.6139348968195593,0.17966945058100295,0.5936424344701994,0.8165154064583187,0.3666924455757053,0.7944791788682896,0.7162662800682725,0.6772357156499481,0.7668886570734581,0.44920118780139306,0.4503268703592651,0.25032327080930267,0.8769505351440358,0.38388598598619644,0.6271387073646078,0.7866532374168137,0.7144309983478353,0.13698099909497713,0.7770132048138089,0.41299423641332844,0.7149563607238559,0.8845550300369475,0.5537676720722466,0.3825813901819867,0.847573413356565,0.9811285642273327,0.5260933928641679,0.27114971640160007,0.86995567889213,0.25562505933892615,0.5966193561801372,1.0,0.5373718736512538,0.7172552443405509,0.2242535221637137,0.8584335976417077,1.0,0.6434326747126277,0.5645065155655725,0.4269563898668438,0.3746874268995245,0.9524836407016185,0.39240414022617337,0.23939521182632914
9JD4_MAIT,0.4593866920135935,0.8171178224035482,0.49311910223418665,0.6774071347840204,0.2878946577750354,0.5895497780313987,0.6538543685113315,0.3132741794890362,0.03489706127598139,0.9394746985425201,0.35107733555600285,0.47259129410419404,0.208645726746878,0.6509934058204196,0.7909772723436045,0.22757600664921046,0.5388958933379846,0.6462449833094132,0.23056281547470397,0.8711334944149902,0.6419494951061336,0.8917575909035635,0.8399833992388196,0.06228238605339251,0.23220877043203894,0.636630098692398,0.1932163021478083,0.9604197038515926,0.8574948636343755,0.4157776277119835,0.019235530226248167,0.336462200637395,0.6338707964614186,0.6172110824671927,0.09798628387772869,0.12375296976863392,0.6297260367306641,0.5286894950555916,0.7441085394102075,0.4199572343127025,0.3499433391081935,0.8876604027403093,0.14008575046150679,0.5961452410754396,0.165742768125304,0.36745125481236646,0.4514037919461202,0.6130270362240704,0.5048760730102072,0.725524269327088,0.1439691955607056,0.5435799661778413,0.8339615861491899,0.1896544596947709,0.3284821460958512,0.05308629618953855,0.6895689373604075,0.6627003570105766,0.3281822251378524,0.43865912304609067,0.5947870212958807,0.1860910790983978,0.37774974410339857,0.3520064307080562,0.15360424966534825,0.6264510795253044,0.7009343880979626,0.525045886964448,0.4024248161508829,0.7094590469934687,0.3554657675493552,0.1907154159979992,0.838147968329939,0.48527637142541064,0.7057025877840093,0.7351258681299935,0.2709057676392079,0.38421101617442693,0.8884662981612892,0.1735858319083221,0.3107181384328981,0.04282264765848225,0.5106253131717908,0.8342979404288039,0.6327932548927092,0.2189948498746524,0.5358455410920437,0.5455161944280061,0.43092919541636987,0.3189576172909148,0.4073573349611374,0.4605289420378297,0.3482984484866797,0.7746137874101946,0.6917810159111183,0.25994212729168376,0.7003987094267887,0.4078182592846463,0.6905235479759497,0.29648708917593086,0.8328510566456013,0.49058730046578647,0.4217464113207396,0.5771330610835617,0.731888707602461,0.6010964172619999,0.8397086110580879,0.26172075631075714,0.9405000814259457,0.18953757427410065,0.33056798688857336,0.10839215000167725,0.8140164381313543,0.375704020226472,0.8929141193607595,0.8737725282519637,0.6853179931256,0.2999072281692838,0.26499181292774426,0.3010146025226534,0.3817494372092638,0.7533848821000404,0.9760829433013645,0.16018984680264167,0.18118327616232574,0.9391216293898889,0.6920243710210121,0.8345601991373333,0.5611142829103273,0.1746455078272218,0.5219994537168103,0.04911123420910229,0.4488567751279171,0.9537378869909768,0.5556822328873462,0.6437137709280683,0.44487942702163935,0.1719997188470307,0.9209914998557858,0.7937153119127394,0.5708254918157766,0.3754272084663126,0.32527927378525895,0.5799714651584843,0.9983104582299341,0.5032331773333166,0.22438666969895973,0.9620147544173527,0.18620996723232763,0.4754670372490411,0.4144061819273996,0.240706143788485,0.4397797914722579,0.3580060224198913,0.5947064381359513,0.32905109640824204,0.43370254279328724,0.8484435544714565,0.3942959974235092,0.5637764800146645,0.6340577411655459,0.2297820787029473,0.35589246015454234,0.3297250471221853,0.7716998363543661,0.6991162838792747,0.604369935469141,0.7363257496118489,0.6130886365932756,0.7431914179066607,0.37412256585384895,0.6550947747525778,0.9003845063127021,0.30912666536013717,0.27313565701295833,0.2515646891394987,0.22500833919114202,0.7541180889730471,0.2976422309479648,0.5586176886865691,0.6867687737235189,0.6796878033195819,0.4630610558308784,0.2191584811218607,0.7193927327729622,0.6742823033932339,0.2081293944626486,0.45479890981119325,0.2089357412861512,0.25923265305838566,0.7986476064868395,0.31757375820848804,0.8879239455026845,0.17884279393323396,0.5877208351496952,0.39214217266590323,0.5508252617413536,0.8419900329005408,0.15276086119679982,0.7457595095090904
9JD4_VD2+,0.20123703373677637,0.4730376364960197,0.6670818860023155,0.41979210500253056,0.0440167315451312,0.984627628493583,0.5216959511196579,0.924629857571593,0.6482875018304541,0.05267260094826659,0.7340000923384821,0.1545860139830441,0.8359777405214256,0.10253094436572632,0.5975083062110941,0.7466098252451794,0.4446394399685047,0.06581642114752588,0.7474492998370882,0.29239900487154286,0.45297843920967684,0.7581938737944411,0.35076987238690926,0.9692385658157283,0.6019927999658108,0.7990857344576995,0.7607481836644442,0.24236963885285331,0.2082596922106177,0.18760154024002754,0.4118396297397487,0.6985843434038305,0.2542789091489399,0.5622064895099007,0.2485620519389087,0.770008599125966,0.6131257475836341,0.569514120864985,0.4471333238640302,0.5383689516948008,0.13275122103683643,0.45957099202255325,0.3845512601083088,0.012251992998260963,0.22055229133247406,0.7633586623563147,0.7079798099317854,0.5696396192609322,0.9982604087457249,0.13741722608591073,0.5095828738146008,0.5224333543473074,0.542826793936598,0.29838753654368105,0.6636527983275712,0.5085790533385057,0.5236114727687214,0.7522804151701465,0.6565577410861039,0.6909187409477747,0.6029281131845682,0.45313927135496157,0.4510383224346925,0.4919670159939296,0.2429503994485505,0.9031407806632913,0.5584031025467645,0.6144836955190476,0.21242788568882773,0.48304091887083966,0.7156102968586413,0.6909343906910673,0.1824599426042744,0.5386728194230493,0.7909557857827215,0.8886336491696124,0.23408115461079634,0.7099448331036298,0.8042028598573437,0.503016974811226,0.7177189902054251,0.40873108532969843,0.6032994538819219,0.33251907943674547,0.8091837254208862,0.5971205939909141,0.6520345897837587,0.6372744396905975,0.8093201115754572,0.22332305446727757,0.482187677139813,0.5458047373799407,0.31226061609634104,0.4608340646655089,0.6448812329437267,0.6927898243820817,0.19393464159523338,0.42101829984932565,0.17097854356276515,0.1842759991189505,0.6655576439718108,0.5304685745857521,0.7869555269998488,0.8901853848200985,0.2582089781310673,0.06158176906380695,0.3510738114131421,0.7698937828361575,0.5051880212284638,0.6620839574942139,0.40749262488307547,0.6278478579356447,0.393464392147944,0.5513152993733383,0.68164654261077,0.6649416455397745,0.44613455903005483,0.27556960050429585,0.5709725678965341,0.4587369190031079,0.7180453170831889,0.4338796358436392,0.9272302820580646,0.32613612542622766,0.3844582413572893,0.707239009023123,0.26773396860188337,0.846182009026741,0.24881086808105093,0.02561811617705227,0.527761646793515,0.6241240906229331,0.760701650854818,0.5780335303776095,0.8516154323824559,0.29467399538858774,0.32103830060837557,0.5896469987395602,0.6192792144880331,0.6968099446261037,0.4268883523400823,0.12202404101463502,0.422451995708637,0.8091952752785654,0.5121690855867749,0.20476311257018479,0.6509073588262312,0.8998794146830802,0.7404331501902821,0.6741894002429092,0.3703258068955961,0.8106579237927105,0.3082027936674356,0.7153696979484796,0.12585059303006882,0.828189110064831,0.794413915675203,0.329344090318246,0.22190849793764209,0.23012458427362967,0.3097252963928182,0.7501334717952206,0.5566816470852266,0.36229780129062694,0.3115434674973705,0.3119026275494067,0.33562211799700004,0.3928502789083465,0.32269518896048693,0.17913848349230782,0.6446935690499874,0.5046948624714536,0.4205977421073094,0.8077569465844975,0.7489624656058297,0.12529758101678945,0.18056950069629535,0.5848005529220772,0.5654994244888457,0.5747703921844346,0.11288166359535333,0.06649557400680423,0.6171480954371601,1.0,0.4714403055817696,0.5605093441693847,0.8403457849609735,0.5465909077208937,0.7140112359636669,0.699694161542942,0.47009474519206784,0.4348273108888487,0.6624108690707272,0.8826034787677753,0.3967144191249648,0.318104335513177,0.3822190181534687,0.7707242489508423,0.8265692425807075,0.2748223624417296
9JD4_VD2-,0.6005814364374849,0.4476022475691622,0.5998878207116797,0.49197248074026523,0.831003682452238,0.09941835519924776,0.4524919167603056,0.574217615264292,0.30070238735358223,0.9209881882497541,0.2064881504877953,0.8099671790115228,0.5747827254272737,0.47453666011022005,0.28360996361649765,0.691187486212166,0.7868426210295769,0.2680806967449691,0.4996883018758754,0.15349742089237922,0.5528638785690725,0.29782374119275123,0.22478788724080462,0.27075304681810364,0.6020829460009645,0.546871498482789,0.7069657724149425,0.43792891273622675,0.22136591641797299,0.5161727902540202,0.8426988336026391,0.5744011774064008,0.4822947922226717,0.6940534392714749,0.5303959180369637,0.31345242760934683,0.4995969705598325,0.405020176528822,0.2094574960284743,0.2095783852829743,0.2264145387659794,0.6991257712439843,0.48976583351055086,1.0,0.22739606585532202,1.0,0.41471117328134055,0.16459371387847646,0.47550104644277796,0.4575989152841914,0.7086928340306867,0.5631561823629778,0.6389991872256464,0.853872460353976,0.6047394067106276,0.5680220450201078,0.28057753627365545,0.3519431731220595,0.4681691946115378,0.2871971090793824,0.6632127777173845,0.07215914027677234,0.9002689994362969,0.37066340287077415,0.8700336192427366,0.35673134680181223,0.6651622894110459,0.4289987317872852,0.6093895580697081,0.40529919554994887,0.6662641880546905,0.4261281328655848,0.834658346279176,0.8066358228940966,0.37502458149265744,0.21674810416073786,0.3135261251851081,0.6038062002923766,0.7664477229878769,0.7104988552043828,0.5032899702081232,0.3379012583585839,0.512514409182137,0.5287588850040723,0.8013857070665026,0.8243946786608909,0.3917002236833462,0.1178384887572978,0.7534478323728221,0.7965627730729121,0.10283335413562386,0.34188796398259685,0.33621699693995066,0.6218125902926983,0.873151285349736,0.8812086544648179,0.24638230689292745,0.3061618629733029,0.6400176514981482,0.6630641439977534,0.5905274569888221,0.6549470175960777,0.6872682435992793,0.5192377994083924,0.7065664957989914,0.4014648782309575,0.3045681724486017,0.5769742804814127,0.8009875951662522,0.13905978632919933,0.24772276895938117,0.2562041234965039,0.1771390464887609,0.5733484913944984,0.8017047026445137,0.28335618716470373,0.822830482703067,0.756708217148548,0.3748645689636497,0.560324688009593,0.9112680274549382,0.6454477103889733,0.7711121005732916,0.9458421563024711,0.7011579925163706,0.6339122181186224,0.4089356927148102,0.31886069689850643,0.6337623723602263,0.08752901510908402,0.747682748082365,0.9098049323666934,0.6173382935162138,0.7570224424626855,0.49096047776542523,0.13218503771801127,0.8303879162304667,0.2219643972326443,0.8080953407976679,0.7043008105192455,0.7312493169628334,0.8440947441227752,0.6827840969928783,0.5838209260598402,0.3712240393218973,0.24944624267689472,0.208584266539724,0.3800150340602081,0.7138111147243117,0.5843161832733073,0.473900613496518,0.8421405372514558,0.9088563650581942,0.47692068774071206,0.7952984460481202,0.5610144124946216,0.7580983051310511,0.37929782637013904,0.21326269444895427,0.1441654158222105,0.70113360607618,0.45378979616594,0.6498176710649369,0.5467124933265168,0.6728356946270739,0.8490495870947659,0.7363433406091451,0.23595100429843588,0.1429906118555478,0.4132213371997446,0.7406226103816019,0.6002682969365782,0.923192027820135,0.5568462750756042,0.5297406663118269,0.33040153751915197,0.3540624574096161,0.2792547773411587,0.5590181343829167,0.08354757417787471,0.8782774370071388,0.9668323386222348,0.557510629799938,0.17146123165760088,0.8936488776378172,0.5680155088500322,0.6577912923067482,0.9259158088382194,0.8556412845773519,0.36672164006384,0.7380397322073297,0.7053628987525621,0.3120842102508545,0.5852721801146874,0.9668598369361666,0.5590614738255146,0.33154659833155464,0.5566098878766742,0.9706930989099175,0.2995744856085452
9JD4_TFH,0.748640388438782,0.4458031904308434,0.7465722356671244,0.3597550338004835,0.1872831910515693,0.14391308455298726,0.5409909118116416,0.7241087920853159,0.25969145139422034,0.7680670461909946,0.410356500348595,0.4116295387897621,0.23795508732297105,0.3023433089781491,0.8749862649726428,0.7382175126915289,0.858775462701816,0.7256040415116883,0.28151789889760576,0.8554692829689727,0.7200741698064004,0.521038453306668,0.2558447914907442,0.23690339169707073,0.5067890958134945,0.4021355110649138,0.38318754062312965,0.6830895279986368,0.36718674484725256,0.7557993383321867,0.5500963741827616,0.5825032630870686,0.4056085504058477,0.30460679004851476,0.2421739720571813,0.38266199566113723,0.23021792698024665,0.315389554238121,0.9898512752955185,0.7796059330787464,0.36948897674410025,0.38613856229248317,0.7810974167375527,0.891505816937477,0.29932337555927235,0.7783828405488397,0.14467767399880282,0.30729805899833185,0.2977457327007257,0.8949917273357691,0.5776712956039142,0.745571119953528,0.8619402224112326,0.3714051498268144,0.6679320849628079,0.47657500319794216,0.5863148429688197,0.12358812597084261,0.786389419053499,0.42199117047457246,0.484884112844445,0.457581938396334,0.307341221280273,0.8758490676743718,0.556173906204481,0.37623348876910284,0.4984930470046134,0.4637302041645202,0.5803450329968376,0.44621193475733767,0.33524177703262614,0.4882774963823522,0.5680239209436855,0.745657133273433,0.4727214449540197,0.8004490534102899,0.5921324617567273,0.5623936406106577,0.49159522427828867,0.637786065659906,0.45547587997022043,0.670964354813855,0.9550571316207408,0.48511445199363723,0.6728944882274112,0.2663983835201049,0.971152526332806,0.19429780575103928,0.210328384636904,0.5800871150431595,0.939503922285348,0.48115571580254585,0.17677104882663688,0.49626757564879526,0.61713738189922,0.4190227983409588,0.4823459897595917,0.7333347026848859,0.15145434391580592,0.2310631450445548,0.6068967239740385,0.11605830682783583,0.32926988009937697,0.7625143133357333,0.539028948587581,0.23601431075666568,0.705312277515607,0.18356940476703434,0.20061919305145762,0.12056627601961856,0.4302257766567223,0.8613957558370853,0.34172091962228096,0.4194075213280864,0.32495292268697723,0.46904544112433666,0.42684157210168666,0.3771500526055009,0.7874377027650328,0.532205248550546,0.1887356975561212,0.7775438911818109,0.6383431191336022,0.5377331092583529,0.3128085516525386,0.7115421486185657,0.6699149927544704,0.7657624041175448,0.40938933881616774,0.2569222472560083,0.19626322958486525,0.42730698892214586,0.5212985790454372,0.37932620117969346,0.6330938428554232,0.32940026244049153,0.5683770943466736,0.5539201748484625,0.4238382025061092,0.35507915973832305,0.5289711320386153,0.465729352710534,0.5810460608022745,0.3944758056806203,0.5802611165209832,0.7138231965399913,0.38627180638271735,0.06243035964698655,0.4687060088277317,0.6775453045552701,0.4591442905267653,0.7774061899937328,0.5519920326460346,0.2929482097995425,0.6713696874102225,0.26369054592582863,0.8151675358133217,0.2005458195785363,0.09549892157418709,0.5604008782479967,0.6895222523579584,0.7249847872309337,0.2398542896967584,0.23865714721645584,0.23308284017486933,0.4819385445801337,0.43859475286997124,0.5134496044417121,0.5763512444605078,0.8024396529833386,0.7678245759286556,0.3308264190007147,0.2873547046555994,0.322306785369764,0.368515949849278,0.3160637845015239,0.7603560600753247,0.6008350582924655,0.579466445604982,0.13819080662339014,0.4346481176896243,0.46533630439521356,0.26649369996730515,0.22918559032443495,0.4128349423572942,0.8487257688277984,0.7422372773654097,0.6497917350844737,0.24631875283685548,0.3902004418077342,0.9488537183998998,0.875107766921641,0.28725668375402164,0.3818815699230211,0.4762098079438684,0.24874193173837433,0.5186272968442771,0.38993004874920467,0.8565142491687453,0.877334864683207
9JD4_Treg,0.154594156947678,0.31670330772338523,0.7545297569255698,0.5134019739563662,0.5938787355240214,0.4984825924640834,0.24281443430716773,0.5173406888145365,0.5909547243313186,0.12325595494843893,0.2448437923761733,0.3268707683416779,0.49409738404541415,0.7566023374910831,0.847923188615949,0.5772462058989628,0.987173199526588,0.5382868547016699,0.6380484985532746,0.5730266519474354,0.4500665245118927,0.6336376032313502,0.1869548807221913,0.34284436352595565,1.0,0.9002543427009755,0.35167093649638514,0.3492079384318935,0.06834757487432108,0.5943397993371585,0.2731616023619838,0.7667872373269234,0.20042512234946422,0.376017415350601,0.5888856236779053,0.783791502077084,0.6951838782591798,0.7404998873531712,0.6446675708522267,0.1293749841871241,0.6752784991685922,0.046884352175455786,0.31356128339805,0.7174106227497651,0.5422426840047623,0.7184805139696588,0.7671786162222651,0.7415738489108294,0.7054524876440638,0.7137605535294517,0.2731016015342715,0.9822748307565855,0.501292010624511,0.290080759084039,0.7713298884810288,0.2711010871222284,0.27730996918097484,0.437248822152668,0.5715212975074794,0.20999247667699394,0.09922146573554456,0.2403478390998857,0.6631071324947916,0.37553874531436937,0.9351640099982508,0.8341530320386175,0.5219684199497171,0.6654929673008662,0.7981072640123241,0.7670167927127534,0.42694763136349867,0.5453180657090169,0.9307064751415656,0.9290887721988141,0.046181362400611464,0.5759752350741119,0.8362745228001235,0.8486613937213199,0.0988259230092944,0.316437671351925,0.45841234715178086,0.5537750343428491,0.464522188803859,0.46683699059759304,1.0,0.6294193780753516,0.17925664411783418,0.8321038252523876,0.20583407813169677,0.4574389829793493,0.6061116491721139,0.411390851737779,0.5870686252096896,0.7081818771045629,0.17782478419426345,0.2980475657821091,0.5352203455276425,0.5102842949232894,0.7331652032198913,0.3846078885141659,0.7592076163897997,0.7520814515941806,0.5513794642301364,0.71744337022466,0.9879561038051804,0.5999613935622506,0.5220525059429946,0.13658396304460552,0.6861089716061154,0.6537232771648559,0.5776371529242248,0.8196026514693102,0.237813740650089,0.4183467471822001,1.0,0.8147911650942853,0.42104539365995164,0.43810958840997766,0.8061362664480993,0.11952699176230216,0.21704941862194027,0.7972783627317607,0.8224097134327427,0.7774260689056288,0.1407998433171219,0.2818014849183337,0.16918998600720267,0.6100298945630787,0.9104939075606888,0.7031595833213727,0.6361400149646019,0.32784842735867253,0.3093523803673765,0.9184143947433422,0.23487011514441136,0.8352224507514122,0.6771117776522507,0.6943682292972314,0.9748389228415151,0.3849374479549027,0.1563519366329157,0.8445343828186227,0.48247035603237376,0.5865793542798536,0.7635135983113691,0.5573342505610276,0.6174773308107188,0.5337409978667097,0.6983806215157012,0.5006150081960263,0.25743052339836225,0.2568464746866558,0.7689728162448085,0.12385404378527559,0.7635446162399551,0.3454533429692094,0.5459584963790587,0.18498711253596276,0.8810532405733743,0.21858689355788474,0.9578006383961897,0.6532684746857632,0.6968000558531658,0.2930041789273368,0.6405207184506382,0.7029150690532249,0.418455516217761,0.41068995036433537,0.6220829319436347,0.050755826502730916,0.5009656302062906,0.37005778233699516,0.5975131264244253,0.39012115359674193,0.5712277836432045,0.3389683888434932,0.6526020647375659,0.4460619581288688,0.44291685980447765,0.5567973652934979,0.17822014859989807,0.7739349095919609,0.6731465421856608,0.5242490100399408,0.0752181720261337,0.7938017717290523,0.6219211557386923,0.39385534815243184,0.7538157760772642,0.4085621040108157,0.45191659186940913,0.5351966217101262,0.6831814266695401,0.45065393711883406,0.33544708062461154,0.793551686601444,0.027633497231637404,0.6375145428079152,0.276715437497167,0.28640049274542656
9JD4_Th1,0.3832174750427484,0.692009433086566,0.607571126463257,0.33967448311434667,0.47164691216658683,0.1948865617918107,0.7096715390119638,0.6061863365248309,0.4080306747928645,0.7029173453345952,0.6930138804772303,0.7812047281606042,0.6469639379740071,0.39367298698651887,0.7779769689379845,1.0,0.3658253534596295,0.1897621250560737,0.392361818186214,0.5887769893425489,0.6523430604391145,0.5782039119830439,0.6268433845496817,0.4144729735068972,0.49134810852865335,0.20099933325171646,0.2720516012257654,0.10062452945506768,0.4532408493405953,0.42162784940998516,0.557145500681867,0.10171820118164313,0.3167456647116218,0.3655234507505755,0.5754596370469688,0.38940421750982956,0.4344122383936772,0.7463339801431885,0.5315045473053969,0.6498754639748244,0.07116688509113078,0.5598255458140696,0.3172655520959834,0.8220116200867447,0.4094998669069394,0.5522254987482237,0.27772816679778917,0.3191780372098991,0.11065301727008943,0.03481541280695973,0.8310780810589526,0.38415791383105635,0.9361603473971688,0.6799651483661676,0.8733433158516398,0.6137399236925001,0.5768842893100153,0.705062816129957,0.7587579766757149,0.7694526601001664,0.3540558077335762,0.6529610162609039,0.7054959789946222,0.7290056086427349,0.3887772178363734,0.12863301094950175,0.1522289670986606,0.3647547016454227,0.1965097554568511,0.06547782721891171,0.7004565372050772,0.743461239180212,0.8588669363409785,0.41416595366874537,0.6164445855557094,0.4895183684021042,0.9626385571350289,0.6027401761785126,0.4481408085593923,0.33827533854404596,0.5944723615907656,0.4845898039557313,0.3781027626091989,0.454407264309559,0.15430242458517124,0.2324736668214758,0.4147184484385545,0.29501950910098873,0.8116451489709317,0.6590807629743737,0.11779007026902653,0.6862391301193977,0.6819441301371644,0.5177003474586658,0.4763079757641021,0.3087244187542705,0.6367258041886377,0.14022686396718276,0.6964097486032458,0.40204728498289777,0.7579493554009634,0.1635115324936107,0.8384980759149157,0.32050175833006883,0.5288588609849231,0.8075327222982173,0.7981740582533299,0.3864145046467752,0.8918829822709252,0.8991642593603499,0.7643349565848426,0.6149033661568203,0.21743905716208134,0.5195518308792129,0.42471588317692743,0.9011723539977003,0.23332965931279812,0.4772261273336167,0.7592150786241693,0.4330373523008135,0.6657808247315413,0.1803394454757918,0.8155892328944807,0.35134236972337113,0.6605125422790868,0.5096571333511648,0.4627802176359227,0.3752727883556656,0.38868927612571,0.4953394686461449,0.6779455835665064,0.19341757790615174,0.6880229906678264,0.7337652408331395,0.41394371489262216,0.5517681783035255,0.9273342953516838,0.46659674654483735,0.5771347001420767,0.3410556291832253,0.5177156701458545,0.03251169509617003,0.2218219638782766,0.6779961737640631,0.8663202977270419,0.3321836515348864,0.7199590893885534,0.4822560921894098,0.6754852970406732,0.3766625108787143,0.5401939639072417,0.19619207276635064,0.23471478327191636,0.3817790093918321,0.5544089254430222,0.6377022414731095,0.8248901061606703,0.39781758121963773,0.3807624881648154,0.6066343011980978,0.9737589882460348,0.5409335191937751,0.9771734309571602,0.6139805051365503,0.534638343775398,0.4313625643846003,0.5035039820648093,0.9054665091253299,0.6667848621201291,0.8034183868811278,0.149136494109623,0.527561938542454,0.4969738090101157,0.3723986169735786,0.3696908809384697,0.6922962145527473,0.19425937678752278,0.8335833164793665,0.6410097487234947,0.20058209896015994,0.165755611799361,0.4379506731712206,0.8550442369499105,0.5771933764331558,0.645308617659483,0.33450563150964496,0.9594935680753405,0.33297970794829135,0.6303403468341744,0.5200618628580987,0.26103830710506276,0.5011370136488961,0.23414859608023872,0.1528526706986255,0.831482272832232,0.7615260165050695,0.9147343560176584,0.21926958636458257,0.5427949848834135,0.4221393779547092
9JD4_Th1/Th17,0.8158263034562961,0.13280643699796874,0.21068554216160124,0.7102280298690631,0.37769534636414503,0.2967607001800361,0.7798112155312513,0.5071767085026238,0.7139284928040747,0.32035631982726903,0.9127661854651944,0.6772018516281316,0.7498907460457829,0.29413285559680646,0.596664700661189,0.12684783848036835,0.5805366061208858,0.4273625371143266,0.6410761771628195,0.2430975357672947,0.6871601518432402,0.5650825610293998,0.18358633914664496,0.9515451838669391,0.5520828271788865,0.9546974105209959,0.06696338792466473,0.2809770658558782,0.29999105974363777,0.6862924378248474,0.4514602253067001,0.04527226793125022,0.39074298606747626,0.8718197113483124,0.6444046421595937,0.6689446576845999,0.5741198292615924,0.4890368306067914,0.8239507782426228,0.4915511371340385,0.2997309148374724,0.7141350903422321,0.4732957551265686,0.32610012794151605,0.15213688247923057,0.1722412942266011,0.77772877380436,0.35615459990976783,0.6271704892836086,0.38788927637187126,0.3782925367868883,0.5618257405026236,0.5977686569913617,0.690110765769347,0.25994198713137023,0.9525033347221583,0.47693826981323906,0.7100112871563103,0.8041402825393161,0.1560625459435109,0.8850627617515096,0.4839980792561999,0.9831950935811776,0.8773239240422167,0.8557037290815656,0.7299184984284774,0.43017927735817724,0.6654109520360356,0.6068265434386864,0.4528045273148466,0.459915342828713,0.2970328182992794,0.6351867203195268,0.16116252855629778,0.26933927947674313,0.5983114880353916,0.5682386925296824,0.39847190765969437,0.7603669010139341,0.4222567947443542,0.14138478642632674,0.19765763596099273,0.7367665548836433,0.5675802823671015,0.819501894475468,0.49531593442739463,0.572060714925411,0.7252273824952166,0.6004278454416043,0.6396469839554042,0.9857171717914228,0.19364114610891447,0.7025474927835683,0.8156692524883563,0.36488796135483803,0.6848716485629014,0.7573436944641858,0.5269016805365363,0.24353205727550692,0.3279326174817766,0.7508829862355721,0.9737322176507395,0.2704620796223656,0.26379530908952475,0.8438224967345606,0.4529533789286898,0.9302893573047629,0.6472353776342079,0.684774276801774,0.15900520349540087,0.11856088586826942,0.9448617067666791,0.35145452027911694,0.6638393375546894,0.7279497394022197,0.4230300021178518,0.1633523597772118,0.13054117835873214,0.9205101867921202,0.878837541491038,0.6198508852103903,0.6223922435536725,0.638561901971399,0.8355446673536864,0.5811507118375843,0.4363470464447678,0.21741544566539828,0.7289491440474617,0.705590953603654,0.4546481273804245,0.5642491566544107,0.5972277724240903,0.8207063936128607,0.24004063056768649,0.432106547099285,0.4343993248330559,0.9282595657511244,0.29477942580144667,0.5905167001237185,0.2545423485846802,0.5299032017915467,0.82723001139292,0.5234912963500375,0.5533866376800337,0.5077698830345426,0.4523117515552828,0.7605076032211582,0.8426321166490468,0.6084601646466424,0.3977500674696083,0.65962710136753,0.7234569968421611,0.49625604098384385,0.8574164959518055,0.31934135955793225,0.6992221152285473,0.6444769112119603,0.07251771154420773,0.35041831978237536,0.2691443694388815,0.3722952175738326,0.8768875160254112,0.7026945809391058,0.690980208796098,0.24161489754464668,0.27425990076154094,0.5158635901986727,0.7021440443975794,0.6410924827707355,0.5188235629980803,0.9842099300129349,0.37553807920065785,0.30475059006007393,0.7900655673489146,0.5351101826402667,0.15016342999848942,0.3059225966503626,0.6947855235676943,0.7615020317864736,0.3219972307793622,0.8785866030285361,0.32331567165174796,0.30779935802566005,0.11404925740299861,0.7096812967968009,0.7155120865628196,0.28551893104709214,0.8959805748293279,0.49433928840586583,0.5098155321319718,0.8306549674188634,0.3289156684708895,0.44496651404281035,0.3517647761341531,0.7828323521147482,0.9633217979614003,0.36098115651524465,0.4808721305596526,0.47909772144769186,0.40880339501477153
9JD4_Th17,0.8814405076031536,0.27622925201209697,1.0,0.36537620586488706,0.8822781389091228,0.7809289465395667,0.23344618307953108,0.4046686642116286,0.06542542754568016,0.22149035024104072,0.6955060899516623,0.6065000957135549,0.7115323828196368,0.6836720776450017,0.4927588277982553,0.4296251743699392,0.47817952452048024,0.2628374663098426,0.3516138515567348,0.1401939327458042,0.31982373056445634,0.28392098343519284,0.19431342271588978,0.2529284209786249,0.6797330482847181,0.7978915508934973,0.6787108876955784,0.6072621318637875,0.787285771721226,0.4093582965288337,0.626404453382892,0.9154678659668329,0.6338151732032484,0.9517620781519593,0.7183224321502413,0.30198174870867805,0.4339247865446938,0.13962456941882662,0.483893115165842,0.726449407850854,0.2301033578254493,0.6433541644603384,0.921639433342986,0.6884787190065589,0.3803208792200018,0.08081632602608659,0.8135006299609394,0.7248056608362905,0.19694595110171592,1.0,0.3872174082281063,0.5710138342909094,0.8302276550497474,0.7640291404420078,0.18152351510631387,0.5298301467552601,0.8218392036113629,0.7299134203833096,0.7514402696237261,0.9437433124476193,0.790731172173033,1.0,0.24378587676787514,0.4320965590278165,0.30161872582552707,0.7352329543174236,1.0,0.12242294381046613,0.2950934161972025,0.29603051610080605,0.1863018712447395,0.5048713490894482,0.9029670903232859,0.739185313174058,0.22199250471457463,0.8526166649427339,0.42949039558393215,0.23662727555202223,0.2072010793130143,0.290280428595492,0.7865080101924276,0.9793009978217045,0.6727065990552845,0.40202185533999346,0.8071782162257387,0.27644529409994917,0.2688832378908837,0.5931841636483591,0.5358034093143768,0.7880734102701938,0.6039254700747914,0.9190629217177186,0.23254055758725176,0.16931333229642317,0.6183289747199165,0.03584434531175742,0.48435215513829455,0.4058073879069001,0.5587748969660498,0.5511093624764567,0.07075513837571422,0.6733636684152902,0.3222669384626795,0.3410611118953306,0.7654031933461576,1.0,0.5239040186858872,0.32388049571314365,0.45113514695153734,0.7258721073579536,0.5263236863606381,0.46295499680410607,0.05589579064818102,0.7854037985539314,0.48132301246735354,0.9014735257450736,0.08297974227073905,0.2664309695888074,1.0,0.47608331774914153,0.677216778849048,0.3202146258616165,0.5245333012737243,0.8100677910579344,0.2261910884039618,0.35509268677448785,0.2624988461551709,0.2843664787652896,0.386705276463587,0.2548930929797336,0.5622543823919438,0.2079340546205211,0.05770137216540634,0.2318764627812702,0.11523829578553936,0.5641102511060918,0.4443589286332115,0.3142559100697286,0.7487131049882981,0.5048078779864206,0.17278353206411418,0.5520688331845973,0.7798683755667677,0.5714191755100916,0.3709001854496698,0.5661347553314681,0.38876618952751874,0.5290605168894511,0.6866844363183112,0.27680701985119266,0.8000522123110623,0.3055989413045689,0.4755974570202037,0.5901511753803877,0.2236565571459085,0.24559649868804,0.21398572134993524,1.0,0.5853519416693396,0.7020436644101553,0.28362880483062364,0.8094125911795285,0.8218458520669711,0.5705874297482428,0.3118287867507616,0.5328746516519113,0.5722266681081941,0.6757791074505195,0.7410421932269828,0.5163810249949045,0.5980725688924715,0.5074843696433783,0.5387245206338686,0.02337293628849709,0.44979643200871444,0.7359574328618546,0.23630720804589328,0.4875513655688636,1.0,0.6272498959993535,0.7698717062205805,0.3944341944008348,0.37271368056019516,0.7706973991829261,0.537754360589033,0.41349328589481366,0.8701384669079675,0.3900771996365633,0.8928862342729437,0.9378708413277984,0.5322278412195877,0.8605395076622667,0.7888870111168544,0.47379417850816763,0.9451098720572926,0.9122935742182738,0.5519718468272732,0.5845615469842982,0.10725769216041924,0.6058005191535818
9JD4_Th2,0.6811894030347923,0.5534510496700142,0.6957603383910252,0.6617254675448141,0.1760466262677672,0.4427831306150137,0.8446630040601567,0.4464220495469393,0.06525272061205345,0.5161538085371589,0.8853944190928273,0.855717109201115,0.6053096839008576,0.581131715895516,0.9255043909461531,0.7020836740108408,0.2573375439603522,0.10003307434402647,0.5818840943905688,0.19700727152937283,0.5958355364475143,0.6840471863795429,0.6765848487391649,0.2987139696926474,0.21947911507008108,0.33977589135694986,0.4181789808988013,0.30920616723623456,0.7342510184868145,0.5837827958928163,0.5018158863002768,0.912920960473068,0.17221045739479712,0.25307182937577294,0.6683788888524769,0.4536581565511754,0.6913982400023643,0.5364575440265221,0.927533177174877,0.24748585592971462,0.19340664220457524,0.3093957250494035,0.5358965201897349,0.1595511114361045,0.6061469434527126,0.4509594153280695,0.3976028002519725,0.7070809556648722,0.3508963317545969,0.19828404174440523,0.3998466553870862,0.4248573421556498,0.5157758564445337,0.4834386474900912,0.45886719986107727,0.8206886511155612,0.7736951392798879,0.26611535754379106,0.3011356349355565,0.26818795551180225,1.0,0.4046658515121085,0.8918316348191756,0.7062461637479291,0.36866887944065047,0.437423750010095,0.17355254999291153,0.20930478068743272,0.560743582495545,0.8287522923893356,0.8992173489958754,0.794395210698123,0.17303766941099408,1.0,0.7252844619477304,0.4008333517349469,0.4624172524979858,0.24608418406818308,0.7800687177828872,0.9432831696326359,0.4335281923557449,0.5127457765988471,0.45570132801899044,0.228588422635144,0.45847750423030964,0.5585282408162291,0.06285549877390804,0.4247074521671321,0.6793231708720132,0.26628799765475275,0.31438522655509177,0.8888745527840083,0.49101560062208677,0.5584885188230297,0.24317692978590688,0.637819222174131,0.6095161988190859,0.9461258209295015,0.24795028280543532,0.6493340045909607,0.6846926210008848,0.861213633437195,0.5499107088933176,0.35625734484071425,0.3313395222550658,0.6668823207036554,0.23177715614238614,0.5915738536812687,0.6252607991815746,0.35343595165528235,0.6419530206931225,0.1916439802232303,0.6100459029434295,0.3651074330713374,0.5506204114461549,0.6579749344601689,0.5078893038377238,0.614071191749986,0.1587455334842668,0.6865600699306333,0.5515008755070239,0.5157695170476898,0.2755994949932458,0.648821327667393,0.6646562876262107,0.3761058948237505,0.7641871136242939,0.1667827752325272,0.477696649066726,0.6477958522371745,0.741171040704944,0.4487262808633811,0.3416375355726613,0.6742282832410237,0.6650575926874834,0.12861567171509697,0.9619533612458635,0.9009183593116333,0.8164038876111743,0.402640724723593,0.48409957977015466,0.7031431565028057,0.38536393262137,0.12083940309254425,0.9311817723159349,0.3966574279299779,0.3962242740720977,0.6863088077225655,0.7258047201636791,0.5082962146914194,0.8705394466797074,0.7465914890224216,0.6022317915889935,0.28585368565730435,0.689730473633678,0.589765386435845,0.6894534887525913,0.6873117757355254,0.872392077898944,0.42732216384501565,0.2981878536061865,0.4370357190439598,0.2737894417493317,0.16458923656419577,0.7097321696117929,0.7324685827645568,0.2997560105436972,0.6898540165462231,0.1891515135323336,0.42296371502408914,0.6435334387999566,0.7181557145188846,1.0,0.6565103355221826,0.6852288434250426,0.5394011432613045,0.5382868112403402,0.6906854631272348,0.23014604809825406,0.5127964046901553,0.6168000237716333,0.6444119286684981,0.3641625874017115,0.7954418174428991,0.5090649437919719,0.049785177815701964,0.7653996095743808,0.6298428404007145,0.42734414390625486,0.22713487648303804,0.45556760995269463,0.7154081105280575,0.6652508232339404,0.3767214952613493,0.8063216836298508,0.12608906789479407,0.9572698102607693,0.6616059374157617,0.576788644170621,0.6119844525439493
9JD4_CD4_naive,0.41033108390170525,0.10282850337449247,0.80838218536382,0.4920639397066899,0.5649948670215701,0.2711090986992707,0.605885680451167,0.6039710165035941,0.8477135072096426,0.3728846247014838,0.2959823671739133,0.15988236929915906,0.5609266448822222,0.13978794805046968,0.27268924210613793,0.30121395643945026,0.15206528940356379,0.6185309495858967,0.6345527211363876,0.18605354223959766,0.8095377903917449,0.6468301072536063,0.8222484293912546,0.4479113949509848,0.4320497784819178,0.25930834275152354,0.9136091430751924,0.9273586322178183,0.6323296382230157,0.564755088454279,0.5490772847421012,0.7000733342726227,0.6682283868779856,0.3320189276319094,0.3886088242554969,0.5726322138264038,0.9743995967565324,0.44195417772475726,0.3697232554915536,0.4449925340809767,0.5209041343890565,0.34865477696205877,0.8941774571661122,0.21982539591536449,0.7463892460837189,0.33826436908510515,0.6629793792817447,0.33250520260841643,0.34529116282749833,0.3145998122749695,0.5989824776186271,0.07826990644973741,0.5833487689433255,0.35649239138089545,0.6094877967161852,0.47983938243701785,0.19934958186177956,0.30759684387928626,0.5088799821795434,0.38794527445781546,0.17617589207593648,0.6691363160230968,0.7530959319067647,0.3425283300512132,0.17470812180437506,0.37517336999331213,0.3542350980466315,0.13246173561445876,0.8888586489534406,0.7884442550344689,0.22416547697556927,0.3080811903669935,0.6177212393510196,0.42766226666359436,0.16074783278099786,0.5236973884588876,0.22600620176610658,0.7321272128487629,0.4120406497001266,0.5277732805248743,0.6086381531137124,0.21126397989573842,0.44038221203081046,0.6674794396327802,0.4042813751844273,0.7813552926019842,0.49144787353513236,0.4532401057262171,0.3852571638445963,0.8983301183814224,0.3642171480610333,0.27493647101457275,0.2845405395046008,0.38216391052262344,0.8603686739121402,0.4987237690702647,0.49513574017076184,0.19514484532854762,0.6560954740937693,0.4828848650764409,0.49782670979198107,0.40504988305303136,0.39257049360756363,0.5096858126019888,0.23259625573380335,0.5767028191665191,0.5671490707679541,0.3553906895280243,0.7070902830003248,0.7047022454402647,0.706903266719579,0.7140722263851148,0.3355047570248863,0.5006968961176499,0.3438186955467077,0.09357839694794438,0.4184795967966901,0.8291723238113988,0.3382091922627165,0.41104072550427273,0.846271140707377,0.9120266090260836,0.6066469800858765,0.8548442666143428,0.8241376332549583,0.5164922904475454,0.29685713871105146,0.9676923888355026,0.6991973320216887,0.15671474575034117,0.22512480159203477,0.6316418769070451,0.32728167876417774,0.48216793878564956,0.48922088403572056,0.20242369838300098,0.266605539301016,0.34881417611753424,0.5992223592177788,0.42314381493698133,0.6510352743678766,0.7979460791227178,0.2405430552864401,0.2618637602926293,0.7881113747596865,0.2715407584031263,0.526820792763014,0.3602258966045473,0.6788274213669986,0.2459205884610843,0.4827315962684728,0.3547616603266683,0.21710049129318545,0.3626441385027795,0.287484340013418,0.5860299981511254,0.669524529475164,0.35499031958060573,0.7795662340160284,0.14892829462216767,0.6030632336610434,0.6163589003309787,0.31490843606940566,0.44161683141497304,0.6212208859394546,0.4972633344560543,0.3719162828425752,0.1968423898191828,0.4196726031345534,0.9543642643700861,0.311036103616298,0.5936341028740592,0.6437030672306769,0.3507463896746486,0.5769442912307498,0.620018438863771,0.6287009650172457,0.4050910578329921,0.5964033002071565,0.26047768040377345,0.09183731545393597,0.44295024753702905,0.23391263538878207,0.322113069185336,0.38911030745427383,0.6779709548471463,0.20460201821217186,0.5208401206743878,0.2639816924723047,0.9982437321331117,0.7000819602401809,0.2520240625393977,0.5247668094387241,0.40197321753414844,0.3160037298765726,0.45063752210362473,0.6988347688611546,0.9301255875691423,0.7612250342569217,0.34888648191813243
9JD4_CD4_TE,0.19139363815697238,0.29382740015790376,0.6198185468625425,0.6551651528230439,0.661290322005912,0.6139871768560861,0.45123769200215214,0.9183732333060242,0.6710138209511096,0.4814283569944877,0.774160821449128,0.3810779512815198,0.5260306955013608,0.6384461358966685,0.5954130840302306,0.20840855802272895,0.5001157425223687,0.8198129823826172,0.3734188264154168,0.8000324666512436,0.455055610384711,0.4007033296190764,0.2979204051331896,0.5417912933255224,0.25488028844431165,0.6843154822522444,0.4660876503136772,0.81844578778675,0.38713767765980533,0.8188340996139233,0.8629265209763912,0.8612818954399111,0.5950396237878047,0.8850462697182261,0.5050188229221497,0.8068044282895402,0.7303801905141271,0.641044500842214,0.44794043452127924,0.6475046025513531,0.4316523269382117,0.44833166516606676,0.6452319641659228,0.27297954287303905,0.20133334064808864,0.10788797818468357,0.9666290163145502,0.08026642606457594,0.7111549817145292,0.24914015965673175,0.6337741991190016,0.8638639915212616,0.31664458541854057,0.705774997887335,0.7802248143162892,0.3838978295529056,0.953389937196139,0.38333651953254677,0.3459238639512795,0.7497065834696737,0.3048428199024491,0.8258362998397804,0.5038854310247723,0.16798344597156498,0.6799316890175369,0.0905333842821312,0.8653725996865892,0.6844035194008431,0.339137215759806,0.7462373829862339,0.5589825980873623,0.30603505276294823,0.1363713217814184,0.8979886231546077,0.4626822978523242,0.4393269239202996,0.691125462042612,0.7894638039350659,0.43835717079165754,0.39613915882708284,0.28505245210694496,0.3648987083084269,0.1676120867130493,0.6176916000334634,0.8723815599154384,0.8717683264150742,0.367184702560111,0.6944962236159569,0.5715815197887565,0.5469509222510082,0.5851734549281241,0.8276245995253677,0.8393230504024446,0.6897068166614506,0.4126232496611565,0.16449177757539515,0.7266020361039182,0.6505565451717326,0.33907747535734434,0.42331464568607574,0.9042299417686851,0.23216591344201123,0.6235870169164668,0.2313207272021671,0.6702683274794203,0.3973743451737828,0.41061827921628713,0.549269469591907,0.7824345456463201,0.1332903733482503,0.8469019533782906,0.6123119347273155,0.8993253493722578,0.48175533868836995,0.19445454927775807,0.6042403465808375,0.7308818747820502,0.1651059446940658,0.3429326869942699,0.07567390797717667,0.8713599690045443,0.5959631128762928,0.4310088110343714,0.3353192995549103,0.5489088020288605,0.6553077332193764,0.7324773879445272,0.5798154458800786,0.36611552522095164,0.27609587901103066,0.36863794097859104,0.5267301748424958,0.3683548092740649,0.7653434735519601,0.271717343076883,0.28980860054114277,0.17663248883371296,0.5137406507967347,0.22069080417925835,0.823490366560163,0.17844531460847285,0.08572070424082241,0.7197424320677123,0.46658913338972646,0.436818858246492,0.48066764074392165,0.5383836616358061,0.6495912402507923,0.6165766418962547,0.5567490220477865,0.4496479022533999,0.385715903575677,0.42537528385582485,0.8788870264358989,0.24989910908407195,0.4184253195963674,1.0,0.44516521052533503,0.37974218969643536,0.3198769583075722,0.8331595491051436,0.3032486553807131,0.306552295689003,0.5334332610051566,0.767407806887216,0.5332245360010829,0.5288213331459198,0.586854192643586,0.7047599137350196,0.2592164762913143,0.6621439711759806,0.6242845308007771,0.9891961404934589,0.8472064014545093,0.5822553950641927,0.32303519065055736,0.5796855498901675,0.6242611640099824,0.48660382811655145,0.3115970782033094,0.12953317314892404,0.858099214049863,0.24493990679483577,0.6630419015989433,0.5244761747435953,0.7445277583409987,0.15165477328699095,0.42133390062045484,0.19475280000526063,0.5277200474612592,0.9924944575021725,0.7468533860431382,0.6539281467032306,0.21085358846174737,0.8649882924992943,0.6491386068116347,0.5448927386898763,0.8751623983985424,0.5832405956879771,0.7816117109069844
9JD4_Progenitor,0.19002259497381488,0.2798506561291318,0.29412932354533045,0.32492571113405805,0.2944230617149795,0.5269004063620184,0.8735073530211375,0.327492701396455,0.6698881978354535,0.8980828162151542,0.45235106930478036,0.37021932788751505,0.7017816126055841,0.11965601301141908,0.7085261532423346,0.7603067225501908,0.2731015908962343,0.6039987566527075,0.7194361503088765,0.492902366953084,0.6953134192322171,0.19735120554756658,0.697132908785906,0.6117895587119196,1.0,0.32142493491687263,0.4386196112681887,0.5395359911729,0.838259645201792,0.07114278707082189,0.5355373774697072,0.3249397825095598,0.8131702228722341,0.3645451737800167,0.37906923738046666,0.25377322379381045,0.4721501958799645,0.23765959030086756,0.2560540917409673,0.3957497237231515,0.7848703583761253,0.7531929218886628,0.5921686984630798,0.9932871790595647,0.6064576059554432,0.24794911679985782,1.0,0.5767127982693753,0.9055398975826295,0.6839254448165973,0.7409168233922849,0.3934813538907243,0.9802530461678404,0.8242379776387542,0.15863581582369288,0.5340419388986907,0.8741252592871389,0.37646962924397676,0.6189570048966277,0.7193040877213753,0.26981817221598503,0.49142150504144044,0.8363913262122611,0.9707052321864189,0.6913619121748212,0.5990183223577894,0.22665050971145073,0.3181127241771126,0.3601522421102781,0.8047606091903337,1.0,1.0,0.5935075351174004,0.3232206212881294,0.3926676560960499,0.8784583456783378,0.6134760468381535,0.27134941487415704,0.9107316425344516,0.07245858519650886,0.3073194973301061,0.6457295081357646,0.6202724419334498,0.5608798421167859,0.7613304084179643,0.2661786116584227,0.7451643959107908,0.9073459776814988,0.5407026563379633,0.7436404670304579,0.7997567411307962,0.09052843701106755,0.8774795415616454,0.6401040846398357,0.6531133725279206,0.34755035163327724,0.21584269296131836,1.0,0.5058338380737978,0.20731008164313994,0.6846485300579359,0.5210097270456473,0.523503029282579,0.5657038206057873,0.3998723440940827,0.575166490151055,0.3317495420823886,0.6495143765804405,0.28153870006869236,0.36944081895669106,0.33130920728399593,0.2680503376141758,0.8007452484769233,0.8023736105493077,0.3888391479156292,0.609637736732879,0.4977673781833327,0.6943723187762859,0.5427361194691617,0.7513352258609867,0.5058934510884908,0.5977253072232622,0.277817017145729,0.7460609404912727,0.17874379961867556,0.4859741703632655,0.8499154464975276,0.7108485410090677,0.3409671868152073,0.21920504366253946,0.5054360981956212,0.9571265445215188,0.18471772114405335,0.44379943450077713,0.2875161832380582,0.7780406196046626,0.5345537309325183,0.4864497068880237,0.7859139577214271,0.9708853910579882,0.4977881081212653,0.25939735735944913,0.4830300119565238,0.9402066379444578,0.31033915165662307,0.45557055254489703,0.4274714661179157,0.23765677198368323,0.25223814404056427,0.6036332466838518,0.5743103003715669,0.7289092227367985,0.6920464279381708,0.31367177405644825,0.8462813246970343,0.7090956634675479,0.8607198122489839,1.0,0.07420661724062791,0.8914067755033384,0.8938533274087991,0.41200621643669955,0.595662132707116,0.452339646329333,0.051687555884489596,0.6224402672730434,0.4749393526927519,0.3640800187399625,0.47184964033014504,0.4912225766768527,0.7510305707900751,0.8827000757372357,0.9610392697707527,0.3614170044198955,0.39500058146625927,0.5756288272635958,0.6125701230745767,0.6130807926741437,0.6336753687774378,0.6333887757850688,0.11149205804687241,0.630963373260822,0.21179467161220103,0.39272465011432806,0.39092166020497554,0.10569192941496555,0.5884193493296793,0.6962569409710925,0.7141862752568763,0.2861505390827951,0.7266148788536918,0.9452992781185523,0.7750607079067197,0.48209397870638165,0.6208069586782806,0.7327758159425825,0.4943763572772624,0.5616291517151207,0.9036557347908407,0.5733398033791147
9JD4_B_naive,0.7302877092010992,0.3339400990762864,0.5013356230188682,0.562352156901395,0.6067365753610615,0.5965956458569756,0.23016987779881476,0.7250818260097331,0.16735049190924992,0.46051928629923483,0.7130570567192183,0.927617109263371,0.5662692764454126,0.4812103903224574,0.23036086048364218,0.581307922076641,0.785867562954357,0.9841420137525818,0.36705921295834654,0.8349728225079128,0.3012681497974315,0.546209436376853,0.22805025954047436,0.6164966748365317,0.8383170746697335,0.3470673627208891,0.7971208826175648,0.6859525819650014,0.38523382046520427,0.2893475096820321,0.6988362941330138,0.8303564516026873,0.0836999545325047,0.363404773380619,0.5489002757672845,0.4370753400757787,0.6652919101197985,0.10329616350074888,0.41316219474373567,0.8349881450667416,0.21309732478989854,0.8998087425846998,0.8127476214448327,0.6006088976485474,0.19400509732057794,0.30123740293605167,0.8258300806358342,0.3799386970312413,0.05302572454424167,0.7279019983874504,0.31444286113345254,0.35571137729233654,0.6148391517180283,0.09346704865579654,0.6116054184937071,0.878223101310001,0.6273699315682675,0.7660103079984636,0.8742221844160856,0.45774517766991873,0.24976039336663067,0.5514045138001644,0.5204371986016356,0.5892891646597848,0.3878141779527897,0.8112733045327011,0.7513210795484767,0.41779714512527305,0.5136625737080381,0.7232948215786833,0.7237210278728949,0.3244401161337316,0.373552002390231,0.45868637784931626,0.2280052336071155,0.5317409633656575,0.7108225707263505,0.5090187774613962,0.6968285062885988,0.4313365565538407,0.6664043862145058,0.3676343806987635,0.3199053487710007,0.990651902293276,0.568995061082702,0.8306951877285206,0.45952804996776286,0.37867735336777897,0.39536200677301825,0.3390494492789843,0.30311000764153917,0.4044732663158157,0.7466211299235782,0.5291849880905668,0.6362106992636102,0.6054785744523502,0.44177947325393585,0.2464824707530905,0.7110982658420918,0.5159433213923369,0.3181809484367961,0.6456326150127248,0.22689993659781071,0.9358101579986298,0.11259834637903711,0.37673363762646045,0.4574306615055992,0.33259314575058085,0.266225858794694,0.589850350475571,0.570570727006822,0.814290128801887,0.41137991685733366,0.4262389684922578,0.617777431216362,0.6288890390073817,0.4530569921403297,0.574379452056931,0.35370601437397986,0.7967904010022604,0.46000949248193135,0.2661368588207563,0.6482378580983648,0.543882588173695,0.4878327374419646,0.7058521771736906,0.19574433112144335,0.5431301792422992,0.2952355424463428,0.2429440138941981,0.7666105480353212,0.5637641928864136,0.5941906566803616,0.427309631572221,0.6822902108339528,0.10238768683212501,0.5406080146600829,0.169577303268848,0.9891823700688797,0.577035748910187,0.7146005429869073,0.3878147909402341,0.24056835198089419,0.6631622722928204,0.38838525504816257,0.2819826763770039,0.6765777314263022,0.7029435441708837,0.2648012628228393,0.9333489987477932,0.3616175482851961,0.39067895605366754,0.25827024015199196,0.12880690046039675,0.5366576287224492,0.5441306233480357,0.3018700880017043,0.8430760839000196,0.3025948818159638,0.5344840159808772,0.8969178772424939,0.7658598509297023,0.5717780490398853,0.7832398029570523,0.5255740050027207,0.713586081129025,0.6154972666796757,0.46663960665690785,0.6808133419043548,0.6616809294308101,0.45146060237294244,0.5312513909875698,0.2306906323056498,0.652173740521366,0.3609145091301181,0.5785741026794106,0.25060550193855846,0.46100339035128907,0.31383529647764197,0.17052910174200392,0.736218099127765,0.16682998220299092,0.8188743382231626,0.7945660781874684,0.31718950534829154,0.48849739690358895,0.5970047618052429,0.540472238909927,0.22810085214163198,0.3276832215966324,0.12118345008416258,0.44077097340095933,0.24303844077890968,0.2301343382630773,0.8039060446342258,0.8583630636018488,0.468331650672215,0.588399331902048,0.19811621667671728,0.3699175395235046
9JD4_B_NSM,0.3109395170112275,0.6350404386335982,0.7271334992804709,0.5013484119166959,0.2879758109790973,0.2912090898020407,0.6149859670752691,0.15907320554500998,0.5509872927320496,0.1429543596644752,0.8571794575814712,0.37016866465941384,0.3710253166702814,0.6733025653287555,0.8239036949927931,0.16077344177332545,0.30903851338727867,0.3488942001484978,0.1330514723282584,0.37487780165546497,0.03289522158197868,0.7874118950369171,0.463271125940548,0.3865843614023131,0.1781017054630939,0.34973959380371383,0.5995718800729909,0.2138661730875604,0.5187081841753798,0.7245669494080486,0.49174575185312697,0.8780292220401981,0.4805516057945922,0.21848172974411015,0.15490920411305478,0.5964074854412872,0.8328701948307018,0.180395366720182,0.28963710667571674,0.3917456020403514,0.28838335651557623,0.8714692326695379,0.56834620720717,0.10165071390209209,0.9481677167168238,0.15133529113884872,0.15077384554718537,0.795233313891095,0.5673100634230261,0.6967400996541231,0.2950320277874134,0.9547756118240374,0.6676499609611615,0.6985624216374166,0.5957429417653726,0.3833577685992822,0.4810734411287112,0.290210626406591,0.49875811152204563,0.13862082619542457,0.9074167245286812,0.23868146373623542,0.1422443238553524,0.24975710673585738,0.45194921969332846,0.17856260113472622,0.46864392292484486,0.2915361019069682,0.3424635131407734,0.7344546779777134,0.49412330078415456,0.37775388106220814,0.3523891365930789,0.36813278952931877,0.30887441957025885,0.7308642370969501,0.140933804780375,0.38205201372547976,0.4596645031308121,0.3628640774794899,0.4431852408014316,0.3703327667695862,0.49976585839477944,0.5012273233224528,0.6162116710541358,0.3699693522536849,0.3435978093447632,0.0323924998923004,0.22055914626775736,0.43203047047659265,0.7713145424029069,0.6133856270489195,0.4470172231336064,0.2416481295659238,0.5908586989944012,0.8817654904999341,0.11102908365441003,0.7170681031227704,0.06716488321023056,0.586125658414746,0.7230603758958022,0.22873707774797458,0.10385790579390669,0.1299623731743542,0.6254551771061624,0.8396704364069372,0.17381159997028583,0.7412786961206781,0.21413141582407885,0.7056502809121034,0.5070717906323601,0.7362316673328873,0.3402899052424133,0.3703842408711947,0.6232589183453486,0.5203424834529154,0.8171910865393125,0.6934284419940452,0.5912242831141304,0.6355429444324603,0.48895772196075693,0.3648826275170056,0.2708504015675066,0.6356838801762449,0.8778978693689365,0.07794484530768492,0.7623223127939681,0.8224674755749607,0.2921133874741372,0.7383198919059489,0.48168814288273837,0.3494448331421679,0.9574246133213856,0.76256008873225,0.3387446379890276,0.14488445228828783,0.20793331953436653,0.43092723285657686,0.28245370689860017,0.784754821369198,0.6723009513557731,0.347984103292159,0.6420420555197012,0.2893930837778984,0.07556042912057706,0.5044624849059636,0.19035789394018565,0.20677658341606717,0.0371910925709754,0.49976893508493614,0.7176000254928242,0.6785562478309894,0.9970882458652779,0.8773630596775178,0.221019549313809,0.3193751669984773,0.4173420048049668,0.419183515411021,0.8539105806307983,0.4222309540092657,0.8496713660633055,0.7078930676403875,0.5981564945599813,0.38931744098771626,0.7053389132872423,0.06726663290412567,0.32686681455550803,0.9508334770249346,0.7632441521721823,0.2981692917791267,0.394428494980219,0.7033561557795951,0.6457486552972902,0.9356809326517727,0.5686547248166729,0.7240764615191095,0.8462526551857735,0.020861674846937493,0.923678695518132,0.21118589858584413,0.7942890886442231,0.5063920404850922,0.6876403022892636,0.5522439532382023,0.1473172216032153,0.07429535482420943,0.4389455987265519,0.10147796726672993,0.2830953097100579,0.8103551666355704,0.07870449983917537,0.10472639108186903,0.520211702013937,0.45080153939840506,0.7978063908680068,0.6669807480368574,0.2852311323030751,0.7843153218517066,0.22904816152627996,0.22174459787394038
9JD4_B_Ex,0.3250806321802742,0.7929385195926762,0.4046411398317966,0.6029574007733737,0.2719144814135024,0.7131751491583808,0.6900693189140382,0.7581458282192239,0.19336830795724985,0.580655739590511,0.6249981652423252,0.1720976413144393,0.6851300584912497,0.180901919865148,0.6044650356991864,0.41736178111424616,0.3270589624113542,0.38864250426883445,0.15341149427050643,0.16884021923443818,0.8128811064081123,0.46491975238466576,0.3270296103920274,0.8575354177329103,0.6035498971728183,0.5658334246660681,0.6847819782921705,0.6278207449302585,0.7070639018719551,0.2760647224547886,0.4796705147139627,0.6043000159582774,0.8531004207245647,0.5651879834166216,0.2425723726193516,0.5861951470759574,0.7210813803698481,0.9522064768454053,0.5736631964975946,0.43255830942890483,0.3803713860088212,0.7358405081810836,0.4853706172954931,0.15154226920071867,0.4058281189408691,0.36217857899686545,0.5052117869901315,0.721143271247078,0.5728726689188994,0.9319287130393049,0.5449725559903521,0.2268644765216128,0.7591354492164591,0.38575817183714606,0.7784191936497061,0.25427254364041985,0.42390436703704093,0.529116685533864,0.5699104936363935,0.3271095502467619,0.3807717224469613,0.2724441640598284,0.4237870685032861,0.4224253526438902,0.15106400232556846,0.7569082998455364,0.2818640018829053,0.20098433095205193,0.35072467002902696,0.8782015466491375,0.6874925398196055,0.7272450021956297,0.2505096479093573,0.1712038491758618,0.7056830696074976,0.5426723077417094,0.4333480140223982,0.29683729652183777,0.5258639858552981,0.28023258049015537,0.5379472913253398,0.7301177072239496,0.34569110023180455,0.5250827079336282,0.1678008724628965,0.220510599212916,0.3652365106097473,0.7980227744365939,0.37375481555012285,0.18410916446989817,0.19362642265384006,0.546218770183612,0.6572318941167647,0.011334429076307844,0.6452242810561329,0.5766755358798102,0.3246002308740996,0.8520882928375971,0.580232217475997,0.4882956131787567,0.6200076708047476,0.788406291559,0.6275436161529742,0.6897165248205661,0.7056712103794847,0.4819539052242771,0.5041669930846024,0.3706595652175515,0.3237749513939561,0.30982117768504036,0.8029480085992514,0.24933105376863235,0.23441228892757604,0.6199698165031647,0.33177343896466227,0.17157074071834977,0.7813159567356402,0.28439974697997383,0.5889021519387698,0.1526751334975374,0.7073663844836148,0.3585122866363641,0.5270457166836726,0.2708413236305232,0.7095284131933562,0.13123600200511315,0.0789192932637058,0.5070168601839199,0.46549348867432,0.6618104812658834,0.5291279220177,0.8330223667150564,0.575127556112652,0.3253968275192627,0.4913632583079267,0.5136361512236445,0.42264328016381786,0.3863969060089942,0.7144895788033733,0.7289630191970528,0.8617174081373759,0.8536903755005809,0.7008408409520893,0.5036945766025186,0.5694358674168535,0.3536724352003264,0.8631855545787737,0.5040408283710469,0.1342569136503374,0.23610354105511366,0.492847898635743,0.8185393016491496,0.10266946882230733,0.5471309961279982,0.7688449006773983,0.12783769420676322,0.24746332938435128,0.6855029748028557,0.05047581060294293,0.15215457254684175,0.2809834899036158,0.1827371858412136,0.3256108923245718,0.7555459699689868,0.1348557584226568,0.9617932820251273,0.5487577644538588,0.35372817046086896,0.6832492083583007,0.38057142298364716,0.5623238230275961,0.4058038051947371,0.191141322581557,0.7663674482995002,0.6463783065920367,0.7662716183426357,0.6893496391550862,0.7263026205672891,0.29184026928863266,0.8278945701468474,0.29026733129125465,0.42489412599655535,0.5619733083619085,0.466079535208544,0.5939409228383471,0.45321688949512406,0.8481716168240961,0.7547059984475795,0.8937045446531765,0.7059132770012404,0.8873003567603629,0.6093873359587022,0.6087928845053097,0.587759817604946,0.08222066412145883,0.39765194746085,0.8343678804628116,0.10372486930306114,0.8177387881295688,0.68938721128174
9JD4_B_SM,0.5299800698363486,0.35184702741927604,0.5158265119556095,0.9507507281291572,0.1803652516298075,0.6163470813657849,0.3780248422592508,0.7659880755397247,0.5881035769640893,0.41168112550773844,0.7549274027973794,0.725886365603569,0.2692863209925436,0.2416371789572938,0.5583559669658495,0.7623947841033535,0.7369949895733426,0.22184564447557964,0.8803005964745523,0.952739256157521,0.025009266015496003,0.8121563690560719,0.33757309286770987,0.6399586077131292,0.2653283084905767,0.08870309710115377,0.30028181651956104,0.6216011127129516,0.2969561442069769,0.590702938809474,0.5482234917931058,0.14157987757873197,0.564323992988479,0.7056913702687121,0.18895483518075057,0.39219150574394657,0.5589476036508297,0.5506475841272965,0.5122912065597489,0.5390196916945451,0.2333009555985204,0.25927666086738765,0.8318244394456298,0.2090541261888673,0.30449060025318075,0.49357714015192156,0.4821584391563212,0.6969143653920661,0.5473603566317253,0.46694086760504244,0.5155987652413975,0.35976938638759104,0.08576884143367981,0.5902218098806953,0.40870319040838676,0.5568991291642399,0.1276309926745304,0.1357311941193275,0.8576177962774669,0.1529928258873848,0.55024475714956,0.41955843921238295,0.2832081919821061,0.7230804540309955,0.7274414389144124,0.12315411246036742,0.7070063802751111,0.7717851571739623,0.5358977617934318,0.39962548688710614,0.3419827150652617,0.22904813867974907,0.524559660229764,0.07414757120474644,0.4535362747186388,0.07385676345802107,0.4265027113727404,0.8242666724724955,0.5909074083139505,0.5121205752140856,0.14008014426570167,0.6674156749103296,0.7610444639956488,0.8258066578034271,0.7290822260887305,0.49696563384873294,0.6261890450348121,0.6968691584981075,0.9004902718900974,0.17118346659490075,0.3507453003000653,0.5823512821365739,0.231357516516241,0.36645530314283997,0.43042930980082694,0.6604504406235144,0.241346430805184,0.3648891813717713,0.28083667782001365,0.6546565223349973,0.6651756367185961,0.7631377824028767,0.3530105275025543,0.432948752549325,0.7303587422470535,0.6414597448877446,0.7144342769869267,0.5234037066276107,0.5758360166073807,0.8130054555895904,0.4384271401415967,0.8303439426010455,0.8676259327671832,0.033305295299096406,0.8954358339104865,0.7511520875235127,0.7252995466925544,0.08877559140304267,0.4450312469804247,0.6638590734432189,0.4681500494824258,0.5311932569773403,0.28685452395496563,0.43135314865115437,0.6454911124129954,0.15849810879883325,0.23880085567958217,0.4633135542700536,0.41558357648279554,0.5274604049939274,0.8004177489176204,0.6263738583353798,0.15098336862418898,0.17961119518639665,0.6993465797319852,0.22987401181729708,0.11816083263958603,0.9047896247822623,0.6018727631947868,0.8454709861847556,0.9702156921022778,0.16004781866430132,0.7453107949697049,0.20029204405929155,0.20946968866307925,0.3644595224582269,0.8523731216147359,0.7122479052586754,0.13628319451060175,0.36236776090715705,0.7400690513038352,0.42232736744958854,0.688138579144891,0.4069522834055541,0.4293989683576338,0.3071098018596319,0.1133117654159851,0.451955870302592,0.8400640638861228,0.4813885951488547,0.5862490750030138,0.25629873225443406,0.6122793480028775,0.5841364897997914,0.5528458388869816,0.23606318306928034,0.6939872886873429,0.6304432549073083,0.5240409278700325,0.9802003152480733,0.6460514642313646,0.2216177958544675,0.7312251333417333,0.6562941296760164,0.6480672620173011,0.6125620670776154,0.27780023802087495,0.7277664413427986,0.1980342084960302,0.7224298626783988,0.4043920522436102,0.10824776308504448,0.33694210330745544,0.5045186560573748,0.6069197594915591,0.5109371041060373,0.15099557338192915,0.5668070246844611,0.36731670163207686,0.5895963753856445,0.47376540431190883,0.664128591117692,0.526036671147069,0.3590720070056667,0.5793277832262665,0.8096786229754689,0.41475841569603744,0.6748763418767204,0.18819785784446524,0.17619776328399417
9JD4_Plasmablasts,0.6104215974282688,0.23572957371356842,0.4817477030573003,0.5372223147835589,0.20013217490423607,0.44274291740471106,0.181464318896167,0.3686856194154032,0.4310274283136781,0.46934346373053565,0.34081037710455847,0.07266294434277956,0.3152421324383442,0.4808450001279006,0.21415898136739286,0.25314616753267355,0.06778103146920383,0.15082122703035505,0.42133686615830573,0.5687948886097128,0.30496658348562955,0.5386185519931964,0.21434619619720996,0.19238694961312663,0.4557440277023723,0.15516277184964858,0.2737778070421532,0.4681668743351344,0.21410455197083228,0.35621151564583403,0.21244806223034923,0.3671002816086413,0.22699680032411537,0.0964790846837552,0.4407784474285527,0.3158841123394254,0.2640239149474189,0.4459198528308406,0.31544361349522454,0.1715168387381202,0.4037816017697108,0.31756123274866727,0.2545307362417573,0.2685068356263076,0.09203311945907357,0.3196613233916444,0.40219215890776366,0.3459967647945485,0.47137499735740856,0.25992583369925687,0.5675166240061701,0.3412749673002639,0.2812953079516002,0.3924345238608726,0.14940010807420023,0.3293422763311476,0.30910422630111295,0.39715243085911345,0.29305358564766654,0.45403297850746827,0.5258621291147363,0.3523780358353619,0.10969762457894698,0.48997102491021394,0.388654784823602,0.2558749394777204,0.3822206106109294,0.26295463705892247,0.43998853257063225,0.543734016860815,0.41533711064148804,0.28725645277553347,0.1687595544101352,0.35770030422663723,0.3927390004075048,0.45815074733243566,0.36878381013546385,0.4825351150388743,0.2925783202166389,0.2463204988375462,0.29153531956948314,0.10750727033149,0.44892998177599935,0.29903137036794514,0.3225826593320023,0.2110505936739424,0.28643775200368504,0.47428073314877534,0.3847940343652337,0.04699706547071313,0.08001264557398739,0.26773677817736374,0.1591266027156801,0.5393243198139189,0.2412145625923078,0.19907694074862525,0.3905502776990135,0.5029228047716366,0.3867274892566382,0.27778697557513704,0.5017778285034606,0.45101059101754387,0.2247804050191891,0.32979969025901634,0.16554906020368887,0.25218402997053935,0.2880827371867356,0.26213631815042243,0.2545502444558202,0.4072622612108463,0.3015073871990621,0.5045705999340071,0.4207540287667487,0.23921224065881563,0.3301300111043954,0.045322770715227105,0.30116177565767105,0.2852301541341843,0.47733444729989494,0.4789217054808544,0.11558855438148981,0.2930568217744005,0.2765205071708981,0.31578983484487255,0.3336246670787531,0.5105214929632668,0.43150668377697915,0.22985691780961118,0.2519218192929825,0.5136087752037027,0.47266528223697124,0.2182243568474901,0.2566082629014496,0.3198260613167925,0.55187275499596,0.6107003210104197,0.11797999676461572,0.08013952507632534,0.10360046609295623,0.3585796948016932,0.33622202820853153,0.4788906645505625,0.314756544567929,0.3651244337357545,0.23381443751700842,0.3390051225812093,0.3971637798919587,0.27106897632499777,0.2919852193459638,0.3806719449376946,0.2682880461839269,0.09568250767452527,0.4248086605686278,0.4152629713970693,0.19368580883631234,0.44299750478634614,0.13562040337341927,0.23116314950778838,0.21128557368843492,0.22564946612595305,0.2706301597159589,0.09191215408165518,0.1853736455016217,0.41333334844127545,0.21019797814660626,0.43402411970768917,0.5367477473052146,0.0039755051386554646,0.22651720929857386,0.38451698452181615,0.2450691079479143,0.29837403576749394,0.48810743006085366,0.41259066211815454,0.48102625515105124,0.4039592368686408,0.2067692601331727,0.23323361264328385,0.4148767571628153,0.5878982882631915,0.224935103792493,0.3108187947951836,0.217155219740308,0.18237949786207328,0.06068770121647557,0.4668725629414147,0.1806894762067042,0.22015566817457582,0.17309050374716564,0.39669634200026704,0.2536795442162853,0.35472504287546086,0.41623089276986036,0.4763225174352021,0.1818748908003109,0.06156006059713167,0.151247175036997,0.5198866742982774,0.42890723997289176,0.2012641886801797
9JD4_C_mono,0.3719199501529467,0.19494705108678037,0.15853881084897053,0.4335612375773228,0.8666514876010183,0.24694732662492427,0.37112313462192054,0.30427466501658823,0.19953234218980997,0.5112621505385101,0.7533516199815576,0.22520447436391097,0.25383573209118304,0.26109660344317653,0.16569772912196437,0.4571825473869551,0.1985579738848748,0.1975943330660332,0.5691388273415523,0.4358162335044883,0.468571306083252,0.7572483595980457,0.5660734187387159,0.15874132401906232,0.95010464228548,0.5874266378817785,0.4199112060143968,0.2630553012608604,0.673167589777204,0.3260012115125509,0.9052800387239803,0.6990112363899246,0.4283701018620184,0.6953509925348829,0.46370392648062325,0.4905976643652412,0.6643872993940736,0.11974797097067966,0.7731338362045219,0.42178008448617105,0.9503561700720716,0.43990641303109745,0.6748289598923555,0.4955178830420744,0.4431926530400432,0.6695236843368397,0.5731732221035519,0.7386472207058085,0.42078906070538574,0.3122787487744663,0.45229842764799644,0.05557073503389325,0.17009833857423282,0.636121546886362,0.606398244396575,0.5044213575595093,0.40725502053254453,0.36087664842574946,0.4410230766275864,0.3807389186083605,0.19194010874292575,0.36976472630161483,0.42872993867125486,0.2711474868916785,0.4552542086118272,0.1959972395201003,0.12582645277131324,0.6752487381016851,0.7475099459840152,0.9035879296093247,0.716366839284006,0.7604102989565789,0.21234438234356523,0.5171077723879749,0.7111475000379099,0.665354103689225,0.45559582107135144,0.4217111137376835,0.33042985509232725,0.6920468230506044,0.61811525907535,0.07489538473628893,0.8685255321937752,0.5337348356941153,0.2693664048657451,0.7145484062846905,0.5816426302323113,0.501319514274487,0.6199244349822556,0.351710024354717,0.9433775442050827,0.25793751416645444,0.2857182606781326,0.3509906643422204,0.5362645997011292,0.8488720555940108,0.4248934565675669,0.1226652110176716,0.7375285681927595,0.34302916892867186,0.49428738792119653,0.11072931104799753,0.5189925702382598,0.5222692513968532,0.9194227648939634,0.5131252348038622,0.5575345209076372,0.5516620176324926,0.6203555266187513,0.49346680322144715,0.6453575109486471,0.49555386989682265,0.28453919809118977,0.4937073474721356,0.08276149374878872,0.7780103973148526,0.7580862903623727,0.32039091496596517,0.25792803339187004,0.29293236599913847,0.8877116904324831,0.6393912472214025,0.40630220265742645,0.11552700531716686,0.23421377042310912,0.38141730692400355,0.48074689929636233,0.30840686303412174,0.5343318775143473,0.03426163115907271,0.7015536281281654,0.6748074926973242,0.3753619264776848,0.7184101031458636,0.49055344008456847,0.4379602481097734,0.2200797804809573,0.2803407953361477,0.7345034475846904,0.5516793465537002,0.44655671895577764,0.6877400623925466,0.45762490435189923,0.6152677312940129,0.4437473186638696,0.4075625726245,0.29459390990302764,0.8203329209959215,0.38803904270772466,0.5971865875004116,0.6355183819240787,0.6782236059345628,0.5518436098356052,0.6031243562492526,0.2022223620364961,0.4788323682823537,0.2948203694587338,0.7877848888089386,0.5581986269829661,0.7729543005030011,0.513174765211827,0.3960410383102557,0.5197053593415024,0.28470479335653215,0.41712821375144654,0.1802844436569457,0.5849797479087363,0.30000983279477345,0.4457463240535903,0.39330481221722824,0.15609461009094433,0.5472267654794404,0.5805152369610922,0.7287751215671051,0.6705188580701833,0.11851283847784211,0.5925502006854095,0.4139137057687866,0.5917997439668775,0.6910971685193983,0.53149657048732,0.4958638835604936,0.12670999618729467,0.32256769653949446,0.7311619873956584,0.22428098979226718,0.5440389010670986,0.6923445756208475,0.5475299184146128,0.7027745722021574,0.19440250518314045,0.4981719094618742,0.487309145849122,0.5143122595627208,0.5506458214103004,0.19911281428518035,0.34550033973065447,0.5102949066730269,0.1703070175070565,0.6475575419212977
9JD4_I_mono,0.2099466785652045,0.280708850755849,0.10148070612038022,0.2286751156087799,0.5429983354114452,0.5090641746506267,0.12863159453829262,0.6844895691577761,0.42868106263526656,0.9453655333754842,0.47012819840613657,0.7805885468523738,0.3750925318832335,0.34863967621422187,0.19629979027394673,0.8263042970622778,0.5677794841771364,0.3238044494952728,0.2195285444971129,0.7833305544703966,0.4343605590860652,0.6167539650277942,0.5421694515815577,0.6151964945721964,0.49213555599027,0.32074275018345677,0.4601372520081788,0.5234122801381222,0.5226673569789165,0.31295833440431015,0.628486365551433,0.6226738607592719,0.4032645161013919,0.23449966819018936,0.2020541720929323,0.5226284772120818,0.9088358944418444,0.2640552901749507,0.3058776295770024,0.43686994085064007,0.34873955018775865,0.4705999288527724,0.22832093699858613,0.2036054632410741,0.7673412157543493,0.9008597635443175,0.5413809376143995,0.6044058314443241,0.348888568882446,0.661281188080785,0.27060158779295335,0.754722614954712,0.3040008182099581,0.7130817767877811,0.7438624016033877,0.8321347909530323,0.6094262848386425,0.5952524885277461,0.6892102091284796,0.7359109516750936,0.7169982544112944,0.5563234241496272,0.4478078398011173,0.5620795311602188,0.8673994757147029,0.6908123388268251,0.7314787178244694,0.5198979559571177,0.776431547267249,0.3988601581198485,0.3843840130136813,0.45638184110532815,0.5144808601427087,0.4392731540371487,0.8685388722134281,0.5865455413485637,0.21568982836531714,0.5689530199359094,0.17068217808917588,0.42646297101586306,0.3856928877058348,0.4087099951840373,0.49518591179046706,0.6768200966149698,0.5046422936724986,0.6537646316749542,0.7207463313082384,0.6667339113677094,0.06794054942005436,0.6344575325842794,0.7407861646769082,0.6114729549451446,0.2209583317074826,0.7380619119539912,0.45981509365249823,0.23933349369023688,0.7896206613919408,0.36967070421555914,0.5434249721617048,0.7848569854353101,0.6758704686777383,0.21126478142034272,0.19372278397723014,0.47916616962806935,0.6336541545313956,0.6241815572962963,0.10869023893621786,0.6615599020169864,0.3788198745288268,0.7425492391479408,0.6557472134059428,0.9112376181507786,0.2631944941289558,0.7655744478126819,0.3984315691248808,0.847497179593221,0.5990962297778649,0.5333199568232949,0.7045580683170407,0.2926150698584369,0.03266614853420312,0.2872929554540575,0.7471811796036201,0.6130417495799171,0.6279858064486885,0.49639379564043246,0.44066398368107007,0.2990291948378695,0.6796039908424673,0.13132512423266812,0.7376282401212296,0.20136710067997493,0.48716317867937087,0.16012233351079885,0.29322242204199034,0.8129681613311951,0.6210462982776557,0.28425647967134826,0.6519260129376737,0.8947953758491333,0.865392967695208,0.29158730884506107,0.48285017993945506,0.7408732616227389,0.20332297948415295,0.10741020566364362,0.2612991351996472,0.6509805758965143,0.12164476213783794,0.43076492885498235,0.03344824231604302,0.8537414025455745,0.8919083207621479,0.8366164658173193,0.8060985900410114,0.6450809959923735,0.41862040660383576,0.43685161423276264,0.836225159712257,0.9050966854025158,0.2382698869047662,0.5772041317831247,0.6822822279865033,0.6909846156999522,0.3137142823104608,0.3591010556594899,0.5707453242678586,0.8879790349847718,0.8368472528623703,0.6204077738896856,0.5182607621613892,0.7913881983768303,0.020614548994831082,0.4327078594288836,0.6709800284241516,0.5425065482573843,0.5906484204748262,0.7583830275638065,0.44189128638897585,0.54786572697583,0.8544419404639334,0.7571772161006015,0.4918901760994432,0.4475429113040552,0.46779632705324264,0.33530447403088676,0.27869944517860223,0.19394023196289456,0.3270792490368084,0.7413633862008133,0.33713475542268756,0.40375424701244356,0.37274510678778583,0.6442998649735451,0.4558343173151317,0.3120201191615855,0.8262975462371536,0.5518265256414007,0.7269667783108054,0.30864271182826797
9JD4_NC_mono,0.7555931235781108,0.7120471709362858,0.7498889502184481,0.7861071942329891,0.4531226054193683,0.6723001259328291,0.7461319783701702,0.69597721356979,0.12591046280771806,0.42960499487383513,0.3587636446994709,0.43357754575888174,0.3446871749884456,0.3858340555181978,0.7873069533087572,0.49352154732830883,0.3234192514592867,0.2391631760381412,0.8610903125175186,0.2367594527941975,0.6216206183338168,0.7199492631557751,0.9030007136735235,0.36970742749857743,0.7834912950656218,0.796119835557574,0.5787152734930671,0.6152475320166426,0.5424876643223461,0.7731949930603323,0.5431540552267001,0.017965741241998373,0.5729665161699519,0.6488532973603044,0.5340777758055868,0.27871973059717703,0.6948400356796673,0.583455412510331,0.030244754161969815,0.8498566649702218,0.0849302194059347,0.760311850289988,0.48016093564849455,0.49691920985870086,0.4964213572852901,0.24981340485120193,0.3204351999515812,0.7101332780382871,0.5867709302676164,0.8832511539316398,0.5594312449629054,0.5564821393830094,0.5893568311978891,0.41438370566284766,0.6221156346706171,0.22723489456299206,0.4545864837927569,0.3160366652638942,0.579554523776955,0.4446829042820384,0.844913412083464,0.509506595434349,0.1928898846858376,0.36553276337845925,0.7029661452983469,0.8406277226091103,0.4157413771531009,0.7909499201429341,0.5887227102025846,0.37742672542052563,0.6011049541638095,0.6488498102490895,0.8246432876682892,0.9571709979297548,0.1316636843403665,0.6703380242336567,0.5198820224365007,0.5518994056892226,0.528937525608882,0.7995942677113662,0.9049821132755924,0.6784825458198308,0.46329206191975003,0.8971319468158448,0.2721837671817537,0.5783257720050089,0.9947565387977162,0.3902746402983082,0.2753743902150425,0.45576669086749655,0.06603544550478102,0.757036660357004,0.6409392032637451,0.5427600051753173,0.8551288548784391,0.2858384075651154,0.19105728788103168,0.3182315779245065,0.8417433625698039,0.3284354078750551,0.7054261167675655,0.81724163840185,0.28085645595458575,0.32559360145393523,0.39752320093662574,0.8520973057178202,0.41753120608997224,0.9608299039468503,0.47124404977555673,0.5850228941171285,0.4543940841437954,0.47123879400459634,0.10922353084408994,0.45281777558119557,0.8421177699758683,0.539622624328857,0.7524596902487233,0.3779108981294598,0.2527696574276603,0.29347439269129894,0.5786472994045052,0.877226641404436,0.7451270177631271,0.26778541098769776,0.33049253825020014,0.2983968973073776,0.8755802996786423,0.7379043480787465,0.2514129546814714,0.6472519820352113,0.5439846359366275,0.17725768820302354,0.5517848539666322,0.5966898572012901,0.5177967781844066,0.717093912126205,0.5668549043036638,0.5894820652442521,0.8429131340513355,0.3293509087796887,0.20669968153146828,0.22755662169945393,0.23946333624871408,0.07916979000992423,0.5320922884508367,0.8092696123125623,0.7820083111861131,0.1456399566195843,0.29237170214182506,0.4626043486989884,0.7362099482997149,0.9316421994129924,0.14695105606257833,0.6908092635492239,0.5098809770041677,0.6664010632761148,0.776522338152786,0.34571221746761194,0.8185003974511526,0.18671612555724043,0.8148941358587479,0.540520228815731,0.6573335407886061,0.7513290607621844,0.4755128218521136,0.5722846202137158,0.709933595686897,0.7005257890495338,0.8459604344090297,0.2708250782722081,0.4303854785304326,0.46260008471040914,0.4326942448167672,0.35927891964115133,0.46987164411268134,0.23248998886875843,0.5639148661212471,0.16864291327260386,0.6833984210327485,0.17786872895107972,0.6258925857773631,0.5426917753999289,0.33987776177787266,0.6592736602212705,0.5996913160686701,0.4479281327173164,0.13808615770077115,0.7651004586543236,0.487756914523049,0.5674778740162473,0.8189089399855969,0.6239412828103447,0.6108036382600516,0.30575863353623384,0.33163112897842695,0.6034949687008668,0.4347015509042058,0.5936634667263712,0.3214891081748273,0.3626459538935515
9JD4_NK,0.9107925114497237,0.18916102152489242,0.05349076294398614,0.6911056210615506,0.8728072192009715,0.33216173649433844,0.29986610448919176,0.8029293772818432,0.7778854127353361,0.7875061368503223,0.49821703342958246,0.6181279726853028,0.09390557635239087,0.15022085428958484,0.8324960765958745,0.4231238864982998,0.626301418348574,0.4803486997136294,0.34287446646539205,0.7003504316251644,0.33585068850729716,0.4895656564438417,0.6603487809041653,0.8370080851846965,0.7138879698603169,0.6263798151006991,0.44319073786266067,0.3333762984878464,0.7042483331740909,0.6254687727551855,0.7662760688220698,0.26005626030382084,0.4702269433871613,1.0,0.6058487499536345,0.36020566627472983,0.520091377620819,0.18425435763415085,0.7783406062352358,0.9540770618177784,0.633564510177829,0.7112848471684509,0.31999294330170774,0.3762841399588168,0.40364048700436744,0.16060522254263304,0.4122723236015138,0.776145494067962,0.31198842782041447,0.3492706483898101,0.0534869711614752,0.08613369720894179,0.5473865341914915,0.2926437227882696,0.23023420295317498,0.3690102775676178,0.4723911336354214,0.43277223936350123,0.818128215263027,0.5507394794331153,0.4628648139637521,0.42101121499401384,0.3701372272346276,0.20361032196068754,0.4916633979034602,0.28484800212110584,0.7108996700812048,0.4340812306600648,0.2800517574164353,0.17763090372330226,0.4434104289935108,0.6108291596167535,0.6650952094100617,0.7916251768256632,0.39925055190215686,0.7695579223805351,0.70118890705023,0.19319000638371742,0.6491570953920464,0.19548347060823082,0.5129226988743542,0.31830909947388897,0.6505751834040152,0.8956100292531375,0.8506123862136533,0.4210538101059987,0.5470434410268865,0.10494568624140767,0.5010158264502294,0.3063717557934335,0.9106410905145897,0.2037278035650318,0.7352834084566735,0.5773282961791517,0.35113182048099695,0.26893768317288713,0.3230451150773968,0.5805977312735721,0.5271275363535911,0.511934079029434,0.46624025490502347,0.5875090574688745,0.6547179439160461,0.5933508128090581,0.48435669925206665,0.6697965044730821,0.8844997445847899,0.3717751399041415,0.5659884718566007,0.23655306704297002,0.40670368271170726,0.16111270636585978,0.24609821888982217,0.4834622706392117,0.5433945449856837,0.38016538401373384,0.229097453031024,0.06425812402769286,0.7663667287856922,1.0,0.4922946214701039,0.40215988338846387,0.6401832505244232,0.95799855851269,0.8606556002006992,0.40823130529673674,0.7381924566135671,0.18558967452303443,0.3357105818795035,0.3824167868855487,0.4018792284986385,0.2851605779079791,0.242231428068514,0.8294070000532264,0.1380587398579327,0.7658303048000279,0.10949436155111156,0.8610861543557481,0.7066248424289931,0.4680507806528494,0.7862526896270198,0.32629220059500347,0.7938053742158739,0.31796954214914985,0.31514272516486824,0.9027506857988775,0.8689964336536171,0.606953310421031,0.27976979482376907,0.37226249534258704,0.35463968960251185,0.5907854320099523,0.6500108207911528,0.5974180514712792,0.3388396505710928,0.4289382051835231,0.7881007578148704,0.6575446979942385,0.6330535768696026,0.30226246949720265,0.8850288284088813,0.6112959362441149,0.6215150202949906,0.4656855121666338,0.42403237635843527,0.7504268104159398,0.4639600306160864,0.37898562617620923,0.3691069508724468,0.8628314814229718,0.41843893154225215,0.7150249350303678,0.3216753766506177,0.7494767720599324,0.2987669182932015,0.6616181090146648,0.42697761172894055,0.2678277867682465,0.5954216807269181,0.8867512703642214,0.342707259737392,0.12613665906487123,0.8687721162203567,0.5130940967427258,0.29434032543842104,0.6193770121940513,0.771497066599824,0.7883632141834515,0.4060564438406987,0.4564097913173248,0.37218003374881853,0.3150812966555973,0.5303068077717458,0.6612729204293479,0.4024515050442297,0.5694578641210284,0.14366006023132194,0.7410293076599175,0.2412211125563722,0.48336380727945927
9JD4_pDC,0.3752392350681622,0.5366450825776208,0.604223353962367,0.26144935982357326,0.0312187579435362,0.4193847550899005,0.2612609225309696,0.20240456221949157,0.39248277982024177,0.7227151100652562,0.16245224582575177,0.07171257479306926,0.8608861473680861,0.531466863454992,0.9475272634414235,0.8890992519250767,0.6227526848485675,0.3754093887222317,0.3997616924203646,0.842904762369414,0.31047973822890634,0.4976203055566015,0.24001614673833496,0.8091069420299669,0.4547175481802151,0.8299956946764969,0.6061837237650045,0.1842060102082414,0.4607327188660568,0.7199691463248732,0.583985763266621,0.317328331605308,0.33017790544488324,0.2531415383316668,0.8820339279201004,0.5122062895904351,0.6068895050709074,0.48437909572917454,0.1345010236403836,0.8108800677160205,0.6678424895874525,0.36860015375053395,0.21406231346452576,0.12966516604433945,0.2788712326604681,0.6361164182203117,0.6477797965411329,0.21417231401975467,0.7248254614489553,0.16487256400701913,0.13115416202990698,0.4725374061656455,0.4714870337014892,0.4399491197822111,0.5489836190087485,0.15072469098846147,0.7373005256604911,0.42855272953851314,0.6928650295603584,0.305947533048993,0.5368425681619761,0.2315544648640322,0.7001346572187344,0.4408498533887609,0.6365333130503946,0.2631488581001846,0.5138789238571124,0.4272038908043132,0.7885028525171729,0.3758622783888274,0.7546552128664814,0.6378634623482464,0.8872821956495539,0.3214775994501516,0.12131411964903704,0.7463373034731774,0.2558583792095966,0.6171664639800273,0.5497745191670942,0.7400152575884055,0.6655036452535069,0.7260499865397512,0.8226446705597352,0.9315756511608823,0.5644659544078807,0.5621122713538165,0.543621695147189,0.6860173110614749,0.6030291081636999,0.26650156005313974,0.5778691156775334,0.07463835548714648,0.5666337209134126,0.5598503927044076,0.46613770854674447,0.672630799779641,0.624475119289029,0.34212696480185556,0.4203600897995209,0.22707667589483005,0.7993997951561133,0.686788003510233,0.47026415309565234,0.539536698986566,0.8945408414593952,0.7493704384722999,0.1736446273785265,0.6300271571039424,0.3981658605728394,0.5337835885424471,0.5153632279957918,0.5105570689816069,0.5906593929123171,0.6528387655950063,0.49946720585613624,0.48737646747718844,0.5242012639429429,0.7861750099821982,0.5020530739233927,0.28938600472225084,0.16423233272674023,0.12315556489024707,0.32844900269336874,0.10966367673763026,0.32056868593953547,0.428133305290599,0.9259950243113096,0.19531194988728673,0.48101865488770407,0.5587073094933874,0.23677052664449108,0.34055643689012266,0.45325516353498985,0.21809087113961448,0.11397973152458381,0.3280671214969802,0.398492818042217,0.8035502026833928,0.7783450557935709,0.4748960866259569,0.6689926853918817,0.44543020468502925,0.5203941464023383,0.6177405091417777,0.8891732739470167,0.2817749911513106,0.5119229102139133,0.1550259082217755,0.1048835178996293,0.5399702591786387,0.3991804943269239,0.9327118458529384,0.2044302208987743,0.6632821817719161,0.018952055371881188,0.607055770590337,0.7872642533102836,0.4793640202643414,0.5696116534836835,0.6347222317918988,0.8005915817941379,0.19544847799124818,0.8976345944258843,0.30472807831429594,0.34168532798958645,0.39900270697993395,0.4448991014929431,0.6164323393539032,0.8951410157466382,0.49447498535076617,0.5329341465563906,0.42734183810881476,0.9074792337561142,0.441967011213363,0.9170937996856461,0.5194238207447301,0.48934268449074425,0.46623140097664184,0.7677488974447194,0.6450415097680541,0.6213949261885606,0.17609723712126427,0.29323479383771733,0.6156351771269215,0.6146050489975008,0.7539811345786102,0.4817544912730017,0.3308757309613511,0.61147927341463,0.47787127824918296,0.2606827580826372,0.6424351770266554,0.8697725108984607,0.32282737015788976,0.5776253224676346,0.5064819045621713,0.8539116962232786,0.04134168896292656,0.04592977519588926,0.32263024849903094
9JD4_mDC,0.4439301962913628,0.8214391330728303,0.7574754019744391,0.7858471685995272,0.47117309605294766,0.6726691759716945,0.64969863873033,0.1975803682775578,0.29006952329834756,0.6577519265955125,0.6974113830036538,0.719970023813809,0.3408082225305555,0.49729529695804586,0.627725191767355,0.6022636883418965,0.9270418974812323,0.7406605267732409,0.5060538902830921,0.4703824537167971,0.5917498218558483,0.3280435640999274,0.37195506944889273,0.36006478826282257,0.8326948172689675,0.16623802298381474,0.6299283144105866,0.5001227205913789,0.7212786763331075,0.8368656817978696,0.69615535972946,0.6847131083423001,0.23899050881916523,0.42415625996305856,0.5662957322820046,0.7145101304921172,0.35100584017443687,0.7902193680115785,0.6392902802299386,0.2034972992108998,0.6015276886093915,0.8252742235326096,0.6968943536461959,0.36796208308878964,0.5928188521525591,0.4286499339459542,0.30515570420455695,0.265693436845646,0.459837286102401,0.2644967309472819,0.9441791215462834,0.747566885030219,0.40547891851485757,0.7464744980041605,0.3264429139015928,0.2691174384165072,0.6063880864017213,0.4725454604534334,0.5612435272402873,0.42797466595205813,0.3234182349476491,0.597920528504578,0.2888973819763644,0.5662033708670217,0.5231878478066277,0.7210334281715417,0.45268033121720347,0.7961241465109936,0.6675232713056092,0.5183762814119639,0.7809528345419657,0.20282400280171795,0.27381113615314473,0.8474633699456792,0.29231829704697204,0.6776435731994495,0.3650677843973609,0.9952138382412681,0.8661955236584545,0.40489549014917053,0.24050629573208518,0.6787104688454861,0.7174791120720811,0.48091971614368406,0.6970767704688061,0.15748813308753856,0.9626109503766338,0.8955010471359476,0.5712673336325571,0.865569942358353,0.6183099323916017,0.6507911498195446,0.4363486872601084,0.32055258515690316,0.31513775283523576,0.5749949330751803,0.1801286633585492,0.3465074554700253,0.24609168485773847,0.3437398611265723,0.26932718517514664,0.7769596890841456,0.5967541624983705,0.6667067082778143,0.9285375162953531,0.029135302862717184,0.7970322045907999,0.6226350895340845,0.517922481462247,0.21732834722649375,0.46070763600140485,0.5449123867812317,0.2538554862467558,0.6403687506888717,0.22788793664395132,0.9537905702529609,0.20659506817755915,0.9506692263651343,0.6578351503616431,0.5088912029243192,0.6687162719695406,0.5934924890722769,0.8182741115652742,0.856716187643287,0.2323355946495427,0.20715204496060946,0.14460870393670605,0.32779437877964,0.5352714121383421,0.5253266347179586,0.47596366088084563,0.6092617789718081,0.691505419984838,0.29060871413567535,0.5626129047292389,0.9899491833324846,0.20068207191132065,0.49935211899760745,0.6941214838518667,0.9329476506876047,0.7001715611532279,0.20629305554690738,0.3372208212886773,0.6376092943875206,0.29451833473204575,0.46322978738713605,0.7991630185803803,0.29249807282941725,0.22262699731192756,0.26425149209041193,0.35146710047687785,0.6984593776476278,0.5854225581881686,0.6991223996218537,0.7389199673199032,0.8636082420080003,0.33391348772733953,0.53717628664006,0.6095127974528084,0.6757598774232729,0.2530932675203039,0.24619113316221888,0.7938526174432795,0.20144856023115706,0.08503929083456548,0.20870338013873027,0.6923367848816662,0.8192729415130154,0.6926947667008051,0.9015415876655823,0.6795517908536963,0.5083066520378007,0.7046470434108957,0.5533181596275957,0.18340665476848253,0.5374427802933229,0.22625076250328313,0.8556517152164493,0.7860159718814204,0.6992904623836013,0.39224942961206866,0.35125504898246385,0.5350510263000073,0.41215963163428004,0.38113525366326945,0.6545924890207001,0.48945514542435403,0.7488020605329778,0.6865459437237577,0.587899423517654,0.6526771089760066,0.4800123374220851,0.43839202642316166,0.4362452839609113,0.6238606601362956,0.30152179269807466,0.2546652444585439,0.6775541913794311,0.9084324342520359,0.45208541379590633
9JD4_Neutrophils,0.1549962470632482,0.626614272843183,0.3365387690747171,0.62944469183793,0.0950693407661629,0.19933340557412285,0.5321960077087907,0.627094828940842,0.568846735751342,0.4295368006856231,0.6173680654501155,0.3285024708584329,0.4099066128195749,0.09399212769757447,0.40110795091783863,0.4417140811925561,0.36333786964682385,0.25185640791116526,0.21514890334710898,0.13941041752701622,0.6129719385480165,0.4074765635892312,0.09919173460550748,0.13521333031955404,0.47893490073540296,0.4323998031272547,0.5999069034773195,0.3355291623932202,0.3735286391180572,0.24586927736616962,0.29255996416431757,0.6801338775657659,0.3328556050142424,0.6886431383821783,0.6053992024782662,0.47677483183804975,0.3150319241843908,0.14782065156840007,0.3874919970403094,0.6528353028079635,0.5765346644068144,0.45075231094014034,0.4789517752230597,0.3475327585495722,0.597529595786837,0.5672907198592638,0.35719678835704005,0.48648269622943646,0.04261703290486353,0.11011634603345347,0.6033836133390436,0.34884435867944535,0.5073349577539533,0.6305803259917688,0.41268283696649916,0.3489923158580668,0.7593343568061341,0.11701700356488338,0.7212843678611754,0.26887616928268904,0.22669258061018985,0.13561169279913893,0.3037235694560461,0.41068484340106526,0.32267735478643905,0.5292000686648752,0.6644022450964375,0.41152014669575515,0.258859831827438,0.22664620147639972,0.2350599589741626,0.38946678483567665,0.3281722520460906,0.5816878377183342,0.14208910592252544,0.17510680997157657,0.34756514118228604,0.25955077822630024,0.45996813976482437,0.25784175076104654,0.5678742432541821,0.24118345578723174,0.4279212266886786,0.6404703445139228,0.4621416877969181,0.34496062193363775,0.4239350570437368,0.4647807346205022,0.667400490557759,0.13932609118067615,0.22684186547695814,0.5851132433528369,0.3016072562771917,0.19754336798724817,0.4944627549791268,0.1581815990093349,0.49989257756025735,0.32474535166597635,0.5122119808779821,0.30888396304808013,0.2088193734042167,0.6141746963179509,0.3714500863009496,0.29224579838691855,0.5090467632506672,0.18150784525579372,0.552222817716134,0.4103654382077572,0.5723172475114923,0.2374483887011074,0.26409330986597673,0.3874848931270527,0.11167567835165722,0.22288981309835518,0.5520826451636922,0.16578885792510123,0.13999902689135396,0.3813585836695616,0.5003966219550394,0.31040078467088233,0.4319381160174348,0.5931964587618918,0.2280525335241244,0.7322571148529304,0.6495470711780487,0.45567606330010213,0.681498460368873,0.15426640672712316,0.2004198543723229,0.40557622514166863,0.15581193660470882,0.40605054456635337,0.4269014916188052,0.6866670149879008,0.27546164477767177,0.7261187222914175,0.2972948693887438,0.03643546714873594,0.752431557773635,0.144165918863592,0.12163617439683057,0.5512969213128613,0.2793961058929072,0.36309472640407825,0.3727664008763934,0.2348917078812147,0.4626037004166971,0.2758719455916256,0.07848646659296715,0.5799791223152895,0.23609110180981027,0.6385867361319935,0.33950663623186633,0.5339515509945919,0.4682166062742941,0.39835456253087714,0.24744066575934004,0.23360336877517635,0.41587180559155584,0.46774300503856564,0.37828260347256004,0.408664437499118,0.5005244987093092,0.308523356926594,0.19863218604106633,0.4133343481309412,0.409639812073099,0.26047164449026916,0.5997534579720923,0.12457695798264225,0.24534042716464222,0.2939196884211049,0.15793345956930246,0.35626683995212977,0.2953223798281283,0.4827304147643567,0.13724430736811213,0.39236932446299017,0.5452374139879145,0.61085344334077,0.43392381351915665,0.4902003569768396,0.1582076398244793,0.34065784909619695,0.11877156789172189,0.3656551277510924,0.549874361730945,0.28660838831942875,0.6426497336405106,0.3955033750778679,0.3807515004927835,0.39563899177417333,0.2920916457947142,0.33888620576759787,0.16959397211834726,0.4851255354319968,0.353065315704402,0.41837711019620427,0.19085157516042944,0.5190735953629727
9JD4_Basophils,0.619143619319061,0.6973743289218508,0.6446927524805574,0.13944829427642486,0.3521167910949714,0.2607755174811788,0.7057224488850982,0.8293233778897742,0.5060747775857791,0.28946219910738075,0.5762952694608974,0.6098971098041159,0.15108298328159347,0.9280257990611277,0.5780922596369501,0.09165392589824689,0.48333952617491016,0.4047808908842072,0.03777786977803115,0.8711802561159913,0.10070458575715753,0.7644124500699088,0.18084556192669426,0.10584657060681926,0.2184272876441457,0.6419624095337758,0.7688819852670857,0.8148633819703605,0.4319255558899101,0.2330549998397891,0.3807593208719594,0.7664544008701049,0.3479732716858782,0.6015743891592233,0.15976827003139024,0.8237754645044388,0.3321518922403808,0.2582601520292749,0.0775398555696401,0.7095586328839166,0.5620285456629385,0.8473736784397075,0.09831517161285673,0.5800002623828522,0.45432562383294245,0.319544124328376,0.9255112835571798,0.29754363499511316,0.8860814049133534,0.2380900866245117,0.37545883930886215,0.7953938292151073,0.5817163860282739,0.2817373049947744,0.20949704063459038,0.7235502187513062,0.38160574140819525,0.12480218625688941,0.428285722523731,0.34943588609620874,0.5723522255339837,0.37602740231735904,0.5727865533512352,0.17851277018748785,0.9520355998986186,0.2680404672120615,0.534179322996806,0.3523478565043562,0.5722834980875182,0.7671350141124158,0.2512799790223951,0.3767864223714703,0.6226385042289875,0.6383279682975551,0.6303461657606734,0.08843311336955682,0.6106141524390339,0.9494306178504686,0.5171530755109865,0.5237233965497707,0.23769879945829964,0.38091970775003986,0.2971154475321874,0.2786107719242387,0.2994840756516289,0.9197218476054269,0.5286070445804376,0.5279325999287551,0.41139507468930026,0.35062520821326804,0.9233808471339419,0.15807269337556895,0.8538811065461502,0.7345844830292821,0.4044770078287134,0.39222731727434834,0.6103895717734378,0.6266188480591346,0.6159005146848575,0.44089657329919324,0.3359880412135605,0.38058803463639806,0.8025984480992489,0.4752307691231935,0.5848871479945484,0.7735165721382545,0.6691107009583839,0.4205490563593621,0.7731754936636536,0.5803927483406531,0.29263021291959745,0.6313773302974091,0.2917108208588173,0.693992377766182,0.6694361382064766,0.606913148709836,0.3439411208965472,0.32523937658463126,0.5197081775595396,0.3025936068510754,0.12916542481159832,0.26273167510000844,0.4371405656419202,0.402245486857322,0.481146018430587,0.5036459605491916,0.800971438747115,0.9496629292923172,0.7691552500809762,0.3416250169771705,0.4461681706473548,0.5621871005546796,0.605404795999146,0.34369286091675477,0.27825599793909683,0.4486224527947728,0.6142218059935239,0.5934246133352693,0.1362848262458004,0.18439031512189558,0.4393999800691741,0.22618173422801477,0.7556003176233004,0.5513944909774215,0.488037908974495,0.23898618184396925,0.7743184014364592,0.8449288014015545,0.28487232940648805,0.47411070225957563,0.2797077400441494,0.3132611324001641,0.19757503014168729,0.4747410900551287,0.3160220280912866,0.2770429401936208,0.8152079249949713,0.2861114890097624,0.34453008147115827,0.11178789274943761,0.5300325313544177,0.523130278829331,0.36986820111296814,0.4545258431376147,0.42057402613438416,0.5837194191447902,0.5973467745173643,0.9213171100839447,0.3668047924385404,0.3301157250905475,0.31683168750402946,0.4355299577993849,0.5133017064555572,0.7598584283020319,0.49608382216340813,0.41338651684835837,0.055889699342422106,0.6003189802583254,0.7760254033878066,0.07536688637617733,0.5817924760960961,0.7515043345309804,0.46501764457760825,0.26110314603564266,0.4427372093953475,0.7324776593467053,0.605223517282128,0.5403557197053033,0.6808732602556584,0.25416357696602115,0.2739357204507761,0.23215784408282658,0.5695747602213774,0.3406429760684294,0.2817772815121585,0.7858339090671086,0.3952772822729057,0.5818097780840761,0.2678979439402163,0.03115005140567994
G4YW_CD8_naive,0.7894837728632628,0.20990426227166026,0.07872908894767326,0.07133889731872667,0.4241495155494403,0.8621298211004619,0.7887259905191509,0.22967691737360882,0.8920739905254101,0.6597844188147268,0.22614685797589215,0.6744393683549137,0.6011050420582141,0.26756504346206483,0.286254697698077,0.2646050974967744,0.5541811601393588,0.18948984650997283,0.6838659334639584,0.7889936237836465,0.3421484880426153,0.521016845017671,0.4227783054382464,0.232847578834823,0.6353388067502377,0.39807458489209474,0.6295731420775451,0.5133608434038532,0.12952405710454015,0.8965868144790498,0.2896817901855374,0.7665450300544684,0.8350937198392132,0.3829853592110303,0.39600820814898846,0.28126201951532664,0.8621946110512286,0.20318033079709505,0.14428467239802173,0.7770254533766583,0.5040709646629091,0.6598926483625186,0.31356297652490517,0.7841640932416646,0.1637504669210362,0.2506141136243077,0.05288388691736167,0.6423843664795337,0.23103782203710962,0.3726166032313252,0.7988008083779925,0.8715475814983793,0.32593769894898544,0.18906615284652903,0.7534639039650072,0.6734567644188898,0.37886231691607575,0.7029065812512475,0.22648470363925838,0.27470181449973785,0.7310699220214772,0.08220862926396026,0.613881119759104,0.6065901368117287,0.40716336885885096,0.4565953650874391,0.7457779224554599,0.4261975197007831,0.634215131057006,0.40398481003759107,0.8464358729850125,0.4519291996824675,0.2912374843692582,0.3464768606789137,0.4157306914970688,0.34177217203502375,0.33983077819143975,0.3927243780218281,0.8293066113788347,0.3631538032835105,0.5455319360049067,0.26885670967930925,0.531392959415874,0.8505274787338749,0.7033224591050884,0.41645522326424167,0.5186569814280765,0.8710099186635094,0.7112061499486144,0.5227827483613066,0.35382128973850857,0.8061933882158347,0.38378953279953854,0.1498057326683882,0.4257340215754344,0.3182770576086037,0.393680321051707,0.36211031429614726,0.5944645317427738,0.7972044146151188,0.11689340646034094,0.9377247214145815,0.37765827606692826,0.5597933727666321,0.40238807389747466,0.5542492485575914,0.3095966152750679,0.8881567624146454,0.7401045511941114,0.8432907495769688,0.28765173804121064,0.5597430075130779,0.5969961418080391,0.4399797883610537,0.34642240148791403,0.5662965090255064,0.4438370923007999,0.6218118305325955,0.08135077997994018,0.3913388435334635,0.713223092948173,0.05657639937021376,0.2245063152944103,0.056092987458481305,0.6304596908880896,0.5293464851555235,0.15358407858026876,0.7977632087843161,0.7686244861791626,0.4124542874132882,0.10366052873370413,0.6721611704719936,0.7367280005739721,0.5486570697752352,0.504919834122666,0.32063120032295966,0.24425233096408988,0.4351594358921865,0.726565364723808,0.555118403318629,0.8086384466734182,0.27457347570946966,0.8193260221988091,0.5634320585301625,0.4876979036204398,0.6590218854364824,0.4514097300300612,0.154469150287173,0.49431694025488754,0.5131338637734103,0.37898204754365383,0.7390566347443213,0.4464432772078198,0.2358757931316139,0.5141474807765523,0.6459994156034401,0.38809129733550585,0.3142618258552572,0.16238455843979177,0.46651916266730326,0.31483761692837964,0.15493532184650052,0.3953053360239216,0.786662389576419,0.26024003428580833,0.35778078778637773,0.5120609477746914,0.4879308753143066,0.25339247667133624,0.8062809984439739,0.5643746506820623,0.7874014423858682,0.11129049602205028,0.27438141144974565,0.6240152891921753,0.42033788705847264,0.648928771414425,0.2603298850109625,0.39115057262878145,0.770670883921947,0.8166028131565038,0.5597826259490808,0.49911530260656195,0.30183694171363046,0.6213152102485096,0.6598023103624185,0.43634115886727237,0.7222223565711532,0.9201143263336644,0.552299878438013,0.49912484667741813,0.7485794494211135,0.2155404187563727,0.7324221414099586,0.5356580139682782,0.5681266350582873,0.25085322998650406,0.20168489071274442,0.8758965181493535,0.29914592247273625
G4YW_CD8_CM,0.7330251476795168,0.38261312009918885,0.5251093607021717,0.24628080542154518,0.5779837773166502,0.5696807204034966,0.8262105618588379,0.3992683594727756,0.4330492623322246,0.9302853214159934,0.3812978561935738,0.9404054369333827,0.45336623701950896,0.8343800688036134,0.32899125914639776,0.145320114324091,0.12528048090693755,0.3821142791115105,0.6530670171209506,0.18467924700497323,0.308414986522917,0.16821060140620137,0.9259246627829575,0.7854410910630032,0.20682341667064175,0.1696826336512713,0.3181027962542895,0.6286752258906139,0.7375484364915068,0.5705421777322301,0.27367152520718213,0.43591080120447545,0.19243891796334905,0.5556908724490051,0.5589785380087007,0.5955419744642168,0.1765210366219816,0.10928194880357779,0.2821739114747887,0.633773097034671,0.40934088160015214,0.1594452400325631,0.8303382738827136,0.6025905838888332,0.28643096326218787,0.7078074643437263,0.40808277836259105,0.7510962100087549,0.4010334128643682,0.5659281880538447,0.7035850738605961,0.4010135970302506,0.6693984062963001,0.7299130196241096,0.5048304958817913,0.3281028596295023,0.7789656389230688,0.5694872290262823,0.6320725565667396,0.08255465591777537,0.3639210312042252,0.2870671823024397,0.4993666411223626,0.5982289592910043,0.5487683990571618,0.48425671577669227,0.7976338861107077,0.45055968289170556,0.15199816436944294,0.6119220908773569,0.3634832430081025,0.6449971091494034,0.7036922921051995,0.933445842472849,0.7022743417398839,0.2303437857976103,0.22456418844790108,0.3503699852824512,0.2542359385798603,0.7487547928622686,0.5459146583136937,0.6390242888096564,0.5083755455920838,0.7500633483164524,0.5577633828704407,0.6915152336753234,0.7495114961951682,0.7164168699844445,0.1888950156947759,0.4767387410362511,0.20564953973102013,0.12946721900214758,0.7786038373186361,0.7893721874315799,0.6322060971558339,0.46403570413723516,0.2680150885254066,0.39198071458354306,0.8595837360031625,0.10454604955898947,0.15185585672293742,0.23686750494010883,0.4782133471097159,0.6798689323502083,0.7248866895443024,0.6502037580542093,0.8466415692680545,0.684036231826609,0.795975968303597,0.31655813627749646,0.22673000768196086,0.39232678003989907,0.8406638894514772,0.5644232431536805,0.6877833264975305,0.6570087304419207,0.6433542057180985,0.541346009175227,0.34356896522704805,0.5342915196607158,0.6346063985098717,0.3593809503020852,0.27194765442823193,0.15436614718729477,0.6517987081139248,0.2479493243455231,0.34037396897843025,0.8761597626535046,0.05417646168956355,0.14110779631468706,0.4183354501895323,0.8959293753757954,0.8887367963091177,0.2803944048575924,0.41277425077350266,0.23857330933897145,0.3993164592605328,0.6490906015578983,0.611384801358811,0.26722645151021623,0.6272673165399539,0.9162669679890753,0.2690939517473642,0.4029554372467733,0.6638352084198978,0.38482027054100765,0.8757057609673967,0.5091400989887064,0.4469131835856544,0.20452288133140326,0.3901235772491521,0.725190172845006,0.36781419592541975,0.2024144038919769,0.301471012389254,0.4273727158596199,0.363660133457331,0.6699032929254374,0.8182348077621564,0.33088776263503283,0.6449931010252794,0.14624970099122503,0.3284375284966173,0.8496710466935917,0.7961659129543543,0.5189737844422033,0.7451314593584406,0.5598824390112358,0.4365817255267047,0.4884423989041371,0.06702224243020612,0.6771269736719049,0.6074061925786298,0.46631591581750303,0.6340634138658744,0.34989603955231086,0.7062550205871359,0.19816328919033863,0.4353622696570859,0.16816125771971324,0.6207092850799003,0.7519361752430054,0.1205963516919433,0.7893053840883457,0.5289009393112799,0.47919247938309484,0.5707748649094582,0.7565808789414427,0.3488950656477164,0.7753460394080242,0.6355718005701486,0.577288918758538,0.3400570134330892,0.8697801400526031,0.40680098203881465,0.20651244117568984,0.4962183007371507,0.7708849918356474,0.35820324411950993,0.6454741838664307
G4YW_CD8_EM,0.3850535838853662,0.2596859917960586,0.7974778353042375,0.7124399752202266,0.5949899912370537,0.3955737620724155,0.5693602328538285,0.9953737086026335,0.7438665320811175,0.4409555219374424,0.3551520986661916,0.2499673502458286,0.808106400853373,0.45665477136950355,0.7803426874071134,0.46706587201783484,0.01185717080345189,0.13608193544366573,0.31611939232399594,0.36086168217161263,0.9034381104757001,0.6488386018958184,0.510578335786009,0.6746508983655038,0.8791011422905948,0.6982551505148115,0.4466811892590522,0.2551742582332112,0.37643385769622256,0.4905012831474967,0.42864077274407536,0.6134114272913741,0.5945771570537753,0.3072144104496711,0.5262618415447262,0.6718794514537201,0.6961515977362996,0.2960909290166417,0.5007137529833754,0.6787361028253696,0.23032778162574657,0.9799421495486003,0.8706208702773564,0.20715653575730572,0.43324940391544886,0.6128842063476752,0.06513967580036466,0.8649290985647851,0.4216400948260618,0.6901194042805682,0.5757597538882826,0.6211468030462877,0.4441126827442486,0.5032446512331571,0.4817783380549864,0.44837449931319734,0.7548118382002255,0.6831262472684939,0.4849408073932871,0.824870941725109,0.532186121569431,0.368807884646639,0.6387752199285437,0.5351301666117493,0.44542337704277646,0.5016713886651663,0.6181936807491657,0.6756009803027391,0.46476018729231644,0.8944182979241777,0.17654029585634595,0.3654835697398314,0.4438187597318013,0.5024518359291215,0.5089828919501852,0.567835891273118,0.492287617064737,1.0,0.1351934240180027,0.4962745010197392,0.5546300261759967,0.1799412657005879,0.5231054660759312,0.46937691171856294,0.5048570051856421,0.5196380120229946,0.8739562829816143,0.1941600162936487,0.5706457443274942,0.5030442349177096,0.8487947953536965,0.4739406171144067,0.28243115131565183,0.23975777301715548,0.6587756678629595,0.20905009363982435,0.18115836173552863,0.4713387952143938,0.7870740807463726,0.31713993787564415,0.5793672167703292,0.49751046638077706,0.2279810991428714,0.76972282345615,0.6757210204501899,0.508385466626475,0.7257298230478674,0.8955836344213569,0.5382391266712064,0.11435281137136505,0.23626866504325958,0.39133950952770924,0.1680326386573342,0.44315908344470123,0.7938820832513042,0.3735937014143272,0.5740516663509518,0.5850148365210386,0.5373219029989615,0.5592069383515554,0.44991863767222445,0.5922405169156291,0.8038005378909595,0.6389249314604463,0.5281366406685709,0.2813288271033814,0.6618188368647142,0.25557380926220796,0.651534965594306,0.345326542491113,0.9971060499102913,0.7100199130076751,0.325890970915862,0.6354180141010037,0.856028602522429,0.15815162244501704,0.5849182092656199,0.41775456569641584,0.5312617777160665,0.5649326955726924,0.17173913939173674,0.901546915422252,0.47298083663093726,0.8029519577531068,0.29375223817927565,0.6312489960962426,0.03791254788680094,0.6382076268884558,0.8179564870652044,0.7834983241682634,0.8804962886848071,0.6309709279145174,0.8074006382343337,0.4088387805035192,0.1890859726771729,0.9356509825162391,0.5468112065025262,0.2464409770925694,0.7109632015330045,0.7488317231129291,0.9762075450742275,0.6006422551323253,0.266840469919572,0.49440738596669737,0.16578683118978668,0.4134307104661494,0.6289290693741164,0.7883039357310355,0.8113991045413548,0.8834697614254771,0.7605598328945313,0.330394999765893,0.4887434504567334,0.2837704493356761,0.3182563404347684,0.6469364251492165,0.25478557983541933,0.26595410103371503,0.33118936467696664,0.2615735468143942,0.6434417464850958,0.6020644299099337,0.5249589211185623,0.5075860488951541,0.6211492310458573,0.5909535815708546,0.2659316483181824,0.04290782088016197,0.3112481144419338,0.3199232807057545,0.5223056302964174,0.16712685369208108,0.9479988831535603,0.3818991964221124,0.5189951157007049,0.7909994156902911,0.5651644325695279,0.16809249864327408,0.9102663602824949,0.9661556414225436
CYFZ_PBMC,0.06442314939245432,0.5026647853095401,0.8306772442802535,0.2894423917762127,0.6236666977410973,0.9783357615864864,0.4279481948693095,0.4034434409758378,0.71447850237048,0.7658298469266654,0.6906098434123069,0.47507495619659235,0.5342268725322088,0.5965595412276067,0.910750950714009,0.6463787792465149,0.9142710284923831,0.1389022919622188,0.8151328541997878,1.0,0.1181703018942942,0.6199891597101742,0.2506537567510667,0.6451117469758096,0.5521362061831161,0.3638927787439959,0.586883116084468,0.5744304989903135,0.6416707629014397,0.3296075698688126,0.6004693698648246,0.6539725153769231,0.5912152330781285,0.6833263120556632,0.8069236517903674,0.20735092977853392,0.9617089018514131,0.6674102767412015,0.5702694155381854,0.284195095754842,0.8679464171981781,0.1932200447362582,0.5247550197573496,1.0,0.5256088810238781,0.7808602504857276,0.4463813162937173,0.7104910356168873,1.0,0.40721072289493704,0.34846626081084464,0.8500134885254131,0.36448469753637575,0.3148685458535789,0.05189130502860235,0.7822127499652214,0.10348140904391331,0.3639061255080916,0.6189166360822338,0.8985583152222784,0.4181648806985766,0.30444691069286006,0.5976403456707975,0.7078715773879466,0.45788909632866104,0.20271877118028225,0.5040957254846619,0.2901729951896964,0.719998885195888,0.5307488689804688,0.37365103461600885,0.590397146206926,0.8092688155145504,0.24011028856439315,0.5040382643653436,1.0,0.7919909377082032,0.7766789518425318,0.6933595055399911,0.37241692399399134,0.2445249920037742,0.6822636927735021,0.1455355097372253,0.2681354767995079,0.7356269537447957,0.9340970710111176,0.2102663712358652,0.27916400975653644,0.5103497281677427,0.8152106311008034,0.5470051333136755,0.8283995137408895,0.5725765808680224,0.25767776318910407,0.8194636194332369,0.45638074075355417,0.48316698323005597,0.7160175499388526,0.304434226782989,0.4780846699448751,0.5640456282796982,0.6729360651842402,0.8209371922802138,0.35315001040454885,0.14565364502520733,0.6818390452226989,0.4775169749625762,0.47448801874625374,0.5724348217540296,0.4111360762619222,0.7259432031598133,0.4009717857499924,0.9211198208214806,0.09325639289074973,0.453659856097085,0.18252657677977113,0.8066458941687079,0.5480481273429689,0.6048777026835827,0.10007539005081861,0.5576917622295423,0.954559514215318,0.6791634909444365,0.5948313315263186,0.18761563614637686,0.8409046832973539,0.3595620230166646,0.46239237883512246,0.41839733995026335,0.27324435407929404,0.8183163900442635,0.7993464048850637,0.665361794267773,0.1427605190921412,1.0,0.5032105496040219,0.6470735008817814,0.27303161382536123,0.13955566492760776,0.41023213868739333,0.9376992098806061,0.25864727135468146,0.39006045106133225,0.5839923835329365,0.7833289607611696,0.10442047259512918,0.94331741733691,0.116724916410453,0.575657068766471,0.17805501228852116,0.36948545907836033,0.7591481158132442,0.10934913437300771,0.8914954996253874,0.739284518435795,0.581811511443415,0.7477679960403931,0.6356002709210036,0.3933878050613063,0.6353510070109927,0.5061576658905648,0.7667377052668084,0.24218695081321373,0.5800044320755917,0.23051801399807453,0.5532962824113524,0.5369903090052737,0.5744448601397055,0.5373947721465188,0.30642346875308935,0.5116957198727006,0.28696250742011625,0.38388358847604037,0.67049140422931,0.44834280420284983,0.8482965284923951,0.7516563959914253,0.38214905202641597,0.3832721940204595,0.5382584466501488,0.08837572905999527,0.6248187928827951,0.6216026205319822,0.2478653407071123,0.3498478757283215,0.2375705044313135,0.9360353673739459,0.3889009704254288,0.7560802417019884,0.25699658798164565,0.17070828528693885,0.9527842857398416,0.38688391813417555,0.3595128127466466,0.6022257783566396,0.8653032724338139,0.3354553987481168,0.46181794628524125,0.42959923236606534,0.47652979186271116
FY2H_PBMC,0.46716538284179787,0.3111193782780035,0.865152053030453,0.23874741897922627,0.662666295897026,0.46546748530066356,0.35535281132656454,0.5310249318121172,0.4063323120412244,0.21505218891599495,0.418084350260434,0.6241008826250269,0.12049463173054381,0.4649383310356144,0.41753434756872754,0.30866418801866236,0.8071707909122858,0.3060722792467361,0.6108502464047995,0.4506524336179872,0.19117559191316602,0.588658386098329,0.7347449351300432,0.4917254139793477,0.7977626952636179,0.6995550710360423,0.5926941504819484,0.5760814938665388,0.6169307118712064,0.5310419546590105,0.431034756234754,0.8719517435971214,0.18601799831012175,0.5523352022729554,1.0,0.5166449121697443,0.8292477348992466,0.6722530872775972,0.6550174122912921,0.575645994333623,0.8315467727479184,0.636054156867326,0.6410895486682917,0.49998629290931484,0.7923881851598903,0.4861945570343699,0.2608935695986973,0.28209821168973664,0.5709807654138793,0.8202310988560041,0.318005358748346,0.36462074542863976,0.3334575949364008,0.6478860394241386,0.2887570507937806,0.5412173834291113,0.544746792836227,0.7256258044695589,0.13822220305419824,0.7557369207401404,0.6484216092293477,0.6631154591660345,0.3925387309793181,0.2992798846384945,0.60112479782019,0.6157485283563705,0.6151496145620062,0.3571451890121569,0.14859094839314171,0.42012015393403573,0.5095335181567722,0.44830224345243563,0.5238172575373816,0.5497550475945524,0.7166235020787833,0.5119507207608462,0.4809318211228707,0.22843192288329806,0.26091031688123634,0.3611907850973289,0.9646710180518722,0.15922600974549395,0.4647868945073776,0.22805861840469432,0.533721438701734,0.1300609927318759,0.4765402108064778,0.7428566699139287,0.2960331532168025,0.41797265309434173,0.5343246702067285,0.43739073051073063,0.6135801192800209,0.20321110106691295,0.42301406407754616,0.48832603794765356,0.21578160579172437,0.044374119072075426,0.7112420116173244,0.8182907459092047,0.6405332594556121,0.43452919983867166,0.7208119637693523,0.37926095940662796,0.1336459731763246,0.31926883652749666,0.5878063947754266,0.5768268997466407,0.43605359085910483,0.25751313283358346,0.7742207818398623,0.2570381811662209,0.500737159143847,0.4180183283643366,0.3222272265915414,0.5065982512263371,0.3949941497931977,0.38231799154902235,0.8812748820790889,0.11253765974979997,0.12455818307522465,0.5750704231811452,0.37784793188283344,0.3238776512636414,0.7534143775033564,0.8815622251425667,0.46674121486731857,0.40332754742221005,0.7481316856166341,0.34057116005204185,0.06796698584581476,0.4936351129383512,0.509156925277608,0.462040332007779,0.6884200322303727,0.23436461098827416,0.6859325992464167,0.14470834880836989,0.3852101096951207,0.5088152379481007,0.5784276705072835,0.2658643883564137,0.6272777609019362,0.16057933362050025,0.1611800680339308,0.5801113881501044,0.13696650529106186,0.6550380139240454,0.37710503042379245,0.6201056966041146,0.7138167397304699,0.6414305581437448,0.2778359515082596,0.46623236467457296,0.5992377741353845,0.8325956588713723,0.33609923731261565,0.7120429930547135,0.8880519778870726,0.21383582644080937,0.7137954384580084,0.8458019852977704,0.5310284584702196,0.6270226371318955,0.7172855146611411,0.9537617253781133,0.6095542697255821,0.12296480746268998,0.3239535897328258,0.5068501427716399,0.590646269654862,0.23094866113831744,0.8767518517658259,0.32311135049529593,0.47813824995207665,0.5661134250600554,0.7464032711934093,0.41543090229363405,0.23169962840558164,0.5063625563635411,0.6855819524681769,0.4500503031432711,0.279469912198086,0.4170370784991676,0.21933716800225345,0.6006537513584869,0.21433597553453884,0.3346294189928536,0.1535642377584116,0.5728153851412009,0.5461807002610819,0.8064623986371983,0.4385402872089269,0.48235756057753454,0.3746184878107055,0.4914478291917209,0.16041632258265479,0.49071866747978465,0.4402153890178126,0.04167003690658307
FLWA_PBMC,0.41989688443003015,0.9828288071083106,0.5021297977930329,0.6098564394378321,0.22334939393583284,0.7747392227059994,0.12986149845915654,0.41778312177523463,0.3219792081711492,0.3140527357840623,0.8240780873941028,1.0,0.4617729320229374,0.7995597038427723,0.4861155749393947,0.7623916466712999,0.666268528353308,0.8756493521052312,0.162628267857306,0.04376832962004671,0.5765280140091388,0.738451281834298,0.5554425121054883,0.3724936113038061,0.24871487126357023,0.13336253044032217,0.5429372955210541,0.43969346545593563,0.6036860308495182,0.3067259040792187,0.23033256232988958,0.8825625430853083,0.6859915353255592,0.9997815182585463,0.5447787214276765,0.7886629385785757,0.38019059526893995,0.4919841397564543,0.4864749954016307,0.4265309410138376,0.34993930646275767,0.8231895600929505,0.6469805633680097,0.7534775137830355,0.40677755032158475,0.4490929344816435,0.498241333387933,0.4294701321564133,0.5196504645168338,0.5403433193099917,0.7284922313198988,0.4078050789172571,0.419141157260904,0.5291429866738371,0.22599184605650283,0.17600707811342384,0.2924907748377462,0.5667803176640844,0.5900085189487562,0.5741934653056517,0.2870892698285454,0.527172638667774,0.945276845023712,1.0,0.24470036957145835,0.3366485278447943,0.7735740519758499,0.45217240193777564,0.6515289306508133,0.018518264490302944,0.8345003488425301,0.8226673818120492,0.4311628768612651,0.37498858897683823,0.5884751106480965,0.631244208780193,0.5242700921435223,0.8174432064924856,0.5898833270631046,0.7023738086302286,0.5443061757801536,0.5677990416036588,0.8022368722125687,0.6747538544192551,0.8821254112079613,0.14222951240405113,0.32380147018607497,0.6889649513988524,1.0,0.22145676590578264,0.8653561408737384,0.6109587421138255,0.5766265819453066,0.6633817325017447,0.6046299113065725,0.13966188021940515,0.7678007985772085,0.07267612961767232,0.9036648374788754,0.2446191223430355,0.11326387196064285,0.7439342948846159,0.6426549594997363,0.3759965677008889,0.3429459332186293,0.19276577104344636,0.3854658268419885,0.09044279008809686,0.3888050187042754,0.9296610826156954,0.5011119989095246,0.3493133251291754,0.24717772562611592,0.9660771540059522,0.6774989391252801,0.30832379402514204,0.9107973966598538,0.8595749696826406,0.06534858953989311,0.7934084911996727,0.3654349124561387,0.7890923386045836,0.8578038934845957,0.4752352113280781,0.5628400227929935,0.6556634161290507,0.716661636504085,0.9964127113959268,0.10371803214025707,0.7338267272247875,0.5002352773980112,0.6147588357531114,0.613762254555244,0.3687649576989666,0.9780964308331718,0.39485833304261864,0.5446781690077817,0.7185759602338536,0.40306116862525226,0.378838018895807,0.044049141826760785,0.1509710106683762,1.0,0.7989691477943822,0.6360346274204233,0.922434140573211,0.6071787391054766,0.4179227416695908,0.7919735016766611,0.7029543429531598,0.6457481421843216,0.506814013835713,0.417924324078644,0.7698135873082731,0.8229351052953182,0.3073570159798105,0.08689477312065452,0.3005538280601454,0.9043894006158912,0.9305140844297846,0.5396790264177879,0.7829096099238978,0.3153254586432471,0.18782275366031317,0.31470617625173836,0.25943126124579224,0.6673933439527838,0.9474146028170158,1.0,0.7252797950297114,0.644079929600745,0.2571032154035581,0.5392921336221626,0.6844916176101256,0.6250566415522006,0.9403855480542506,0.6455815286869336,0.330804858204143,0.38144928482603985,0.7562645052425913,0.5386984484402169,0.08101200642874945,0.30049113423832335,1.0,1.0,0.6920732754938442,0.6375858653423184,0.381892890727105,0.5103922236446344,0.38022238683311427,0.5771967118946628,0.5059350457387356,0.577314740346919,0.15005305838003397,0.4155583219765325,0.4956117729340345,0.38161112825506566,0.2486311517491773,0.40008139725170505,0.8169509924226447
453W_PBMC,0.2718661380869919,0.7143168784393891,0.3363950762282429,0.0076887050364464445,0.6001454706766003,0.9826879088173547,0.47536966510565426,0.6136088784230022,0.477069641236365,0.6265729075978913,0.6231243426505962,0.6722902034070347,0.38562165962732264,0.869579711488365,0.4353508848843224,0.37581784869080537,0.2730104290928669,0.349971459063912,0.2756599791686633,0.9969880560686762,0.7478495525090197,0.2379734216912032,0.6156843058451406,0.6527636047551576,0.8751474996415906,0.42901964244785756,0.8378171214106526,0.3659414010298074,0.5574162656174373,0.3373613119367583,0.675230645520255,0.23735122747478896,0.20735188861770465,0.4282498618417495,0.7503749034970711,0.6830307570907224,0.7231465951816275,0.18608798629175355,0.5958491994352921,0.47732587948287697,0.8867547885865575,0.7493068294667053,0.5273081618438704,0.9008024569246998,0.7900791384451868,0.7155560551912926,0.4616169153308275,0.21237057390358074,0.6080478943087279,0.8497643746889247,0.8562772270743008,0.6281908362490773,0.6540885764326655,0.5336571445381327,0.912343239625586,0.7970509389938263,0.3274797381999439,0.6266972281818964,0.5256598675084663,1.0,0.3311610353548201,0.3650997502620085,0.22498775790250874,0.7665914787304077,0.6346290114214781,0.5159484960496888,0.5406421245688326,0.7809237894822233,0.21721485663257883,0.6084973726743187,1.0,0.2862078802928539,0.9164990269810697,0.4633641826682181,0.7422502215477346,0.1613670988351381,0.17068890734375003,0.5707588247145109,0.8043696482655983,0.40427738087965204,0.5374547750599239,0.40771038521833364,0.4677056295816743,0.4334653220348761,0.9157601333831311,0.3638154344826876,0.5474313085116354,0.7080063259748153,0.48603341549543816,0.6350592030690215,0.5925329230855089,0.8440843588897728,0.4555461257020354,0.5466116189588063,0.8184441740293894,0.39333385107117674,0.4069887382952624,0.6271333666418616,0.23751639943450528,1.0,0.4549067482168285,0.302667514846387,0.4237958791531352,0.6872092930189152,0.7213578167491782,0.5972209589228916,0.3042024126010067,0.1989615452140393,0.7213431644873074,0.6987907893538557,0.7706724282781432,0.6892203570749235,0.6966247374491507,1.0,0.362748136795359,0.7107340048394251,0.39464410402513644,0.43800433587705495,0.20816247282671102,0.48554834257179474,0.23867708341499375,0.44325378636839896,0.31731409466319305,0.137565007803195,0.803298786089338,0.560605210858318,0.08303518192803049,0.5287729416474773,0.8114048304893161,0.7992446950432669,0.711110888242937,0.5970600116476115,0.7362066837372558,0.79010856954801,0.616617978011136,0.46187950275565354,0.8814473835440186,0.49620225771930876,0.7422702624417842,0.691683008514421,0.47931556785359175,0.2949001186730189,0.4508161539477805,0.6241655257727465,0.35064027147002624,0.6185506679218582,0.20564125052371515,0.7129603507748571,0.8421654796448806,0.7396916480895985,0.41402762823077416,0.4966667276977085,0.20035555460489632,0.2736452787458704,0.7266003556115536,0.6995211329792699,1.0,0.5674984826915197,0.26924814273886766,1.0,0.4384732168289661,0.8212660269655003,0.8883104466552343,0.9579909930895198,0.9736217157664216,0.3685755385639019,0.5552492040482186,0.6865745688474028,0.5214516026474553,0.7013128643067036,0.6955228237131025,0.7629628100594676,0.7359343423925405,0.6008703081345199,0.7188301828405494,0.13505734928230437,0.7286381358485344,0.47077601389051366,0.4047500479882979,0.4835814327011306,0.4745089316270948,0.3461617149253815,0.9712988966262146,0.3194611327027982,0.8020671802955271,0.05499036563087742,0.969797919584716,0.47610860852636694,0.053380961531015014,0.43674042207307057,0.7007015444433713,0.49468235567411384,0.35682643726478,0.44705291028596944,0.35214465159086905,0.631776922381983,0.49576030995293596,0.7603311958058825,0.6777456938375168,0.18540717411533522
684C_PBMC,0.1991475886801675,0.6062193122372507,0.9830417788851984,0.7257532253242369,0.3004364247340085,0.4399724169664452,0.5026061532099899,0.6048946893998073,0.5453962835379081,0.7226255914072505,0.37500999650413297,0.8878280877540664,0.6955960606426473,0.49632145326282234,0.6224840468800859,0.5451263917795476,0.7525242353348205,0.3732081562743851,0.3977433962904221,0.20560994502345817,0.3406929249235222,0.9733526898362761,0.6454758460024345,0.5511983112069903,0.38648110858842044,0.5408884082786835,0.7006015396970093,0.0439402710583918,0.6562022879857764,0.9913228858826515,0.37194008771645815,0.09110364584791453,0.18426170135768255,0.4221936973866021,0.7567599259259028,0.299318633915709,0.5298133876967039,0.4587983249562454,0.48114954696255574,0.7378705447664173,0.6688294938822751,0.7017911002704301,0.5334400289719262,0.47648701445711994,0.69685487490646,1.0,0.2814398727876863,0.5029488596820791,0.10256863851078699,0.5026664950337799,0.6271596448046095,0.5658417873232978,0.7779975210582084,0.23714226807697258,0.26800395109092595,0.4683671354193889,0.20259025136404782,0.977838425307186,0.5618105813170069,0.5681501475100145,0.8215711381522361,0.38557406397268157,0.7133963616114413,0.5497635221914878,0.2622394572909764,0.7203279950848995,0.8354961235573738,0.1116912063060497,0.7709755302180386,0.046156461771790655,0.31317584133680876,0.235856507914051,0.5530725712435791,0.2749419004953337,0.6247804987250579,0.6551274180143069,0.26299390142831564,0.5849963412042735,0.9322169617740776,0.5140745600067672,0.8110505155050391,0.6660867423468886,0.8660087649792093,0.7488197480751473,0.9747386337344514,0.21558796045296455,0.8274204855565335,0.9842090482591535,0.8184578614608045,0.38893046503595935,0.6911926349774123,0.45835235761224086,0.3546555211940218,0.1647826092334762,0.8470507630876001,0.6682658743305191,0.2723031843103131,0.8159221067293634,0.8919763874337113,0.5542808931718206,0.9284166506701076,0.2997702566173544,1.0,0.4987919001913003,0.8734882211585748,0.023177738974594048,0.1821376158725468,0.37779302265096487,0.5183084929064785,0.3589368958082589,0.7046962682582676,0.23922234673378634,0.374538904786739,0.18603086140546535,0.16482283376145213,0.8019289290662833,0.5907170661725923,0.7306408294527823,0.567388933867553,0.7592737261605611,0.7122010993654022,0.6938049866245285,0.368276513112966,0.20111376417828994,0.2700443556913063,0.31549453099465435,0.4516256777406111,0.23852334201468076,0.7550924109224176,0.8564096800821789,0.4153788564940883,0.27259495296700686,0.6161949757364874,0.4313833116962356,0.28883678690878284,0.5146252495879187,0.28364191865562927,0.48760936906614283,0.8917642520723916,0.4726627744345075,1.0,0.4742563691070623,0.36600016425227777,0.6023953742885912,0.5356240065359261,0.24311278582658993,0.8962804366335276,0.550088209585287,0.7899795635710612,0.0714767157261798,0.7391274214265618,0.5398926987703144,0.8556351603105111,0.19969467465880605,0.5901891008890143,0.4900062523794941,0.47369784333375087,0.5434690166077046,0.8173744457498205,0.5977534941761619,0.012512758446006975,0.614626792211635,0.821372881641949,1.0,0.9940412791306223,0.3709882421977052,0.9323585580319368,0.46419594978300044,0.579279993749214,0.8986840798759548,0.7087407405473288,0.7158251705250664,0.24228144801148882,0.5463606637534716,0.09499685836082555,1.0,0.9648950392303491,0.6636314675572713,0.7333474063144054,0.6229735315406457,0.4712028867283983,0.34402135995236466,0.7084393310192947,0.2380288445104823,0.6947962636072982,0.19267349824200106,0.7852190637558762,0.3343275874926387,0.45986002899727113,0.6393299872974526,0.5470857595863043,0.8202887284282331,0.5155612249686403,0.6409258187163783,0.6833834148165722,0.4387621476565153,0.4763119887190851,0.7284162179491134,0.7222796483223773,0.16012545385771268
CZJE_PBMC,0.7319724860214676,0.6886053711415148,0.8713518230035829,0.4489974168347026,0.32280250946693984,0.7287620565980496,0.5255745265344457,0.43567547740789614,0.4943694467712877,0.312239158694284,0.6135681433230286,0.8485353527600679,0.7954225445674787,0.4945951518600523,0.5723216209071659,0.9436261259171905,0.6552413532369563,0.8324916080936897,0.49790368862813317,0.702040236940681,0.11120113006462201,0.361514843968866,0.9624424473073914,0.4780627501678837,0.795039328180436,0.8155708751311649,0.5584445984875356,0.5986370452090213,0.6841813606212397,0.526526656908795,0.08894376203779679,0.5461998545192093,0.3219729927753097,0.46885633279252775,0.7890289258893655,0.906065467842303,0.3325717193990784,1.0,0.15339156719369137,0.7109907046966494,0.4970389933483827,0.571096241012878,0.5517076661253958,0.7512950767746464,0.3303101667777914,0.18395210281447227,0.07328582191589261,0.33143105992974903,0.4861241732745708,0.0789882275364823,0.7372287506998657,0.4378674566976038,0.4625667163270461,0.4594984585471271,0.26757747923328745,0.43310159714423513,0.5924931918012128,0.8143912229994253,0.6973758865750167,0.625928698723038,0.42856105219196144,0.7670421818043097,0.19403539764166966,0.8482451024830618,0.20834615523727565,0.3803938807548386,0.6902459738961833,0.49139909723953384,0.7483328389220157,0.7400030566500433,0.8441388090739042,0.2936227500953611,0.35265609602624226,0.3530490368866059,0.909167539050234,0.2253495954788375,0.36445574491496546,0.60650040970389,0.9323030599200637,0.9384330405279523,0.6420035528705861,0.5263737352527325,0.5490867904615714,0.30691933303313157,0.7045669438658593,0.3282978496245214,0.2892833795553382,0.2620432691232737,0.150711728313069,0.7848613450762584,0.669868030411195,0.5477566107670749,0.680517916307679,0.7772525166340614,0.9115452779300904,0.6412275494012691,0.6467602717170683,0.6325843800262665,0.5081290397178481,0.19655464030161685,0.6637166577683726,0.5546089296010924,0.7323124541636519,0.6538036403632201,0.3272489640563976,0.15887734677741652,0.7972039072192673,0.201663784319785,0.564009123947819,0.6192664477120662,0.5156130228548984,0.5750730613755438,0.2826522822260158,0.9948835688168197,0.5198399294543662,0.09294725439835197,0.6000731346426462,0.331756939131992,0.2572968234610104,0.9653836722459084,0.5732775945606402,0.08197699956566462,0.29003752683471795,0.5346840361676984,0.5989735531483718,0.614497021275597,0.08650187583168958,0.1207835722158725,0.8403048808582256,0.24966475633889149,0.714105111371202,0.3854750151595243,0.5182700210116042,0.8815323620309667,0.24687135777726538,0.5284917770929296,0.30500311983544937,0.6514567034222308,0.9671755436399301,0.19114703119940996,0.6049594063275782,0.700961294190824,0.4619904337603556,0.37081599779213287,0.3637847496539968,0.7017282460037643,0.8422577966669044,0.5328174392808088,0.3284425411121923,0.07021045748590289,0.602858870981646,0.592548130053424,0.09438863222003105,0.2978958452565123,0.2284183017483261,0.17178687115254565,0.48301779873324413,0.23749239000719558,0.05601247320983628,0.07412476526349988,0.6415310439511944,0.36820181739107394,0.26758894095407176,0.7702569134390609,0.4319558172660826,0.26974291358717367,0.6463779638983403,0.8345157859687073,0.318298074335366,0.19943458493466312,0.7475496371212705,0.6077003034576425,0.20721844030589892,0.3675839219221818,0.1916699937378537,0.36117285576048797,0.24124706054204112,0.2844316540014796,0.7125838023995262,0.8936962955391042,0.13451480911400995,0.7997543957089045,0.5892081657859438,0.9768591777367989,0.7592356382881776,0.85432048310472,0.8117851322007364,0.8128064032761559,0.47166304616675847,0.5284785312926827,0.7927124198532849,0.046984918011069,0.26741358001956256,0.5249805031206417,0.033119210844855175,0.45604878727783293,0.507522634843334,0.787521048888592,0.5957163046161282,0.10553125870547346
G4YW_CD8_TE,0.8876479000391023,0.5725541932082513,0.17526093404300488,0.6285860236842542,0.7625895626908573,0.28851610338384975,0.2197440150039875,0.39135527946602977,0.33403475482767003,0.5001616801130047,0.5646499462340794,0.46028360771249727,0.8653409468511299,0.5828083527226873,0.714590645595158,0.6399215972433235,0.5783625893428841,0.26870902691276827,0.3537576451675123,0.4562188982607594,0.4728899150079657,0.25947025213292557,0.3800557419285774,0.6014580206945346,0.5299898106417008,0.4837925785526664,0.37787334725971744,0.6547840198091314,0.7467262004980714,0.8584120395871051,0.4642325011606252,0.22695759629589157,0.7382241911847001,0.826461064370839,0.27512305827421135,0.6089449040389466,0.5688380153926363,0.19436817909437618,0.3029222314288295,0.33632079989145647,0.7747694642836516,0.5010832152142037,0.7479447766608801,0.49766635695521305,0.581042597648255,0.8829148153942878,0.5930020181961334,0.6627002950115681,0.8646006591630752,0.08810906862248034,0.35336643215215363,0.48670973213835983,0.657325325730479,0.3771622640594548,0.5333495049779832,0.24008110974011204,0.39270088190346086,0.791885204724397,0.6158486636435282,0.8792281758433754,0.40000064948090336,0.49726628345184204,0.7771113903821764,0.6803823579736816,0.6695142723226963,0.6280716013807934,0.779178752232384,0.6223901154098477,0.5219821291261888,0.8650485263967826,0.2705175831462594,0.5119674285342032,0.7214055818509776,0.5932804329439902,0.39145172060581146,0.7676481363426605,0.5204371559925506,0.3406444294543708,0.7208715234457522,0.544995487363159,0.6409459733338568,0.5960811844374331,0.1234544238300018,0.30177476690094795,0.2535379531027771,0.32913177551706563,0.4880391989868763,0.3512351205038351,0.42072182006493025,0.928382930388735,0.45035898285527537,0.5965807678439771,0.2916746718956892,0.336605770375593,0.40560698287899416,0.5507160724618071,0.6349305087533038,0.6852851902537394,0.867596959581179,0.4484513487004973,0.5096589275996338,0.7058863750294188,0.4101187318514226,0.34020450324351725,0.5580271882265146,0.8225311136910034,0.4208235924651169,0.08642567246935934,0.8494450421676722,0.4477228457811609,0.8124578310441802,0.364375788045145,0.2921201559812118,0.366584826774029,0.3005874704606672,0.8747989399786421,0.5989578016192162,0.4281389324109921,0.11460221855524824,0.7153876577748779,0.5092207493015659,0.4113196605437741,0.7227333115188102,0.8341623205162186,0.5331336647035958,0.7350315840835945,0.5265371754845881,0.5475840394147659,0.5760923798366921,0.06431307741596144,0.1834643633600655,0.6691194953615173,0.5856657378159679,0.5836687701480519,0.4966373846669417,0.3359019132578967,0.5523844003408835,0.23392319297755848,0.6011873242392951,0.8426523513840584,0.436142193595323,0.5447885681172111,0.5838399732201919,0.9456085849619102,0.4376127457608329,0.052906085098983514,0.7564837345476124,0.2977087008762671,0.25719735016818407,0.1545494516325299,0.7301463760415098,0.6488011591178502,0.3466422922831198,0.2507116262521768,0.4346418505400046,0.3197129683216327,0.8745638333943064,0.6259417600241787,0.24015688581512365,0.9129506110485718,0.48985296454094696,0.2933626319035572,0.7569695748210126,0.4964465531716071,0.7199490007857283,0.07896796102040536,0.5688922289835812,0.6465982510088887,0.3752404479885306,0.9043517784148394,0.36101351692572814,0.27517852552060784,0.5723790348744778,0.23905414068287126,0.20725090678311078,0.3309599411440722,0.38887166392828904,0.577609421844861,0.4651813160596288,0.5639918366940513,0.25737280329776874,0.03130644748928556,0.8519581769935545,0.4915106410244843,0.6621986328704021,0.9893704766889818,0.25040602020328906,0.49176465300387856,0.5276954353013488,0.7375663334787352,0.38996515881797816,0.44008912448440735,0.4989293357605603,0.8195710686369323,0.6922923822475333,0.46140569207920984,0.67034488112449,0.24891888731511772,0.6355825478920066,0.6677821183580774
G4YW_MAIT,0.580247216996847,0.3348220339030812,0.5498810602274393,0.3003486525010016,0.2477928777684772,0.09516980795743624,0.6598152091874553,0.300338852176217,0.0565634750238967,0.8369587876527889,0.32277882333814956,0.36237691363986396,0.6989013670612321,0.8861917314235741,0.37311547566286674,0.6250522273280137,0.01667535967731937,0.7176237041688176,0.4156175121992829,0.7218349463172066,0.7497437223113141,0.31884364692700146,0.27495516518814805,0.6818528259009742,0.22569579357281216,0.1861862947931964,0.3627681974392704,0.47935970413270346,0.7798912220964064,0.2680342097234733,0.33628121921691867,0.7431657457151194,0.7930656720097,0.3611930432854141,0.44668766183767566,0.33052345113355364,0.4440237650815596,0.4991824120880178,0.21212431461192743,0.5061273771235221,0.3449223721542817,0.7437001363962351,0.6611871510958678,0.028448768880563677,0.2418068828473224,0.4065877972193531,0.20519623516782237,0.3636311891910932,0.592798403039873,0.6846536286086224,0.2193422855806859,0.5423351068809427,0.044799193940171816,0.5049086793044678,0.9474408353496816,0.24486522166540736,0.7922169784447339,0.4633707118549962,0.6593235789592132,0.4403314676394038,0.21864351704824087,0.522922366718685,0.4682945651168763,0.3551985282550311,0.769956075290625,0.6765021641683375,0.8022934618351304,0.8342257404506787,0.6000742977318699,0.049480598908518955,0.6358590682802661,0.562263789077661,0.6588606351338642,0.2720743121053624,0.7996638172301097,0.14825476161226384,0.9705923249675614,0.46746067987846035,0.5612457628714689,0.38509050427345914,0.4416543591692778,0.8743021204309616,0.5182873485126944,0.2966415334818355,0.10768641060687643,0.30015272147682776,0.17111567562925334,0.3844509778215071,0.24751852500337207,0.4048924332549311,0.7000464293840922,0.42644870455880324,0.4347942049731748,0.30440849332405995,0.4891997470056206,0.9095299449689896,0.1979288262886994,0.4851862642141876,0.4141990618833824,0.34455770361799065,0.9521448039484393,0.2575588852384089,0.5086997800802526,0.7288594075123844,0.5100036708933934,0.5396791468214428,0.555902126044166,0.2881508669254996,0.08981568943669677,0.5234619853478436,0.43049470130400513,0.1425268994848767,0.5603220449864449,0.2341964868867927,0.35597825518805254,0.15681169114661195,0.6938249206725635,0.3946631925578255,0.5295355042956702,0.15391209948826284,0.5413184828971408,0.34649200093773763,0.3150980408233731,0.17017227562046577,0.5282858581642338,0.28202979267559075,0.8509053382942333,0.7318266784567061,0.414714666342055,0.35688411843042533,0.11104310892203915,0.7637096874975539,0.3243599244205688,0.39632417469775066,0.41305566815256406,0.2302517224114077,0.5604155254489888,0.3865059760073076,0.848371787738287,0.5474350794047346,0.3197332302847547,0.1470148344545637,0.7345389573204386,0.48146238863597773,0.6240249494456848,0.6627989954845438,0.3961534166677887,0.7148152419895696,0.5077829200662877,0.613475281576982,0.9178729837324902,0.6902433575211219,0.257038211657363,0.9170009314687382,0.33289608198184334,0.5851026099880138,0.5841754462076225,0.417036937230762,0.3711802303303304,0.7687606165917186,0.2185674472007551,0.1898684528665126,0.3097771217041198,0.5092790902696603,0.21932092382553434,0.6982830756930306,0.3388379559486619,0.7460615088461665,0.5025797229242263,0.2288921865794789,0.7882255010534255,0.08639241790526188,0.2081467792018144,0.7683561153738119,0.8697242642876128,0.31053322982559844,0.18390295782737953,0.15554419156214833,0.3367703040395336,0.7149797863421885,0.7225902595517948,0.33248402775949476,0.7717158005212394,0.31591801486774956,0.17160561997018792,0.655664773550022,0.522179361764354,0.3796554282787215,0.6569066148172087,0.40743681622544997,0.13365785243740583,0.6971592080795994,0.5057709092192447,0.7391050487376382,0.6072053534593514,0.22532711814439443,0.36908177868000774,0.19016043063763083,0.44150870950489085,0.391822411763108
G4YW_VD2+,0.5943443813040545,0.759182450439436,0.9099816524530766,0.29255802480110615,0.6944972761042437,0.2323965284233406,0.6093189026399721,0.4040136158531675,0.20093733048691723,0.564082252938122,0.7623503395348835,0.9106518605317266,0.4575955609860362,0.586514473074169,0.4400869876046863,0.678553017051388,0.8095669724604411,0.4138193282853115,0.48423379967024416,0.8337702088630793,0.5784876893089005,0.6093425944815417,0.2939146043529718,0.5699645465250895,0.8461034663554838,0.8137856916906345,0.5258487937746809,0.8100265952994833,0.09856228923968677,0.4694941963052575,0.8279571093497254,0.34008442091042335,0.1342981683417793,0.7480871857433874,0.3553512164592857,0.6471825925415889,0.7163052622974052,0.07784788369842652,0.5579822187807617,0.3424125580416944,0.5123504894194892,0.7939874059857774,0.5726747513306932,0.5665685480552417,0.7124364086754068,0.41138349513628936,0.5483325962843953,0.46974711736243563,0.3480207028305196,0.5443915975424413,0.3165700769651347,0.5136083176632786,0.5266781024861558,0.2021828633155071,0.9633578856715055,0.2911241771075214,0.10251205116871509,0.47846445814577515,0.10426209676772445,0.37374820449823287,0.7837116380170636,0.4628740602734509,0.7338356947944702,0.7404205419011878,0.4112996968280128,0.683577210292955,0.936131470458968,0.33712095700628136,0.24904464897150702,0.13829521141922835,0.18216157256370927,0.7693396624491519,0.8226702313655133,0.7345792952613147,0.6466548170990785,0.748911675380615,0.8681953987498853,0.695050898374312,0.21539742999887596,0.3592569613658664,0.4801484719034331,0.5255707881590006,0.35841818279916005,0.5529866294868068,0.4146078385088727,0.40363267937357106,0.5462293292407961,0.2655848918386176,0.2541046911891461,0.3048878898030722,0.6692492422124915,0.6457589720652777,0.5476504967980413,0.7675560535009374,0.06267541702637576,0.5673032667534049,0.4439847319067045,0.10261094975536629,0.9432931441056486,0.5818346954714946,0.06523306923823433,0.7124478288279579,0.8574705768889687,0.5942261818883318,0.45154693886614256,0.3617351893646361,0.7702478944068897,0.6446536195448351,0.6333446727277633,0.45488628099382855,0.1683754466068425,0.8033110044644078,0.321719035631472,0.4607911547706814,0.5720966763125557,0.3733468225949767,0.8359007386597243,0.2307011678809009,0.36274322612305715,0.5199627036960606,0.44536892044609766,0.1766953711110448,0.764726637691993,0.9341329475642208,0.4987899737250348,0.2331264388681435,0.5105634498203221,0.8715386056333131,0.1045722981741296,0.6416298195661022,0.30094213718016016,0.32564082687921586,0.8615948636851192,0.15963316198693075,0.2506858743341662,0.15750004195868747,0.5137559871817673,0.21179186380973003,0.21914314144258726,0.18263554281246927,0.4662024676960384,0.101383894414613,0.5059868835133398,0.21928255292987148,0.1785237449653185,0.6040993854969094,0.1494595661853613,0.6628986370499531,0.617127093945402,0.3166464207521905,0.6908744477024898,0.697732877375842,0.5169868722312404,0.27401714579332426,0.2802184817405912,0.4763401853433588,0.33923982582020945,0.5782396196168915,0.5462240362515994,0.40653422764050035,0.4509448091043928,0.21768188859655255,0.4919976017067368,0.7554610224129301,0.8063035064969148,0.42920856302811666,0.6534586202056244,0.34649323584137987,0.05681488062601219,0.7006036916688937,0.69834418547125,0.466507067564082,0.29177059579485043,0.2362512989188521,0.6026194280159936,0.29033861874555733,0.5328559465132751,0.8816716839811356,0.6929210206734343,0.7186173917311143,0.44024943199313676,0.5719234411598774,0.4021870293799114,0.2941957063266015,0.26572237200704646,0.5680506766109878,0.18081432257926586,0.720592263471666,0.8621346797477936,0.38014536459760756,0.23573044772593266,0.29813697172874937,0.7585421442333636,0.4060252158909832,0.130141103546949,0.9356144048344708,0.6673185263024676,0.5598283570407317,0.6995775160729875,0.16421464927346915
G4YW_VD2-,0.8046783796997699,0.10340872566035643,0.397584396506097,0.5846949572140411,0.7091542257236677,0.46261224652735544,0.9962533758754814,0.4464877895260559,0.5053525525746366,0.10184170331161703,0.506457257881045,0.7643606280080837,0.3568553010061324,0.8260115569212824,0.8690600379317608,0.3784749541200958,0.6940461248559435,0.4487802049572194,0.11739445562428168,0.5092140517321073,0.6799384102226271,0.5638960570745555,0.38551676267803686,0.4254721166795983,0.35963931957521694,0.5300835878567155,0.7773881125624957,0.3317872177200351,0.25000684574432047,0.1217603076815122,0.3568940949505548,0.3074023648625368,0.8037515238665272,0.4469545688001983,0.42834185745727554,0.7169634523817274,0.9716835484296992,0.7289494558217691,0.40140105586865443,0.30941283849856366,0.6320119415120208,0.8089726708996143,0.7762975234602045,0.4864946796817035,0.3017580651227378,0.5174840000112292,0.4030371268552067,0.6691417616053534,0.2564886765001108,0.36140482019868736,0.3990789630759102,0.4741363594467841,0.2650868963318683,0.6369895363641581,0.49885218773853535,0.588469385577219,0.19638011341256473,0.18969248384748985,0.6161626925723364,0.7707278774823889,0.5239246275872149,0.13732138489171936,0.378233792895513,0.7262367734907446,0.7002389618084839,0.06318653934233329,0.6853780354890703,0.189458855469812,0.7930316210639504,0.1577600808843588,0.8728725335810782,0.41090179981327474,0.1989913750563491,0.515880777431674,0.5506919678956006,0.7229040095166985,0.2872195837808041,0.37623300301883233,0.49695208053449136,0.4829272751266,0.8003195384168493,0.7614470701142448,0.9386856163203338,0.41364517725928274,0.5502911733857819,0.26241184842629073,0.3907488127359811,0.8563658493896729,0.4883456069832062,0.6819403568277744,0.7678431486507942,0.4117804389860356,0.45744806223496653,0.8459773217360034,0.41068129620040245,0.626833711942914,0.23010655941413366,0.5079805915815168,0.256195249341392,0.4385688864189982,0.3561966731268731,0.6476092599141414,0.2604584187137056,0.47637905775691414,0.525028329022457,0.6534381748490541,0.22146979403249603,0.5531685131886198,0.18602751025955955,0.8400961031415003,0.3036721097503434,0.3343346440944859,0.6949708906484472,0.1815828337984052,0.7059374098927028,0.5603037627528872,0.7671539710882663,0.4759430590731323,0.8435455573574004,0.45502718173748713,0.6439055207681442,0.17934492052630566,0.8117305688852541,0.6861887651886454,0.6535588179234165,0.7516497380602474,0.752859746038254,0.8341233738351967,0.05549940025355456,0.6384359973894329,0.19890690950293832,0.515135511887617,0.4693710605864811,0.29725823283462427,0.28831212195490824,0.5086049981335996,0.3768135077183235,0.7150776294806316,0.5308802370604994,0.5124882207522432,0.3643522306904138,0.5611662057744768,0.5286586092619655,0.44034177909024336,0.4933587547460773,0.8234862599643019,0.58820278255813,0.6503304144357006,0.8094766640842834,0.4414296441009149,0.7567364599959566,0.07954860279630416,0.469197749320183,0.5452663403501367,0.8882114962454413,0.7145607925215126,0.3866582978296748,0.5369612484461102,0.8856826633896503,0.42809401960418664,0.2264990738915109,0.5907921952545826,0.5916959633160245,0.4814117596800406,0.5757469184605193,0.6156360714438812,0.48223407191096723,0.5866861008372435,0.28819646998062554,0.20084863973956196,0.3125207518907102,0.25109664222077,0.2816087692191121,0.7005564097764226,0.6022205284063393,0.7986890549244672,0.3909626040703719,0.5314990402003474,0.4495714806226263,0.6715333664846204,0.5837765677725746,0.35847283739512037,0.5723944426864357,0.9403807105437793,0.6510384414152295,0.6902563657512971,0.5693096633570396,0.5986101774237736,0.5527670819517198,0.6149150284995428,0.9305577897129284,0.5600563516872956,0.5771062653595717,0.705369862319272,0.4617131325414143,0.9117014197451591,0.5700847928299406,0.8258820630034921,0.12959184338716767,0.4448679365370054
G4YW_TFH,0.17187635662101122,0.40949055529733447,0.34440599901457236,0.5850912673545239,0.8388797126832638,0.5517988331747762,0.4864594967731482,0.859058819025496,0.6544248366403115,0.22686342823393882,0.8095302171279976,0.37622642043341115,0.6817832292071588,0.05045896779673516,0.2772744664661369,0.5104263267434256,0.4732208749398412,0.6643697328441027,0.23813914799641694,0.28243542999517224,0.301171174436004,0.1637110681410153,0.08697256966938623,0.5995982081320869,0.675927048004837,0.28772575856730725,0.4131170189346193,0.18254786134355624,0.684810972865726,0.68651429084802,0.17353213446437918,0.2508867493390166,0.46689466351040365,0.431872258168142,0.5123113607662966,0.24552081570348389,0.09946468892376398,0.015541735688050711,0.3698292606245051,0.4173202130767742,0.5654125785069394,0.9530710521470859,0.4476574802532933,0.2239839145929975,0.20749636563844848,0.5854908396077756,0.5133451741119179,0.7376323937934489,0.17124133938774758,0.4406766502736038,0.6432701292629751,0.8949314072196934,0.7608849807409017,0.6062911409678956,0.8143252772362004,0.6534360944334409,0.34456829389480054,0.8408176941740835,0.7614884553343559,0.4669305592509067,0.6762236809421466,0.24468868464355079,0.593193956100507,0.5984531550242403,0.30176739463784247,0.5034386982219313,0.16367625718193288,0.5687669338728175,0.6461900193266735,0.36047492545451765,0.41875329289823593,0.12860430386010205,0.3390804129241889,0.8731416117510249,0.4684766017132169,0.6174681667334495,0.45852255168071837,0.5440291430104075,0.8170241089049133,0.6859770975131273,0.5889853939251136,0.39951491373143677,0.6577401477691986,0.5742691511533857,0.7097772591197195,0.3888858874329105,0.3864846729960723,0.14203003570000375,0.6594723579996163,0.5726412851149908,0.48871579223790096,0.8304601431715617,0.1470616323439264,0.6232947531626621,0.8449450724963082,0.7641675081854996,0.13004462891709304,0.3908827684722231,0.45963169308477564,0.5121715642104679,0.7145461446986788,0.3377890241157323,0.2452649462860926,0.16166141631212605,0.48415391011276954,0.8820673447920332,0.6088820213096906,0.6517711059000215,0.10428285150075613,0.7324209510673727,0.5531578496413193,0.48684511125440716,0.2014331709716957,0.4217657587052803,0.6329314765697582,0.3724954896576401,0.7026532820572556,0.7736232970228447,0.3224995454060967,0.24160651176860157,0.15468845654259528,0.543325880439794,0.7830509665425532,0.16329516663046037,0.4159466185042082,0.608349958490185,0.8463478303120795,0.294503314455684,0.8690168766760422,0.22050064733648814,0.3527691395067674,0.10102087577359718,0.25162228201002423,0.6227788565686468,0.615759421211575,0.4176448243264867,0.5978267156899802,0.3294640642461969,0.357853664360666,0.5803652210232904,0.7544409044761107,0.765868508756336,0.2515500534629369,0.21283030562846414,0.9339710808036863,0.692113118282222,0.8779529639791231,0.41225668411182026,0.7420977881921759,0.5905450331637493,0.5186362268567876,0.3961154682345962,0.039434657082813955,0.7200387211817453,0.6990770103454896,0.7157371642813094,0.5856260402614716,0.05548042164461281,0.6042850711373089,0.4557792901957748,0.7614202125274047,0.40688036721283094,0.6218526206466961,0.6778783187385294,0.6821798669211647,0.5873666883250127,0.2881404642254926,0.8251773563225197,0.10413483427545282,0.6568962881836716,0.5492742870823452,0.1579933587749636,0.5158504261764046,0.6520134495158627,0.5354629320323878,0.363196821640565,0.8322259468801017,0.9071131102672391,0.6510860206390547,0.6084008118848605,0.2968356480035731,0.6697721599442185,0.6483423803880074,0.3429500856722614,0.3751187605466601,0.8351901109310649,0.408708332897974,0.2646760197844258,0.2616485449087921,0.6961283439592456,0.28375612383787274,0.42205038574948484,0.235589117319598,0.2673919436784184,0.2769984805416613,0.47976876403410523,0.2767872560045827,0.28083692752874434,0.8540270875670603,0.6291827059200957
G4YW_Treg,0.27366855497454007,0.798000984935796,0.6352232160829515,0.4393700189109771,0.48863223486033946,0.5156710091420538,0.4201549195566469,0.06412469098231856,0.5443929655300165,0.2811442326964384,0.5519552768996729,0.8047748133836794,0.8147462818031426,0.7640055637257961,0.2706048919493803,0.290825056353626,0.7770760786921324,0.7110842439436518,0.3555283654218485,0.5538703743855636,0.17439238226561066,0.6776770475214728,0.7473978496593159,0.7698335519304808,0.5208823500213812,0.2664702544508986,0.179691059936287,0.19541242036437417,0.33023748281108123,0.564309761796074,0.6249060832090119,0.6112109561276701,0.6689267899693153,0.22242442324369607,0.1164531294946975,0.8370235597883355,0.4474677116879678,0.6015868699971763,0.20465322854833237,0.5415765235535649,0.5624300616610715,0.7043481188155767,0.1892830720574024,0.6300555775263176,0.48813054352744256,0.60122125466877,0.4764289746520491,0.6514823903328472,0.9100792537302832,0.5377610572440595,0.34154936709097866,0.27267524961510853,0.25701864605919805,0.8758550302616596,0.8393154363334057,1.0,0.9451305145305895,0.24544626778708073,0.5601623156103552,0.6469791983073719,0.35811750199284226,0.48776152382695687,0.33721230549021397,0.5766901106027544,0.9619214483450638,0.7654125618292968,0.9198140995431449,0.22366025218734198,0.3944718565162563,0.5998432361504328,0.7362673083750586,0.35887850477499694,0.6283955392597956,0.6321834718128704,0.6939123123091103,0.2843838456270946,0.912326792190995,0.40429273817689576,0.371694353721327,0.21569918808870242,0.7319784001888565,0.25583206780095336,0.43479037667146975,0.8091183732915652,0.7303265994326813,0.328108789858337,0.1443253997347492,0.467034868033122,0.784146681291533,0.3304721558949817,0.5469794268397881,0.26578603631915476,0.1392686471464864,0.48845238204082725,0.9552830195177748,0.18774645184861533,0.8289707259967232,0.5810790792835626,0.5500192829200636,0.28965614097276104,0.624523849358735,0.6878817458953336,0.19247082252764566,0.43106295563954794,0.5514308384591586,0.4023299561305177,0.6901613596998224,0.3500742519210685,0.8074579723571988,0.42072021924522096,0.6238002114732172,0.6551159153300146,0.24608740071196966,0.9196769374616408,0.3136609910005566,0.4780902395608585,0.16955426753281594,0.229795038527411,0.5977440890951778,0.6619790400684782,0.36383173256678547,0.08653044490650483,0.28055534617258115,0.3877243126028123,0.7948538812990477,0.2986960703810916,0.7231542251833026,0.32926979847963345,0.8025283574066046,0.3986599981260093,0.5973870845533554,0.8062059519240312,0.27065856964771057,0.4576299537588077,0.6562563499423046,0.3642002848729683,0.9093032237514728,0.6457861328811099,0.8894445910075481,0.5293228952366293,0.20430370035037104,0.5864779388883906,0.2235408220680544,0.6194221496565195,0.5273951405105916,0.4830546654308795,0.5950267955405557,0.7597852098925678,0.5570502779369202,0.016038011085337384,0.25756215627771284,0.27744646280939156,0.07521817994260326,0.5005650216805679,0.4532499248511378,0.35439235921006607,0.6262322515518797,0.22893878806417375,0.6718684389979708,0.7985108630961948,0.32745614750664526,0.8453712864420154,0.6266774748851095,0.4844205309307769,0.5248379203630152,0.6061712950438379,0.8061926154060219,0.23940223911139108,0.6519648545321532,0.746728417092625,0.2757860558837894,0.4774951918961548,0.7932096776061422,0.04381618449594683,0.7031190811915241,0.3518680438929536,0.5971037660047649,0.7272108524190479,0.5473014992336083,0.31706373694868156,0.34034652000865573,0.5060481831107343,0.4716977760873687,0.0995417278737218,0.3671912788058119,0.5609394997365903,0.6913267394262456,0.2965988874769541,0.42239308562259165,0.6441862389634756,0.7575643038561063,0.24935016799663326,0.7437312568706242,0.6462375618184915,0.6676737329650995,0.17282745831445953,0.02660197319566187,0.11972914041757841,0.440489139217672,0.15152842277125647
G4YW_Th1,0.24017694632400483,0.9438658400939846,0.10619941463087018,0.5515981217413165,0.24767848192996095,0.4757139887240787,0.46367033625303516,0.49197704920912294,0.6767854416984185,0.22065978665875371,0.6908149365770756,0.08171147491545724,0.19425767338349126,0.6257889972894966,0.4523744995780718,0.7916700427445489,0.07610789692973619,0.48379047172207973,0.5794794527383174,0.09824507233925205,0.5360915502172886,0.14336357791236357,0.15994074667064279,0.6210236265964226,0.806633459366518,0.5507260385795978,0.1891249711463718,0.3558329400458543,0.3380515606440608,0.21178003802531642,0.4954853944287451,0.309079503882004,0.47202684875322454,0.7288090310244563,0.5686768472229824,0.11838696605107193,0.45916216555461664,0.5740590292533445,0.2122327325774804,0.10394249526243622,0.39364038374637994,0.8770012907118068,0.7285861235534017,0.7218368699563846,0.29226102937491866,0.4341844322608114,0.478572089625779,0.36999698515155943,0.17681294306683049,0.9296946808090812,0.14898990056122066,0.8938925739537041,0.4447636474020823,0.4657330165379485,0.8683334237623763,0.3781058719653053,0.7530242337549682,0.5822344559036448,0.5919977370698047,0.22610258288354274,0.2461234879149083,0.7242074633871061,0.3608936121159838,0.4561827821644223,0.20746914872069286,0.3763532731412749,0.25577861010403113,0.7491192077555751,0.6458686519573225,0.4505176808209743,0.838589196785477,0.3569517390975927,0.40088583342692297,0.8579511273180389,0.7364946294330369,0.4808952673826232,0.2919288248506946,0.384491338572097,0.36724917286003583,0.234500563174129,0.6459769121398551,0.9065178767055715,0.7756231515754395,0.3953768475162625,0.7294451385182253,0.5927940972862519,0.40987838388071474,0.6015682603736836,0.5126469537031993,0.08360362015986224,0.9394653553506898,0.40984619560627555,0.47956762186438084,0.6272254147589609,0.7143672987661931,0.4608027497531773,0.536579371535338,0.4113234209649879,0.3563318783071485,0.7188403082207756,0.3362234722324847,0.7267849865704951,0.4098111847681404,0.20078604842448622,0.07337015894545958,0.28240134415418194,0.5428669140594488,0.15618440563164213,0.514478602882377,0.7099145970517151,0.604005186799899,0.3479327108374447,0.9155544199044251,0.46298233593266314,0.7889285280332896,0.7868424390831588,0.6162726821412599,0.2527996585392317,0.41748071674141135,0.6287495323621373,0.5160675619488378,0.3573991288189979,0.5331039271488232,0.2116458112420783,0.49814290438212955,0.4406918206411173,0.8160552271384401,0.8056165174924126,0.752995692404217,0.5137110030122547,0.6918439900797421,0.33393351921465675,0.5636762322671528,0.5047534533102065,0.42064551999593736,0.3101283940940671,0.3426590452270177,0.1035908084411494,0.5344048837984242,0.5293764695025548,0.5770482304916329,0.43038357612643763,0.24948338245037682,0.5804985020323746,0.8107422350666834,0.8914106299890324,0.36110308849349737,0.1270102038260067,0.5751906634671017,0.3377688186336908,0.14858894445984058,0.6106342897112228,0.505211977267411,0.31062626791245174,0.5477166363566729,0.3751693230929017,0.19804669437263886,0.13473178321564563,0.4572775131518333,0.7730669003543572,0.6050906723650661,0.8564825202768176,0.8772578613455303,0.11888097894625953,0.02434923174030801,0.3573711218194239,0.25754714304138604,0.7842694433972216,0.42121249519263465,0.5850210346637941,0.69613830693747,0.2828648483174057,0.5021475872215573,0.5186518809577364,0.6872919835573019,0.3797518433106375,0.5443801612274818,0.593736414029373,0.38375381928908936,0.5233324292489353,0.463725721927459,0.46746096630598427,0.8037458955729307,0.625201322153799,0.275359459880553,0.15955094941337267,0.6281314143017123,0.6298437004732271,0.9089183940576034,0.6335146732189345,0.5510805640271715,0.6925500287529754,0.723688196165205,0.5087986360175026,0.5845335996918471,0.775304513897114,0.7576810097193332,0.3004226701718027,0.7695997501276167,0.7299834129039936
G4YW_Th1/Th17,0.6777995893214679,0.3834057828952147,0.39112819828447115,0.4990484742752964,0.4836336135889365,0.8729039987814129,0.09124425347743995,0.2611437151816828,0.030881331388353406,0.5142994164270857,0.6774355975494167,0.39197268227611587,0.5955912064572909,0.27970962641095626,0.34722466370803223,0.19120393459957064,0.2075043637441132,0.8351799839821827,0.6569410672553546,0.09715737074120824,0.104929980293275,0.5530487284097361,0.7560020445783249,0.48021042122287716,0.9093228289119578,0.8460857442704383,0.19515782540758922,0.14719983358389216,0.35864821912013073,0.24660432591709613,0.8547522446034063,0.2432352813415257,0.3352981765237715,0.6670846584494154,0.15710734198457474,0.8567472576452376,0.9072323306693968,0.3805531098045067,0.557339021244263,0.15248926775433305,0.2941321470736763,0.681329296160362,0.335856368657554,0.7439606428836149,0.5572396831153056,0.24413736829317112,0.6368319801042153,0.4408216848915657,0.8014258666955166,0.7693986942100569,0.5379010931165599,0.5907754807166999,0.779299571596452,0.31011826387323443,0.6953676966758019,0.6538212711539801,0.6743246427650958,0.20544787758779043,0.24814589318401414,0.3200897673674726,0.9449479940374024,0.2530552049972718,0.32402837612936397,0.3748861310949353,0.5041868910882643,0.9355271320717866,0.4569424620865784,0.8225071186542205,0.51315101849299,0.6144014665549652,0.6939176932041138,0.8236397278630582,0.08432759657201375,0.9201686828220459,0.5858199479032334,0.23842698934639409,0.7053512471474447,0.20567675689574128,0.9553819093092771,0.27058608606401785,0.5092315853992346,0.4636221858361457,0.1499169073647788,0.6786045311456437,0.27120599793732164,0.6554268186240323,0.11796949023397069,0.48088017659860277,0.3031451635834307,0.19445808232796205,0.5096348482380317,0.2724377794411341,0.2964241263152754,0.5999319096567921,0.49362315401043455,0.40351100401840484,0.4706948192302411,0.3150326053335921,0.8059780854832187,0.3048199107820114,0.8391989500389354,0.44246881733929,0.8188433285887861,0.6307744480702673,0.010964082005671292,0.138332295448248,0.32282404624747535,0.7736818628887357,0.3207291721762235,0.6928952210125792,0.5351878980430054,0.20998374775767475,0.34848481713215484,0.41423985837166094,0.47908964906408347,0.3435796814010486,0.5262379662128953,0.382300856789739,0.41048297423155883,0.623635825272823,0.31902257550433655,0.4796602225217553,0.42185684107141186,0.4565435124309836,0.4903448347190362,0.23289384315700928,0.5151448042480155,0.9407667145494159,0.6397383209380505,0.4153461265828182,0.46218767143819545,0.736153947281211,0.8152518189418357,0.09292951014192338,0.16850119157798396,0.5816748025013573,0.21329160834035835,0.26433653814284147,0.5549228881511155,0.2746078729932989,0.3754689295145195,0.4249679759643963,0.3748030353744067,0.23083057126277054,0.5686812964032117,0.7198485676346823,0.4559539330945123,0.5362158434235036,0.9564577349981279,0.27398995418818517,0.25595602841438303,0.6600480263290077,0.4646371273917307,0.4170719356101564,0.37590131759099904,0.058160694610338924,0.5529128320143033,0.44429312870636606,0.3413406650220024,0.8444343421921628,0.5932612773077337,0.5396653127850627,0.5223139679267876,0.7101456021441361,0.8061576808811899,0.8859205923041252,0.1747252772030055,0.1880772551988777,0.7557661886849931,0.5953260750182534,0.7020713789151738,0.43749939231527074,0.8406997830200005,0.33448610898079273,0.4917516304678643,0.3495504226256482,0.6264446185824155,0.8133490544833304,0.5850404314099558,0.7014122849410888,0.5038552530764584,0.3190532851914235,0.3256820204340698,0.7794395084097304,0.6883490757913967,0.1145709299545514,0.82557605394933,0.35145300269829804,0.5021517757186871,0.29536062542852975,0.3552264072936354,0.9433870075250854,0.5411553949542423,0.4043453090806023,0.15154929297297723,0.7612028062615996,0.41278639626532965,0.27686680718472434,0.7009732465483414,0.7226978489061742
G4YW_Th17,0.8477441253757516,0.8533126490594324,0.34420546791255846,0.2457774959654157,0.8161408879295142,0.4880472614539841,0.14465740834616206,0.8232947159199644,0.4360700092660952,0.3046676923226071,0.7776139703418732,0.5338891196316187,0.17748977104468697,0.6356125521299458,0.656072130725639,0.8407330265083285,0.6420790123989116,0.3434435272042933,0.3878153305562167,0.6883151822159653,0.5575572037913289,0.3461272801554749,0.7030473029406293,0.7646527583868941,0.48572427703232046,0.15249863810654085,0.3059343427027536,0.6507592115868048,0.5968622892481469,0.29004257125524224,0.6166428085919917,0.6982995264976801,0.6087450667807535,0.21642126089125213,0.587479063265956,0.6464123837843865,0.4101129430564758,0.6620144352995467,0.8168952003619045,0.9480373039708428,0.49767252240526066,0.45512587905905877,0.6036504667089944,0.7194619915130205,0.3724269101896135,0.47084720431237215,0.48757856594144566,0.5622352863104185,0.4426120766874335,0.12892826924836068,0.8529120381475422,0.43970050524302773,0.6571737007427856,0.351257219583792,0.6132489395361553,0.7192692745591028,0.693248731553432,0.5200706453818469,0.19985596488736354,0.7016038283482136,0.8743251782240652,0.4326459226200894,0.613568258344127,0.8328699493700186,0.9956840096051277,0.6009347377491352,0.577699516243963,0.437399074274805,0.8599952648321371,0.871828003241307,0.5549266382371608,0.3898796242367485,0.7112206725017788,0.47856275894523137,0.3121878008257888,0.7896757955823441,0.5547955585828328,0.31187557149750017,0.0722826332715127,0.13198225883946424,0.7161416338359876,0.16533406204102477,0.9666840039980656,0.5455438233730986,0.18808495615810708,0.5642735376089665,0.8297924933404066,0.4553214455645511,0.6625229400530394,0.9028440644148236,0.6624244798652399,0.18524627998194887,0.8663807985941901,0.23427108823351772,0.1790883029017408,0.6094414078328946,0.7680502922844145,0.6192989778806931,0.5991675343106183,0.7493828835325851,0.43525747258260933,0.532893422257156,0.35097678236961044,0.3843991646133252,0.30945917795355304,0.6734578338190812,0.8858528511889445,0.5811248558934963,0.3098285355093266,0.5915686007973435,0.5227199536993667,0.4210821106781969,0.2118123926168174,0.5698446259908087,0.6102130424149523,0.47946595916947155,0.43768950602038675,0.35966696932364656,0.19110498303364679,0.5224794849586495,0.393219928594501,0.44787572377650975,0.32792143428419107,0.6539115222178556,0.7278197245996699,0.5155866449761622,0.8539757655991638,0.6856280346178736,0.6755623004888182,0.7792393629930495,0.7547354679911562,0.6774817269727926,0.30065421371159257,0.9924885207898231,0.9239526409050577,0.7856866514553836,0.4910963854189648,0.5011040809086302,0.6217581600898933,0.04397494584905992,0.3936851605265963,0.366518239046602,0.29600914551788465,0.5187972260089482,0.6199256067948263,0.34969990184448085,0.33829016321583316,0.22246196676607075,0.08272455825961823,0.2965387158037621,0.24043820653547637,0.442272062823281,0.5175941361875559,0.9783062994417026,1.0,0.9834276365096075,0.5609975181234225,0.7684146346716202,0.499807293081391,0.7155457595010231,0.23364162166160543,0.3994321076708963,0.574606766215718,0.40276328229235514,0.1736051000178724,0.36062225963865707,0.8914646735773238,0.6390150689784387,0.9152204553607012,0.3809494738618366,0.6381145510014407,0.24435360801569483,0.28744170749558967,0.5534603452274954,0.448588333162408,0.618107286436551,0.6427220353703006,0.5785440265213599,0.18607486740629062,0.09315530042394747,0.3039551249272492,0.9304704550434406,0.1255796238782494,0.46760151390619825,0.05191989019063366,0.36084309457402675,0.8058108322010803,0.6107232590600702,0.6296743476328783,0.37091527123279044,0.33078309516617044,0.4934740603945139,0.38301170881457636,0.5027364137598138,0.6418871090733229,0.5972330982530072,0.3038418687954955,0.34174205615150527,0.03314575030442238,0.8025570671645665
G4YW_Th2,0.6800983914096976,0.7463373013177399,0.2689160134147467,0.14416502842902817,0.5476482655981186,0.6718885050818383,0.49798285919211566,0.5351371733994206,0.4955054471147535,0.5377111053350928,0.5395440450817754,0.767338393797365,0.3381031656071263,0.17697134478768786,0.14327839122178432,0.6893218908805426,0.24113635113332277,0.33848466406556427,0.7270949976399282,0.5809959623979768,0.1895797763954459,0.3944281292524057,0.5467141759215429,0.07997481314847542,0.6812500423762367,0.2092500982837675,0.73150803266988,0.5353494308863957,0.5507158883925755,0.19028632593185418,0.1031497717086681,0.7777259559791505,0.6428222006594503,0.5575197673062898,0.5343687337418978,0.8148625725785592,0.2690773490654364,0.36797705449621293,0.8998336781677074,0.9316420285012701,0.6920776574454425,0.689287340517269,0.6491246732271339,0.5208193185093934,0.7857349997125643,0.45748776600520125,0.6269504704067949,0.6774560916284943,0.5065907118245357,0.5390722453357595,0.8300764372552922,0.6691495711249,0.5568109567950335,0.4305697495114937,0.33768610732890736,0.9900503305751933,0.7539459803354797,0.14655065799178774,0.9315767283271655,0.6043576496790218,0.5814788412355298,0.42682285868589287,0.6505792778053703,0.6441402592327389,0.3226445327233646,0.31816737235886283,0.9322566090126403,0.6030315628676322,0.3701656370615488,0.16030622856359045,0.49146758899380777,0.2973468655113447,0.29387248305386804,0.8560315617825102,0.5117056243832195,0.823137695567957,0.5019849303644754,0.40657225476152764,0.7056893908015529,0.41918546070493473,0.44467355208736276,0.0762428216851916,0.43186849871450367,0.6708844624349879,0.920653098763066,0.4478668315187171,0.3633912407882885,0.46029230093974877,0.18687616299286636,0.8535364076905178,0.5286339696236829,0.4666644685438878,0.5509558060634071,0.7294500259453154,0.22890283491798227,0.5554872570244094,0.2793955118731921,0.9492074544434792,0.6751078730021246,0.7771770672203998,0.30124864882094904,0.5260163291879436,0.4173210071825222,0.5545480851976088,0.7608541359436757,0.4733746840312388,0.8139673795142504,0.43067634997268023,0.5777406185405025,0.7373518201471219,0.14177661097249808,0.5494825484303754,0.6835509720849794,0.5219928281157472,0.6170429572968108,0.6866001908664562,0.6529361823601728,0.3216190131927497,0.07116781949967624,0.4537752044504193,0.5908755264341946,0.4442387284654337,0.3553241320522229,0.5060237531730494,0.504744883777936,0.41341972732179094,0.9561260410351736,0.7333827084829716,0.30834556135219443,0.25269814402164337,0.48214519361947555,0.531254749250786,0.4486708585000816,0.1944881397243412,0.2823270972585723,0.5846322738846539,0.6657499692393585,0.35682843705166245,0.898935400058408,0.4164351730368981,0.19373482978052595,0.2668729193551931,0.24546032965766124,0.7289843267709138,0.25544855148498,0.6740195680767868,0.1506722984603351,0.4720146868899424,0.7612096425472291,0.6147407576254078,0.5261198349196985,0.5947962832544573,0.1680309758207807,0.3235234651042154,0.4458784261049985,0.40716513350509304,0.569597567537935,0.6589832107907048,0.33616030801223185,0.7301804935523669,0.269178424548065,0.426393044932173,0.5268946949682759,0.8996115840385003,0.7535118109381903,0.5930114619008829,0.6469117151651699,0.3832800573680716,0.3688690443784212,0.15663241509594522,0.29017995725497236,0.5201345587254959,0.45738520093465634,0.17553144449395938,0.5764403788950705,0.533262103135513,0.17589327474035715,0.44131394205558705,0.217705745686704,0.26050886330851253,0.24054492118598167,0.31109011093727695,0.6479761020135778,0.6350840827939802,0.8325365506512026,0.40111063989789536,0.5366375874684078,0.25216344373770644,0.3497795112656808,0.5547427756026032,0.44635394566638603,0.45815017667475966,0.39078000807849583,0.6384590957627728,0.4203738145133741,0.5295567259361099,0.6637656984206549,0.9105437580692247,0.7335904616212052,0.05840651085061413
G4YW_CD4_naive,0.04894405779008586,0.6240266846585554,0.6651267090184818,0.5544700044394243,0.3888844900538921,0.5025466178005726,0.4552518193519976,0.6833627056871797,0.42775984806982403,0.8210816045072341,0.3759943835813006,0.9137772316149955,0.8834557378118627,0.8401886154575511,0.46628815421079706,0.26769938939109994,0.6715287960698658,0.7283288979527754,0.49177941381876605,0.37497177891978223,0.2747141537335082,0.5759890031290755,0.4047082215221987,0.2143725261213897,0.7429246247414488,0.5508528997531632,0.23837556445216093,0.6146069373763444,0.7800733048777584,0.81801534824424,0.387595536045257,0.8500640916731291,0.4080734681866162,0.44485974540234496,0.37922372580808905,0.39303217513956024,0.5162622660064892,0.6137824195949763,0.7340038553139983,0.2332772497949605,0.8981594352119846,0.725097000165291,0.8820454536708232,0.731562563494868,0.37580485936677577,0.7158728342961076,0.5332504599214294,0.320281339671656,0.370094660359602,0.12382918014690583,0.5976955297054817,0.48610940792529417,0.3491940407274415,0.6844012460973943,0.41361683169164976,0.2767463492776659,0.7040106894450707,0.5220471532733675,0.4344678091867545,0.6909675024172144,0.5355077309438344,0.6117765490219037,0.4499928474257346,0.6947089155628839,0.10860490913353203,0.7708480001405915,0.7854258550511448,0.4294794197158162,0.3452593320253891,0.29837552253260097,0.5424180307923248,0.7550193034147838,0.8205304480392422,0.8515727305211902,0.42576207525883025,0.9233007891255974,0.2561580532757593,0.21251717203276077,0.6760384339993718,0.19171533204450894,0.41889578020901447,0.14937396814010445,0.4550501483201866,0.18565988583013107,0.8553024169968666,0.17921213056384194,0.6051069822734703,0.24091818807262932,0.7829050223652729,0.1341345028016085,0.5523988677043872,0.3223508874128994,0.2763927220964923,0.20973036261159828,0.5810383482739382,0.8690204509258062,0.6782394282377973,0.7928970265690457,0.7895976138531344,0.8168719269057413,0.41222566153357687,0.4166264628650266,0.6677284234632579,0.7668443551331152,0.3648036662655346,0.6023313886866873,0.42135030712651045,0.4649854043264674,0.5395710741133662,0.27879496403359394,0.6354396165140352,0.37589462523192296,0.6828330815232275,0.9139909132791834,0.4393056405798605,0.4393664978692276,0.49375348163316357,0.5452297755261865,0.5628022346501366,0.5822141171987811,0.42958078141704253,0.5553259245309063,0.738207645868803,0.4340221389096131,0.36265901747331697,0.7218612500962263,0.728456361338569,0.31599050945277185,0.6905514681001639,0.18471165091193723,0.6214811363458763,0.8085347709014049,0.727693257933415,0.42813913746909704,0.41455947302611856,0.5540813938542173,0.8871603935709329,0.5324823316309548,0.4300677806164222,0.1656629518462864,0.5782648413217816,0.6794051879360335,0.9309304329299902,0.3787482549918086,0.5950152180378813,0.7861228335004254,0.7220728830138573,0.2839482489083783,0.8000028341797198,0.7471265597673308,0.4158416923182124,0.6903610575768196,0.7049507575748658,0.648301614422354,0.5469911069559612,0.6963566198815956,0.5279010129004998,0.7788991387929562,0.5358661508849241,0.2971912996886899,0.7730223607118865,0.40132781361521924,0.3058565334829479,0.5610350429476223,0.5475830865018673,0.6781479239006917,0.2648353404043016,0.3370141450795389,0.6835170310368575,0.30397629468399845,0.36150245126493225,0.25175769046855306,0.6225627453951426,0.5370040843510693,0.49704079195297224,0.8348134137554525,0.3968865048096281,0.49140850703192807,0.5314414799454882,0.5317374270175413,0.43139035721212077,0.28912371456975117,0.8363756628567866,0.701542770011349,0.9146338812532373,0.172161164574569,0.16745683800242483,0.281279547202154,0.3565453867810341,0.4434843220923314,0.87710357404697,0.548071361294488,0.5997329900825843,0.5858268502840206,0.8350824653998313,0.5867715572299373,0.4681587208441779,0.2716671435744406,0.6847442297163696,0.423739082210749
G4YW_Progenitor,0.7712981063378946,0.7696350938964742,0.34889724398449806,0.2951279355026695,0.7872248329510146,0.7488023920202195,0.16392453912573418,0.2662083120720733,0.3508544149504013,0.6177272274982984,0.5152022401728468,0.8825762555420715,0.16907241806094395,0.3721831317504388,0.6520180311056483,0.457939416909817,0.829297329544124,0.323283316352708,0.5040633185652936,0.7193283307903878,0.5437002770973666,0.7243184836798596,0.7129266254118163,0.16476976867299598,0.7787084978221042,0.4591755390264257,0.3391212196826841,0.10523533693805778,0.16020300619704417,0.9667947742147726,1.0,0.6276336997666957,0.27645632721096025,0.8847447545531674,0.1288699661504865,0.5334632484452141,0.790936058063034,0.37906669661284276,0.26096860551661244,0.35344386173951176,0.16327606320496715,0.48780502170543966,0.9226700019714928,0.621796206227268,0.23186367140054612,0.3541847358731173,0.40714035871830856,0.34645792931458735,0.3826764055493336,0.6463888959141936,0.2799131915450169,0.3050141700391798,0.42891946633263,0.876238409835497,0.126427297273159,0.7783159665031271,0.35315643672616764,0.9362896842849323,0.8621552743534798,0.24873493075654327,0.5122299995697509,0.7530190965435476,0.7543895943116068,0.7098770214291177,0.8614272881614816,0.23618942512463437,1.0,0.15705453333655983,0.9997609687520204,0.6951675323015971,0.30756012340386757,0.5647421235521648,0.7306361258698819,0.32387391958286277,0.7489609454120052,1.0,0.5345278352310275,0.5911698898351961,0.7565828579957238,0.3812158817765125,0.3596209201436057,0.46743540839776715,0.7123278959847819,0.8509020411511844,0.9029484588753564,0.366974469529539,0.6397533926078898,0.9282415912163353,0.8167441911629183,0.6491195494563667,0.8072318252021765,0.6805162942814504,0.4088779449004759,0.5668460010708324,0.5549456457650546,0.8104834908183377,0.7708012561479544,0.42005658466078394,0.6352150663093417,0.7255445297403541,0.5427393381387388,0.6264398238272295,0.5427388190947217,0.7527929615166146,0.1662494171779809,1.0,0.9724144970478347,0.05145435259315995,0.5515021217744634,0.4881694171688623,0.06322281689359435,0.6805461041559572,0.8603815857792676,0.7562261860886513,0.9869140433494328,0.9103689826457823,0.889355993772233,0.7513766718208744,0.8422901427618911,0.3235422806294672,1.0,0.7294854322936399,0.16034383916886705,0.06080641643011158,0.5843466018826253,0.752948003967754,0.5048353179861732,0.950228130733624,0.30401344607876646,0.11290932130253749,0.3219286311263819,0.39225285504313445,0.7041717419283237,0.30027801649901964,0.9656646071145906,0.5352303304890552,0.7423233518340027,0.5305678030111437,0.3858983057332698,0.5793741143887563,0.19627562690764494,0.6351757460923593,0.9208042590687233,0.3706468577069022,0.9127059197167902,0.86193922627677,0.37005822791482834,0.701172079428948,0.2695237030242207,0.07222792265239623,1.0,1.0,0.6218878297259057,0.7495541779278198,0.1765410580539422,0.7713877596858109,0.27866161619801266,0.8816885657729249,0.31264056045522065,0.3731660003550886,0.8567935973655495,0.4150810894051629,0.8930773932625782,0.6575232536087118,0.11633930310045167,0.600410671421492,0.8818252127997124,0.11675395220960069,0.5694714117765257,0.5548247900913154,0.615394202833528,0.5451290962016656,0.24024342997632167,0.19152981675661013,0.994289109256441,0.3851762580920455,0.5710521138572593,0.550520049001387,0.7112744877149677,0.4600777940455385,0.45466606233762796,0.685824654899176,0.8576356263827062,0.8744390525522048,0.3770821328546485,0.6036900683641615,0.9037520066795212,0.28246221596701643,0.405643292309751,1.0,0.4257229553863766,0.5047685923125513,0.43179528450492644,0.8409787453310645,0.716296108850662,0.8233964686252103,0.281276795355426,0.5899743292276304,0.7041050343652289,0.4073672891131648
G4YW_B_naive,0.9098293418232856,0.2528846960754858,0.1994643701537786,0.781537566398664,0.5178836281987158,0.2330934555843548,0.5115491433710999,0.3801971686106298,0.17756227395906837,0.5441703083052383,0.17484311845831044,0.7915826999849295,0.6832024246982389,0.08610215534203285,0.667185101998627,0.45771648977397095,0.58757005206243,0.26837072584524524,0.4798841108659484,0.13708972780211146,0.7465876030240971,0.49071433828875655,0.20393088631594092,0.6408220880921793,0.4764753936071031,0.019258773610028826,0.38682422752025025,0.9228686531756822,0.7001079537124744,0.3530319644315359,0.46766011174672956,0.8792390009065943,0.42996347718494415,0.48470290961122986,0.4963876494665903,0.26217775544918415,0.6087784865643128,0.6640096745486752,0.7689926109494242,0.7566482946891797,0.6896225194124419,0.5131509532799656,0.5756858611846097,0.3193469888090116,0.28939063686573074,0.2882706937120678,0.44961309090837115,0.786652465414837,0.646213887773934,0.2904097757968911,0.7307676118604398,0.17463654542963414,0.2965415561722115,0.882522547988609,0.2345205623388597,0.10073036715326769,0.3829524848895345,0.6223171938730716,0.5239487434280756,0.7794477993896184,0.5797288921834006,0.6411535852490324,0.6574364698134928,0.9378046919794388,0.09663416101448584,0.49201791123158756,0.6143071162491434,0.70649210483371,0.36051850558800747,0.8776009622925179,0.20134788911886836,0.5102803285126175,0.7732784703069419,0.6304625340161436,0.27057116410152265,0.1979468929153847,0.9252997215942679,0.5038728620034999,0.2683176924920982,0.6614072716592677,0.6508532176198216,0.4987857382795462,0.170662858999771,0.5274992182595469,0.41112092804532585,0.7069439779748106,0.4674845477496141,0.6097196453945142,0.624477078774352,0.4759975395700632,0.7638724779666255,0.506370009627977,0.2918125714908341,0.43010600877393523,0.5345242689687897,0.7444156514584694,0.599967306791721,0.5952003564211459,0.3197368723156783,0.31859187683622,0.5423661623277405,0.49882118830964434,0.7259418711039429,0.39808173541320324,0.7293391877909277,0.40492514044602707,0.5376345682157554,0.7198507479682911,0.25045264019550467,0.764905608971824,0.5144201244077747,0.5468804482565033,0.7835960181954569,0.8643386846870527,0.6115049016812449,0.4570863889414815,0.8808208735171511,0.4934353878692383,0.6256262457724654,0.7431360884056091,0.500452722164065,0.8696119391604388,0.4667805251061146,0.5774697664343211,0.6972340367095206,0.6585290583749731,0.3820781154200108,0.37741018395010717,0.5930556629215996,0.6269717948682091,0.714598626681569,0.3970015480873202,0.13614137722124153,0.6084080683382946,0.28152750135258686,0.6481067609927846,0.6479841731036605,0.7306518624408094,0.27181191014386374,0.5003604380211342,0.1705353753169955,0.5204774066645611,0.5462625922082615,0.19998813470971316,0.6015841345626862,0.42420365246355607,0.2566613659916637,0.37876678132245456,0.49358668054864374,0.2804203862766512,0.4102447185055591,0.7269808563947685,0.6532219599679214,0.3651431277134683,0.5061900937794928,0.38359206366223947,0.36881685961026867,0.24451007707876143,0.7291732121668266,0.2980594170095454,0.8929441323591293,0.1921537880846006,0.5476179695496419,0.7370699471644526,0.09572257579335249,0.3317799119083415,0.38907083907127615,0.2546610958350782,0.708447644980617,0.5972535092625548,0.8490623612507863,0.27249353298928564,0.20668582129312307,0.30688445058620584,0.37307968898842103,0.8143631356546455,0.8379356602465453,0.918911378320611,0.8215021099439748,0.22093277038347064,0.042575674378025986,0.8663538305200851,0.888467057242911,0.09461385368917222,0.6583822671496622,0.3499636828449973,0.2702132144895671,0.6844327678695229,0.5638972443806746,0.6452545556055057,0.3620842553035358,0.6182839757659644,0.45913309644444206,0.7703649920101489,0.20249801364567802,0.22942729067127698,0.7412797967160144,0.364835226512418,0.08962705185875676,0.47174194749006376
G4YW_B_NSM,0.7948155401020202,0.2601423166387779,0.49242242976857786,0.5882670923255383,0.31266307087910206,0.38995903887946365,0.36877977093726017,0.541990215615534,0.7237096601261689,0.6168469816275056,0.9548233426325441,0.5935601148373774,0.5954353997338705,0.793191721523455,0.6077602555064391,0.5894542580284681,0.7206134157981944,0.6487083995814283,0.3359330761621628,0.7816970518749736,0.3001657601322054,0.42910027548043994,0.3995612073848606,0.27678606430526825,0.7221588736820573,0.7753725215503344,0.7298816746182879,0.21696121469654378,0.06170282197898173,0.5833422254247418,0.43938082073180096,0.28480356511948285,0.9459160025892231,0.869189358952308,0.34429846367088873,0.8071408288195585,0.41063839728188617,0.7452171971005157,0.3806702916879476,0.7814513996370377,0.502395080317631,0.19949001197909497,0.8992844211871447,0.4531172610797837,0.848989533742835,0.30760508209030774,0.546467165110058,0.31952731361050996,0.6913701163729852,0.40905007959751055,0.3049577871616929,0.6432898232590608,0.8449794165395272,0.47611826465813106,0.4427526748090251,0.6343439936170998,0.5099086238687346,0.5866017459162831,0.6832083434965595,0.30271931324102913,0.3483532272652703,0.534586168160389,0.329678102290131,0.46311971443403227,0.6971833116958979,0.3164128710585306,0.34031362265746706,0.1264191028473998,0.4745714162201649,0.5970027471081648,0.2960128699643696,0.5730982943092358,0.6024091891824491,0.42836370657482437,0.3149015488507695,0.6434534075633023,0.6753541227564621,0.4872730301338046,0.7136142768996653,0.6799051524491705,0.5702311487182975,0.03193713075344373,0.19488777704179375,0.6410094721277392,0.8417410021758656,0.3026801078689979,0.6085846856161183,0.09027438436596442,0.6995231646431345,0.10334605916187259,0.8552721048608563,0.6147821700498333,0.5983292260346781,0.6964851870872805,0.5380976685060788,0.6115774355728644,0.7879751268346331,0.6844735597795089,0.30070244722234474,0.6345142495965818,0.8430331148828709,0.7104368081503146,0.7889550405730018,0.3353288430898468,0.7091237946284978,0.45306652396030483,0.223264932249703,0.7123428237126608,0.30751793241873615,0.39510650291637156,0.18528266612635855,0.5316686100437352,0.6169200068627333,0.38414818424125813,0.34597522088490285,0.46341941175133144,0.7598810447913545,0.5414135884666148,0.7774196549101745,0.5528057951920575,0.11611249286224012,0.6683304037707368,0.6704514272386147,0.41828095800315473,0.7389588776840369,0.6584335495136788,0.44482460687503894,0.6310241826139218,0.6494092627833564,0.6713898486286319,0.5223864536295092,0.740479804088046,0.8768722745390793,0.5573088851546001,0.42971490435223386,0.3097372875007484,0.5221909718840944,0.31700206599189973,0.9931390379206304,0.6056569643317993,0.3618612903455279,0.3586167330357475,0.435464418370712,0.4779961470306557,0.3336422072756826,0.22356452330074866,0.3191261116829056,0.4596894630426552,0.16697220559046091,0.29698293510755974,0.1087213517283878,0.047715930923010366,0.6377615958404411,0.0382669162522654,0.5366662398523865,0.7001753730546799,0.8139922054100147,0.257367653292067,0.7720259674616429,0.5196818330165476,0.18052469298844873,0.8201789332396503,0.37707631441341466,0.17349032703003844,0.3966358465961885,0.449830190471952,0.15002165280124358,0.5936537003838359,0.25825939976875195,0.42377472133865357,0.6650958551250101,0.8743783823564797,0.06921250021816731,0.7412362393867163,0.661859088609088,0.43172943731457164,0.5770734546357414,0.2879902894703727,0.36262586445622663,0.5626765313818809,0.811157936031125,0.33708044154526223,0.18075343465234736,0.6614661130905539,0.2877017640457375,0.658269399362768,0.22230906892880953,0.514281990691804,0.2986289975695178,0.325759492021765,0.21013206174615326,0.59741583623805,0.2594361355975101,0.3093214476680602,0.2844191329632381,0.19546776939956384,0.16793651531172754,0.798087357326256,0.4179039723771529,0.6534996106100011
G4YW_B_Ex,0.4813904489543453,0.14134403634469153,0.37225285751594683,0.3609966104192879,0.4191288429924295,0.30430832959375675,0.444698490608902,0.6081353546432564,0.541220812927992,0.721532602460267,0.5244866640526116,0.31291654215031073,0.32746878487155207,0.6352992999780541,0.5446372832078932,0.1875705627747656,0.39484624214227776,0.6272681752658007,0.902177433543139,0.7054642428929051,0.5846720853996963,0.47170101423667843,0.7829369821140686,0.8587163921948137,0.615533939634467,0.0431337191405573,0.6278805289794019,0.6116975435360169,0.24429485828378905,0.48040741961884453,0.12066465038373728,0.692179058671436,0.607768019585365,0.2672318187112958,0.5808405677284264,0.6585523179604502,0.6363142041684996,0.45345777424307426,0.49603470184938825,0.5801398830202754,0.6161609561880766,0.3786329719233956,0.676332368270623,0.725559162770044,0.18330026315178163,0.1133530201175442,0.20112791277043193,0.627359114177156,0.3350297114903166,0.13187995823064588,0.2820678816280578,0.27267517357248366,0.6654096062879804,0.8033915266633654,0.6028834970035463,0.8089048988686155,0.7157728965234665,0.3425781568891341,0.7172004361402063,0.7108308557255263,0.2503074898098987,0.3161696342134429,0.11192961265111749,0.6999796590884104,0.6740094177732592,0.47799172461766154,0.6010406670307596,0.388355346678317,0.6154064314919032,0.7408788288246412,0.5705919067475045,0.7473892133394073,0.10132554083875144,0.17758326942104707,0.7447705348225926,0.5050651791318704,0.6587600383838275,0.6702806191844755,0.7576409810744446,0.7096573386690316,0.49035099560725387,0.8688179227173051,0.7888325268708244,0.4398777547498357,0.41875469145453464,0.7146230738186832,0.16902986107870135,0.8133360647322145,0.361724851852365,0.831722574220259,0.3481252512809814,0.12257907353982941,0.27229459288853874,0.23301092350942537,0.668739707520234,0.6276482885963872,0.4561387048097376,0.7132603347111374,0.6388656032384511,0.7172299109184437,0.17102016806240564,0.6826774750349185,0.7216468221372196,0.5799862514487285,0.7844751538694623,0.5896974495341096,0.6714588361380799,0.08709129373119957,0.19930810855959136,0.21377328618034155,0.3896744993363104,0.12204013657774403,0.6356467430202628,0.12627579160562757,0.5562709817286235,0.32969636893041027,0.61372415489025,0.24351955632144778,0.5874403267451975,0.3348375150000723,0.4040657721184806,0.5230383292144297,0.7072289185591181,0.5870112892958148,0.5649997695284871,0.2636985984687849,0.43191908464991835,0.6131557498296597,0.09945202580211097,0.22086051855500005,0.5525024727106976,0.2166687611342139,0.6560351809775754,0.6662122110151196,0.16307018947444255,0.416143984693019,0.20474253392820885,0.35198566355820565,0.6427661385708249,0.40999536142900866,0.3614816687166927,0.7130331454085249,0.2983833262457114,0.7549923099748149,0.4389727156801145,0.5837290948645988,0.318661372814037,0.4348587031779928,0.844327818059205,0.6061155794725073,0.4439121550916899,0.5138470024698288,0.36179749278499057,0.3191875783914271,0.25857073380721185,0.10939621291042999,0.17050122241116625,0.6775616421207544,0.40982820511519236,0.3624784209580681,0.4610780348537897,0.205212451055824,0.35759844167380667,0.8406683567631938,0.3680488292536345,0.32558767930671345,0.30529487018967927,0.6062030001387223,0.4333790321720316,0.6529970773353293,0.15464618277148384,0.5180433160987754,0.6118512577964484,0.4176304255492749,0.27538921702060953,0.4039201516373864,0.3073584385563755,0.291855505481829,0.1537859820012284,0.47919637086705413,0.40892734074546405,0.18126706336956577,0.10608097303205587,0.363425028197567,0.649529346268977,0.3484535368405176,0.7439807222889643,0.5590173285339758,0.43937426271057617,0.8723624073342363,0.7160267343659856,0.24314315591925587,0.6211438562070559,0.3958909168587095,0.6292225111349389,0.5586009467388804,0.22770676489918312,0.3548488370416448,0.18330783855971133,0.5270719712079996
G4YW_B_SM,0.4040113913112707,0.4332493479937216,0.2140586658063578,0.18870468931652798,0.7041537819636629,0.5200273024487755,0.7557284281687715,0.35412988975095,0.19402529765448806,0.49944876807591937,0.5484609034088881,0.3169168214203862,0.04089989505337999,0.35029353869186225,0.6161378685033183,0.28261670164609637,0.4785001013376816,0.23505543290883604,0.2594287027639772,0.7477686701978928,0.31099993145393046,0.6771702305252724,0.48760846962405935,0.12681427703248796,0.32355144669547226,0.2703700843149566,0.7715374960142258,0.8734952768922695,0.5437716991242701,0.5349713625618863,0.32821127635567676,0.5576237484109475,0.8039072761103493,0.3943946639646046,0.35776568174879936,0.5616926359869655,0.48652599261155915,0.4872688152539847,0.36847570599386065,0.16294009247296373,0.27157935820296303,0.46636086995236725,0.5119128802988757,0.07957522788452309,0.26937325457965805,0.44836241916879876,0.2912831488120655,0.6532803683384093,0.3907137957992695,0.4141030893263637,0.6560155380159439,0.7474641772679679,0.5730762893186613,0.6046003779572088,0.38960792048092013,0.040728787045226214,0.15042955456026874,0.4338784882834508,0.3986039979766554,0.2508855271702778,0.5614819790269157,0.12405593660594182,0.4054378100826986,0.46822062541877,0.2672848837167556,0.8389053469890947,0.33105941892336666,0.7818720624419175,0.8116886596763024,0.12694314677396862,0.7866179199455554,0.24200217229035054,0.3838746908641983,0.07663377929416545,0.5770032803065032,0.49712773435151575,0.10969710217291169,0.6151152276399972,0.34676711074985783,0.6348701222960009,0.41484051223234186,0.12441200327513043,0.326745545215226,0.35454198899667544,0.3304480857548162,0.19696366095001405,0.4333391045423281,0.3050704738259239,0.5811809327590469,0.8130708210840286,0.7283694545104884,0.30358408449278645,0.9444269395930937,0.6135372775902944,0.5755687513889273,0.37241497448084265,0.5091908949027375,0.4695174033738073,0.08156364157757356,0.20965108692183596,0.5235747841573718,0.3263720266887275,0.06650716381956605,0.7714945607694672,0.8815786101320925,0.27957973016153415,0.44097368815638566,0.40079361429967786,0.17134538015927636,0.6297313114640171,0.3090076002663867,0.5410821151416659,0.2784137817717516,0.5466937072941189,0.2357504632869349,0.6353166683565425,0.4414082598804624,0.5485722883046292,0.36716781926909575,0.7936629835278977,0.4155981630263021,0.6545213687575969,0.45387748543934564,0.9048925832396426,0.08579985032302909,0.7735313224315316,0.07295050941332586,0.5416657493188894,0.3541645439472283,0.6648210337795257,0.19335817573780037,0.4480896208436235,0.2778523992120544,0.45854718137191447,0.13336895343473615,0.5081779952679989,0.7068217709604263,0.3825191508557058,0.5741557554826711,0.7051270828911206,0.2896687731525069,0.9289137847910788,0.4557871344008125,0.2062002165712325,0.3968351364648416,0.04408250203230491,0.716177424816115,0.4626942321906659,0.17599343770084436,0.7102892865285106,0.6134924954787908,0.4681062293352365,0.3432773036203779,0.6572196406456636,0.5390933815287042,0.2692680055592508,0.4304784934944004,0.26308495488548833,0.43051911455797326,0.5224002886221132,0.33061074537859503,0.4649171618794919,0.36385506345733654,0.46112166285815687,0.31386267855371963,0.34692901829634026,0.6938878209737518,0.5829346713571889,0.45153483912451653,0.283121385059376,0.5982772046987793,0.2736065200040595,0.1164771575923482,0.1769561607577568,0.7619375497298057,0.6603020755731875,0.4967570304672044,0.29356018895954317,0.7285337140053613,0.4770483665163626,0.2728708079035704,0.510111375529997,0.7908448853555897,0.4071600476782222,0.470150743811046,0.12334485893794535,0.5136864141883256,0.5411884680880938,0.7628352534739794,0.6213603597943997,0.22097601922814686,0.8901581762193446,0.6502249635521641,0.21790025411764316,0.2724812679164474,0.25139227645625123,0.39604352736708787,0.4212007147995569,0.4871421764079856,0.4345531446433979
G4YW_Plasmablasts,0.5076073935977327,0.35308189547420515,0.33250154996067155,0.030400124748467493,0.11052636879626301,0.1912886265906178,0.3778862535640726,0.13048132536536294,0.3384746152040381,0.07695632992618477,0.3095762507390506,0.14556130894666727,0.48023364403422064,0.06781607510680218,0.4494147889990284,0.09588392522645305,0.17049535867548404,0.16851467755623764,0.39335229164114743,0.4188825059233327,0.3595501566531633,0.30376193954046093,0.25015738916917213,0.10811366316717269,0.41943596077571005,0.22988034278304834,0.250758599227007,0.08068512086003483,0.2790242280948564,0.3737577239409083,0.1066666238297073,0.1638330870006253,0.4342189690035694,0.20965363264243708,0.2168945817229969,0.26488754539944914,0.06290925220029829,0.1751382771950524,0.3826713021178155,0.3890169527421333,0.20856902458967683,0.4253340215651846,0.17710895863746035,0.5316047860306374,0.33891206178234884,0.35710742061991546,0.4244746383697751,0.24846859306305455,0.2839184477842321,0.41788231867069586,0.46108726815369966,0.36081339875643653,0.215211869247401,0.23874173040874638,0.3600226563394269,0.30085642330331097,0.2199524227358903,0.572216743134068,0.22435099751944984,0.16170759576488394,0.32127004378901386,0.38813541289404974,0.3031525813298923,0.2315651958675384,0.37458127591619916,0.38697147356918327,0.11975088402462339,0.17079023348705552,0.33923739757551535,0.32929106144705667,0.3196744488395887,0.3687890219528552,0.39534184630506464,0.4646191826433668,0.21667442109254748,0.20098820212826057,0.19995930224640415,0.3529901717669609,0.09721057790249993,0.20592339781156838,0.3787124198689342,0.13586987271017012,0.15988725811294777,0.5647247095722059,0.35833901916801,0.013504269906801229,0.5069415383377983,0.23146637307567122,0.13658848386003983,0.3822765483722175,0.4676187531982021,0.4741835643822658,0.49043380864987923,0.13560849164267036,0.38712140503713616,0.21483476695987588,0.3983324020422774,0.0916295323454967,0.12920354294253192,0.3630414349814932,0.45043541590187697,0.4819751913279884,0.09812578097943359,0.35071015458136107,0.058949532183527345,0.23420929051937694,0.26813443450386554,0.3682124384909959,0.1412960678931226,0.32431520237647965,0.261202199259187,0.44331622680869315,0.2844139853373032,0.19028840656312512,0.09215804233912836,0.5512708045322762,0.34556555949021595,0.3837025367999239,0.3468102027494466,0.14715498043573058,0.26690980236540546,0.2734291565514529,0.47635153679565195,0.14528174774549543,0.20258425734579713,0.26854798474645714,0.10202170885034971,0.44505119883483063,0.3727810515781407,0.1435568765215017,0.16057535148206545,0.29090930794724174,0.20524311816392551,0.29331289051636206,0.3875773902266831,0.3853790519354999,0.4950189944561725,0.22903548999323742,0.24342252679467777,0.4665065118193359,0.2785830311320604,0.4472900341775167,0.3300189002784014,0.4762501830915028,0.4783406794479342,0.08048396404355337,0.19599749304862593,0.18215714973915786,0.3369569885980273,0.16578634524056904,0.30152572065934086,0.2571025855991803,0.4267398886838526,0.2461004774422515,0.4045728475833123,0.41424672191152784,0.4715379649149233,0.13844856789707966,0.1503322694145066,0.46433716190642094,0.10326075121693742,0.43386780571333355,0.11789872250974975,0.3303238530770476,0.3590009662913944,0.13667486380617686,0.09223484681809671,0.4126568814757787,0.12306568913812689,0.2281828331435664,0.3987649488876047,0.2790297102674287,0.30194127751433725,0.11701347745032899,0.3756817758834605,0.35164168301629467,0.17103728203666707,0.1833206294205646,0.2252575725350167,0.19568384973337213,0.2883979540216391,0.34861855836657,0.3530040693552544,0.3814611411097403,0.3841088186852515,0.26678819217462046,0.38251533521730396,0.3244422295876593,0.4852358540648998,0.27304484417992175,0.3719584695810406,0.2196965669812034,0.44634347699791915,0.503337167609047,0.29136686421688185,0.23318506878998108,0.33171538430433917,0.044144906752433,0.1476817169535686,0.39096027391094174
G4YW_C_mono,0.23239419992261567,0.5833447724875216,0.6164396968972153,0.8806359666079954,0.4191702631699671,0.49744221377522807,0.7490009449334638,0.6091758160115414,0.5871812347928997,0.3634077651687358,0.5080650459471496,0.6925863617770975,0.24791758558024032,0.4268420188597686,0.3733694501200888,0.010149027102838363,0.3997592644081268,0.5268584319329555,0.18471418999340944,0.22337397024079242,0.5648064681781191,0.3428094948042439,0.4687363894354099,0.3106752122550555,0.5401581183621909,0.40934598822347945,0.8420154794180663,0.39349050106845934,0.02211546726648389,0.54515124224769,0.4394793412667961,0.8685729354270606,0.21156451904157028,0.26578999093137806,0.45265467181723396,0.1668369219033612,0.5637984715325621,0.14579538759018226,0.6491620475448703,0.6035517417633499,0.27865964918740826,0.6046379660631803,0.2992923959392414,0.6262024119026708,0.6406346933141206,0.21193722280778418,0.6246759946435415,0.754073640796644,0.166328512021824,0.09767594097798739,0.7033953831693874,0.4487392558198729,0.6722739593265336,0.19953143084948527,0.5532170849638223,0.4915928011925037,0.8880103817280346,0.8643565035913772,0.6266313863198633,0.8180515424689626,0.5337000201471206,0.9368139793250411,0.8033275350129594,0.36383379721270803,0.23195433712768257,0.7540691346217517,0.040717166578082706,0.29113436542498344,0.42793224289948095,0.461369477754299,0.7590063121366813,0.09745736445592008,0.48233624289454313,0.2521067509324871,0.23373103198398673,0.5289338213612828,0.28594188685193406,0.3843016887919385,0.618196265960836,0.8165893798806266,0.8225822816039666,0.3646846946318216,0.592644595026745,0.059752926599286514,0.6500578873504209,0.6837128032680321,0.5815578638731984,0.2166222742851536,0.8199907095248175,0.4368089144091373,0.31387040227779334,0.17025287486739016,0.14932685542278176,0.9708607725465346,0.18538582630459638,0.6944366609385576,0.8187344476050665,0.2827575390808386,0.4895138585230416,0.3075066823833004,0.619131901180275,0.784669341883506,0.20451593351049402,0.5817662863263724,0.3056983582551858,0.5265851527374752,0.8333340716166593,0.8453106516917465,0.27039384976201086,0.3334120984094128,0.46961580765926836,0.7170851329542166,0.6297769913566759,0.4909546385245981,0.8082512647072441,0.6125790807699949,0.18713603735835338,0.6559637481638864,0.3881150975494445,0.2796861362237057,0.22527615576966514,0.30746255171334036,0.32555915232141597,0.35039996280018126,0.39405382029203573,0.6142664116058916,0.6355415433830783,0.8574150565130686,0.27178244338713403,0.7377955472456352,0.5716445961971124,0.6076750168189117,0.47877355407282735,0.9294123432997058,0.41104890033610175,0.4892900442730538,0.7541254185419621,0.43068075030231884,0.40032922792724707,0.495454284320071,0.951817966985202,0.37726197660404964,0.26873954031655006,0.48617309842111567,0.769571405874232,0.7007745435564856,0.5997171433954186,0.6089835803562937,0.8350700006122566,0.6624365091783544,0.6049488703955537,0.751711659777281,0.5207105322943408,0.4763970326267375,0.7285437114188756,0.1403681421646104,0.7702233804718286,0.47941089740205795,0.8977466365946927,0.3361777228130158,0.5481134266665403,0.7029786909440835,0.39100331112397474,0.3409828742169079,0.22094349216306483,0.8608212122989229,0.593850535390893,0.688122102076954,0.8280958483215336,0.384012857325641,0.7374972228108773,0.2472225853997231,0.13183614472679736,0.7979952805616509,0.5888803159896328,0.24554730154256266,0.6199488417780203,0.685672692204633,0.6924623152163383,0.9209455296589721,0.774376330106736,0.4012780105457045,0.532649912305164,0.4828979015892459,0.5703581822996044,0.08914798975127078,0.6091256565068623,0.5891688288667533,0.7786966548197253,0.2574778385707527,0.49478418685202336,0.6189167675217606,0.2440831961310483,0.5964090639925989,0.7131024097017359,0.38642920883687204,0.5231396418458341,0.40680762035861007,0.2990029415116699,0.7332968963242738
G4YW_I_mono,0.3225418588610078,0.8783504228035571,0.5700839796654225,0.18359851034747648,0.7910386093440119,0.8317717127654926,0.8939359643422862,0.34973205993428597,0.3274752612119007,0.4609166009430811,0.142433135913046,0.6418955952738369,0.38597427217271635,0.7444710749472412,0.03450797419979341,0.6382519660552813,0.6712630022755598,0.24099781307392265,0.6461915682144687,0.8185123882120736,0.650671746659617,0.5251863636778566,0.2900199998391735,0.4809839519140713,0.6607314861257785,0.348005076802216,0.5042969305929723,0.5510162892267706,0.5048191335163702,0.8337612796595033,0.7789911316873563,0.8740244680048324,0.3349178168693272,0.6135572489619685,0.2552221097340783,0.7363947252427196,0.38272985102715473,0.6529060321583606,0.37989752647060404,0.1214216260966477,0.8411032630971432,0.48698663578768897,0.7421457768640042,0.6573692391166943,0.11875104011528421,0.5482846796430467,0.310226914851026,0.1289193149796123,0.25733978658613504,0.490141231036641,0.5034214506825915,0.7419246806610691,0.7518375364776815,0.512496134953699,0.814035875646113,0.8043731135430991,0.3968095552664883,0.39873610344860894,0.488386300970921,0.6010639762426945,0.25570986402078083,0.47802952088122935,0.44820830337935286,0.2647997719249288,0.8790012080655468,0.8686984267568442,0.27187112148391385,0.41323323774292586,0.25318205478092487,0.5662835151415346,0.36363652879112907,0.8089701154695625,0.49508910380251164,0.4602636775289715,0.24108762491363286,0.26295095772591226,0.761356998879068,0.4731860291285847,0.705513656860872,0.15878253624495292,0.6962965616924837,0.43132559642118334,0.1294708976956556,0.09528351424741666,0.658616868224884,0.6033707866996729,0.4004130224866886,0.16672428544212464,0.36561946750794816,0.6064370270409599,0.16181585912247082,0.4328822897711668,0.889469712218914,0.5014808966586631,0.5744048099396568,0.6078099662058947,0.7363138883399082,0.901883031927909,0.08089386083719236,0.38526419155302144,0.5229155723782204,0.8692867721892877,0.61594217498755,0.6525725723075266,0.13787743942953298,0.4521145245885292,0.658149620465337,0.3086261181883921,0.35084412983365904,0.2193492177054509,0.8306903580220748,0.27105447453191917,0.8721553736276485,0.2366291567579197,0.46099167695443893,0.4701297782882558,0.2879899692172607,0.18160371925890975,0.7195345985331549,0.4182831592805951,0.6057263726472631,0.23430477835412228,0.7642161476425005,0.42866772138030224,0.4795927061496076,0.2092145248058881,0.5371807848671454,0.1505929115437946,0.36176824699697513,0.14345856460711426,0.46105623110183414,0.5577984819201017,0.21869603303064955,0.594589362844066,0.6454637699076226,0.5791845255637942,0.6916752256251424,0.8281989531722199,0.25197285882705905,0.5215479855432408,0.6142062136993639,0.6728473510580685,0.38211540435173486,0.529092862280018,0.4342165666486174,0.7943051067002354,0.21128075955214368,0.8662843950947605,0.5664435858134086,0.5633054807337243,0.6418848577797068,0.2625165757558905,0.21581051377205027,0.5813424793251246,0.3218226687482505,0.1522947705663859,0.48388993065576286,0.3443185680874297,0.7727833881853078,0.43865662849437026,0.39262160050976946,0.21022834626009004,0.07802138251514594,0.4220181263206947,0.4051000705393797,0.4962223053961399,0.7201643700304158,0.3310302183135295,0.12250279483464845,0.5156693532392663,0.8623437937839955,0.4381600852743684,0.7419671311338069,0.6448513285404529,0.14660699975679764,0.5492469854457838,0.24109431867108885,0.43922231175769294,0.5282822060912175,0.22332161250232865,0.1640630846367248,0.8182520566390277,0.8193413879792879,0.565716056649943,0.27434592643707045,0.19159525225167126,0.9449534588205192,0.7889643326632931,0.5458510836961931,0.1213783403887174,0.35260194738794676,0.6507607731820318,0.49499189245882097,0.30738061006917666,0.6672949882137604,0.320258527582115,0.5436647366454596,0.8375718657046972,0.3160076060575292,0.5290193274666335
G4YW_NC_mono,0.46911803024706594,0.6049790310562538,0.31460772792706443,0.6661653196513762,0.6500684411922305,0.1916164498560582,0.6959291137992574,0.7003373610675094,0.7045933235387007,0.701310734421885,0.5358893947154714,0.21770680298491515,0.2846347152639832,0.5200827543231267,0.2589476564596996,0.5862320322979997,0.10650304149871061,0.085281217935651,0.7134359458736412,0.4235512057385339,0.4568455987249911,0.6816312984445324,0.5010625421686284,0.9785513757280401,0.9053121202022654,0.292953212810897,0.7242902439525204,0.2076024866427012,0.2808651690425412,0.7077018578618849,0.4454358954286529,0.4690321788542209,0.1618193187597248,0.5008424446220227,0.08465372208784269,0.5410791070187582,0.7757678877379107,0.3307725717728083,0.7045197746951194,0.5335246025058632,0.4925769339866896,0.6140377344137546,0.66872298707386,0.49016709866257774,0.3902718677769162,0.5966736612713103,0.6996288734189097,0.5314494357037565,0.3896621895354739,0.33097867400367326,0.3583079603298423,0.38657342531949007,0.2124548567868735,0.6628765895178397,0.40282388379685324,0.722005243643618,0.609403208650586,0.3044353437761941,0.7208818053066676,0.8088900284941422,0.650681228453896,0.2603670456221126,0.6067075718692213,0.645673651694504,0.31411946923108564,0.40178865058255964,0.3687720658927951,0.8895437045405138,0.5151132300048074,0.251623915314259,0.1357321652801808,0.28298017852325813,0.5203574655002072,0.24861052897926755,0.3277300041986836,0.9026217320043105,0.934882569638038,0.6192332282167309,0.28434862879975437,0.6224198691056149,0.5267898521612544,0.3599520635777939,0.3121060390021927,0.744936951617099,0.8913619179425963,0.5422089066258801,0.1541865149717896,0.7225462130950748,0.1812178525704834,0.7581009076512167,0.7524630570231635,0.2903137090848408,0.582605082821959,0.08479829782056117,0.636850090927551,0.9068109969597928,0.19422409908060598,0.8822576225889365,0.5586019095057073,0.5970559458650948,0.46420263735104167,0.7911080825725146,0.7938905269848175,0.09395586327157847,0.7234326397129373,0.20549822409037602,0.15799980411137116,0.7490682578078918,0.7239262059227936,0.5172959778303347,0.7151476802361587,0.828482181820359,0.33152695383357234,0.5356191379551852,0.25020535853587134,0.8290394829272243,0.834449140180116,0.9417264954365476,0.3970528978591827,0.4580418313174444,0.8067504969138435,0.11270304712868862,0.32821918108465914,0.36566532716404165,0.7707073757579049,0.5913255782851232,0.5368017538033623,0.8467961928798823,0.040326790606501225,0.2957700057447947,0.5447674417434064,0.6236831534363012,0.7706724728587736,0.3698335238182746,0.9062033334997255,0.7620666534309736,0.053114859164155474,0.6563341508550126,0.9271706875142051,0.3847021208554459,0.7435535955045601,0.2883814534477484,0.881822903109228,0.8608335404990485,0.7048952852003,0.17655559106817376,0.8261305422105204,0.562704858012627,0.3357207939653936,0.48323661557972936,0.641044009209025,0.5861918863033868,0.29561353748584923,0.24332108201932615,0.17792857410536891,0.611360406795699,0.7368951720745064,0.7682141229449825,0.1400954105337109,0.7526251909921862,0.06568537067276743,0.205491962030217,0.473277572776878,0.6365510014521734,0.5963123446406654,0.789229995292168,0.8681660283801577,0.11421921573618654,0.09534599990103063,0.5531289330605886,0.27612855428051736,0.23759065186411776,0.6194819354703868,0.8411615321292145,0.698187661359331,0.744612305252342,0.4982418611117918,0.07655950712733105,0.4655012503318504,0.5812991828624673,0.25115484891748135,0.23651938302900766,0.2995846643934121,0.8618769808972122,0.8258257976710316,0.5263759944510994,0.07523847866657832,0.6762036748852038,0.31174463997950297,0.3813296789136618,0.16813476598412833,0.2329156999964826,0.6579953767671568,0.5017353896838141,0.3703467357062108,0.14405209002707733,0.3495832057614135,0.7353092213227664,0.4686168201076643,0.7026973067090264
G4YW_NK,0.31846798349578553,0.9290561938180126,0.9546713949996993,0.8720079954113539,0.4038507113181951,0.3914689296869446,0.8947662866905087,0.08346659127836302,0.34950558308081414,0.31336240084799943,0.5864687494985523,0.6990853518371659,0.6141230869761053,0.2934369254184611,0.47067524784003767,0.7465937922696507,0.7719074150032732,0.37152654406385316,0.2749223051939216,0.6401049426745655,0.19193213363716707,0.9371855459781001,0.9131611163002633,0.16291057294342814,0.23574145252311463,0.5216434886725315,0.731929643650242,0.7819320476557216,0.03179317822383314,0.6878030439083878,0.4454900538500787,0.7139911582111663,0.10530063236056397,0.9296199298754946,0.1870207708551268,0.3026117998526591,0.996901672921544,0.8444514789839916,0.21174568366651003,0.21770167548581196,0.5747996044406096,0.4171497207807301,0.7639689449989476,0.35302381236705016,0.25080589746295495,0.18833734868390087,0.5514541361213459,0.7549238292152011,0.5030248659689148,0.34562783071997377,0.3410285865097388,0.6493993435720373,0.21156872212685848,0.8687018640380065,0.6869880013190999,0.7090877512047596,0.506365521002904,0.3661695985116925,0.7212916610837339,0.20791989237569833,0.36893788905116204,0.6766735427359166,0.19553469161745887,0.9743780434273216,0.4628822711222309,0.9434992009348554,0.6485949245017953,0.5630683323934151,0.6352713926280071,0.7664640009769705,0.03496521791989377,0.3476098314396706,0.7386622549086156,0.5515110736145858,0.8622014560165236,0.6343039930307665,0.7081046975144193,0.8058496599241063,0.4683394408774345,0.4765211419932674,0.18040279444716517,0.8523964305406899,0.2612752788286534,0.8652541761426071,0.7124901800532888,0.5769248179361581,0.3075776185909935,0.14230395600013504,0.9440645955474476,0.14939118291486808,0.5228876333966499,0.8215573927296476,0.564109311603257,0.10185317358855608,0.5638967207321287,0.29040880393153073,0.3803624720786963,0.4312970040684759,0.25137359069370735,1.0,0.48907850358041804,0.8104857062668873,0.8190506676129211,0.5109298678947598,0.5734179400804948,0.4542854590074066,0.5500615869693849,0.4498117360396652,0.24053968989040986,0.871573918700723,0.027523143929883174,0.5089679270525418,1.0,0.390047236638401,0.5207620521269676,0.18051479034478082,0.3830086736724149,0.7063031518775351,0.805175201629569,0.5206104606954701,0.5392845388124102,0.21913187052790223,0.8726807847436617,0.26772806201546867,0.31159012188205687,0.5450035980078306,0.8008667479089856,0.11800671512815471,0.43901507167939857,0.7127503372701665,0.13878979283664314,0.43442767334221133,0.37532429925646116,0.6288479633019147,0.764935682125289,0.66300678998495,0.7038630909475418,0.7013942276058567,0.1665296407330955,0.10596416510434263,0.5485790333975807,0.2991087143337112,0.5945719203361625,0.1169815726376018,0.7781769268429907,0.6763016599552346,0.6137274573071295,0.49128790300687675,0.4647895545037999,0.6271618732699726,0.6525556576989012,0.4105947035403129,0.24093818076781087,0.8009426807314554,0.4945497054705591,0.8569668379792541,0.06807901399605443,0.433042460687502,0.6060322344524244,0.41947420966810484,0.4116133917852341,0.4102458037843588,0.5051316355450598,0.5014171262231111,0.520552754904157,0.4084997875587036,0.07809911696701814,0.6478398188829085,0.22919540450145423,0.35380305955239993,0.49734136856496214,0.3628601729350599,0.17488056937749952,0.45327784318982106,0.1767359554809337,0.41785297425212026,0.8629937917524477,0.6710549269088802,0.30495627515134116,0.6496896684597417,0.5277189417422189,0.5893512694010088,0.7135440148516813,0.6590442252563026,0.494304091359185,0.5794553971846583,0.19940636906625156,0.5391887626534745,0.3966088155588733,0.15187394320209144,0.7395999748563713,0.35478407218325947,0.04854814913554705,0.2628141531030567,0.587919701607102,0.20598106401985797,0.9375791966976985,0.6785721796056469,0.3738054547165374,0.6366367313477274
G4YW_pDC,0.8550034231973481,0.7607292048327561,0.6215548633306599,0.4154622881834645,0.32580728573840745,0.22742926756271778,0.49725175515456693,0.40518664279572963,0.47105513835965634,0.6092143967609106,0.4341319376811394,0.4584769228736801,0.8348268687151755,0.4531227044810827,0.7133604283556447,0.8373942934293036,0.2551061544761798,0.10276298965634985,0.6509688510656259,0.8355835156536582,0.8466945363242855,0.34406212326046387,0.5609849947340539,0.36194825627070165,0.15934761625501068,0.3109405633840226,0.4714310701342167,0.6277926220328125,0.6641832586411507,0.5694539444293439,0.4953189348920633,0.10928355926624927,0.2097092870737026,0.8518560484520088,0.2903332376625654,0.33921059988993657,0.698185400515491,0.7651669151260163,0.6196799995855252,0.4726787373204991,0.35317265580166335,0.17483635097047767,0.300952454595924,0.3504397266055741,0.4557116347522776,0.7781609279574228,0.25113313508109414,0.11022288432470236,0.7073749378450421,0.25290041298991645,0.6016051675034785,0.1494359147616352,0.29682406364917163,0.9318456436886742,0.4633374010449249,0.3476361156869678,0.9075751017079629,0.4177171650515,0.20592406929315069,0.2294550645695999,0.2814758973679287,0.2610652868856693,0.11903429787324508,0.5918966214856524,0.16215213041998047,0.8543808685408745,0.10127070151358113,0.7153492659400388,0.0941372012356666,0.5191513902810373,0.7842309416083321,0.30487433448523305,0.28551890978187283,0.7461167614526605,0.7530726394212647,0.206971016609645,0.5991462349706457,0.7334061438198479,0.7672112182118254,0.581089148502295,0.277108989133258,0.6253804234267748,0.061485128332468504,0.5581142812355883,0.5030405188583529,0.3216142823804415,0.551376586899413,0.4519220768665952,0.482557049036008,0.5384351350376946,0.40643879989079035,0.7920754937574885,0.5874033811767722,0.6959064486065666,0.6755588493124394,0.23779548158477323,0.36511070720592365,0.7570865727145409,0.7121380023682256,0.7811526526632353,0.5938101255037004,0.31826151305155603,0.47659738492671827,0.08979505605172006,0.6648568133614581,0.410332841068526,0.4979749975266237,0.6725044645687099,0.8825214000284891,0.5791165989361897,0.8535922537039207,0.47350499343662583,0.945759160467157,0.22106244730741897,0.32727701675768756,0.5095269096549393,0.8602232628861718,0.5086552160091763,0.4314741261531873,0.5531894341871444,0.37880868426997594,0.5266820353509287,0.5343209294927276,0.5327702552827032,0.32024013432836185,0.2224834405397207,0.33608040948072515,0.6268948509012345,0.2757202205649559,0.14906378316124427,0.5389159638462466,0.4318521103784076,0.750399698841825,0.2842125465125889,0.6687341686763747,0.2413016715233545,0.20648643416718157,0.7369255175893937,0.7898823707571274,0.4923813281942647,0.6538365684268455,0.5845543081203143,0.75739078626306,0.5022090999775523,0.7144088846627978,0.8195199631313898,0.3947945476879197,0.396583339380587,0.7492628132961339,0.6658311417702563,0.5432815690811315,0.5543648291976278,0.48249122391947946,0.6613561570274543,0.8551663662019403,0.16965949696063265,0.6648298344069501,0.024912360893793693,0.6580451674036857,0.40660051357740834,0.9188691653316475,0.22187503168121145,0.6035451309569421,0.681951306237693,0.6799846466901083,0.7561812998749239,0.4030941041244736,0.5604666210800217,0.37757165192777065,0.8277185905118188,0.23638078828209197,0.7160245914458141,0.8234599363034375,0.4831612971064918,0.27964658040781637,0.562802686511499,0.8063796268948898,0.35085032523565585,0.23631705098951883,0.723325533158362,0.1786303704078126,0.11363862499633909,0.19422779002100113,0.38754324638935356,0.8209435975194822,0.44964875369792145,0.8102882415535698,0.4346026983648849,0.44218690954455403,0.16294126897828004,0.4011494937782363,0.42074510597064974,0.5285363719392706,0.8033628792908604,0.46382745667000813,0.5225282844213083,0.6510538040342871,0.35449397021801904,0.5219902043339167,0.7395676744435657
G4YW_mDC,0.4199014685337898,0.6121406192664616,0.7482730658865767,0.8845504990276033,0.4699874020141729,0.7119202311508633,0.5420518783538604,0.5624235405952912,0.757337376455413,0.9498656659163819,0.5942932140863442,0.7443783889013477,0.09248465655562567,0.4174747781828052,0.25990369680717174,0.3068892078843666,0.11174439801074171,0.9019718906210246,0.17297079838990645,0.3842776529065994,0.16925657577014222,0.2846811694371088,0.6459448526491376,0.642673938707401,0.391666094721428,0.16325902688589147,0.14237048610671338,0.4912787479593791,0.724530948147832,0.6743055399643698,0.8187579999108318,0.27391122899592607,0.7029280053469156,0.27201373787375666,0.5933027365756331,0.3110798126219601,0.8221967697612474,0.20440650726036183,0.8149529467992215,0.2780202006396878,0.5196894788688484,0.933628736619536,0.5158599436422868,0.10440537480461917,0.5133549492782701,0.5883369350637473,0.5610040294603179,0.15002268567559102,0.3018568387710657,0.6633882791667944,0.31944071617405156,0.3651597890975145,0.6536891459592529,0.7231731939611468,0.25639632537119106,0.8190004867651905,0.5013823057012173,0.40992004623820094,0.7678278396696219,0.08089104054029439,0.7855556806187587,0.4814373389926743,0.5779901733362894,0.309867639874331,0.7429712927750591,0.6690597226550018,0.7580457826118059,0.47680308663739546,0.7660826442727047,0.6265053639274301,0.6912806792481561,0.4407230575920052,0.25350757867181795,0.12192773177567763,0.9142889254841251,0.774904388644372,0.5972033792717414,0.30859432779926144,0.4217779302915716,0.4761202647925161,0.631205230397358,0.6563767368419444,0.3836843510522798,0.3951906886470904,0.7990960148503417,0.3103487475885109,0.1524326853441005,0.8620973341380568,0.483525153114253,0.8008559345919211,0.6618120645717687,0.38214313210455697,0.5193275365067547,0.5968430679761496,0.31717443632741216,0.4761307066143506,0.19204861222487893,0.3911241504846762,0.4601956697507096,0.7004105460140658,0.47790694279517454,0.7711606611999311,0.11997959475193803,0.44862390900769283,0.7403868798420904,0.36188223159450383,0.25716712807450476,0.2789221710173471,0.4300140157301421,0.369693744075852,0.43782878026697153,0.47943079989311455,0.38025456671732993,0.5667943443568879,0.6011585236172432,0.686458668566853,0.72735327528446,0.9113827289144251,0.5096416134434631,0.6514887447930514,0.8211587435714499,0.6632908446803065,0.6794644384651556,0.6518559808903065,0.5701832603950673,0.5986675322643955,0.08192817554056464,0.4317565692889011,0.5172032686979281,0.39246268420476826,0.22237656283609356,0.28235394287195237,0.7962382861940152,0.42245310062496266,0.9279856687645253,0.20096779839456158,0.6610595196017662,0.4759626701105083,0.7215063474979468,0.7704644400912717,0.23123771206196783,0.4069410586049386,0.20374208874497046,0.6250910386847117,0.4907515045675572,0.37928848473653515,0.5530711999252099,0.6346464142817486,0.5608678986846243,0.4574664787987462,0.5351910631872855,0.3758743773518413,0.06532519924930566,0.303813066707475,0.5871465456627781,0.32323458551852624,0.36046732121975955,0.6479561482907263,0.1644882826402463,0.6190956097509871,0.7269517521042637,0.452006355447573,0.6120956326675643,0.459738992705931,0.3224016573468214,0.4350474246528907,0.9051841560394503,0.31555149542613176,0.26494988557384797,0.39429528317858936,0.4762030624176295,0.7758665413018995,0.6101927262137931,0.7654514138258726,0.26262018021523276,0.48014053399637546,0.3026646331501655,0.5174833228666241,0.7373641600916608,0.48379689251468805,0.9162687780633503,0.5626159790113571,0.4623391172283382,0.8624503313932079,0.5359420119223216,0.5756785177036862,0.5984395745172385,0.9020703203787047,0.3304121437819409,0.6556022872883293,0.5923856293895317,0.6168224798364841,0.41239105737864357,0.5402987684620701,0.8594764753399214,0.44097030517647073,0.26279719405088486,0.37354636421625986,0.388588937340168,0.42443794812742425
G4YW_Neutrophils,0.3318961853311952,0.6878534543486589,0.24517308134061558,0.3891986319221509,0.5854875684805384,0.3671608508061174,0.14912283117439892,0.3618842591846527,0.4748797016772845,0.5163672427566051,0.4612958397001287,0.7216700943574691,0.5633391306385155,0.6693966099723042,0.595300777353625,0.37414820849402697,0.3695766507362018,0.36850778674653284,0.4497319553081403,0.3690393675926554,0.4696578368413957,0.4838173357149251,0.41931984804614814,0.6854603997665784,0.4538415703155188,0.06989767276384358,0.6647500918237518,0.27878059414933565,0.12737555044020704,0.4075488560470241,0.3394095323714359,0.2846379351109768,0.3390384532497243,0.353142101299119,0.22032514059464808,0.6647413231346746,0.26184916585324747,0.3120222213891885,0.224142869552079,0.35541652017699077,0.10631840583930233,0.7072296806489021,0.21496023267764905,0.398099102500916,0.08350623978848555,0.4104306145273529,0.48172273993129144,0.28280004636493916,0.13655887314188409,0.4191511423489858,0.40168819038141523,0.7313371755904867,0.0820926640852263,0.07629421192755442,0.529383412913311,0.2617721841734931,0.37531250567800445,0.16053609284771292,0.15641673600606337,0.2956906696863498,0.08807171396824595,0.6698890429515246,0.2888312094393221,0.6971124685182519,0.46804374983077435,0.6468262541536671,0.496373691305131,0.7200586190832369,0.4946836893777817,0.5760062427117854,0.4177043718729558,0.6683478932134354,0.07887935346400844,0.3802011714980229,0.2372118324350074,0.17382222136180742,0.5759749510868927,0.18043323109341844,0.43945198144782455,0.17922678357439667,0.36223475742379907,0.07582673032741868,0.24211845136566915,0.4125286585373701,0.5583359875344137,0.2829575808267615,0.46714484634133013,0.5657462414422324,0.6260854420197444,0.3153282636637402,0.5001475078557623,0.46054302656068236,0.44784323421930605,0.14828650915942684,0.6640627769331117,0.6093587487728588,0.5194588732317375,0.27050978798459596,0.26790734799611327,0.40780443396019095,0.47692166569955974,0.43461701176454737,0.2531298771114735,0.5051737417737147,0.6207579847279648,0.5605009149197939,0.303734536345319,0.33323084046224877,0.23969169692549935,0.29097482146672077,0.5348016845594573,0.5097164994977693,0.0472828520359176,0.29457250071251706,0.23740027050294685,0.3029249551143462,0.4257047890320786,0.43877771175888697,0.6211150304434473,0.38497399975571045,0.38982366177270394,0.6881010054979843,0.2544423261958612,0.03473925048011495,0.5129779957933779,0.6320602850689139,0.5603544697450943,0.0960786957202499,0.35510042956890364,0.30434548103469683,0.20888041432525345,0.430632861759621,0.23571222738122788,0.6630110864511397,0.161948402505018,0.5033859715084265,0.16505208015413367,0.06452185249049372,0.6225116778571362,0.39570268968676825,0.28312006378437504,0.23049176584092068,0.5473130286873582,0.35227385862590566,0.28914623334794753,0.2849712272056138,0.4340608583926981,0.0799234493218123,0.4214714348854047,0.4695384923605838,0.5555762477440015,0.4157050465911078,0.28240314713312176,0.3530521458241685,0.15953902226642291,0.29796475904960606,0.05938031952157347,0.45296654035463385,0.40729057490987164,0.4191277815640735,0.49632567112158293,0.46017204567238096,0.3349220228069274,0.4164499648057115,0.31216193006737464,0.3866437748564372,0.5282823372170906,0.689105771807046,0.5558458066346055,0.548752734281685,0.5597630995340998,0.48378363497584437,0.09954617354746709,0.25045956954022597,0.6362155618137997,0.14096246340849794,0.2977502190012507,0.19030419637106163,0.421343463765162,0.2884010144460938,0.6417452057032604,0.44197041797111847,0.5785525669328093,0.45538710487172845,0.6619750504630912,0.39594652273051784,0.4766350931572597,0.6143795179773505,0.4475894036160907,0.4758769738766034,0.19435826249121543,0.27437884498150816,0.5840631584966591,0.7558998424858558,0.5541826192069811,0.5764492271335132,0.2479956069744358,0.2471692653288673,0.2218189462546849,0.48823741051281705
G4YW_Basophils,0.11502506890943685,0.6507315824441972,0.7375481939211543,0.8663324388634989,0.2662930883559217,0.7039507137815714,0.8233331404945743,0.11586737227641306,0.5949212539924031,0.7338575838288547,0.21559888730749147,0.1773091085723855,0.5534971459924087,0.303125292804618,0.5026541854849432,0.2244315045400972,0.33033555890272953,0.25376919875785137,0.3263639426492165,0.48652671769514344,0.30690712521982166,0.4167357649579276,0.4923814917158019,0.6987839206464908,0.43163054265974854,0.337785842066472,0.608284085929101,0.8576844207566098,0.7090311256835065,0.5653595278808282,0.12545945017495763,0.7324115036491893,0.6286992194514965,0.305865763246437,0.2809732256751512,0.8984424533850158,0.47362201251969666,0.445080081541326,0.9124307542910808,0.6644874926110185,0.5034877141239846,0.26794677756493795,0.7129724729822625,0.6195343408645115,0.37947438632572567,0.45537720801215914,0.6694964199029726,0.4963423157156193,0.6327673102721835,0.04650671644401891,0.25205880755152943,0.46028925899107864,0.26767879175791776,0.34468467651745216,0.5678779707133915,0.7647479755440866,0.37474464536947655,0.5348763681662698,0.5179247415248441,0.3352462979997968,0.6106438549596599,0.5619357217004761,0.4513917587390576,0.6995104454830867,0.4786294157237989,0.14004822860121727,0.42240501563023786,0.41546063101984393,0.33155694823189624,0.956203567285085,0.2381036681252843,0.3344137242626704,0.19272533360653948,0.34164590060819955,0.49646258269962557,0.5126794438720851,0.274513312038823,0.3324964753852431,0.3932990705171941,0.5733462267474921,0.7766436235541873,0.28933795964178777,0.3868919265512646,0.1826560209232107,0.7174542340204978,0.44509779601740795,0.2620055126790591,0.6991334243271622,0.44101726401712166,0.5081614428381118,0.7856317057566276,0.4774340879000522,0.7255451173318482,0.5886429633756727,0.522439281742819,0.08050813036376922,0.30609793945395275,0.603351592987892,0.41788737498991685,0.432668953751966,0.2954408126622868,0.42190870465548785,0.37774771892701836,0.5147299501608732,0.5884634768323355,0.8602600672057126,0.7245329846990574,0.5274290460361669,0.2510195470314076,0.7475183016078614,0.3622077990617534,0.5018110830569589,0.6327549086913211,0.3877963058480682,0.4765519431719983,0.7093753441178616,0.03965360894577662,0.40684288719666706,0.8291350510674264,0.1034895579223116,0.29768106257988364,0.8312343101426324,0.7203568743448817,0.39719449399886414,0.684589758160433,0.1404735698997866,0.47615868252425825,0.8174868324366839,0.8897084366585707,0.7429094601998664,0.44501931478151036,0.16733488141574226,0.6529956656062842,0.7818996546853562,0.1299442569508668,0.41273261079315904,0.1686601427627751,0.8684697233978095,0.2552675349061973,0.6054391781286422,0.3363150991643481,0.3255492420678634,0.5378697909600331,0.584543686326455,0.8751645014322285,0.7414280187587231,0.2411415212484699,0.6864852031151902,0.635405043565765,0.43828335260665213,0.5684698250607864,0.1618271274988367,0.6714380296144291,0.11228997375226911,0.223122294055961,0.6734803308283333,0.5486579788519667,0.5121629193233816,0.598923298309023,0.44710324346869595,0.7300016366042481,0.1326531201137606,0.7065266410469269,0.45280687183079504,0.32613435137758945,0.5670590320629997,0.38351545067382187,0.39089279699526713,0.7693626248597387,0.6492543912583717,0.6748304065597515,0.7973078269463096,0.4505894348137764,0.4300260591122496,0.2372579046198526,0.5658086210616095,0.504987675110117,0.381527661514071,0.6065298787390485,0.4670334545227944,0.5328153650198392,0.6693061987630118,0.3305962772381174,0.634108228436021,0.6625797478641005,0.5766550723005631,0.0934747199882521,0.1513951898805266,0.7431342825090419,0.6470088293310223,0.7287852374196988,0.5559127425140155,0.4667799684775461,0.4045327012822332,0.45509275628733437,0.6583455471302457,0.42677026696849174,0.7315957484130962,0.6868421348706674,0.2783485016605282
DZQV_PBMC,0.6731864015697656,0.4434665664248082,0.5881735923085637,0.309860170328862,0.6701891995306838,0.5535387411381507,0.952324471050186,0.70186208624997,0.4130783292916417,0.6934972695219289,0.9089295628197122,0.5706729560868169,0.2631683461456566,0.09546694806665844,0.8208017087761532,0.6426057884767885,0.29232542820385116,0.27603947082618957,0.4065741014951035,0.805833301647956,0.9590795101347697,0.6904690757698093,0.4529641974626386,0.43914851199474525,0.46086776657427425,0.330455708436552,0.46267659456313476,0.4732856374592964,0.42673122931673,0.8783780823289169,0.5031488117486608,0.21799264742221838,0.1448354605305153,0.9559984026576263,0.8811025557023553,0.2129846670877661,0.33028779054006446,0.19112144651608753,0.8281753685763547,0.7529340422416554,0.3004059965704029,0.40887123779255186,0.4542641110682495,0.52936794619739,0.7281013848722618,0.5144264337207178,0.2617307021529776,0.9870660356384223,0.6599034983742759,0.33623246767488896,0.6820416064975283,0.18323656377921946,0.32384879509319664,0.743397069730263,0.14965870798486425,0.27046453223827704,0.7106670954302214,0.512803460781369,0.3052600662693615,0.6080680162195063,0.4943350014847736,0.604892742135602,0.3813822368383605,0.4339561203447613,0.2451622818240422,0.2942097100890172,0.6487158158255568,0.24335029614161324,0.663542789280426,0.44879268030377734,0.4243062893834016,0.4479894419894808,0.47092532091829026,0.33629197155373963,0.7708654187279905,0.9069720662294206,0.813504462479012,0.4566849219543956,0.5177630223077332,0.7562509119485599,0.7357243127065011,0.4634371259497448,0.9071855843938404,0.440776150386738,0.2696962925927667,0.3098423438870869,0.7764944176455993,0.5046636237745634,0.5503658111671818,0.189298429436424,0.5223682711321258,0.38252564620307816,0.8184375365643027,0.25931131907088617,0.6868368644345264,0.5026865739126553,0.08845837084191258,0.9655466275023297,0.6325089112017253,0.7662227131316459,0.2866125547735996,0.14906800743883042,0.4864901582669298,0.8784828360774867,0.3616498467389699,0.7035050020288174,0.37656567774025407,0.35548818432360196,0.12107628774057051,0.36234511780120987,0.8528717195546036,0.18406416018943678,0.709738782917364,0.1844645082770989,0.3556785972999169,0.26060858897879224,0.36983715489433067,0.677309175412479,0.47606738317871455,0.24547568308429746,0.29184149158085737,0.44241265770998056,0.598805089606415,0.486114633522241,0.6458306239022971,0.5883460209433194,0.7873010150594647,0.17253395589800047,0.2635570216513734,0.8732802958116068,0.31753786289949865,0.4646370069448665,0.638259526775057,0.46996095827028644,0.5985527377167316,0.4492818142995717,0.22275948310093696,0.6517140380506438,0.325084131359936,0.30934712897075395,0.2512393425112226,0.36707578951245085,0.4595873227049162,0.39795094945742193,0.5070535212181355,0.8504753098785104,0.2521630800269121,0.512921532781766,0.35680609309728417,0.5873411834848856,0.14311540610170817,0.37920915513596787,0.3867519732251021,0.8014318754688935,0.3275102594071331,0.4556445373805701,0.8375696058400877,0.7403247203331954,0.8284415450317544,0.34638003525703825,0.2754025967635684,0.32154593547298865,0.03527886744225568,0.38696123761845674,0.3304442865654708,0.5399920171664625,0.6467166066521286,0.5400120249646015,0.4735722340816736,0.7099864533047574,0.3289456590407978,0.5654562440907049,0.6653855617508524,0.22906575850880817,0.5807142354915743,0.6558974669117796,0.2830956461356781,0.7295150451549945,0.1402268419515471,0.5577689866604187,0.5589541582242313,0.3798156552698019,0.5511284210980515,0.2990820133569184,0.25319867263880147,0.4173451439546323,0.19351687030448886,0.9772581838250565,0.16162332348724612,0.20768163664773287,0.8847158811770732,0.8179690979146396,0.363617061038843,0.10948779381139051,0.6972439633941664,0.2954527898461772,0.7451316470557493,0.8523847263876118,0.3152648615091844,0.5600747987404221
925L_PBMC,0.8382522658492532,0.7648661325743665,0.43879483693634563,0.20457151261406004,1.0,0.6855657668595974,0.8952450418526025,0.5673936235001276,0.6149749922785902,0.6865514909050762,0.3643179444195502,0.550446880132053,0.8285771154645513,0.7635927412848835,0.15170152075327473,0.7881111541718027,0.26483433517633526,0.4427624824725005,0.7985572396606696,0.5231589058497894,0.6471297149873606,0.5072482570592667,0.6097830974095182,0.16579520958941618,0.09526728760519507,0.5876553508583067,0.5686536698388018,0.3789181012447886,0.20874043876959533,0.6544030623778277,0.451356441386844,0.8906039759934208,0.2143062042388907,0.8039236154161871,0.11972312388700819,0.5675726955097538,0.6470617303263987,0.9781125587717483,0.516743834055575,0.0634578321455846,0.857274942501181,0.6776262441313726,0.7048850254682759,0.8845450912139835,0.9432421419826417,0.6874340670290459,0.8562600710214591,0.24882836594953486,0.3421198848548716,0.7144534829700706,0.4512284611547339,0.6789397402720233,0.8506985024998509,0.6063449123380713,0.6396577634878298,0.5893969436415717,0.9052175727708194,0.2315468886935067,0.8900062733462588,0.6474190194624184,0.38861762451649207,0.9915745195059072,0.5490020073410175,0.6986446361001815,0.7704206203505202,0.6177027570223051,0.9375695310034904,0.4112080372713344,0.3007966615608976,0.8151977868676304,0.5717935994775124,0.5060068150181516,0.4334835117798127,0.15166609306180115,0.5136291327974953,0.5235344952455239,0.5548250015013471,0.4126827434486821,0.5046061961352647,0.7125147780103102,0.9689951159619294,0.4679225681233365,0.674782027926576,0.7714738538778917,0.4245846116214784,0.1401162162535073,0.7907734489652164,0.7947533285905299,0.6677477258327383,0.2232870645281381,0.5065453029291382,0.3800079191705413,0.6266227176196747,0.20680102928198799,1.0,0.48718433091720414,0.5889187711482254,0.5705590365624353,0.46091498120078034,0.5761550342419947,1.0,0.35852190547395296,0.5511184301430877,0.6592477902046222,0.9901592085743774,0.783051819503948,0.11732687754854454,0.3047872279337026,0.4484362490114033,0.5238819252681802,0.8155311279120927,0.5441665750021247,0.606603190287592,0.7418308029624875,0.8951366779260709,0.24836632361320374,0.35464713708147133,0.900311085164566,0.2153760596124822,0.5430742023312702,0.34280584909646633,0.05316587281952707,0.7541332557511997,0.48444501975325904,0.28893386361766554,0.8234682783605656,0.712653712651377,0.4532417591165654,0.5200546341430875,0.6357741854587897,0.8559743520206702,0.6854813548924121,0.13985325646317595,0.5677780995518398,0.7670485872192375,0.38957807831984675,0.6958876360930027,0.8599885380498784,0.5812218886951509,0.6018313120418352,0.26626627389378393,0.20893601543066076,0.616504176278208,0.5774141937959973,0.5617447340864345,0.715514567172644,0.5945597155021471,0.6361664248562834,0.26605364487819433,0.30133373863916835,0.9312834882641193,0.23324783113297143,0.8447471076392296,0.952680458686624,0.4963121791062872,0.1870855829085018,0.34616603848019317,0.5162992181059086,0.8502518819098386,0.9163412839685906,1.0,0.9872634021299416,0.7208412323848271,0.5581067467957975,0.3755924169711197,0.9541863009752645,0.5696865660949483,0.3979039653111406,0.8463554472545333,0.09607966589339652,0.8465135388108762,0.7390351388261681,0.7865467211829116,0.7066104495112594,0.5334600188205564,0.8438531774270229,0.36138509073842234,0.7839820039398552,0.7681502404048439,0.16839155044761667,0.4380506937672564,0.5470464009202848,0.20064612440072502,0.49427797561169434,1.0,0.5432986972264618,0.5576655023827765,0.4351883790475643,0.4683257673071943,0.8561430868974683,0.8408864431663015,0.762506153087196,0.4501733667749905,0.34549484748424325,0.9992195323268569,0.20014811881060868,0.5249577242910551,0.17639323786580038,0.26822671644004475,0.6466363832198821
9JD4_PBMC,0.7269692253450867,0.6471511278749558,0.1590342631739403,0.5507556722152909,0.4725087899332193,0.5391728868590756,0.29542636320601445,0.3057979506118008,0.7599209686969044,0.5994296477859051,0.08706286390251361,0.3440680916391794,0.6832223135636221,0.838373687308216,0.82152888431085,0.06449449397577255,0.5539536144915406,0.708969023420716,0.7206755706753083,0.6691395374853379,0.40288846674583567,0.37857812325691925,0.3561929425138312,0.9014377268387915,0.687002224104751,0.014355234358905952,0.8646797277133331,0.7190444307530892,0.5033290827774966,0.23139397968421374,0.36239348166620106,0.753260973170768,0.5741764066838511,0.12502736772939177,0.3991931812559573,0.4525352770435193,0.8836700575813978,0.24038368997132759,0.6217260494074087,0.5348359830646151,0.3542772675869156,0.4835005079439799,0.6419552546151515,0.4499028727968813,0.39629852103992835,0.9740014427551991,0.49630615253582255,0.4805593759222935,0.6220999014704106,0.4468636782436993,0.724523143851126,0.5931794003816437,0.8502507195908839,0.22772959689288244,0.28841033078054185,0.5649885095317342,0.7256280539225523,0.6327768032717774,0.10299548360353938,0.8821112251906805,0.2238361879480609,0.8924211071234377,0.7842923530247843,0.3088066602662209,0.443003561930104,0.24825834737171118,0.8349133087236487,0.6556065055053105,0.3412413441167691,0.32848322353998755,0.5396396682182897,0.40240451001222716,0.26197299069292007,0.5497844076398235,0.722474409185605,0.665214757219145,0.5400602150830422,0.09855483759013679,0.15087093741515506,0.811476305521027,0.6070207084433198,0.35923465715295877,0.7364207914964341,0.6521053478317105,0.5973766983971297,0.21777011814046573,0.5739143596703846,0.7968630670714809,0.28326895154871196,0.6441066041037742,0.5657073183188919,0.12087617613397915,0.3554332027469922,0.7049207914950941,0.9655407783602781,0.27120668623525385,0.720402832057634,0.49556317942426975,0.5228424505856573,0.0638612882334733,0.6122819950861833,0.42755864079487194,0.5105445437396287,0.5305754582400997,0.312116966414506,0.3344526741390602,0.6216941299600416,0.6092968699961735,0.2951370229682639,0.9383610535352253,0.21903953190428754,0.4625639211234723,0.6104218887800683,0.9167016726908039,0.6594778647861416,0.7289713226632516,0.6341413518454188,0.5015828282263286,0.2961821079186674,0.40901486410914434,0.8501809713541457,0.6905952594472042,0.4865740488208896,0.571056525663782,0.4767108110712277,0.5915997219593206,0.3090641400627849,0.41126107625347724,0.8715600271325908,0.7289296951457017,0.662871107279631,0.20435334351396012,0.42302120528018117,0.5429436296603245,0.8237581442821914,0.3153598058856174,0.5857927549889663,0.6215656202277731,0.5186120600287154,0.8207337630970308,0.9626621216247917,0.3044611727141167,0.6657266725445663,0.373276710013582,0.6917283723109875,0.7440787570443037,0.584743191998725,0.39474212811494436,0.1556198135598165,0.25330584537718076,0.892180849967483,0.13182824067380136,0.3041908593876113,0.5406385798778682,0.2495022397690496,0.20589921688965845,0.46633204738320944,0.7206136372660559,0.9284850737360872,0.5800739605684309,0.8231626647834346,0.30712546886725856,0.9152881450240826,0.6950110832358686,0.5671539479936752,0.5579927687109365,0.6790379647150626,0.7380386611282004,0.20441465290561406,0.6633055259133536,0.42372736118274124,0.5813326464451878,0.605681029998018,0.6347768829125819,0.13463613252550366,0.5481297540990939,0.833044054662188,0.7592319169091032,0.2928204274432136,0.548996384641864,0.34962400016008743,0.605927267677994,0.6136965823752013,0.4985746801089197,0.6507682959793263,0.8727282658498996,0.8013780710784467,0.11253141943754867,0.8127363292165003,0.3499648592761945,0.5059431432883695,0.8590201081396615,0.4430264167486026,0.2579950823157076,0.5081907220976204,0.7263426804478046,0.7107190027661519,0.5237926297732052,0.41914732512851965,0.5781494153413981
G4YW_PBMC,0.4691397578374508,0.561339179376151,0.5573336504460972,0.5817571643697715,0.6305631243672569,0.14263071410806846,0.5664745062500732,0.42255692236018894,0.35574971293150026,0.3492456732020793,0.41729914039588223,0.7186582426827558,0.4890303395241037,0.3490841010160563,0.6853493063226109,0.6359197297505241,0.5239013256669731,0.2935925761307573,0.8816276863754985,0.572090875562603,0.5380985759611742,0.46350182565050263,0.2285397819192049,0.9186238032162362,0.18352370690535647,0.23182106853269346,0.4719854365216108,0.334159410182112,0.33890221380536856,0.8015459282390969,0.32393996286849686,0.6895363644139618,0.5444863339640962,0.7376036988920505,0.40795320535298446,0.5697127114508322,0.6216501308267229,0.3926257085973079,0.4212060070564611,0.6387267404663596,0.5944038951928748,0.5242001699906483,0.6462411229731422,0.5781915138356513,0.8606135057965228,0.1295922493136827,0.447828872695813,0.7295539120054897,0.5580369904745514,0.15256894746541386,0.9269888249335105,0.25242422916669804,0.13157903594440148,0.30549671557983965,0.38134123375941437,0.43733560323285864,0.3744936204751759,0.7431616649740019,0.2902552114734193,0.7013038670674155,0.8451178561549264,0.15405554326340365,0.5836343001705916,0.5178879159667584,0.942622147040944,0.1755274850507296,0.6088104651342516,0.6204995764199516,0.3191128380339463,0.6253666081352457,0.6737642538645041,0.5617918721450903,0.7544644718552015,0.8573722047083582,0.23209717902587298,0.26682847045196906,0.7063939840844863,0.47864022192241906,0.45621125293247733,0.933047436411386,0.967262030255017,0.19900553743120458,0.20544323406465603,0.8105008676693001,0.4326493968387883,0.7730478915792239,0.7358848911603854,0.5760066231041648,0.430872426520823,0.18561865025122595,0.7413185188241366,0.2302434247096741,0.6357449700093419,0.433047234216897,0.8335646150745731,0.564300987461195,0.4610515491586163,0.18913964235622663,0.12111854794486504,0.324064367300582,0.24620111241946657,0.2908357460593633,0.8799555619235633,0.48878187880027923,0.8051599502427212,0.9214675706075497,0.12170617416244411,0.8863939467896526,0.7121283503893074,0.9534241814199056,0.941517554504357,0.7593675399049155,0.40120569916558474,0.7154703476951645,0.14409072906903875,0.9355394787980429,0.7719722051322757,0.3788246097360408,0.6866102616133014,0.8121499725570929,0.9475212810217115,0.37460971629061773,0.244287933484056,0.10422086619546231,0.3695615555135279,0.9432040458761229,0.5851733667915341,0.7176005069184704,0.2138216766595984,0.5088227646549071,1.0,0.2349419345669506,0.9037083831502591,0.8313151742333771,0.843824027534023,0.6805570268827159,0.4571249335398844,0.7149671538759359,0.17844359237293306,0.6775823848703885,0.13577735843055871,0.35049092873100834,0.03584018009200664,0.6210108915956453,0.2576102338212577,0.42335123047930195,0.28411485183735746,0.6028266472300926,0.5249458957684607,0.7899168678202239,0.39875711146369025,0.5578659770271707,0.5403001370483062,0.1906702842538753,0.6037866059669404,0.4817971564296527,0.3095289883418357,0.3447107675453865,0.6124223889227464,0.32845213010179525,0.2351179442371412,0.9251622809247164,0.550201310750111,0.6648507565029198,0.45369463489023176,0.7983701075727964,0.6654896227553485,0.6502820142201687,0.4741812327247416,0.0676319785074292,0.7777128816655633,0.6528217425373976,0.5913827077425676,0.9612429000728272,0.21745546329454432,0.5738386612628968,0.3331627565104476,0.2694102868711949,0.47900176836060954,0.30168169257953203,0.8051095350263398,0.41307690224214033,0.27374622179845504,0.37939287041319786,0.1740560779058399,0.5930373806533251,0.6998243376118269,0.30403594251142313,0.42304648099404746,0.7887139147581294,0.15368615809424713,0.23902823462365466,0.22127379853616555,0.48636671459265385,0.728719170421546,0.9589961353861528,0.25609389785192166,0.6368810260958169,0.6769590220987225,0.8913154330924237
4DUY_PBMC,0.8615709340385355,0.8307841592667506,0.30675038977364444,0.7073556826482145,0.37348992226072175,0.5139469135444883,0.673442187573614,0.5436254218850849,0.15761668247581276,0.15681616965624098,0.5487958442539744,0.3403333467590378,0.3770147948597422,0.6554544862819894,0.2893404626216183,0.5969954973682603,0.7625304078300458,0.8682390497403778,1.0,0.8951822611832021,0.3520185369839877,0.5049808620446978,0.06207524570715386,0.870293145831932,0.6502110421079373,0.5798864636671575,0.436552907568066,0.3251656349047204,0.2223472569187283,0.7518169267462685,0.4225574827140197,0.30485926628372606,0.8951777388074815,0.492959482974219,1.0,0.8309747073543368,0.6101667901240714,0.40797007355163795,0.45428288885692225,0.7441228442859213,0.984104676450083,0.5828478659795484,0.29445144491162695,0.4568974989642361,0.22962030801958397,0.2620314179992389,0.46266427992858383,0.6165320948638887,0.5329709066246999,0.1462018954713852,0.33959303241586364,0.2778723811762577,0.9743411387988595,0.8050994994910649,0.5909225665575073,0.5831852533333063,0.6482689263713194,0.30011923213504027,0.4895989573006478,0.35510146239490437,0.7255964478756644,0.6275224551988788,0.7248521244591765,0.7893267463287927,0.5534342991150407,0.8472938017586966,0.5437964384133914,0.8413121650536428,0.3847347064729906,0.44019153943847295,0.5676857808074326,0.2942702412251535,0.5235664975999536,0.6626810065168948,0.186381285721044,0.7593357465918906,0.5356043733206908,0.6874809228871028,0.3648505438510959,0.7939595296616272,0.5415533884412925,0.1577314562312327,0.8013687965471346,0.9782995778156043,0.320571865157819,0.6799385364521442,0.5806097453877778,0.10108902126270769,0.48590890446880314,0.36495107983227126,0.8234191736899932,0.6038415832031941,0.4348313375769678,0.5383970857277259,0.8050541687549853,0.07477420169967298,0.8761643601776137,0.7873127558794909,0.83493924811552,0.22766593268853288,0.898111174829024,0.4884745202818621,0.4871297835045333,0.12638068654463527,0.4794007719348015,0.5558364237487671,0.9164560507610431,0.45250525189532986,0.510272680019225,0.821449811065879,0.8671660697115573,0.553717227722891,0.24044035417085996,0.31904168101766694,0.7311949619587815,0.5113677226915131,0.47573859905389404,0.12159005772034873,0.3660560527530688,0.4583862931560519,0.5314072025824702,0.2410849307066672,0.18993970328051632,0.49308035663939837,0.9759646710661386,0.3278079900836343,0.5647160711878566,0.5467674770941847,0.2515824774918124,0.22693876274633581,0.8335798851648443,0.58832591737083,0.8204871688188253,0.6180470103774705,0.33368162452581507,0.4387657281066645,0.18522904928840306,0.5506990194513774,0.7790539637777786,0.8115871397872187,0.05445927355687914,0.4403001391374591,0.5105511358263815,0.9476573741824347,0.961665965221943,0.5282012197250703,0.2948536191167146,0.453110851685075,0.46566914187951375,0.4601562266141765,0.12348336028373433,0.6618598809314147,0.8425953798056703,0.33918575063460504,0.4696656266637348,0.1804299314346456,0.7890684772501284,1.0,0.24705509738621495,0.3561530449379986,0.5721222889407253,0.6060373464272427,0.4514283128819691,0.43993300625137555,0.2128299355598924,0.4452726598079555,0.7981727288444181,0.9593958585456915,0.6025167792856709,0.8612299940571256,0.519460235638213,0.7330757033710151,0.35485610984107824,0.5659811258401273,0.19531953636179583,0.6357618137747588,0.5041506012230952,0.6895839459798406,0.4599783649726809,0.6179669556373962,0.3362696912316791,0.40556836792108525,0.5594179623175559,0.956285026453714,0.5284246413375173,0.13237125796815266,0.5409236275398054,0.6428620528691916,0.48626125774561113,0.48173002540015414,0.6162310569191666,0.44829372533362527,0.5620373755661715,0.49093931203053565,0.3683611533036579,0.9832784929530025,0.8307181141167516,0.4963836285403022,0.7064033338582807,0.5524791336079924
36TS_PBMC,0.381420864145606,0.44971152197787306,0.7042590320234081,0.24578908384074244,0.4074534635808732,0.5585676917892042,0.40607198900288954,0.6488914930265391,0.4653383862872555,0.2896562358810799,0.3037611799702365,0.39566913732810394,0.6560467650845326,0.6042058510909555,0.20686458606953884,0.38318724431359197,0.7976614520213854,0.7674127992317948,0.5138975800925293,0.5401455409534145,0.20814239578240157,0.3288925865151273,0.4170970629518837,0.4346047020525169,0.3443609036262522,0.6516244241487131,0.7010887220906729,0.5265236237327149,0.13843396533563077,0.09940307634088824,0.7859696495562867,0.12923900080348552,0.5914305630774495,0.3501859542369948,0.47937924202726706,0.740458817086095,0.7603297748180298,0.7823037414190859,0.7123450307771311,0.7984885655969977,0.2794544516875901,0.31184307767795566,0.7825416569677996,0.7305533782531548,0.7028374379244061,0.5346351074983603,0.5819014986615484,0.13826386986268313,0.6643963539702815,0.32600172295141155,0.5349931823852708,0.3311230234546161,0.6311552901496257,0.4831624274116054,0.20326876285177933,0.6883827253486682,0.43682070930876055,0.31886560990095103,0.34563999545255064,0.9519641336865,0.784992876578761,0.4474613350377887,0.30675928310287387,0.16705015960344666,0.49993936681448053,0.7780680236009755,0.7083827569288432,0.3201382695888479,0.19528992265385153,0.8032455383772784,0.9051056476684216,0.292192663600148,0.7158955198672629,0.797962850054042,0.553660675839992,0.49230673040449996,0.31412375778648327,0.2787075641565212,0.3490079524918044,0.7452993684020633,0.6180238723467234,0.31652990343395826,0.6101676740659121,0.25798330535950853,0.6453814725305819,0.556386234465171,0.26919476775901463,0.8606250723637011,0.35969649770929746,0.24956916740793753,0.25082448743096775,0.7123988366359975,0.8321841919647437,0.6122919470946756,0.3544289846142047,0.6659033347160062,0.1539797068087652,0.378423842763103,0.923170695295757,0.5324470686447395,0.6276133692944976,0.20498026798645874,0.4801478149004369,0.6129398155763498,0.6266308667083208,0.8948319110288717,0.34829205810808345,0.5643468620714515,0.709565397376118,0.8300075091344632,0.9401655238802411,0.5707350192675553,0.48146953185688357,0.23708143499156845,0.4898959312390583,0.3363815969589999,0.11701548020378959,0.5923486686541928,0.1925296647068721,0.3082528187494502,0.18390483791676307,0.4589011449879,0.6845991868260621,0.24071647995866854,0.9035759327056998,0.6837234838614255,0.24372060951782076,0.3467881322040113,0.3110605562210745,0.874842758680803,0.8406838566291257,0.363238262172312,0.13453997637147214,0.5884044714980617,0.5737081984642095,0.27650159418674897,0.5582212791598735,0.6632669869557345,0.8911800319465306,0.5137555286834726,0.14404004419009345,0.6214237358098299,0.202760593936686,0.45978607152525935,0.8899741881684516,0.4594658258025612,0.139831062540838,0.7004014082342688,0.3030766775439189,0.03180021573673974,0.4721538013685016,0.3971970187692637,0.20796118142862383,0.8198618887264758,0.7510196136433407,0.4496499381631572,0.7033089919240014,0.6237439421308362,0.7994083230556202,0.19444190738352396,0.421447491650943,0.20822090751752756,0.7729674155084354,0.7247048140006628,0.22079212465143827,0.3120870397636837,0.8016077726830274,0.2728995123005606,0.2816718217612183,0.27494245717513255,0.28764416708292206,0.46293004084469996,0.7937266005475799,0.7381974695314739,0.17802175072288476,0.3552707125648285,0.4459786213678622,0.42792030233439443,0.1875367498981041,0.6216277760075034,0.9118512812685771,0.5605661647368727,0.3054272711910666,0.3111295424261194,0.7868887572442239,0.593599724939968,0.2482542967370142,0.7087944454903075,0.5408426615158308,0.6355587790553435,0.5772771349829409,0.6422626163103363,0.27086959233818464,0.33279269247535864,0.3868864523043762,0.1199529803338864,0.5132883217489432,0.5007730485371441,0.5550569676738052,0.01261493338353919
CR3L_PBMC,0.5595870839214612,0.7829914472028721,0.35965678830257003,0.7481015315988353,0.1655019880434254,0.8027238350123109,0.43664555299824687,0.1790877395334194,0.4715842850877553,0.41375148624721075,0.2583462942952343,0.7781898611216463,0.3676569220093929,0.47052454132264676,0.3840221264582952,0.2632963992096915,0.19814499241356717,0.23195200082523734,0.20530862515029003,0.5283856644324098,0.5140007219856088,0.6986931619181487,0.5842921868383685,0.3080972903778011,0.25382974209980697,0.34296994421615323,0.21354921231803076,0.42151130026419564,0.6632127555286149,0.6931861028121711,0.019865235369498174,0.6346058297487391,0.43849050365966613,0.7217497221369427,0.32023837896880725,0.18174603782401264,0.49788551282382526,0.36224103985393497,0.9271567921417974,0.09412141345107264,0.5436418611201929,0.5706806827462656,0.42037341374410225,0.5860866169637742,0.9534945973445264,0.8768179846362747,0.5725251491559217,0.8441082321911673,0.6468834053236677,0.4823979693801493,0.06058164021616409,0.47937882590233694,0.1767810915724684,0.9404017525180349,0.29572074659964587,0.43734430114591377,0.6594014500561577,0.732311190293308,0.33742603075003175,0.4820984319551265,0.13918045767728016,0.11845952961014192,0.5291554440514541,0.6885865995240945,0.5073375674885774,0.42887578179006963,0.49588702323033423,0.5812799826549974,0.17219274434809279,0.478455254676502,0.5623641857115543,0.11429316512465067,0.5012131687571324,0.5005572806307703,0.6406301843388156,0.9468224730740196,0.35392498340647754,0.9423538949420913,0.499469241364576,0.9085670695911817,0.3103237343881544,0.5038132129174441,0.5092291404283811,1.0,0.6499767486484113,0.30477870367831505,0.3123477157595236,0.5524376173331869,0.38752694629623363,0.6007802772997464,0.22807792177461356,0.8556674589558758,0.49341540790755706,0.2700995090651973,0.6853912779707049,0.6159869002981768,0.5257786954737178,0.46431105620829566,0.7092961915324847,0.6024419418204505,0.1806995884786282,0.06267828950754312,0.5301677450165309,0.6790554268567733,0.6041310561760687,0.5708772858778937,0.4387024208057856,0.35428485199445714,0.16879853566867206,0.8868633639426168,0.6360799468989679,0.5405124670067973,0.22392840838783634,0.2823490164792874,0.5929047088718384,0.6386704368721392,0.04115427274623395,0.524899887431643,0.3068450824525742,0.6230338756755063,0.7389555785736184,0.2997929972204673,0.27223961236913796,0.7737319664220798,0.26233467953364925,0.31400873760786924,0.5650676355847428,0.3560764878832197,0.7352182626707758,0.48679925474708385,0.32918774619018565,0.1873314322368544,0.5664399806293332,0.39527627283233685,0.34935991171827924,0.5094924061122921,0.6959885985925247,0.3738479792435874,0.13279778471167797,0.2894723388140705,0.541877758349347,0.2856351860084958,0.9795580358133893,0.8291337961850603,0.1939507738676839,0.6228590762055436,0.6013887003675553,0.41057883501368925,0.42105907684160754,0.6712614480300023,0.454226368425314,0.5781519427097608,0.738615328574837,0.34026074912585547,0.49015478822861924,0.6642370858709082,0.5789145461416676,0.40382365268796044,0.47634800615033707,0.9367239973549117,0.5809871343257573,0.14776567459089743,0.6283141450330167,0.36716839658541495,0.864225038956361,0.6966701588724126,0.9964742928011178,0.7377307806461827,0.3687231966361762,0.7562697359345842,0.6439342101130308,0.24881399177184496,0.6896791851819805,0.21570788199165428,0.6861714472984575,0.57278399306868,0.4870878662851183,0.8281311274495154,0.42950893184213956,0.5498590699060608,0.34202830830932307,0.5911183196534553,0.14607661982513767,0.9177334530182961,0.6754014734313981,0.5137147652396364,0.4796002346785174,0.2252102649430841,0.19184534102621315,0.7433036749726318,0.592306735104945,0.12704662307787784,0.5120071426526169,0.6455896639356502,0.5168373454210233,0.16756381001546108,0.7403162674187568,0.2192457151869652,0.49196927670626256,0.8863518819335482
