{
  "n_bootstrap": 1000,
  "confidence_level": 0.95,
  "metrics": {
    "accuracy": {
      "mean": 0.6474000000000001,
      "std": 0.10539563558326312,
      "ci_lower": 0.45,
      "ci_upper": 0.85
    },
    "precision": {
      "mean": 0.6727351811138209,
      "std": 0.10680787334850243,
      "ci_lower": 0.45499999999999996,
      "ci_upper": 0.8875
    },
    "recall": {
      "mean": 0.6474000000000001,
      "std": 0.10539563558326312,
      "ci_lower": 0.45,
      "ci_upper": 0.85
    },
    "f1": {
      "mean": 0.6472008316376512,
      "std": 0.1057035190951991,
      "ci_lower": 0.4426087719298246,
      "ci_upper": 0.851150895140665
    },
    "auc": {
      "mean": 0.5783697396149603,
      "std": 0.14441488552080586,
      "ci_lower": 0.29,
      "ci_upper": 0.870125
    },
    "average_precision": {
      "mean": 0.5806210359823403,
      "std": 0.14104837741454956,
      "ci_lower": 0.3313347763347763,
      "ci_upper": 0.8879904593416311
    },
    "specificity": {
      "mean": 0.6857090256149079,
      "std": 0.15179481547346632,
      "ci_lower": 0.375,
      "ci_upper": 1.0
    },
    "npv": {
      "mean": 0.6337063601431248,
      "std": 0.15143380472051024,
      "ci_lower": 0.33269230769230823,
      "ci_upper": 0.9090909090909091
    }
  }
}