{
  "n_bootstrap": 1000,
  "confidence_level": 0.95,
  "metrics": {
    "accuracy": {
      "mean": 0.40395,
      "std": 0.10914163962484713,
      "ci_lower": 0.2,
      "ci_upper": 0.6
    },
    "precision": {
      "mean": 0.42108623833274567,
      "std": 0.1233021920635197,
      "ci_lower": 0.19156250000000008,
      "ci_upper": 0.6666758241758243
    },
    "recall": {
      "mean": 0.40395,
      "std": 0.10914163962484713,
      "ci_lower": 0.2,
      "ci_upper": 0.6
    },
    "f1": {
      "mean": 0.3972926859125578,
      "std": 0.11185186305698436,
      "ci_lower": 0.19178873130279792,
      "ci_upper": 0.6084280303030302
    },
    "auc": {
      "mean": 0.45662668005197415,
      "std": 0.1440785200762093,
      "ci_lower": 0.1874828296703297,
      "ci_upper": 0.7473214285714285
    },
    "average_precision": {
      "mean": 0.50321872337399,
      "std": 0.12554916154966494,
      "ci_lower": 0.2793289944182802,
      "ci_upper": 0.774983887341919
    },
    "specificity": {
      "mean": 0.5079454524233936,
      "std": 0.1588664315965479,
      "ci_lower": 0.19954545454545497,
      "ci_upper": 0.8
    },
    "npv": {
      "mean": 0.425859498181557,
      "std": 0.14309889529510691,
      "ci_lower": 0.15384615384615385,
      "ci_upper": 0.7142857142857143
    }
  }
}