{
  "n_bootstrap": 1000,
  "confidence_level": 0.95,
  "metrics": {
    "accuracy": {
      "mean": 0.5986500000000001,
      "std": 0.10943343867392635,
      "ci_lower": 0.4,
      "ci_upper": 0.8
    },
    "precision": {
      "mean": 0.6289301247118894,
      "std": 0.11803406401938028,
      "ci_lower": 0.38241758241758245,
      "ci_upper": 0.8505494505494505
    },
    "recall": {
      "mean": 0.5986500000000001,
      "std": 0.10943343867392635,
      "ci_lower": 0.4,
      "ci_upper": 0.8
    },
    "f1": {
      "mean": 0.5943225782760037,
      "std": 0.11195258180674089,
      "ci_lower": 0.37573863636363636,
      "ci_upper": 0.8
    },
    "auc": {
      "mean": 0.6091425239221563,
      "std": 0.13397680841143722,
      "ci_lower": 0.33,
      "ci_upper": 0.8501785714285713
    },
    "average_precision": {
      "mean": 0.6946199199647707,
      "std": 0.13006163134111848,
      "ci_lower": 0.4074122104138552,
      "ci_upper": 0.903669863633099
    },
    "specificity": {
      "mean": 0.7072331985008455,
      "std": 0.14887550555561818,
      "ci_lower": 0.375,
      "ci_upper": 1.0
    },
    "npv": {
      "mean": 0.5737804428414722,
      "std": 0.14384221334969033,
      "ci_lower": 0.3,
      "ci_upper": 0.8461538461538461
    }
  }
}