{
  "brier_score": 0.29092534212504056,
  "expected_calibration_error": 0.2570183996111946,
  "maximum_calibration_error": 0.8132929793955733,
  "fraction_of_positives": [
    0.0,
    0.3333333333333333,
    0.75,
    0.5,
    0.5,
    0.3333333333333333,
    0.0
  ],
  "mean_predicted_value": [
    0.2643902577531437,
    0.385651252545924,
    0.4596864474628521,
    0.5293306594306592,
    0.6506293630441774,
    0.7411008440635153,
    0.8132929793955733
  ],
  "n_bins": 10
}