{
  "brier_score": 0.23715395156162294,
  "expected_calibration_error": 0.09865802213563254,
  "maximum_calibration_error": 0.3723284156016654,
  "fraction_of_positives": [
    0.0,
    0.5,
    0.5714285714285714,
    1.0
  ],
  "mean_predicted_value": [
    0.3723284156016654,
    0.447521883121191,
    0.5233852507340553,
    0.6325808021403824
  ],
  "n_bins": 10
}