{
  "brier_score": 0.2426978762538436,
  "expected_calibration_error": 0.1949388752250454,
  "maximum_calibration_error": 0.42894259424459735,
  "fraction_of_positives": [
    0.0,
    0.4,
    0.4,
    1.0,
    0.4
  ],
  "mean_predicted_value": [
    0.29193591664625745,
    0.3465897628384581,
    0.4698801329139826,
    0.5710574057554026,
    0.6549238720997278
  ],
  "n_bins": 10
}