ensembl_gene_id,external_gene_name,gene_biotype,chromosome_name,start_position,end_position,strand,description
ENSG00000005243,COPZ2,protein_coding,17,48026142,48038030,-1,COPI coat complex subunit zeta 2 [Source:HGNC Symbol;Acc:HGNC:19356]
ENSG00000007541,PIGQ,protein_coding,16,566995,584120,1,phosphatidylinositol glycan anchor biosynthesis class Q [Source:HGNC Symbol;Acc:HGNC:14135]
ENSG00000013503,POLR3B,protein_coding,12,106357693,106510201,1,RNA polymerase III subunit B [Source:HGNC Symbol;Acc:HGNC:30348]
ENSG00000090013,BLVRB,protein_coding,19,40447765,40465826,-1,biliverdin reductase B [Source:HGNC Symbol;Acc:HGNC:1063]
ENSG00000102837,OLFM4,protein_coding,13,53028813,53052057,1,olfactomedin 4 [Source:HGNC Symbol;Acc:HGNC:17190]
ENSG00000104332,SFRP1,protein_coding,8,41261956,41309511,-1,secreted frizzled related protein 1 [Source:HGNC Symbol;Acc:HGNC:10776]
ENSG00000105063,PPP6R1,protein_coding,19,55229776,55259070,-1,protein phosphatase 6 regulatory subunit 1 [Source:HGNC Symbol;Acc:HGNC:29195]
ENSG00000107874,CUEDC2,protein_coding,10,102423242,102432718,-1,CUE domain containing 2 [Source:HGNC Symbol;Acc:HGNC:28352]
ENSG00000110756,HPS5,protein_coding,11,18278668,18322523,-1,HPS5 biogenesis of lysosomal organelles complex 2 subunit 2 [Source:HGNC Symbol;Acc:HGNC:17022]
ENSG00000116406,EDEM3,protein_coding,1,184690237,184754907,-1,ER degradation enhancing alpha-mannosidase like protein 3 [Source:HGNC Symbol;Acc:HGNC:16787]
ENSG00000125551,PLGLB2,protein_coding,2,87748085,87759723,1,plasminogen like B2 [Source:HGNC Symbol;Acc:HGNC:9073]
ENSG00000135931,ARMC9,protein_coding,2,231198546,231376848,1,armadillo repeat containing 9 [Source:HGNC Symbol;Acc:HGNC:20730]
ENSG00000147576,ADHFE1,protein_coding,8,66432467,66468907,1,alcohol dehydrogenase iron containing 1 [Source:HGNC Symbol;Acc:HGNC:16354]
ENSG00000151490,PTPRO,protein_coding,12,15322257,15602175,1,protein tyrosine phosphatase receptor type O [Source:HGNC Symbol;Acc:HGNC:9678]
ENSG00000158887,MPZ,protein_coding,1,161304735,161309968,-1,myelin protein zero [Source:HGNC Symbol;Acc:HGNC:7225]
ENSG00000160867,FGFR4,protein_coding,5,177086456,177098151,1,fibroblast growth factor receptor 4 [Source:HGNC Symbol;Acc:HGNC:3691]
ENSG00000164086,DUSP7,protein_coding,3,52048919,52056571,-1,dual specificity phosphatase 7 [Source:HGNC Symbol;Acc:HGNC:3073]
ENSG00000167861,HID1,protein_coding,17,74950741,74973166,-1,HID1 domain containing [Source:HGNC Symbol;Acc:HGNC:15736]
ENSG00000171116,HSFX1,protein_coding,X,149774068,149776867,1,"heat shock transcription factor family, X-linked 1 [Source:HGNC Symbol;Acc:HGNC:29603]"
ENSG00000172301,COPRS,protein_coding,17,31851871,31859291,-1,coordinator of PRMT5 and differentiation stimulator [Source:HGNC Symbol;Acc:HGNC:28848]
ENSG00000172717,GARIN2,protein_coding,14,67189393,67228550,1,golgi associated RAB2 interactor family member 2 [Source:HGNC Symbol;Acc:HGNC:20101]
ENSG00000173402,DAG1,protein_coding,3,49468649,49535619,1,dystroglycan 1 [Source:HGNC Symbol;Acc:HGNC:2666]
ENSG00000175137,SH3BP5L,protein_coding,1,248810446,248826522,-1,SH3 binding domain protein 5 like [Source:HGNC Symbol;Acc:HGNC:29360]
ENSG00000176239,OR51B6,protein_coding,11,5351508,5352446,1,olfactory receptor family 51 subfamily B member 6 [Source:HGNC Symbol;Acc:HGNC:19600]
ENSG00000179930,ZNF648,protein_coding,1,182054570,182061712,-1,zinc finger protein 648 [Source:HGNC Symbol;Acc:HGNC:18190]
ENSG00000182759,MAFA,protein_coding,8,143419182,143430732,-1,MAF bZIP transcription factor A [Source:HGNC Symbol;Acc:HGNC:23145]
ENSG00000184677,ZBTB40,protein_coding,1,22428838,22531157,1,zinc finger and BTB domain containing 40 [Source:HGNC Symbol;Acc:HGNC:29045]
ENSG00000187257,RSBN1L,protein_coding,7,77696459,77783022,1,round spermatid basic protein 1 like [Source:HGNC Symbol;Acc:HGNC:24765]
ENSG00000189269,DRICH1,protein_coding,22,23608452,23632321,-1,aspartate rich 1 [Source:HGNC Symbol;Acc:HGNC:28031]
ENSG00000199158,MIR96,miRNA,7,129774692,129774769,-1,microRNA 96 [Source:HGNC Symbol;Acc:HGNC:31648]
ENSG00000199350,RNA5SP432,rRNA_pseudogene,16,84039918,84040033,-1,"RNA, 5S ribosomal pseudogene 432 [Source:HGNC Symbol;Acc:HGNC:43332]"
ENSG00000199885,RNU6-330P,snRNA,X,74680053,74680159,1,"RNA, U6 small nuclear 330, pseudogene [Source:HGNC Symbol;Acc:HGNC:47293]"
ENSG00000204532,ZSCAN5C,protein_coding,19,56202273,56209461,1,zinc finger and SCAN domain containing 5C [Source:HGNC Symbol;Acc:HGNC:34294]
ENSG00000204612,FOXB2,protein_coding,9,77018706,77022372,1,forkhead box B2 [Source:HGNC Symbol;Acc:HGNC:23315]
ENSG00000204711,CFAP95,protein_coding,9,69820815,69906655,1,cilia and flagella associated protein 95 [Source:HGNC Symbol;Acc:HGNC:31422]
ENSG00000207089,RNU6-921P,snRNA,14,68735922,68736028,-1,"RNA, U6 small nuclear 921, pseudogene [Source:HGNC Symbol;Acc:HGNC:47884]"
ENSG00000207365,Y_RNA,misc_RNA,12,93021606,93021712,1,Y RNA [Source:RFAM;Acc:RF00019]
ENSG00000212455,,snoRNA,2,18040606,18040733,-1,
ENSG00000222205,RNA5SP266,rRNA_pseudogene,8,57126655,57126762,-1,"RNA, 5S ribosomal pseudogene 266 [Source:HGNC Symbol;Acc:HGNC:43166]"
ENSG00000224384,,lncRNA,6,96785137,96795821,1,novel transcript
ENSG00000224751,SHMT1P1,processed_pseudogene,1,43850300,43851611,-1,SHMT1 pseudogene 1 [Source:HGNC Symbol;Acc:HGNC:10851]
ENSG00000225731,PDE9A-AS1,lncRNA,21,42733593,42741820,-1,PDE9A antisense RNA 1 [Source:HGNC Symbol;Acc:HGNC:40440]
ENSG00000226047,,lncRNA,9,107117459,107121705,-1,novel transcript
ENSG00000228051,WBP11P3,processed_pseudogene,X,80560146,80562054,1,WBP11 pseudogene 3 [Source:HGNC Symbol;Acc:HGNC:54789]
ENSG00000228229,,lncRNA,1,13324039,13324518,1,novel transcript
ENSG00000228495,LINC01013,lncRNA,6,131901797,132169995,1,long intergenic non-protein coding RNA 1013 [Source:HGNC Symbol;Acc:HGNC:48987]
ENSG00000231470,HMGB3P2,processed_pseudogene,20,36076018,36076601,-1,high mobility group box 3 pseudogene 2 [Source:HGNC Symbol;Acc:HGNC:16574]
ENSG00000231494,RPL21P35,processed_pseudogene,2,231559903,231560364,1,ribosomal protein L21 pseudogene 35 [Source:HGNC Symbol;Acc:HGNC:36900]
ENSG00000231793,DOC2GP,transcribed_unitary_pseudogene,11,67612837,67616257,-1,"double C2 domain gamma, pseudogene [Source:HGNC Symbol;Acc:HGNC:37962]"
ENSG00000232296,,processed_pseudogene,1,202028606,202028692,1,"LSM3 homolog, U6 small nuclear RNA associated (S. cerevisiae) (LSM3) pseudogene"
ENSG00000232631,MTND2P23,processed_pseudogene,2,211777206,211777856,1,MT-ND2 pseudogene 23 [Source:HGNC Symbol;Acc:HGNC:42124]
ENSG00000232701,RPL21P108,processed_pseudogene,13,74377163,74377951,-1,ribosomal protein L21 pseudogene 108 [Source:HGNC Symbol;Acc:HGNC:35496]
ENSG00000234001,,processed_pseudogene,7,117586207,117586416,-1,"dynein, cytoplasmic, light polypeptide 1 (DNCL1) pseudogene"
ENSG00000235013,COX20P2,processed_pseudogene,2,230957593,230957950,1,COX20 pseudogene 2 [Source:HGNC Symbol;Acc:HGNC:43772]
ENSG00000237919,LRRC7-AS1,lncRNA,1,70013982,70031222,-1,LRRC7 antisense RNA 1 [Source:HGNC Symbol;Acc:HGNC:40843]
ENSG00000240038,AMY2B,protein_coding,1,103553815,103579534,1,amylase alpha 2B [Source:HGNC Symbol;Acc:HGNC:478]
ENSG00000243296,,lncRNA,3,99331402,99505508,1,novel transcript
ENSG00000248455,LINC02217,lncRNA,5,17403790,17443619,1,long intergenic non-protein coding RNA 2217 [Source:HGNC Symbol;Acc:HGNC:53084]
ENSG00000250286,,lncRNA,17,50525520,50538761,-1,"novel transcript, antisense to EPN3"
ENSG00000251278,,processed_pseudogene,4,10292195,10292708,-1,"pseudogene similar to part of myxovirus (influenza virus) resistance 1, interferon-inducible protein p78 (mouse) (MX1)"
ENSG00000251585,,processed_pseudogene,5,86402465,86402960,1,"ash2 (absent, small, or homeotic)-like (Drosophila) (ASH2L) pseudogene"
ENSG00000251896,SNORD116-27,snoRNA,15,25101575,25101666,1,"small nucleolar RNA, C/D box 116-27 [Source:HGNC Symbol;Acc:HGNC:33093]"
ENSG00000251916,RNU1-61P,snRNA,6,32549940,32550090,-1,"RNA, U1 small nuclear 61, pseudogene [Source:HGNC Symbol;Acc:HGNC:48403]"
ENSG00000252072,RNA5SP320,rRNA_pseudogene,10,73706490,73706613,1,"RNA, 5S ribosomal pseudogene 320 [Source:HGNC Symbol;Acc:HGNC:43220]"
ENSG00000253125,EGR3-AS1,lncRNA,8,22690150,22798616,1,EGR3 and PEBP4 antisense RNA 1 [Source:HGNC Symbol;Acc:HGNC:58186]
ENSG00000253270,CSGALNACT1-AS1,lncRNA,8,19678539,19689562,1,CSGALNACT1 antisense RNA 1 [Source:HGNC Symbol;Acc:HGNC:58187]
ENSG00000254475,OR2AT1P,unprocessed_pseudogene,11,75131138,75131880,-1,olfactory receptor family 2 subfamily AT member 1 pseudogene [Source:HGNC Symbol;Acc:HGNC:15145]
ENSG00000254954,SLC2A13P1,processed_pseudogene,8,60141821,60142142,1,SLC2A13 pseudogene 1 [Source:HGNC Symbol;Acc:HGNC:48929]
ENSG00000255365,,processed_pseudogene,8,14690382,14690619,1,"diazepam binding inhibitor (GABA receptor modulator, acyl-CoA binding protein) (DBI) pseudogene"
ENSG00000255426,,lncRNA,11,45733994,45735766,-1,novel transcript
ENSG00000256663,,processed_pseudogene,12,20551590,20553012,1,ubiquitin-like with PHD and ring finger domains 1 (UHRF1) pseudogene
ENSG00000257103,LSM14A,protein_coding,19,34172426,34229302,1,LSM14A mRNA processing body assembly factor [Source:HGNC Symbol;Acc:HGNC:24489]
ENSG00000258010,,lncRNA,15,80433795,80445152,-1,"novel transcript, antisense to ARNT2"
ENSG00000258098,LINC02286,lncRNA,14,25124467,25156314,-1,long intergenic non-protein coding RNA 2286 [Source:HGNC Symbol;Acc:HGNC:53203]
ENSG00000258506,,processed_pseudogene,14,84951274,84951373,1,ribosomal protein L13a (RPL13A) pseudogene
ENSG00000258654,,lncRNA,15,20344736,20359175,1,novel transcript
ENSG00000258682,,lncRNA,14,58264662,58269681,1,"novel transcript, sense overlapping PSMA3"
ENSG00000258933,LINC02279,lncRNA,14,94960277,94962976,-1,long intergenic non-protein coding RNA 2279 [Source:HGNC Symbol;Acc:HGNC:53195]
ENSG00000259198,,lncRNA,15,40312615,40316634,1,"novel transcript, antisense to PLCB2"
ENSG00000259252,,lncRNA,15,70191799,70198509,-1,novel transcript
ENSG00000259841,LINC01566,lncRNA,16,35363412,35391722,1,long intergenic non-protein coding RNA 1566 [Source:HGNC Symbol;Acc:HGNC:27555]
ENSG00000261025,,lncRNA,1,24968421,24971606,-1,novel transcript
ENSG00000261275,,lncRNA,7,56493124,56497285,1,novel transcript
ENSG00000263857,MIR4729,miRNA,17,59366083,59366154,1,microRNA 4729 [Source:HGNC Symbol;Acc:HGNC:41585]
ENSG00000264330,MIR5186,miRNA,3,151565876,151565995,-1,microRNA 5186 [Source:HGNC Symbol;Acc:HGNC:43459]
ENSG00000271002,,transcribed_processed_pseudogene,17,8199123,8199437,-1,ribosomal protein L11 (RPL11) pseudogene
ENSG00000271379,,processed_pseudogene,12,42069935,42070625,-1,"family with sequence similarity 173, member B (FAM173B) pseudogene"
ENSG00000271583,,processed_pseudogene,2,146833501,146834038,-1,glioblastoma amplified sequence (GBAS) pseudogene
ENSG00000271710,NDUFA8P1,processed_pseudogene,10,74641410,74641776,-1,NADH:ubiquinone oxidoreductase subunit A8 pseudogene 1 [Source:HGNC Symbol;Acc:HGNC:52264]
ENSG00000271723,MROH7-TTC4,protein_coding,1,54641786,54742308,1,MROH7-TTC4 readthrough (NMD candidate) [Source:HGNC Symbol;Acc:HGNC:49180]
ENSG00000272129,,lncRNA,6,80355424,80356859,1,novel transcript
ENSG00000274598,,lncRNA,12,108833721,108834384,-1,"novel transcript, sense intronic to SSH1"
ENSG00000275036,MIR8086,miRNA,10,28289258,28289350,-1,microRNA 8086 [Source:HGNC Symbol;Acc:HGNC:50107]
ENSG00000276859,,misc_RNA,20,58842030,58842132,1,
ENSG00000277128,,lncRNA,14,19124807,19175530,-1,novel transcript
ENSG00000278319,,unprocessed_pseudogene,X,55101637,55102026,-1,"family with sequence similarity 156, member A (FAM156A) pseudogene"
ENSG00000279409,,TEC,15,40258501,40260370,1,TEC
ENSG00000283212,MIR642B,miRNA,19,45674932,45675008,-1,microRNA 642b [Source:HGNC Symbol;Acc:HGNC:38902]
ENSG00000073849,ST6GAL1,protein_coding,3,186930325,187078932,1,"ST6 beta-galactoside alpha-2,6-sialyltransferase 1 [Source:HGNC Symbol;Acc:HGNC:10860]"
ENSG00000084070,SMAP2,protein_coding,1,40344850,40423326,1,small ArfGAP2 [Source:HGNC Symbol;Acc:HGNC:25082]
ENSG00000086666,ZFAND6,protein_coding,15,80058894,80140292,1,zinc finger AN1-type containing 6 [Source:HGNC Symbol;Acc:HGNC:30164]
ENSG00000099814,CEP170B,protein_coding,14,104864541,104896770,1,centrosomal protein 170B [Source:HGNC Symbol;Acc:HGNC:20362]
ENSG00000102539,MLNR,protein_coding,13,49220118,49225201,1,motilin receptor [Source:HGNC Symbol;Acc:HGNC:4495]
ENSG00000114268,PFKFB4,protein_coding,3,48517684,48562015,-1,"6-phosphofructo-2-kinase/fructose-2,6-biphosphatase 4 [Source:HGNC Symbol;Acc:HGNC:8875]"
ENSG00000114541,FRMD4B,protein_coding,3,69168782,69542583,-1,FERM domain containing 4B [Source:HGNC Symbol;Acc:HGNC:24886]
ENSG00000116350,SRSF4,protein_coding,1,29147743,29181922,-1,serine and arginine rich splicing factor 4 [Source:HGNC Symbol;Acc:HGNC:10786]
ENSG00000116473,RAP1A,protein_coding,1,111542218,111716691,1,"RAP1A, member of RAS oncogene family [Source:HGNC Symbol;Acc:HGNC:9855]"
ENSG00000131386,GALNT15,protein_coding,3,16174573,16231992,1,polypeptide N-acetylgalactosaminyltransferase 15 [Source:HGNC Symbol;Acc:HGNC:21531]
ENSG00000135148,TRAFD1,protein_coding,12,112125514,112153610,1,TRAF-type zinc finger domain containing 1 [Source:HGNC Symbol;Acc:HGNC:24808]
ENSG00000140575,IQGAP1,protein_coding,15,90388207,90502239,1,IQ motif containing GTPase activating protein 1 [Source:HGNC Symbol;Acc:HGNC:6110]
ENSG00000148690,FRA10AC1,protein_coding,10,93667883,93703294,-1,FRA10A associated CGG repeat 1 [Source:HGNC Symbol;Acc:HGNC:1162]
ENSG00000149089,APIP,protein_coding,11,34853094,34916520,-1,APAF1 interacting protein [Source:HGNC Symbol;Acc:HGNC:17581]
ENSG00000149187,CELF1,protein_coding,11,47465933,47565569,-1,CUGBP Elav-like family member 1 [Source:HGNC Symbol;Acc:HGNC:2549]
ENSG00000150347,ARID5B,protein_coding,10,61901684,62096944,1,AT-rich interaction domain 5B [Source:HGNC Symbol;Acc:HGNC:17362]
ENSG00000156298,TSPAN7,protein_coding,X,38561498,38689249,1,tetraspanin 7 [Source:HGNC Symbol;Acc:HGNC:11854]
ENSG00000157693,TMEM268,protein_coding,9,114611206,114646422,1,transmembrane protein 268 [Source:HGNC Symbol;Acc:HGNC:24513]
ENSG00000160072,ATAD3B,protein_coding,1,1471756,1497848,1,ATPase family AAA domain containing 3B [Source:HGNC Symbol;Acc:HGNC:24007]
ENSG00000160094,ZNF362,protein_coding,1,33256359,33300719,1,zinc finger protein 362 [Source:HGNC Symbol;Acc:HGNC:18079]
ENSG00000162897,FCAMR,protein_coding,1,206957965,206970625,-1,Fc alpha and mu receptor [Source:HGNC Symbol;Acc:HGNC:24692]
ENSG00000164849,GPR146,protein_coding,7,1044537,1059269,1,G protein-coupled receptor 146 [Source:HGNC Symbol;Acc:HGNC:21718]
ENSG00000169851,PCDH7,protein_coding,4,30720369,31146805,1,protocadherin 7 [Source:HGNC Symbol;Acc:HGNC:8659]
ENSG00000170949,ZNF160,protein_coding,19,53064884,53103434,-1,zinc finger protein 160 [Source:HGNC Symbol;Acc:HGNC:12948]
ENSG00000174442,ZWILCH,protein_coding,15,66504959,66550130,1,zwilch kinetochore protein [Source:HGNC Symbol;Acc:HGNC:25468]
ENSG00000180424,DEFB123,protein_coding,20,31440632,31450257,1,defensin beta 123 [Source:HGNC Symbol;Acc:HGNC:18103]
ENSG00000181350,LRRC75A,protein_coding,17,16441577,16492237,-1,leucine rich repeat containing 75A [Source:HGNC Symbol;Acc:HGNC:32403]
ENSG00000189007,ADAT2,protein_coding,6,143422832,143450695,-1,adenosine deaminase tRNA specific 2 [Source:HGNC Symbol;Acc:HGNC:21172]
ENSG00000199223,Y_RNA,misc_RNA,19,6572956,6573057,-1,Y RNA [Source:RFAM;Acc:RF00019]
ENSG00000199815,,snoRNA,3,8931506,8931631,1,
ENSG00000200222,U3,snoRNA,3,64071807,64072019,-1,Small nucleolar RNA U3 [Source:RFAM;Acc:RF00012]
ENSG00000201492,RNA5SP78,rRNA_pseudogene,1,229549905,229550022,1,"RNA, 5S ribosomal pseudogene 78 [Source:HGNC Symbol;Acc:HGNC:42855]"
ENSG00000203825,,unprocessed_pseudogene,1,143541768,143572834,1,phosphodiesterase 4D interacting protein (myomegalin) (PDE4DIP) pseudogene
ENSG00000204370,SDHD,protein_coding,11,112086824,112120016,1,succinate dehydrogenase complex subunit D [Source:HGNC Symbol;Acc:HGNC:10683]
ENSG00000206663,Y_RNA,misc_RNA,X,19985058,19985159,-1,Y RNA [Source:RFAM;Acc:RF00019]
ENSG00000206701,RNU6-1040P,snRNA,8,84665759,84665865,-1,"RNA, U6 small nuclear 1040, pseudogene [Source:HGNC Symbol;Acc:HGNC:48003]"
ENSG00000212425,RNA5SP105,rRNA_pseudogene,2,137512098,137512210,-1,"RNA, 5S ribosomal pseudogene 105 [Source:HGNC Symbol;Acc:HGNC:42903]"
ENSG00000213483,NDUFAF4P2,processed_pseudogene,7,93844789,93845308,1,NADH:ubiquinone oxidoreductase complex assembly factor 4 pseudogene 2 [Source:HGNC Symbol;Acc:HGNC:44541]
ENSG00000213599,SLX1A-SULT1A3,lncRNA,16,30193892,30204310,1,SLX1A-SULT1A3 readthrough (NMD candidate) [Source:HGNC Symbol;Acc:HGNC:44437]
ENSG00000214694,ARHGEF33,protein_coding,2,38889875,38975454,1,Rho guanine nucleotide exchange factor 33 [Source:HGNC Symbol;Acc:HGNC:37252]
ENSG00000221760,MIR548J,miRNA,22,26555212,26555323,-1,microRNA 548j [Source:HGNC Symbol;Acc:HGNC:35276]
ENSG00000224100,,lncRNA,21,42964639,42965363,-1,"novel transcript, antisense to PKNOX1"
ENSG00000224311,WDTC1-DT,lncRNA,1,27229106,27234514,-1,WDTC1 divergent transcript [Source:HGNC Symbol;Acc:HGNC:55858]
ENSG00000224430,MKRN5P,processed_pseudogene,X,74161062,74162528,-1,"makorin ring finger protein 5, pseudogene [Source:HGNC Symbol;Acc:HGNC:7117]"
ENSG00000224548,,processed_pseudogene,X,127796124,127796733,1,Huntingtin interacting protein K (HYPK) pseudogene
ENSG00000224972,,lncRNA,9,6902670,6978859,1,novel transcript
ENSG00000224988,,processed_pseudogene,9,129883693,129884170,-1,60S ribosomal protein L34 (RPL34) pseudogene
ENSG00000225437,PACRG-AS2,lncRNA,6,163042557,163054161,-1,PACRG antisense RNA 2 [Source:HGNC Symbol;Acc:HGNC:40871]
ENSG00000230673,PABPC1P3,processed_pseudogene,X,74583088,74583546,-1,poly(A) binding protein cytoplasmic 1 pseudogene 3 [Source:HGNC Symbol;Acc:HGNC:8560]
ENSG00000231317,,transcribed_unprocessed_pseudogene,7,55656768,55678490,-1,coiled-coil domain containing 144C (CCDC144C) pseudogene
ENSG00000235615,,lncRNA,2,131964731,131979873,-1,novel transcript
ENSG00000235990,RPL23AP20,processed_pseudogene,1,241916123,241916543,1,ribosomal protein L23a pseudogene 20 [Source:HGNC Symbol;Acc:HGNC:36622]
ENSG00000237024,RPL21P33,processed_pseudogene,2,60852260,60852743,1,ribosomal protein L21 pseudogene 33 [Source:HGNC Symbol;Acc:HGNC:36686]
ENSG00000237129,MTCYBP34,processed_pseudogene,22,36175857,36176526,1,MT-CYB pseudogene 34 [Source:HGNC Symbol;Acc:HGNC:52302]
ENSG00000237153,,lncRNA,9,16917511,17114128,1,novel transcript
ENSG00000237666,,transcribed_unprocessed_pseudogene,2,106470799,106477669,-1,pseudogene similar to part of anaphase promoting complex subunit 1 ANAPC1
ENSG00000237941,KCNQ1DN,lncRNA,11,2870033,2872105,1,KCNQ1 downstream neighbor [Source:HGNC Symbol;Acc:HGNC:13335]
ENSG00000238257,,unprocessed_pseudogene,21,30762682,30762882,-1,novel keratin associated protein 21 (KRTAP21) family pseudogene
ENSG00000238685,,snoRNA,16,12297197,12297323,-1,
ENSG00000238795,SCARNA12,snoRNA,12,6967337,6967606,-1,small Cajal body-specific RNA 12 [Source:HGNC Symbol;Acc:HGNC:32569]
ENSG00000240306,RN7SL100P,misc_RNA,9,26895678,26895970,1,"RNA, 7SL, cytoplasmic 100, pseudogene [Source:HGNC Symbol;Acc:HGNC:46116]"
ENSG00000240793,UBA52P8,processed_pseudogene,16,48334471,48334854,-1,ubiquitin A-52 residue ribosomal protein fusion product 1 pseudogene 8 [Source:HGNC Symbol;Acc:HGNC:35625]
ENSG00000242114,MTFP1,protein_coding,22,30425623,30429054,1,mitochondrial fission process 1 [Source:HGNC Symbol;Acc:HGNC:26945]
ENSG00000244006,RN7SL799P,misc_RNA,X,64210691,64210988,1,"RNA, 7SL, cytoplasmic 799, pseudogene [Source:HGNC Symbol;Acc:HGNC:46815]"
ENSG00000244486,SCARF2,protein_coding,22,20424584,20437944,-1,scavenger receptor class F member 2 [Source:HGNC Symbol;Acc:HGNC:19869]
ENSG00000250615,,lncRNA,5,77073881,77074520,1,novel transcript
ENSG00000253370,,unprocessed_pseudogene,5,156458398,156458507,-1,pseudogene similar to part of WW and C2 domain containing 2 WWC2
ENSG00000253955,LINC02995,lncRNA,5,173578275,173585068,1,long intergenic non-protein coding RNA 2995 [Source:HGNC Symbol;Acc:HGNC:27744]
ENSG00000254835,RNF185-AS1,lncRNA,22,31205264,31205616,-1,RNF185 antisense RNA 1 [Source:HGNC Symbol;Acc:HGNC:41161]
ENSG00000255251,PRR23D1,protein_coding,8,7539627,7542450,1,proline rich 23 domain containing 1 [Source:HGNC Symbol;Acc:HGNC:49420]
ENSG00000256028,,lncRNA,12,122975320,122982907,1,novel transcript
ENSG00000256087,ZNF432,protein_coding,19,52031378,52095738,-1,zinc finger protein 432 [Source:HGNC Symbol;Acc:HGNC:20810]
ENSG00000259001,,lncRNA,14,20342976,20343685,-1,ribonuclease P RNA component H1
ENSG00000259366,,lncRNA,8,29055929,29057395,1,"novel transcript, sense intronic to HMBOX1"
ENSG00000259697,,lncRNA,15,62193542,62222911,-1,novel transcript
ENSG00000260514,,processed_pseudogene,16,29624517,29624825,1,ribosomal protein S10 (RPS10) pseudogene
ENSG00000261105,LMO7-AS1,lncRNA,13,75604700,75636023,-1,LMO7 antisense RNA 1 [Source:HGNC Symbol;Acc:HGNC:50277]
ENSG00000261213,,lncRNA,1,75122518,75123927,-1,novel transcript
ENSG00000261329,,lncRNA,16,27678940,27718883,-1,"novel transcript, antisense to a novel protein"
ENSG00000261673,,lncRNA,16,72224565,72225144,-1,novel transcript
ENSG00000261691,,lncRNA,16,547185,553847,-1,"novel transcript, antisense to SOLH"
ENSG00000263396,,processed_pseudogene,18,1357651,1357942,1,LIM domain kinase 1 (LIMK1) pseudogene
ENSG00000266305,MIR4518,miRNA,16,30503919,30504001,1,microRNA 4518 [Source:HGNC Symbol;Acc:HGNC:41809]
ENSG00000266530,MIR4318,miRNA,18,37657135,37657215,1,microRNA 4318 [Source:HGNC Symbol;Acc:HGNC:38333]
ENSG00000267774,,lncRNA,18,59696459,59698111,1,"novel transcript, antisense to CCBE1"
ENSG00000268605,,lncRNA,19,42424384,42425071,-1,novel transcript
ENSG00000268643,,protein_coding,19,42234583,42255132,-1,novel protein
ENSG00000272991,,lncRNA,21,39184469,39184899,1,"novel transcript, antisense to BRWD1"
ENSG00000273003,ARL2-SNX15,protein_coding,11,65014182,65040570,1,ARL2-SNX15 readthrough (NMD candidate) [Source:HGNC Symbol;Acc:HGNC:49197]
ENSG00000273950,Metazoa_SRP,misc_RNA,2,127856890,127857147,1,Metazoan signal recognition particle RNA [Source:RFAM;Acc:RF00017]
ENSG00000276678,,misc_RNA,3,10287413,10287482,1,
ENSG00000277142,LINC00235,lncRNA,16,525155,527407,-1,long intergenic non-protein coding RNA 235 [Source:HGNC Symbol;Acc:HGNC:14138]
ENSG00000278619,MRM1,protein_coding,17,36601583,36608971,1,mitochondrial rRNA methyltransferase 1 [Source:HGNC Symbol;Acc:HGNC:26202]
ENSG00000278725,,transcribed_unprocessed_pseudogene,16,28602340,28604519,1,coiled-coil domain containing 101 (CCDC101) pseudogene
ENSG00000279601,,TEC,X,119693568,119696059,1,TEC
ENSG00000279983,,protein_coding,5,141223372,141245861,1,novel protein
ENSG00000009830,POMT2,protein_coding,14,77274956,77320883,-1,protein O-mannosyltransferase 2 [Source:HGNC Symbol;Acc:HGNC:19743]
ENSG00000010072,SPRTN,protein_coding,1,231337104,231355023,1,SprT-like N-terminal domain [Source:HGNC Symbol;Acc:HGNC:25356]
ENSG00000065618,COL17A1,protein_coding,10,104030753,104086225,-1,collagen type XVII alpha 1 chain [Source:HGNC Symbol;Acc:HGNC:2194]
ENSG00000095970,TREM2,protein_coding,6,41158488,41163186,-1,triggering receptor expressed on myeloid cells 2 [Source:HGNC Symbol;Acc:HGNC:17761]
ENSG00000100344,PNPLA3,protein_coding,22,43923781,43964488,1,"patatin like domain 3, 1-acylglycerol-3-phosphate O-acyltransferase  [Source:HGNC Symbol;Acc:HGNC:18590]"
ENSG00000102890,ELMO3,protein_coding,16,67199111,67204029,1,engulfment and cell motility 3 [Source:HGNC Symbol;Acc:HGNC:17289]
ENSG00000108946,PRKAR1A,protein_coding,17,68511780,68551319,1,protein kinase cAMP-dependent type I regulatory subunit alpha [Source:HGNC Symbol;Acc:HGNC:9388]
ENSG00000114770,ABCC5,protein_coding,3,183919934,184017939,-1,ATP binding cassette subfamily C member 5 [Source:HGNC Symbol;Acc:HGNC:56]
ENSG00000130958,SLC35D2,protein_coding,9,96313444,96383711,-1,solute carrier family 35 member D2 [Source:HGNC Symbol;Acc:HGNC:20799]
ENSG00000135775,COG2,protein_coding,1,230642464,230693985,1,component of oligomeric golgi complex 2 [Source:HGNC Symbol;Acc:HGNC:6546]
ENSG00000138135,CH25H,protein_coding,10,89205629,89207317,-1,cholesterol 25-hydroxylase [Source:HGNC Symbol;Acc:HGNC:1907]
ENSG00000153551,CMTM7,protein_coding,3,32391686,32483067,1,CKLF like MARVEL transmembrane domain containing 7 [Source:HGNC Symbol;Acc:HGNC:19178]
ENSG00000154957,ZNF18,protein_coding,17,11977439,11997475,-1,zinc finger protein 18 [Source:HGNC Symbol;Acc:HGNC:12969]
ENSG00000156097,GPR61,protein_coding,1,109539872,109548406,1,G protein-coupled receptor 61 [Source:HGNC Symbol;Acc:HGNC:13300]
ENSG00000166634,SERPINB12,protein_coding,18,63542369,63569329,1,serpin family B member 12 [Source:HGNC Symbol;Acc:HGNC:14220]
ENSG00000168348,INSM2,protein_coding,14,35534164,35537054,1,INSM transcriptional repressor 2 [Source:HGNC Symbol;Acc:HGNC:17539]
ENSG00000176787,OR52E2,protein_coding,11,5058650,5059627,-1,olfactory receptor family 52 subfamily E member 2 [Source:HGNC Symbol;Acc:HGNC:14769]
ENSG00000181222,POLR2A,protein_coding,17,7484366,7514616,1,RNA polymerase II subunit A [Source:HGNC Symbol;Acc:HGNC:9187]
ENSG00000186790,FOXE3,protein_coding,1,47416285,47418052,1,forkhead box E3 [Source:HGNC Symbol;Acc:HGNC:3808]
ENSG00000187003,ACTL7A,protein_coding,9,108862266,108863756,1,actin like 7A [Source:HGNC Symbol;Acc:HGNC:161]
ENSG00000197050,ZNF420,protein_coding,19,37007823,37130368,1,zinc finger protein 420 [Source:HGNC Symbol;Acc:HGNC:20649]
ENSG00000199575,SNORD114-1,snoRNA,14,100949833,100949904,1,"small nucleolar RNA, C/D box 114-1 [Source:HGNC Symbol;Acc:HGNC:32989]"
ENSG00000199920,RNU4-44P,snRNA,X,134760208,134760348,-1,"RNA, U4 small nuclear 44, pseudogene [Source:HGNC Symbol;Acc:HGNC:46980]"
ENSG00000200713,RNU6-682P,snRNA,8,8895813,8895918,1,"RNA, U6 small nuclear 682, pseudogene [Source:HGNC Symbol;Acc:HGNC:47645]"
ENSG00000202206,RNU6-169P,snRNA,2,195514036,195514142,1,"RNA, U6 small nuclear 169, pseudogene [Source:HGNC Symbol;Acc:HGNC:47132]"
ENSG00000204540,PSORS1C1,protein_coding,6,31114750,31140092,1,psoriasis susceptibility 1 candidate 1 [Source:HGNC Symbol;Acc:HGNC:17202]
ENSG00000204544,MUC21,protein_coding,6,30983718,30989903,1,"mucin 21, cell surface associated [Source:HGNC Symbol;Acc:HGNC:21661]"
ENSG00000204710,SPDYC,protein_coding,11,65170233,65173374,1,speedy/RINGO cell cycle regulator family member C [Source:HGNC Symbol;Acc:HGNC:32681]
ENSG00000213235,EEF1A1P16,processed_pseudogene,12,16990670,16992083,1,eukaryotic translation elongation factor 1 alpha 1 pseudogene 16 [Source:HGNC Symbol;Acc:HGNC:37889]
ENSG00000213326,RPS7P11,processed_pseudogene,17,46721582,46722167,-1,ribosomal protein S7 pseudogene 11 [Source:HGNC Symbol;Acc:HGNC:35841]
ENSG00000213726,RPS2P52,processed_pseudogene,19,690353,691172,1,ribosomal protein S2 pseudogene 52 [Source:HGNC Symbol;Acc:HGNC:36059]
ENSG00000215210,RBMXP2,processed_pseudogene,9,30689105,30690272,1,RBMX pseudogene 2 [Source:HGNC Symbol;Acc:HGNC:23284]
ENSG00000223315,RN7SKP279,misc_RNA,11,127407851,127408148,1,RN7SK pseudogene 279 [Source:HGNC Symbol;Acc:HGNC:46003]
ENSG00000223440,,lncRNA,9,32633454,32648685,1,novel transcript
ENSG00000224007,USP12P2,processed_pseudogene,2,148295656,148296679,-1,USP12 pseudogene 2 [Source:HGNC Symbol;Acc:HGNC:54575]
ENSG00000226386,PARD3-DT,lncRNA,10,34813953,34816757,1,PARD3 divergent transcript [Source:HGNC Symbol;Acc:HGNC:44964]
ENSG00000226470,RPS29P33,processed_pseudogene,9,17096301,17096446,-1,ribosomal protein S29 pseudogene 33 [Source:HGNC Symbol;Acc:HGNC:52366]
ENSG00000227375,DLG1-AS1,lncRNA,3,197298225,197309307,1,DLG1 antisense RNA 1 [Source:HGNC Symbol;Acc:HGNC:44154]
ENSG00000227625,,processed_pseudogene,1,228134785,228134992,-1,ribosomal protein S28 (RPS28) pseudogene
ENSG00000227646,STEAP2-AS1,lncRNA,7,89882353,90211665,-1,STEAP2 antisense RNA 1 [Source:HGNC Symbol;Acc:HGNC:40820]
ENSG00000227769,,lncRNA,2,215004782,215085488,1,"novel transcript, antisense to ABCA12"
ENSG00000228445,UGT1A2P,unprocessed_pseudogene,2,233747214,233748079,1,"UDP glucuronosyltransferase family 1 member A2, pseudogene [Source:HGNC Symbol;Acc:HGNC:12534]"
ENSG00000229677,RPL17P28,processed_pseudogene,7,139049456,139050006,-1,ribosomal protein L17 pseudogene 28 [Source:HGNC Symbol;Acc:HGNC:36055]
ENSG00000229735,FTLP16,processed_pseudogene,X,38484752,38485264,-1,ferritin light chain pseudogene 16 [Source:HGNC Symbol;Acc:HGNC:37966]
ENSG00000232487,RASA3-IT1,lncRNA,13,114107569,114108820,-1,RASA3 intronic transcript 1 [Source:HGNC Symbol;Acc:HGNC:39938]
ENSG00000232601,ANAPC15P2,processed_pseudogene,3,174302944,174303287,-1,ANAPC15 pseudogene 2 [Source:HGNC Symbol;Acc:HGNC:54889]
ENSG00000232664,LARP1BP3,processed_pseudogene,X,134204353,134205916,1,LARP1B pseudogene 3 [Source:HGNC Symbol;Acc:HGNC:44085]
ENSG00000233011,SLC9A3P1,processed_pseudogene,10,50150603,50152287,1,solute carrier family 9 member 3 pseudogene 1 [Source:HGNC Symbol;Acc:HGNC:11074]
ENSG00000233625,,lncRNA,20,17887363,17888160,-1,novel transcript
ENSG00000233951,RCC2P3,processed_pseudogene,7,138122202,138124595,1,regulator of chromosome condensation 2 pseudogene 3 [Source:HGNC Symbol;Acc:HGNC:42379]
ENSG00000234775,ADORA1-AS2,lncRNA,1,203115468,203128367,-1,ADORA1 antisense RNA 2 [Source:HGNC Symbol;Acc:HGNC:40066]
ENSG00000234850,MTND2P3,processed_pseudogene,Y,8372241,8372710,1,MT-ND2 pseudogene 3 [Source:HGNC Symbol;Acc:HGNC:38727]
ENSG00000236791,OR2AI1P,unprocessed_pseudogene,5,180692832,180693763,-1,olfactory receptor family 2 subfamily AI member 1 pseudogene [Source:HGNC Symbol;Acc:HGNC:15063]
ENSG00000237089,PCNPP4,processed_pseudogene,X,75537547,75538702,-1,PEST containing nuclear protein pseudogene 4 [Source:HGNC Symbol;Acc:HGNC:41976]
ENSG00000237296,SMG1P1,transcribed_unprocessed_pseudogene,16,22437401,22491826,1,SMG1 pseudogene 1 [Source:HGNC Symbol;Acc:HGNC:44186]
ENSG00000237456,ID2B,processed_pseudogene,3,62124204,62124608,-1,inhibitor of DNA binding 2B (pseudogene) [Source:HGNC Symbol;Acc:HGNC:30656]
ENSG00000237709,EEF1A1P28,processed_pseudogene,7,88639014,88640416,1,eukaryotic translation elongation factor 1 alpha 1 pseudogene 28 [Source:HGNC Symbol;Acc:HGNC:37902]
ENSG00000239791,,lncRNA,16,30572039,30583860,1,novel transcript
ENSG00000240470,RN7SL346P,misc_RNA,15,90166233,90166526,1,"RNA, 7SL, cytoplasmic 346, pseudogene [Source:HGNC Symbol;Acc:HGNC:46362]"
ENSG00000241169,,lncRNA,1,27457198,27459582,1,novel transcript
ENSG00000243274,RN7SL571P,misc_RNA,13,76134931,76135225,1,"RNA, 7SL, cytoplasmic 571, pseudogene [Source:HGNC Symbol;Acc:HGNC:46587]"
ENSG00000243894,RPS3AP16,processed_pseudogene,4,4076711,4077491,-1,RPS3A pseudogene 16 [Source:HGNC Symbol;Acc:HGNC:36052]
ENSG00000244218,RN7SL81P,misc_RNA,7,128761338,128761598,1,"RNA, 7SL, cytoplasmic 81, pseudogene [Source:HGNC Symbol;Acc:HGNC:46097]"
ENSG00000244604,,processed_pseudogene,17,8561230,8561576,1,ribosomal protein S26 (RPS26) pseudogene
ENSG00000248532,,processed_pseudogene,4,49523648,49523857,-1,"family with sequence similarity 201, member A (FAM201A) pseudogene"
ENSG00000249541,,processed_pseudogene,5,2787451,2788549,-1,3-hydroxyisobutyryl-Coenzyme A hydrolase (HIBCH) pseudogene
ENSG00000250043,,lncRNA,4,173877454,173913252,-1,novel transcript
ENSG00000250402,,lncRNA,5,125376828,125377439,-1,novel transcript
ENSG00000250740,,lncRNA,4,105927060,105932722,-1,novel transcript
ENSG00000251825,RN7SKP19,misc_RNA,1,73191604,73191855,-1,RN7SK pseudogene 19 [Source:HGNC Symbol;Acc:HGNC:45743]
ENSG00000252217,Y_RNA,misc_RNA,15,65502741,65502836,1,Y RNA [Source:RFAM;Acc:RF00019]
ENSG00000253879,,lncRNA,8,59601319,59620227,1,novel transcript
ENSG00000254326,IGHV7-27,IG_V_pseudogene,14,106317823,106318236,-1,immunoglobulin heavy variable 7-27 (pseudogene) [Source:HGNC Symbol;Acc:HGNC:5663]
ENSG00000255092,,lncRNA,11,44606170,44608101,-1,novel transcript
ENSG00000255435,TTC36-AS1,lncRNA,11,118510273,118531141,-1,TTC36 and KMT2A antisense RNA 1 [Source:HGNC Symbol;Acc:HGNC:55495]
ENSG00000257119,EEF1B2P4,transcribed_processed_pseudogene,12,106901283,106901984,-1,eukaryotic translation elongation factor 1 beta 2 pseudogene 4 [Source:HGNC Symbol;Acc:HGNC:32475]
ENSG00000257467,PPFIA2-AS1,lncRNA,12,81270669,81312422,1,PPFIA2 antisense RNA 1 [Source:HGNC Symbol;Acc:HGNC:53397]
ENSG00000260066,,lncRNA,5,1725149,1728172,1,novel transcript
ENSG00000261019,,lncRNA,7,42901272,42902639,-1,novel transcript
ENSG00000261481,CARHSP1-DT,lncRNA,16,8869167,8870043,1,CARHSP1 divergent transcript [Source:HGNC Symbol;Acc:HGNC:55361]
ENSG00000262663,,lncRNA,17,82918282,82918785,1,"novel transcript, sense intronic TBCD"
ENSG00000266904,LINC00663,lncRNA,19,19749637,19776434,-1,long intergenic non-protein coding RNA 663 [Source:HGNC Symbol;Acc:HGNC:28609]
ENSG00000269427,,lncRNA,19,16630743,16643942,1,"novel transcript, antisense C19orf42"
ENSG00000269482,,lncRNA,16,90631,91102,1,"novel transcript, antisense to NPRL3"
ENSG00000270181,BIVM-ERCC5,protein_coding,13,102799110,102875994,1,BIVM-ERCC5 readthrough [Source:HGNC Symbol;Acc:HGNC:43690]
ENSG00000270475,,transcribed_processed_pseudogene,19,22708834,22709314,-1,metadherin (MTDH) pseudogene
ENSG00000271524,BNIP3P17,processed_pseudogene,19,20221869,20222463,1,BCL2 interacting protein 3 pseudogene 17 [Source:HGNC Symbol;Acc:HGNC:49697]
ENSG00000271716,,lncRNA,3,11607184,11610748,1,"novel transcript, antisense to VGLL4"
ENSG00000273679,,processed_pseudogene,15,22371736,22373570,1,ring finger protein 145 (Rnf145) pseudogene
ENSG00000274046,Y_RNA,misc_RNA,21,7092616,7092716,1,Y RNA [Source:RFAM;Acc:RF00019]
ENSG00000275625,,misc_RNA,X,74281703,74281849,1,
ENSG00000275857,,lncRNA,16,29804428,29805501,-1,"novel transcript, antisense to KIF22"
ENSG00000276454,,lncRNA,12,47265665,47266108,1,novel transcript
ENSG00000277837,,lncRNA,18,57427133,57432112,1,novel transcript
ENSG00000278010,SNORA70,snoRNA,9,67797087,67797181,1,Small nucleolar RNA SNORA70 [Source:RFAM;Acc:RF00156]
ENSG00000279477,,unprocessed_pseudogene,21,7003248,7007022,-1,clustered mitochondria (cluA/CLU1) homolog (CLUH) pseudogene
ENSG00000282870,FRG1DP,transcribed_unprocessed_pseudogene,20,29080390,29102761,1,"FSHD region gene 1 family member D, pseudogene [Source:HGNC Symbol;Acc:HGNC:51763]"
ENSG00000283805,MIR636,miRNA,17,76736450,76736548,-1,microRNA 636 [Source:HGNC Symbol;Acc:HGNC:32892]
ENSG00000005059,MCUB,protein_coding,4,109560209,109688719,1,mitochondrial calcium uniporter dominant negative subunit beta [Source:HGNC Symbol;Acc:HGNC:26076]
ENSG00000047188,YTHDC2,protein_coding,5,113513694,113595287,1,YTH N6-methyladenosine RNA binding protein C2 [Source:HGNC Symbol;Acc:HGNC:24721]
ENSG00000075856,SART3,protein_coding,12,108522214,108561400,-1,"spliceosome associated factor 3, U4/U6 recycling protein [Source:HGNC Symbol;Acc:HGNC:16860]"
ENSG00000091140,DLD,protein_coding,7,107891162,107931730,1,dihydrolipoamide dehydrogenase [Source:HGNC Symbol;Acc:HGNC:2898]
ENSG00000105613,MAST1,protein_coding,19,12833951,12874952,1,microtubule associated serine/threonine kinase 1 [Source:HGNC Symbol;Acc:HGNC:19034]
ENSG00000105819,PMPCB,protein_coding,7,103295717,103331818,1,"peptidase, mitochondrial processing subunit beta [Source:HGNC Symbol;Acc:HGNC:9119]"
ENSG00000108950,FAM20A,protein_coding,17,68535113,68601384,-1,FAM20A golgi associated secretory pathway pseudokinase [Source:HGNC Symbol;Acc:HGNC:23015]
ENSG00000126243,LRFN3,protein_coding,19,35935358,35946624,1,leucine rich repeat and fibronectin type III domain containing 3 [Source:HGNC Symbol;Acc:HGNC:28370]
ENSG00000129465,RIPK3,protein_coding,14,24336025,24340022,-1,receptor interacting serine/threonine kinase 3 [Source:HGNC Symbol;Acc:HGNC:10021]
ENSG00000129625,REEP5,protein_coding,5,112876385,112922328,-1,receptor accessory protein 5 [Source:HGNC Symbol;Acc:HGNC:30077]
ENSG00000129810,SGO1,protein_coding,3,20160593,20186782,-1,shugoshin 1 [Source:HGNC Symbol;Acc:HGNC:25088]
ENSG00000132254,ARFIP2,protein_coding,11,6474683,6481479,-1,ARF interacting protein 2 [Source:HGNC Symbol;Acc:HGNC:17160]
ENSG00000142632,ARHGEF19,protein_coding,1,16197854,16212893,-1,Rho guanine nucleotide exchange factor 19 [Source:HGNC Symbol;Acc:HGNC:26604]
ENSG00000145309,CABS1,protein_coding,4,70334981,70337116,1,"calcium binding protein, spermatid associated 1 [Source:HGNC Symbol;Acc:HGNC:30710]"
ENSG00000151502,VPS26B,protein_coding,11,134224613,134247794,1,VPS26 retromer complex component B [Source:HGNC Symbol;Acc:HGNC:28119]
ENSG00000155629,PIK3AP1,protein_coding,10,96593043,96720534,-1,phosphoinositide-3-kinase adaptor protein 1 [Source:HGNC Symbol;Acc:HGNC:30034]
ENSG00000160401,CFAP157,protein_coding,9,127706988,127716002,1,cilia and flagella associated protein 157 [Source:HGNC Symbol;Acc:HGNC:27843]
ENSG00000160785,SLC25A44,protein_coding,1,156193932,156212796,1,solute carrier family 25 member 44 [Source:HGNC Symbol;Acc:HGNC:29036]
ENSG00000162852,CNST,protein_coding,1,246566338,246668595,1,"consortin, connexin sorting protein [Source:HGNC Symbol;Acc:HGNC:26486]"
ENSG00000163380,LMOD3,protein_coding,3,69106065,69123032,-1,leiomodin 3 [Source:HGNC Symbol;Acc:HGNC:6649]
ENSG00000163739,CXCL1,protein_coding,4,73869392,73871308,1,C-X-C motif chemokine ligand 1 [Source:HGNC Symbol;Acc:HGNC:4602]
ENSG00000164776,PHKG1,protein_coding,7,56079923,56093012,-1,phosphorylase kinase catalytic subunit gamma 1 [Source:HGNC Symbol;Acc:HGNC:8930]
ENSG00000166922,SCG5,protein_coding,15,32641385,32697098,1,secretogranin V [Source:HGNC Symbol;Acc:HGNC:10816]
ENSG00000166984,TCP10L2,transcribed_unprocessed_pseudogene,6,167172145,167196679,1,t-complex 10 like 2 (pseudogene) [Source:HGNC Symbol;Acc:HGNC:21254]
ENSG00000174740,PABPC5,protein_coding,X,91434595,91438584,1,poly(A) binding protein cytoplasmic 5 [Source:HGNC Symbol;Acc:HGNC:13629]
ENSG00000176102,CSTF3,protein_coding,11,33077188,33162371,-1,cleavage stimulation factor subunit 3 [Source:HGNC Symbol;Acc:HGNC:2485]
ENSG00000186335,SLC36A2,protein_coding,5,151314972,151347590,-1,solute carrier family 36 member 2 [Source:HGNC Symbol;Acc:HGNC:18762]
ENSG00000186471,AKAP14,protein_coding,X,119895837,119920720,1,A-kinase anchoring protein 14 [Source:HGNC Symbol;Acc:HGNC:24061]
ENSG00000188738,FSIP2,protein_coding,2,185738804,185833290,1,fibrous sheath interacting protein 2 [Source:HGNC Symbol;Acc:HGNC:21675]
ENSG00000197062,ZSCAN26,protein_coding,6,28267058,28278224,1,zinc finger and SCAN domain containing 26 [Source:HGNC Symbol;Acc:HGNC:12978]
ENSG00000197958,RPL12,protein_coding,9,127447422,127451446,-1,ribosomal protein L12 [Source:HGNC Symbol;Acc:HGNC:10302]
ENSG00000198711,SSBP3-AS1,lncRNA,1,54236440,54239063,1,SSBP3 antisense RNA 1 [Source:HGNC Symbol;Acc:HGNC:32328]
ENSG00000198964,SGMS1,protein_coding,10,50305586,50625187,-1,sphingomyelin synthase 1 [Source:HGNC Symbol;Acc:HGNC:29799]
ENSG00000201009,,snoRNA,7,132753023,132753126,1,
ENSG00000201516,,snoRNA,4,176098163,176098285,1,
ENSG00000203867,RBM20,protein_coding,10,110643948,110839471,1,RNA binding motif protein 20 [Source:HGNC Symbol;Acc:HGNC:27424]
ENSG00000203970,DEFB110,protein_coding,6,50009138,50021994,-1,defensin beta 110 [Source:HGNC Symbol;Acc:HGNC:18091]
ENSG00000212305,RNU6-679P,snRNA,5,12297399,12297504,-1,"RNA, U6 small nuclear 679, pseudogene [Source:HGNC Symbol;Acc:HGNC:47642]"
ENSG00000213699,SLC35F6,protein_coding,2,26764240,26781231,1,solute carrier family 35 member F6 [Source:HGNC Symbol;Acc:HGNC:26055]
ENSG00000213721,HMGN2P30,processed_pseudogene,7,42113365,42113620,1,high mobility group nucleosomal binding domain 2 pseudogene 30 [Source:HGNC Symbol;Acc:HGNC:39397]
ENSG00000220730,H3P27,processed_pseudogene,6,75586122,75586461,1,H3 histone pseudogene 27 [Source:HGNC Symbol;Acc:HGNC:54460]
ENSG00000222386,RN7SKP86,misc_RNA,7,103484208,103484539,-1,RN7SK pseudogene 86 [Source:HGNC Symbol;Acc:HGNC:45810]
ENSG00000223794,COX5BP8,processed_pseudogene,1,179255733,179256081,1,cytochrome c oxidase subunit 5B pseudogene 8 [Source:HGNC Symbol;Acc:HGNC:39083]
ENSG00000224219,SEC61GP1,processed_pseudogene,2,193730555,193730689,-1,SEC61G pseudogene 1 [Source:HGNC Symbol;Acc:HGNC:54783]
ENSG00000224269,,lncRNA,21,36698773,36701564,-1,novel transcript
ENSG00000225484,NUTM2B-AS1,lncRNA,10,79661394,79826594,-1,NUTM2B antisense RNA 1 [Source:HGNC Symbol;Acc:HGNC:51204]
ENSG00000226548,,lncRNA,2,46848973,46864812,-1,novel transcript
ENSG00000226631,SLC9A3P3,processed_pseudogene,10,50025135,50027363,-1,solute carrier family 9 member 3 pseudogene 3 [Source:HGNC Symbol;Acc:HGNC:33492]
ENSG00000226876,SMYD3-AS1,lncRNA,1,246108626,246113869,1,SMYD3 antisense RNA 1 [Source:HGNC Symbol;Acc:HGNC:40708]
ENSG00000227949,CYCSP46,processed_pseudogene,Y,14941547,14941750,-1,CYCS pseudogene 46 [Source:HGNC Symbol;Acc:HGNC:23941]
ENSG00000228347,FTLP17,processed_pseudogene,1,104153306,104153830,-1,ferritin light chain pseudogene 17 [Source:HGNC Symbol;Acc:HGNC:37967]
ENSG00000228855,,processed_pseudogene,X,147591612,147591909,-1,SMT3 suppressor of mif two 3 homolog 1 (yeast) (SMT3H1) pseudogene
ENSG00000229016,,processed_pseudogene,1,218301262,218301972,-1,novel pseudogene
ENSG00000229815,CCNB1IP1P1,processed_pseudogene,1,44958557,44959395,1,cyclin B1 interacting protein 1 pseudogene 1 [Source:HGNC Symbol;Acc:HGNC:37693]
ENSG00000231784,DBIL5P,transcribed_unitary_pseudogene,17,752884,753133,1,"diazepam binding inhibitor-like 5, pseudogene [Source:HGNC Symbol;Acc:HGNC:38519]"
ENSG00000232036,,processed_pseudogene,1,184566511,184567835,1,novel pseudogene
ENSG00000233401,PRKAR1AP1,processed_pseudogene,1,92125301,92126462,1,protein kinase cAMP-dependent type I regulatory subunit alpha pseudogene 1 [Source:HGNC Symbol;Acc:HGNC:9389]
ENSG00000233947,ASS1P3,processed_pseudogene,9,78178263,78179512,1,argininosuccinate synthetase 1 pseudogene 3 [Source:HGNC Symbol;Acc:HGNC:766]
ENSG00000234167,ELOBP4,processed_pseudogene,10,34488583,34488878,-1,elongin B pseudogene 4 [Source:HGNC Symbol;Acc:HGNC:39722]
ENSG00000236105,PRELID3BP10,processed_pseudogene,7,127295620,127296203,1,PRELI domain containing 3B pseudogene 10 [Source:HGNC Symbol;Acc:HGNC:49072]
ENSG00000236208,C10orf71-AS1,lncRNA,10,49296112,49299081,-1,C10orf71 antisense RNA 1 [Source:HGNC Symbol;Acc:HGNC:45007]
ENSG00000236824,BCYRN1,lncRNA,2,47335315,47335514,1,brain cytoplasmic RNA 1 [Source:HGNC Symbol;Acc:HGNC:1022]
ENSG00000239471,RN7SL584P,misc_RNA,15,20095733,20096029,-1,"RNA, 7SL, cytoplasmic 584, pseudogene [Source:HGNC Symbol;Acc:HGNC:46600]"
ENSG00000239783,RPL27AP9,processed_pseudogene,20,47071865,47072236,1,ribosomal protein L27a pseudogene 9 [Source:HGNC Symbol;Acc:HGNC:56964]
ENSG00000239984,RN7SL420P,misc_RNA,1,115606471,115606768,1,"RNA, 7SL, cytoplasmic 420, pseudogene [Source:HGNC Symbol;Acc:HGNC:46436]"
ENSG00000240868,C1QTNF9-AS1,lncRNA,13,24315725,24321598,-1,C1QTNF9 antisense RNA 1 [Source:HGNC Symbol;Acc:HGNC:39906]
ENSG00000241361,SLC25A24P1,transcribed_unprocessed_pseudogene,1,108273139,108337387,1,SLC25A24 pseudogene 1 [Source:HGNC Symbol;Acc:HGNC:48933]
ENSG00000248266,,lncRNA,4,182144852,182190382,1,novel transcript
ENSG00000250036,IGKV1D-37,IG_V_gene,2,89884740,89885216,1,immunoglobulin kappa variable 1D-37 (non-functional) [Source:HGNC Symbol;Acc:HGNC:5755]
ENSG00000251281,,lncRNA,5,33011322,33017607,-1,novel transcript
ENSG00000251529,,unprocessed_pseudogene,4,68877626,68880131,-1,pseudogene similar to part of UDP glucuronosyltransferase 2 family protein
ENSG00000251774,RNU6-377P,snRNA,3,12514706,12514807,1,"RNA, U6 small nuclear 377, pseudogene [Source:HGNC Symbol;Acc:HGNC:47340]"
ENSG00000252259,RNA5SP49,rRNA_pseudogene,1,63186336,63186450,-1,"RNA, 5S ribosomal pseudogene 49 [Source:HGNC Symbol;Acc:HGNC:42825]"
ENSG00000252274,,scaRNA,17,72818836,72818972,-1,
ENSG00000253195,,unprocessed_pseudogene,8,43542076,43544057,1,"cytochrome P450, family 4, subfamily F, polypeptide 8 (CYP4F8) pseudogene"
ENSG00000253648,,lncRNA,8,15973315,16000324,1,novel transcript
ENSG00000254195,TPM3P3,processed_pseudogene,8,84162118,84162471,1,tropomyosin 3 pseudogene 3 [Source:HGNC Symbol;Acc:HGNC:39166]
ENSG00000254633,STRA6LP,transcribed_unitary_pseudogene,9,97276569,97295765,1,"STRA6 like, pseudogene [Source:HGNC Symbol;Acc:HGNC:53830]"
ENSG00000257730,LSM6P2,processed_pseudogene,12,49770960,49771136,1,"LSM6 homolog, U6 small nuclear RNA and mRNA degradation associated pseudogene 2 [Source:HGNC Symbol;Acc:HGNC:37811]"
ENSG00000258677,,protein_coding,8,73688691,73878854,-1,"novel  protein, UBE2W-STAU2 readthrough"
ENSG00000259381,,processed_pseudogene,15,100645434,100646655,-1,WD repeat domain 12 (WDR12) pseudogene
ENSG00000259639,,lncRNA,15,35845222,36252276,-1,novel transcript
ENSG00000260451,GEMIN8P2,processed_pseudogene,16,58776540,58777563,1,gem nuclear organelle associated protein 8 pseudogene 2 [Source:HGNC Symbol;Acc:HGNC:37977]
ENSG00000261196,CYP4A43P,unprocessed_pseudogene,1,46994382,46994502,-1,"cytochrome P450 family 4 subfamily A member 43, pseudogene [Source:HGNC Symbol;Acc:HGNC:42417]"
ENSG00000261682,,lncRNA,16,33129316,33134499,1,novel transcript
ENSG00000261800,,lncRNA,16,35140703,35149355,1,novel transcript
ENSG00000262370,,lncRNA,16,3076911,3087112,-1,novel transcript
ENSG00000265411,RN7SL656P,misc_RNA,17,46319679,46319959,1,"RNA, 7SL, cytoplasmic 656, pseudogene [Source:HGNC Symbol;Acc:HGNC:46672]"
ENSG00000265790,RNASEH1P1,processed_pseudogene,17,20901939,20902680,-1,ribonuclease H1 pseudogene 1 [Source:HGNC Symbol;Acc:HGNC:10049]
ENSG00000266258,LINC01909,lncRNA,18,70335249,70399103,1,long intergenic non-protein coding RNA 1909 [Source:HGNC Symbol;Acc:HGNC:52728]
ENSG00000271886,MIR98,miRNA,X,53556223,53556341,-1,microRNA 98 [Source:HGNC Symbol;Acc:HGNC:31649]
ENSG00000277488,5S_rRNA,rRNA,17,37940704,37940790,-1,5S ribosomal RNA [Source:RFAM;Acc:RF00001]
ENSG00000277619,,lncRNA,5,135034521,135035894,1,"novel transcript, antisense to PITX1"
ENSG00000278433,MIR6070,miRNA,21,43609887,43609989,-1,microRNA 6070 [Source:HGNC Symbol;Acc:HGNC:49950]
ENSG00000283335,MIR219B,miRNA,9,128392621,128392708,1,microRNA 219b [Source:HGNC Symbol;Acc:HGNC:41823]
ENSG00000071282,LMCD1,protein_coding,3,8501587,8574668,1,LIM and cysteine rich domains 1 [Source:HGNC Symbol;Acc:HGNC:6633]
ENSG00000077044,DGKD,protein_coding,2,233354484,233472104,1,diacylglycerol kinase delta [Source:HGNC Symbol;Acc:HGNC:2851]
ENSG00000078142,PIK3C3,protein_coding,18,41955207,42087830,1,phosphatidylinositol 3-kinase catalytic subunit type 3 [Source:HGNC Symbol;Acc:HGNC:8974]
ENSG00000107331,ABCA2,protein_coding,9,137007234,137028915,-1,ATP binding cassette subfamily A member 2 [Source:HGNC Symbol;Acc:HGNC:32]
ENSG00000111319,SCNN1A,protein_coding,12,6346843,6383917,-1,sodium channel epithelial 1 subunit alpha [Source:HGNC Symbol;Acc:HGNC:10599]
ENSG00000116209,TMEM59,protein_coding,1,54026681,54053504,-1,transmembrane protein 59 [Source:HGNC Symbol;Acc:HGNC:1239]
ENSG00000122042,UBL3,protein_coding,13,29764371,29850617,-1,ubiquitin like 3 [Source:HGNC Symbol;Acc:HGNC:12504]
ENSG00000124399,NDUFB4P12,processed_pseudogene,4,43898962,43899351,1,NADH:ubiquinone oxidoreductase subunit B4 pseudogene 12 [Source:HGNC Symbol;Acc:HGNC:45260]
ENSG00000128487,SPECC1,protein_coding,17,20008865,20319026,1,sperm antigen with calponin homology and coiled-coil domains 1 [Source:HGNC Symbol;Acc:HGNC:30615]
ENSG00000128951,DUT,protein_coding,15,48331011,48343373,1,deoxyuridine triphosphatase [Source:HGNC Symbol;Acc:HGNC:3078]
ENSG00000131759,RARA,protein_coding,17,40309180,40357643,1,retinoic acid receptor alpha [Source:HGNC Symbol;Acc:HGNC:9864]
ENSG00000135976,ANKRD36,protein_coding,2,97113153,97264521,1,ankyrin repeat domain 36 [Source:HGNC Symbol;Acc:HGNC:24079]
ENSG00000137054,POLR1E,protein_coding,9,37481695,37503701,1,RNA polymerase I subunit E [Source:HGNC Symbol;Acc:HGNC:17631]
ENSG00000145451,GLRA3,protein_coding,4,174636920,174829247,-1,glycine receptor alpha 3 [Source:HGNC Symbol;Acc:HGNC:4328]
ENSG00000156920,ADGRG4,protein_coding,X,136300963,136416890,1,adhesion G protein-coupled receptor G4 [Source:HGNC Symbol;Acc:HGNC:18992]
ENSG00000164406,LEAP2,protein_coding,5,132873444,132875046,1,liver enriched antimicrobial peptide 2 [Source:HGNC Symbol;Acc:HGNC:29571]
ENSG00000165816,VWA2,protein_coding,10,114239254,114294489,1,von Willebrand factor A domain containing 2 [Source:HGNC Symbol;Acc:HGNC:24709]
ENSG00000169599,NFU1,protein_coding,2,69396113,69437657,-1,NFU1 iron-sulfur cluster scaffold [Source:HGNC Symbol;Acc:HGNC:16287]
ENSG00000171928,TVP23B,protein_coding,17,18781111,18806715,1,trans-golgi network vesicle protein 23 homolog B [Source:HGNC Symbol;Acc:HGNC:20399]
ENSG00000173889,PHC3,protein_coding,3,170086732,170181768,-1,polyhomeotic homolog 3 [Source:HGNC Symbol;Acc:HGNC:15682]
ENSG00000182634,OR10G7,protein_coding,11,124036013,124041325,-1,olfactory receptor family 10 subfamily G member 7 [Source:HGNC Symbol;Acc:HGNC:14842]
ENSG00000183281,PLGLB1,protein_coding,2,86996231,87021852,-1,plasminogen like B1 [Source:HGNC Symbol;Acc:HGNC:9072]
ENSG00000184276,DEFB108B,protein_coding,11,71833200,71837710,1,defensin beta 108B [Source:HGNC Symbol;Acc:HGNC:29966]
ENSG00000185298,CCDC137,protein_coding,17,81666737,81673904,1,coiled-coil domain containing 137 [Source:HGNC Symbol;Acc:HGNC:33451]
ENSG00000185523,SPATA45,protein_coding,1,212830141,212847649,-1,spermatogenesis associated 45 [Source:HGNC Symbol;Acc:HGNC:33709]
ENSG00000197808,ZNF461,protein_coding,19,36636618,36666853,-1,zinc finger protein 461 [Source:HGNC Symbol;Acc:HGNC:21629]
ENSG00000198054,DSCR8,lncRNA,21,38121441,38156511,1,Down syndrome critical region 8 [Source:HGNC Symbol;Acc:HGNC:16707]
ENSG00000199592,RNA5SP321,rRNA_pseudogene,10,77587049,77587159,1,"RNA, 5S ribosomal pseudogene 321 [Source:HGNC Symbol;Acc:HGNC:43221]"
ENSG00000201643,SNORA14A,snoRNA,7,75943782,75943916,1,"small nucleolar RNA, H/ACA box 14A [Source:HGNC Symbol;Acc:HGNC:32602]"
ENSG00000204393,NOL4L-DT,lncRNA,20,32581961,32608893,1,NOL4L divergent transcript [Source:HGNC Symbol;Acc:HGNC:44310]
ENSG00000206895,Y_RNA,misc_RNA,7,4811188,4811289,-1,Y RNA [Source:RFAM;Acc:RF00019]
ENSG00000206957,Y_RNA,misc_RNA,15,44697333,44697430,-1,Y RNA [Source:RFAM;Acc:RF00019]
ENSG00000207785,MIR500A,miRNA,X,50008431,50008514,1,microRNA 500a [Source:HGNC Symbol;Acc:HGNC:32134]
ENSG00000211810,TRAV29DV5,TR_V_gene,14,22163238,22163870,1,T cell receptor alpha variable 29/delta variable 5 [Source:HGNC Symbol;Acc:HGNC:12127]
ENSG00000211838,TRAJ52,TR_J_gene,14,22486228,22486296,1,T cell receptor alpha joining 52 [Source:HGNC Symbol;Acc:HGNC:12084]
ENSG00000213015,ZNF580,protein_coding,19,55635003,55643470,1,zinc finger protein 580 [Source:HGNC Symbol;Acc:HGNC:29473]
ENSG00000214357,NEURL1B,protein_coding,5,172641248,172691540,1,neuralized E3 ubiquitin protein ligase 1B [Source:HGNC Symbol;Acc:HGNC:35422]
ENSG00000221036,MIR1193,miRNA,14,101030052,101030129,1,microRNA 1193 [Source:HGNC Symbol;Acc:HGNC:38247]
ENSG00000221932,HEPN1,protein_coding,11,124919250,124920677,1,"hepatocellular carcinoma, down-regulated 1 [Source:HGNC Symbol;Acc:HGNC:34400]"
ENSG00000223742,,lncRNA,X,28571532,28586395,-1,novel transcript
ENSG00000224065,SRIP2,processed_pseudogene,X,89367435,89367600,-1,sorcin pseudogene 2 [Source:HGNC Symbol;Acc:HGNC:38734]
ENSG00000224945,,lncRNA,9,89088604,89109934,-1,novel transcript
ENSG00000225344,NIPAL1P1,transcribed_processed_pseudogene,20,25161167,25162061,-1,NIPAL1 pseudogene 1 [Source:HGNC Symbol;Acc:HGNC:56952]
ENSG00000225886,,lncRNA,1,27669468,27703063,1,"novel transcript, antisense to IFI6"
ENSG00000227105,PARP1P1,processed_pseudogene,13,110936759,110939784,1,poly(ADP-ribose) polymerase 1 pseudogene 1 [Source:HGNC Symbol;Acc:HGNC:275]
ENSG00000228058,LINC01736,lncRNA,1,230002372,230007253,1,long intergenic non-protein coding RNA 1736 [Source:HGNC Symbol;Acc:HGNC:52524]
ENSG00000229276,REV3L-IT1,lncRNA,6,111360641,111361607,-1,REV3L intronic transcript 1 [Source:HGNC Symbol;Acc:HGNC:41377]
ENSG00000229368,,lncRNA,11,3854612,3855399,1,"novel transcript, sense overlapping STIM1"
ENSG00000231794,,lncRNA,7,135198401,135209837,1,"novel transcript, antisense to WDR91"
ENSG00000231897,MARK2P14,unprocessed_pseudogene,3,11906527,11912313,1,MARK2 pseudogene 14 [Source:HGNC Symbol;Acc:HGNC:44495]
ENSG00000233428,PPIAP65,processed_pseudogene,2,129496297,129496788,1,peptidylprolyl isomerase A pseudogene 65 [Source:HGNC Symbol;Acc:HGNC:53689]
ENSG00000233875,,lncRNA,1,154579065,154579663,-1,novel transcript
ENSG00000234144,COX6CP13,processed_pseudogene,1,65298755,65298980,-1,cytochrome c oxidase subunit 6C pseudogene 13 [Source:HGNC Symbol;Acc:HGNC:49365]
ENSG00000234184,LINC01781,lncRNA,1,80535755,80647495,1,long intergenic non-protein coding RNA 1781 [Source:HGNC Symbol;Acc:HGNC:52571]
ENSG00000234381,MED15P7,unprocessed_pseudogene,22,15635180,15644330,-1,mediator complex subunit 15 pseudogene 7 [Source:HGNC Symbol;Acc:HGNC:48656]
ENSG00000234546,LNCTAM34A,lncRNA,1,9181588,9198023,1,long non coding transcriptional activator of miR34a [Source:HGNC Symbol;Acc:HGNC:52548]
ENSG00000234829,IFNA17,protein_coding,9,21227243,21228222,-1,interferon alpha 17 [Source:HGNC Symbol;Acc:HGNC:5422]
ENSG00000236238,,processed_pseudogene,7,131665507,131665858,1,ribosomal protein S14 (RPS14) pseudogene
ENSG00000237249,,processed_pseudogene,1,174892417,174893155,1,transmembrane protein 56 (TMEM56) pseudogene
ENSG00000237251,,transcribed_unprocessed_pseudogene,7,39816549,39868140,1,pseudogene similar to part of a member of ANKRD26-like family B
ENSG00000237331,XIAP-AS1,lncRNA,X,123872626,123873932,-1,XIAP antisense RNA 1 [Source:HGNC Symbol;Acc:HGNC:40078]
ENSG00000237728,CAMTA1-AS2,lncRNA,1,7379384,7389915,-1,CAMTA1 antisense RNA 2 [Source:HGNC Symbol;Acc:HGNC:40855]
ENSG00000238965,RNA5SP351,rRNA_pseudogene,11,111928400,111928508,1,"RNA, 5S ribosomal pseudogene 351 [Source:HGNC Symbol;Acc:HGNC:43251]"
ENSG00000241582,RPL23AP8,processed_pseudogene,14,34694170,34694644,1,ribosomal protein L23a pseudogene 8 [Source:HGNC Symbol;Acc:HGNC:23543]
ENSG00000242945,RPL29P32,processed_pseudogene,18,53605254,53605725,-1,ribosomal protein L29 pseudogene 32 [Source:HGNC Symbol;Acc:HGNC:35834]
ENSG00000244184,PELP1-DT,lncRNA,17,4704095,4705770,1,PELP1 divergent transcript [Source:HGNC Symbol;Acc:HGNC:55614]
ENSG00000248393,,lncRNA,5,82545862,82546310,-1,novel transcript
ENSG00000248881,,lncRNA,5,75598482,75599380,-1,novel transcript
ENSG00000248979,LAMTOR3P2,processed_pseudogene,5,119132651,119132882,-1,"late endosomal/lysosomal adaptor, MAPK and MTOR activator 3 pseudogene 2 [Source:HGNC Symbol;Acc:HGNC:39727]"
ENSG00000250303,LINC02762,lncRNA,11,112270707,112376036,1,long intergenic non-protein coding RNA 2762 [Source:HGNC Symbol;Acc:HGNC:27443]
ENSG00000251377,,lncRNA,4,152179199,152268559,-1,novel transcript
ENSG00000252329,,scaRNA,11,12904817,12904988,-1,
ENSG00000252988,RNU6-111P,snRNA,2,73298683,73298787,1,"RNA, U6 small nuclear 111, pseudogene [Source:HGNC Symbol;Acc:HGNC:47074]"
ENSG00000253055,RNA5SP415,rRNA_pseudogene,16,35750061,35750175,1,"RNA, 5S ribosomal pseudogene 415 [Source:HGNC Symbol;Acc:HGNC:43315]"
ENSG00000253709,IGHV1-14,IG_V_pseudogene,14,106145891,106146131,-1,immunoglobulin heavy variable 1-14 (pseudogene) [Source:HGNC Symbol;Acc:HGNC:5547]
ENSG00000255075,CENPUP1,processed_pseudogene,11,13756027,13757560,1,centromere protein U pseudogene 1 [Source:HGNC Symbol;Acc:HGNC:49889]
ENSG00000255462,,lncRNA,11,11569968,11573785,1,novel transcript
ENSG00000255649,PLBD1-AS2,lncRNA,12,14530080,14543575,1,PLBD1 antisense RNA 2 [Source:HGNC Symbol;Acc:HGNC:58266]
ENSG00000256146,,lncRNA,12,5315961,5319347,1,novel transcript
ENSG00000258185,,lncRNA,12,86599578,86838998,-1,novel transcript
ENSG00000259556,,transcribed_unprocessed_pseudogene,15,51919073,51930627,-1,"Leo1, Paf1/RNA polymerase II complex component, homolog (S. cerevisiae) (LEO1) pseudogene"
ENSG00000260209,LINC03136,lncRNA,11,125873031,125874528,-1,long intergenic non-protein coding RNA 3136 [Source:HGNC Symbol;Acc:HGNC:58102]
ENSG00000261232,,transcribed_processed_pseudogene,15,76472099,76472365,1,high mobility group nucleosomal binding domain 2 (HMGN2) pseudogene
ENSG00000263849,MIR4744,miRNA,18,49049687,49049768,-1,microRNA 4744 [Source:HGNC Symbol;Acc:HGNC:41866]
ENSG00000264701,,lncRNA,17,47980261,48014116,-1,"novel transcript, antisense to CDK5RAP3"
ENSG00000265933,LINC00668,lncRNA,18,6919496,6930019,-1,long intergenic non-protein coding RNA 668 [Source:HGNC Symbol;Acc:HGNC:44328]
ENSG00000266929,,lncRNA,17,42536510,42562062,1,novel transcript
ENSG00000267652,NPM1P1,processed_pseudogene,18,41789162,41789395,-1,nucleophosmin 1 pseudogene 1 [Source:HGNC Symbol;Acc:HGNC:7911]
ENSG00000271108,KATNBL1P5,processed_pseudogene,6,25248263,25248779,1,katanin regulatory subunit B1 like 1 pseudogene 5 [Source:HGNC Symbol;Acc:HGNC:49055]
ENSG00000271265,,lncRNA,6,156774217,156774662,-1,novel transcript
ENSG00000272293,,lncRNA,8,450714,451343,-1,"novel transcript, antisense to FBXO25"
ENSG00000272396,,lncRNA,19,43360685,43368970,-1,"novel transcript, antisense to CD177"
ENSG00000273540,AGBL1,protein_coding,15,86079871,87049169,1,AGBL carboxypeptidase 1 [Source:HGNC Symbol;Acc:HGNC:26504]
ENSG00000277608,,unprocessed_pseudogene,9,23955760,23956444,1,novel zinc finger protein pseudogene
ENSG00000278289,CT45A6,protein_coding,X,135794685,135802787,-1,cancer/testis antigen family 45 member A6 [Source:HGNC Symbol;Acc:HGNC:33271]
ENSG00000280248,,TEC,17,80339898,80342058,1,TEC
ENSG00000281103,TRG-AS1,lncRNA,7,38330978,38378804,1,T cell receptor gamma locus antisense RNA 1 [Source:HGNC Symbol;Acc:HGNC:48974]
ENSG00000281219,LINC00254,lncRNA,16,1878285,1884233,-1,long intergenic non-protein coding RNA 254 [Source:HGNC Symbol;Acc:HGNC:14160]
ENSG00000007402,CACNA2D2,protein_coding,3,50362613,50504244,-1,calcium voltage-gated channel auxiliary subunit alpha2delta 2 [Source:HGNC Symbol;Acc:HGNC:1400]
ENSG00000026508,CD44,protein_coding,11,35138882,35232402,1,CD44 molecule (IN blood group) [Source:HGNC Symbol;Acc:HGNC:1681]
ENSG00000054965,FAM168A,protein_coding,11,73400487,73598189,-1,family with sequence similarity 168 member A [Source:HGNC Symbol;Acc:HGNC:28999]
ENSG00000056558,TRAF1,protein_coding,9,120902393,120931875,-1,TNF receptor associated factor 1 [Source:HGNC Symbol;Acc:HGNC:12031]
ENSG00000060491,OGFR,protein_coding,20,62804178,62814000,1,opioid growth factor receptor [Source:HGNC Symbol;Acc:HGNC:15768]
ENSG00000078043,PIAS2,protein_coding,18,46803218,46920160,-1,protein inhibitor of activated STAT 2 [Source:HGNC Symbol;Acc:HGNC:17311]
ENSG00000078246,TULP3,protein_coding,12,2877223,2941138,1,TUB like protein 3 [Source:HGNC Symbol;Acc:HGNC:12425]
ENSG00000083845,RPS5,protein_coding,19,58380570,58394807,1,ribosomal protein S5 [Source:HGNC Symbol;Acc:HGNC:10426]
ENSG00000100101,,protein_coding,22,37686414,37726503,1,novel transcript
ENSG00000101115,SALL4,protein_coding,20,51782331,51802521,-1,spalt like transcription factor 4 [Source:HGNC Symbol;Acc:HGNC:15924]
ENSG00000114544,SLC41A3,protein_coding,3,126005662,126101561,-1,solute carrier family 41 member 3 [Source:HGNC Symbol;Acc:HGNC:31046]
ENSG00000124615,MOCS1,protein_coding,6,39899578,39934551,-1,molybdenum cofactor synthesis 1 [Source:HGNC Symbol;Acc:HGNC:7190]
ENSG00000130385,BMP15,protein_coding,X,50910735,50916641,1,bone morphogenetic protein 15 [Source:HGNC Symbol;Acc:HGNC:1068]
ENSG00000135686,KLHL36,protein_coding,16,84643425,84667837,1,kelch like family member 36 [Source:HGNC Symbol;Acc:HGNC:17844]
ENSG00000140534,TICRR,protein_coding,15,89575469,89631056,1,TOPBP1 interacting checkpoint and replication regulator [Source:HGNC Symbol;Acc:HGNC:28704]
ENSG00000141232,TOB1,protein_coding,17,50862223,50867978,-1,"transducer of ERBB2, 1 [Source:HGNC Symbol;Acc:HGNC:11979]"
ENSG00000141446,ESCO1,protein_coding,18,21529041,21600966,-1,establishment of sister chromatid cohesion N-acetyltransferase 1 [Source:HGNC Symbol;Acc:HGNC:24645]
ENSG00000141905,NFIC,protein_coding,19,3314403,3469217,1,nuclear factor I C [Source:HGNC Symbol;Acc:HGNC:7786]
ENSG00000148848,ADAM12,protein_coding,10,126012381,126388477,-1,ADAM metallopeptidase domain 12 [Source:HGNC Symbol;Acc:HGNC:190]
ENSG00000153147,SMARCA5,protein_coding,4,143513445,143557486,1,SNF2 related chromatin remodeling ATPase 5 [Source:HGNC Symbol;Acc:HGNC:11101]
ENSG00000154548,SRSF12,protein_coding,6,89093949,89118071,-1,serine and arginine rich splicing factor 12 [Source:HGNC Symbol;Acc:HGNC:21220]
ENSG00000158022,TRIM63,protein_coding,1,26051301,26068436,-1,tripartite motif containing 63 [Source:HGNC Symbol;Acc:HGNC:16007]
ENSG00000167644,C19orf33,protein_coding,19,38304164,38305006,1,chromosome 19 open reading frame 33 [Source:HGNC Symbol;Acc:HGNC:16668]
ENSG00000171723,GPHN,protein_coding,14,66507407,67181803,1,gephyrin [Source:HGNC Symbol;Acc:HGNC:15465]
ENSG00000173334,TRIB1,protein_coding,8,125430358,125438403,1,tribbles pseudokinase 1 [Source:HGNC Symbol;Acc:HGNC:16891]
ENSG00000177047,IFNW1,protein_coding,9,21140632,21141832,-1,interferon omega 1 [Source:HGNC Symbol;Acc:HGNC:5448]
ENSG00000178660,ARMC10P1,processed_pseudogene,3,94506766,94507620,-1,armadillo repeat containing 10 pseudogene 1 [Source:HGNC Symbol;Acc:HGNC:43646]
ENSG00000179141,MTUS2-AS1,lncRNA,13,29476515,29490105,-1,MTUS2 antisense RNA 1 [Source:HGNC Symbol;Acc:HGNC:40924]
ENSG00000180189,HMGB1P14,processed_pseudogene,14,58284773,58285363,1,high mobility group box 1 pseudogene 14 [Source:HGNC Symbol;Acc:HGNC:20014]
ENSG00000181472,ZBTB2,protein_coding,6,151364105,151391696,-1,zinc finger and BTB domain containing 2 [Source:HGNC Symbol;Acc:HGNC:20868]
ENSG00000184349,EFNA5,protein_coding,5,107376894,107670937,-1,ephrin A5 [Source:HGNC Symbol;Acc:HGNC:3225]
ENSG00000185436,IFNLR1,protein_coding,1,24154168,24187959,-1,interferon lambda receptor 1 [Source:HGNC Symbol;Acc:HGNC:18584]
ENSG00000187823,RTL4,protein_coding,X,112082965,112458566,1,retrotransposon Gag like 4 [Source:HGNC Symbol;Acc:HGNC:25214]
ENSG00000196284,SUPT3H,protein_coding,6,44809317,45377953,-1,"SPT3 homolog, SAGA and STAGA complex component [Source:HGNC Symbol;Acc:HGNC:11466]"
ENSG00000198732,SMOC1,protein_coding,14,69854131,70032366,1,SPARC related modular calcium binding 1 [Source:HGNC Symbol;Acc:HGNC:20318]
ENSG00000207639,MIR193B,miRNA,16,14303967,14304049,1,microRNA 193b [Source:HGNC Symbol;Acc:HGNC:32087]
ENSG00000211581,MIR765,miRNA,1,156936131,156936244,-1,microRNA 765 [Source:HGNC Symbol;Acc:HGNC:33141]
ENSG00000213291,RPL31P39,processed_pseudogene,7,125300504,125300878,-1,ribosomal protein L31 pseudogene 39 [Source:HGNC Symbol;Acc:HGNC:35995]
ENSG00000218350,LYPLA1P3,processed_pseudogene,6,71165076,71165770,1,LYPLA1 pseudogene 3 [Source:HGNC Symbol;Acc:HGNC:44007]
ENSG00000224566,CIAO2AP2,processed_pseudogene,1,228114997,228115473,-1,CIAO2A pseudogene 2 [Source:HGNC Symbol;Acc:HGNC:43862]
ENSG00000224579,,unprocessed_pseudogene,19,54209092,54209418,-1,"leukocyte immunoglobulin-like receptor, subfamily B (with TM and ITIM domains), member 2 (LILRB2) pseudogene"
ENSG00000227459,,lncRNA,2,239625698,239630839,1,novel transcript
ENSG00000228549,LINC03126,lncRNA,1,16870945,16883659,1,long intergenic non-protein coding RNA 3126 [Source:HGNC Symbol;Acc:HGNC:57013]
ENSG00000229771,,lncRNA,20,40693988,40866186,-1,novel transcript
ENSG00000229982,GTF3AP6,processed_pseudogene,7,118880103,118881288,-1,general transcription factor IIIA pseudogene 6 [Source:HGNC Symbol;Acc:HGNC:49749]
ENSG00000230397,SPTLC1P1,transcribed_processed_pseudogene,10,31360955,31361215,1,serine palmitoyltransferase long chain base subunit 1 pseudogene 1 [Source:HGNC Symbol;Acc:HGNC:39668]
ENSG00000231102,,lncRNA,6,41720396,41734032,1,novel transcript
ENSG00000231612,,lncRNA,1,245673732,245676478,-1,novel transcript
ENSG00000231882,F10-AS1,lncRNA,13,113128150,113130051,-1,F10 antisense RNA 1 [Source:HGNC Symbol;Acc:HGNC:40225]
ENSG00000232885,GPC5-AS2,lncRNA,13,92339794,92379536,-1,GPC5 antisense RNA 2 [Source:HGNC Symbol;Acc:HGNC:39887]
ENSG00000233045,RPL15P5,processed_pseudogene,2,138278574,138279210,1,ribosomal protein L15 pseudogene 5 [Source:HGNC Symbol;Acc:HGNC:35746]
ENSG00000233163,RPS12P17,processed_pseudogene,10,69161530,69161906,-1,ribosomal protein S12 pseudogene 17 [Source:HGNC Symbol;Acc:HGNC:35705]
ENSG00000234441,,unprocessed_pseudogene,1,103668071,103668268,-1,pseudogene similar to part of alpha amylase
ENSG00000234484,,lncRNA,6,132752675,132753951,1,novel transcript
ENSG00000236015,TMX1P1,processed_pseudogene,7,39569376,39570198,-1,TMX1 pseudogene 1 [Source:HGNC Symbol;Acc:HGNC:56777]
ENSG00000237038,USP17L8,protein_coding,8,7971661,7973253,-1,ubiquitin specific peptidase 17 like family member 8 [Source:HGNC Symbol;Acc:HGNC:37181]
ENSG00000237491,LINC01409,lncRNA,1,778739,810066,1,long intergenic non-protein coding RNA 1409 [Source:HGNC Symbol;Acc:HGNC:50701]
ENSG00000239731,RN7SL825P,misc_RNA,10,31992087,31992381,-1,"RNA, 7SL, cytoplasmic 825, pseudogene [Source:HGNC Symbol;Acc:HGNC:46841]"
ENSG00000239799,ITIH4-AS1,lncRNA,3,52823935,52825314,1,ITIH4 antisense RNA 1 [Source:HGNC Symbol;Acc:HGNC:40310]
ENSG00000242120,MDFIC2,protein_coding,3,70194479,70312638,-1,MyoD family inhibitor domain containing 2 [Source:HGNC Symbol;Acc:HGNC:53442]
ENSG00000242431,RPL21P52,processed_pseudogene,4,47490967,47491471,-1,ribosomal protein L21 pseudogene 52 [Source:HGNC Symbol;Acc:HGNC:36621]
ENSG00000242861,,lncRNA,1,225840883,225846522,-1,novel transcript
ENSG00000248482,,lncRNA,5,135124380,135131323,-1,novel transcript
ENSG00000251243,,processed_pseudogene,5,133720495,133720934,-1,"DnaJ (Hsp40) homolog, subfamily C, member 24 (DNAJC24) pseudogene"
ENSG00000252313,RNA5SP281,rRNA_pseudogene,9,32293558,32293692,1,"RNA, 5S ribosomal pseudogene 281 [Source:HGNC Symbol;Acc:HGNC:43181]"
ENSG00000252499,RNU6-63P,snRNA,13,27488138,27488232,1,"RNA, U6 small nuclear 63, pseudogene [Source:HGNC Symbol;Acc:HGNC:42553]"
ENSG00000252545,RNU6-362P,snRNA,17,75031097,75031186,1,"RNA, U6 small nuclear 362, pseudogene [Source:HGNC Symbol;Acc:HGNC:47325]"
ENSG00000253493,,processed_pseudogene,8,64973488,64973848,-1,interferon induced transmembrane protein 3 (1-8U)  (IFITM3) pseudogene
ENSG00000253964,RPL31P40,processed_pseudogene,8,68293446,68293818,-1,ribosomal protein L31 pseudogene 40 [Source:HGNC Symbol;Acc:HGNC:36134]
ENSG00000254590,,processed_pseudogene,11,119402792,119404088,1,hippocampus abundant transcript 1 (HIAT1) pseudogene
ENSG00000254919,,lncRNA,11,35723860,35919427,-1,novel transcript
ENSG00000256799,,processed_pseudogene,12,4635349,4636140,-1,"RAB5A, member RAS oncogene family (RAB5A) pseudogene"
ENSG00000257065,,protein_coding,6,143807092,143844617,1,novel protein
ENSG00000257267,ZNF271P,transcribed_unitary_pseudogene,18,35291184,35307896,1,"zinc finger protein 271, pseudogene [Source:HGNC Symbol;Acc:HGNC:13065]"
ENSG00000257949,TEN1,protein_coding,17,75979235,76000587,1,TEN1 subunit of CST complex [Source:HGNC Symbol;Acc:HGNC:37242]
ENSG00000259865,,lncRNA,1,247187281,247188526,-1,novel transcript
ENSG00000261029,MPHOSPH6-DT,lncRNA,16,82170285,82247221,1,MPHOSPH6 divergent transcript [Source:HGNC Symbol;Acc:HGNC:55377]
ENSG00000261616,TTC23-AS1,lncRNA,15,99139317,99145370,1,TTC23 antisense RNA 1 [Source:HGNC Symbol;Acc:HGNC:56675]
ENSG00000261748,SPRING1P3,processed_pseudogene,16,16952502,16953468,-1,SPRING1 pseudogene 3 [Source:HGNC Symbol;Acc:HGNC:56328]
ENSG00000262107,MTND6P33,unprocessed_pseudogene,16,10719833,10720015,1,MT-ND6 pseudogene 33 [Source:HGNC Symbol;Acc:HGNC:52175]
ENSG00000264911,,processed_pseudogene,18,26348347,26349004,1,zinc finger protein pseudogene
ENSG00000264986,MIR5092,miRNA,3,125151465,125151552,-1,microRNA 5092 [Source:HGNC Symbol;Acc:HGNC:43467]
ENSG00000265450,MIR4502,miRNA,13,114273828,114273908,1,microRNA 4502 [Source:HGNC Symbol;Acc:HGNC:41534]
ENSG00000266998,,lncRNA,17,77368746,77377236,-1,"novel transcript, antisense to SEPT9"
ENSG00000271533,,lncRNA,X,74209976,74213660,-1,"novel transcript, sense intronic FTX"
ENSG00000272449,,lncRNA,1,2530064,2547878,1,novel transcript
ENSG00000274541,,processed_pseudogene,6,11015586,11015888,1,siah E3 ubiquitin protein ligase family member 3 (SIAH3) pseudogene
ENSG00000275352,,unprocessed_pseudogene,Y,6273579,6274065,-1,"testis specific protein, Y-linked family pseudogene"
ENSG00000275923,,lncRNA,20,55504906,55505215,-1,novel transcript
ENSG00000276599,RNA5SP411,rRNA_pseudogene,16,35746523,35746636,1,"RNA, 5S ribosomal pseudogene 411 [Source:HGNC Symbol;Acc:HGNC:43311]"
ENSG00000277041,,unprocessed_pseudogene,16,22537478,22537584,-1,"phospholipase A2, group X (PLA2G10) pseudogene"
ENSG00000278273,KMT2CP1,transcribed_unprocessed_pseudogene,1,144661200,144679513,1,lysine methyltransferase 2C pseudogene 1 [Source:HGNC Symbol;Acc:HGNC:56179]
ENSG00000278869,,lncRNA,22,49933184,49935331,-1,novel transcript
ENSG00000278980,,TEC,11,91208838,91209590,-1,novel transcript
ENSG00000281087,,processed_pseudogene,15,21709649,21710270,-1,ribosomal protein S8 (RPS8) pseudogene
ENSG00000283654,CIROP,protein_coding,14,23099062,23105018,-1,ciliated left-right organizer metallopeptidase [Source:HGNC Symbol;Acc:HGNC:53647]
ENSG00000283914,,lncRNA,17,78248193,78251780,1,novel transcript
ENSG00000284518,MIR4658,miRNA,7,100156605,100156669,-1,microRNA 4658 [Source:HGNC Symbol;Acc:HGNC:41673]
ENSG00000051382,PIK3CB,protein_coding,3,138652336,138834957,-1,"phosphatidylinositol-4,5-bisphosphate 3-kinase catalytic subunit beta [Source:HGNC Symbol;Acc:HGNC:8976]"
ENSG00000073910,FRY,protein_coding,13,31846713,32299125,1,FRY microtubule binding protein [Source:HGNC Symbol;Acc:HGNC:20367]
ENSG00000104324,CPQ,protein_coding,8,96645240,97150160,1,carboxypeptidase Q [Source:HGNC Symbol;Acc:HGNC:16910]
ENSG00000105373,NOP53,protein_coding,19,47745520,47757058,1,NOP53 ribosome biogenesis factor [Source:HGNC Symbol;Acc:HGNC:4333]
ENSG00000109472,CPE,protein_coding,4,165361194,165498547,1,carboxypeptidase E [Source:HGNC Symbol;Acc:HGNC:2303]
ENSG00000110395,CBL,protein_coding,11,119206298,119313926,1,Cbl proto-oncogene [Source:HGNC Symbol;Acc:HGNC:1541]
ENSG00000111261,MANSC1,protein_coding,12,12326056,12350483,-1,MANSC domain containing 1 [Source:HGNC Symbol;Acc:HGNC:25505]
ENSG00000117298,ECE1,protein_coding,1,21217247,21345572,-1,endothelin converting enzyme 1 [Source:HGNC Symbol;Acc:HGNC:3146]
ENSG00000118655,DCLRE1B,protein_coding,1,113904403,113914086,1,DNA cross-link repair 1B [Source:HGNC Symbol;Acc:HGNC:17641]
ENSG00000122591,HYCC1,protein_coding,7,22889371,23014130,-1,hyccin PI4KA lipid kinase complex subunit 1 [Source:HGNC Symbol;Acc:HGNC:24587]
ENSG00000123545,NDUFAF4,protein_coding,6,96889313,96897894,-1,NADH:ubiquinone oxidoreductase complex assembly factor 4 [Source:HGNC Symbol;Acc:HGNC:21034]
ENSG00000124767,GLO1,protein_coding,6,38675925,38703145,-1,glyoxalase I [Source:HGNC Symbol;Acc:HGNC:4323]
ENSG00000129667,RHBDF2,protein_coding,17,76470891,76501790,-1,rhomboid 5 homolog 2 [Source:HGNC Symbol;Acc:HGNC:20788]
ENSG00000136160,EDNRB,protein_coding,13,77895481,77975529,-1,endothelin receptor type B [Source:HGNC Symbol;Acc:HGNC:3180]
ENSG00000136485,DCAF7,protein_coding,17,63550222,63594286,1,DDB1 and CUL4 associated factor 7 [Source:HGNC Symbol;Acc:HGNC:30915]
ENSG00000137100,DCTN3,protein_coding,9,34613545,34620523,-1,dynactin subunit 3 [Source:HGNC Symbol;Acc:HGNC:2713]
ENSG00000149016,TUT1,protein_coding,11,62575045,62591637,-1,"terminal uridylyl transferase 1, U6 snRNA-specific [Source:HGNC Symbol;Acc:HGNC:26184]"
ENSG00000150991,UBC,protein_coding,12,124911604,124917368,-1,ubiquitin C [Source:HGNC Symbol;Acc:HGNC:12468]
ENSG00000152234,ATP5F1A,protein_coding,18,46080248,46104334,-1,ATP synthase F1 subunit alpha [Source:HGNC Symbol;Acc:HGNC:823]
ENSG00000158773,USF1,protein_coding,1,161039249,161045977,-1,upstream transcription factor 1 [Source:HGNC Symbol;Acc:HGNC:12593]
ENSG00000159212,CLIC6,protein_coding,21,34668994,34718227,1,chloride intracellular channel 6 [Source:HGNC Symbol;Acc:HGNC:2065]
ENSG00000162600,OMA1,protein_coding,1,58415384,58546838,-1,OMA1 zinc metallopeptidase [Source:HGNC Symbol;Acc:HGNC:29661]
ENSG00000166558,SLC38A8,protein_coding,16,84009667,84043143,-1,solute carrier family 38 member 8 [Source:HGNC Symbol;Acc:HGNC:32434]
ENSG00000171497,PPID,protein_coding,4,158709127,158723406,-1,peptidylprolyl isomerase D [Source:HGNC Symbol;Acc:HGNC:9257]
ENSG00000173818,ENDOV,protein_coding,17,80415158,80438086,1,endonuclease V [Source:HGNC Symbol;Acc:HGNC:26640]
ENSG00000175193,PARL,protein_coding,3,183829271,183884933,-1,presenilin associated rhomboid like [Source:HGNC Symbol;Acc:HGNC:18253]
ENSG00000179131,RPL31P38,processed_pseudogene,7,66914581,66914943,1,ribosomal protein L31 pseudogene 38 [Source:HGNC Symbol;Acc:HGNC:36834]
ENSG00000185624,P4HB,protein_coding,17,81843159,81860856,-1,prolyl 4-hydroxylase subunit beta [Source:HGNC Symbol;Acc:HGNC:8548]
ENSG00000198798,MAGEB3,protein_coding,X,30230657,30237495,1,MAGE family member B3 [Source:HGNC Symbol;Acc:HGNC:6810]
ENSG00000205629,LCMT1,protein_coding,16,25111731,25178231,1,leucine carboxyl methyltransferase 1 [Source:HGNC Symbol;Acc:HGNC:17557]
ENSG00000212424,RNU1-119P,snRNA,15,44884616,44884780,1,"RNA, U1 small nuclear 119, pseudogene [Source:HGNC Symbol;Acc:HGNC:48461]"
ENSG00000213739,PPIAP68,processed_pseudogene,2,205949091,205950145,1,peptidylprolyl isomerase A pseudogene 68 [Source:HGNC Symbol;Acc:HGNC:53692]
ENSG00000213860,RPL21P75,processed_pseudogene,7,20002765,20003247,1,ribosomal protein L21 pseudogene 75 [Source:HGNC Symbol;Acc:HGNC:36460]
ENSG00000215217,CFAP90,protein_coding,5,7830378,7851512,-1,cilia and flagella associated protein 90 [Source:HGNC Symbol;Acc:HGNC:27028]
ENSG00000218577,ANKRD18FP,transcribed_unprocessed_pseudogene,6,167607,170631,-1,"ankyrin repeat domain 18F, pseudogene [Source:HGNC Symbol;Acc:HGNC:56404]"
ENSG00000220937,HNRNPA1P41,processed_pseudogene,9,4944670,4945902,-1,heterogeneous nuclear ribonucleoprotein A1 pseudogene 41 [Source:HGNC Symbol;Acc:HGNC:48770]
ENSG00000223546,LINC00630,lncRNA,X,102720701,102997186,1,long intergenic non-protein coding RNA 630 [Source:HGNC Symbol;Acc:HGNC:44263]
ENSG00000224286,LINC01142,lncRNA,1,170271395,170284427,-1,long intergenic non-protein coding RNA 1142 [Source:HGNC Symbol;Acc:HGNC:49456]
ENSG00000224613,RNPC3-DT,lncRNA,1,103400536,103525924,-1,RNPC3 divergent transcript [Source:HGNC Symbol;Acc:HGNC:55855]
ENSG00000225661,RPL14P5,processed_pseudogene,X,1008503,1010101,-1,ribosomal protein L14 pseudogene 5 [Source:HGNC Symbol;Acc:HGNC:37720]
ENSG00000226680,,lncRNA,7,123069249,123103711,-1,novel transcript
ENSG00000229196,LINC03008,lncRNA,7,130141481,130143428,1,long intergenic non-protein coding RNA 3008 [Source:HGNC Symbol;Acc:HGNC:56133]
ENSG00000230581,ACTG1P14,processed_pseudogene,9,6834456,6835577,1,actin gamma 1 pseudogene 14 [Source:HGNC Symbol;Acc:HGNC:49751]
ENSG00000230697,SAP18P3,processed_pseudogene,3,20007852,20008247,-1,SAP18 pseudogene 3 [Source:HGNC Symbol;Acc:HGNC:51569]
ENSG00000231110,,lncRNA,X,140216026,140216851,-1,novel transcript
ENSG00000231601,,lncRNA,10,743992,744958,1,novel transcript
ENSG00000231907,GAPDHP37,transcribed_processed_pseudogene,22,40673484,40674451,-1,glyceraldehyde 3 phosphate dehydrogenase pseudogene 37 [Source:HGNC Symbol;Acc:HGNC:37791]
ENSG00000231952,DPY19L1P2,transcribed_unprocessed_pseudogene,7,32812757,32838570,1,DPY19L1 pseudogene 2 [Source:HGNC Symbol;Acc:HGNC:22851]
ENSG00000232395,LNCPOIR,lncRNA,6,114441273,114581005,-1,lncRNA periodontal mesenchymal stem cell osteogenesis related [Source:HGNC Symbol;Acc:HGNC:54521]
ENSG00000232518,GALM-AS1,lncRNA,2,38636422,38671447,-1,GALM antisense RNA 1 [Source:HGNC Symbol;Acc:HGNC:41037]
ENSG00000233026,MTCO1P5,processed_pseudogene,3,12165299,12165642,-1,MT-CO1 pseudogene 5 [Source:HGNC Symbol;Acc:HGNC:51300]
ENSG00000233057,EEF1A1P14,processed_pseudogene,1,194188967,194190342,1,eukaryotic translation elongation factor 1 alpha 1 pseudogene 14 [Source:HGNC Symbol;Acc:HGNC:3197]
ENSG00000233542,,lncRNA,1,2013198,2019198,-1,novel transcript
ENSG00000234709,UPF3AP3,processed_pseudogene,9,99998301,99999069,-1,UPF3A pseudogene 3 [Source:HGNC Symbol;Acc:HGNC:38395]
ENSG00000235295,LINC01634,lncRNA,22,18029282,18044412,1,long intergenic non-protein coding RNA 1634 [Source:HGNC Symbol;Acc:HGNC:52421]
ENSG00000235547,NDUFB11P1,processed_pseudogene,11,92336032,92336496,-1,NADH:ubiquinone oxidoreductase subunit B11 pseudogene 1 [Source:HGNC Symbol;Acc:HGNC:33980]
ENSG00000235616,ST13P2,processed_pseudogene,2,187825341,187826449,1,"ST13, Hsp70 interacting protein pseudogene 2 [Source:HGNC Symbol;Acc:HGNC:38716]"
ENSG00000235920,THRAP3P3,processed_pseudogene,7,11820317,11821294,-1,THRAP3 pseudogene 3 [Source:HGNC Symbol;Acc:HGNC:54834]
ENSG00000236741,,transcribed_processed_pseudogene,1,171762074,171762524,1,RNA binding motif protein 3 (RBM3) pseudogene
ENSG00000237662,SOCS2P1,processed_pseudogene,20,33187391,33188292,1,suppressor of cytokine signaling 2 pseudogene 1 [Source:HGNC Symbol;Acc:HGNC:16069]
ENSG00000239350,CCDC137P2,processed_pseudogene,3,72085109,72085287,1,CCDC137 pseudogene 2 [Source:HGNC Symbol;Acc:HGNC:56429]
ENSG00000239437,RN7SL752P,misc_RNA,3,129591349,129591635,1,"RNA, 7SL, cytoplasmic 752, pseudogene [Source:HGNC Symbol;Acc:HGNC:46768]"
ENSG00000240180,RPL12P28,processed_pseudogene,10,5861805,5862594,-1,ribosomal protein L12 pseudogene 28 [Source:HGNC Symbol;Acc:HGNC:36818]
ENSG00000242067,RPL9P28,processed_pseudogene,17,48691116,48691694,-1,ribosomal protein L9 pseudogene 28 [Source:HGNC Symbol;Acc:HGNC:36445]
ENSG00000243549,RN7SL705P,misc_RNA,18,62650308,62650601,-1,"RNA, 7SL, cytoplasmic 705, pseudogene [Source:HGNC Symbol;Acc:HGNC:46721]"
ENSG00000248349,,unprocessed_pseudogene,5,35896188,35896290,-1,calcyphosine-like (CAPSL) pseudogene
ENSG00000248984,,lncRNA,4,91108023,91112790,-1,novel transcript
ENSG00000251513,LIX1-AS1,lncRNA,5,97089075,97439742,1,LIX1 and RIOK2 antisense RNA 1 [Source:HGNC Symbol;Acc:HGNC:52976]
ENSG00000252185,RNU6-752P,snRNA,5,126755316,126755417,-1,"RNA, U6 small nuclear 752, pseudogene [Source:HGNC Symbol;Acc:HGNC:47715]"
ENSG00000252711,RN7SKP116,misc_RNA,6,47715283,47715601,1,RN7SK pseudogene 116 [Source:HGNC Symbol;Acc:HGNC:45840]
ENSG00000253521,HPYR1,lncRNA,8,132507962,132565246,-1,Helicobacter pylori responsive 1 [Source:HGNC Symbol;Acc:HGNC:16071]
ENSG00000258355,,lncRNA,12,106245613,106246956,-1,"novel transcript, sense intronic to CKAP4"
ENSG00000258420,LONRF2P3,processed_pseudogene,15,20775464,20775998,-1,LONRF2 pseudogene 3 [Source:HGNC Symbol;Acc:HGNC:54499]
ENSG00000258630,LINC02292,lncRNA,14,95319483,95335757,1,long intergenic non-protein coding RNA 2292 [Source:HGNC Symbol;Acc:HGNC:53208]
ENSG00000258671,,processed_pseudogene,14,39211781,39212255,1,transmembrane protein 92 (TMEM92) pseudogene
ENSG00000259097,,lncRNA,14,98067465,98205204,-1,novel transcript
ENSG00000260818,UNGP1,processed_pseudogene,16,51277852,51279112,1,uracil-DNA glycosylase pseudogene 1 [Source:HGNC Symbol;Acc:HGNC:18579]
ENSG00000260970,,lncRNA,9,119495375,119524125,1,novel transcript
ENSG00000263793,MIR3115,miRNA,1,23044305,23044372,1,microRNA 3115 [Source:HGNC Symbol;Acc:HGNC:38371]
ENSG00000264296,,processed_pseudogene,18,54142133,54142577,1,zinc finger protein (ZNF) pseudogene
ENSG00000264520,,lncRNA,7,30525731,30533613,1,novel transcript
ENSG00000267761,MIR4527HG,lncRNA,18,47285659,47594550,1,MIR4527 host gene [Source:HGNC Symbol;Acc:HGNC:31724]
ENSG00000269846,,lncRNA,20,37095750,37101437,1,"novel transcript, antisense to RBL1"
ENSG00000270722,RNVU1-31,snRNA,1,145465617,145465780,-1,"RNA, variant U1 small nuclear 31 [Source:HGNC Symbol;Acc:HGNC:54448]"
ENSG00000273962,IGKV2-40,IG_V_gene,2,89330116,89330429,-1,immunoglobulin kappa variable 2-40 [Source:HGNC Symbol;Acc:HGNC:5789]
ENSG00000275254,,misc_RNA,X,74280936,74281082,1,
ENSG00000275956,,processed_pseudogene,3,52732547,52733867,1,zinc finger protein 610 (ZNF610) pseudogene
ENSG00000276535,,processed_pseudogene,9,88144851,88145850,-1,arginine/serine-rich coiled-coil 1 (RSRC1) pseudogene
ENSG00000276577,RNU6-467P,snRNA,17,20323001,20323110,1,"RNA, U6 small nuclear 467, pseudogene [Source:HGNC Symbol;Acc:HGNC:47430]"
ENSG00000278771,RN7SL3,misc_RNA,14,49853616,49853914,-1,RNA component of signal recognition particle 7SL3 [Source:HGNC Symbol;Acc:HGNC:23135]
ENSG00000279070,,lncRNA,2,74196698,74198560,-1,novel transcript
ENSG00000279209,,TEC,11,91013787,91015299,1,novel transcript
ENSG00000279943,FLJ38576,TEC,4,186189032,186191490,-1,uncharacterized LOC651430 [Source:NCBI gene (formerly Entrezgene);Acc:651430]
ENSG00000280061,,TEC,19,30553956,30558058,1,TEC
ENSG00000280131,,TEC,16,49711273,49711914,1,novel transcript
ENSG00000280401,,TEC,10,70434829,70436556,1,TEC
ENSG00000280415,,TEC,12,125858862,125861119,1,novel transcript
ENSG00000102466,FGF14,protein_coding,13,101710804,102402457,-1,fibroblast growth factor 14 [Source:HGNC Symbol;Acc:HGNC:3671]
ENSG00000103978,TMEM87A,protein_coding,15,42210447,42274128,-1,transmembrane protein 87A [Source:HGNC Symbol;Acc:HGNC:24522]
ENSG00000104892,KLC3,protein_coding,19,45333434,45351537,1,kinesin light chain 3 [Source:HGNC Symbol;Acc:HGNC:20717]
ENSG00000105669,COPE,protein_coding,19,18899514,18919400,-1,COPI coat complex subunit epsilon [Source:HGNC Symbol;Acc:HGNC:2234]
ENSG00000106605,BLVRA,protein_coding,7,43758009,43808097,1,biliverdin reductase A [Source:HGNC Symbol;Acc:HGNC:1062]
ENSG00000120471,TP53AIP1,protein_coding,11,128934731,128943399,-1,tumor protein p53 regulated apoptosis inducing protein 1 [Source:HGNC Symbol;Acc:HGNC:29984]
ENSG00000123268,ATF1,protein_coding,12,50763710,50821162,1,activating transcription factor 1 [Source:HGNC Symbol;Acc:HGNC:783]
ENSG00000123500,COL10A1,protein_coding,6,116118909,116158747,-1,collagen type X alpha 1 chain [Source:HGNC Symbol;Acc:HGNC:2185]
ENSG00000126467,TSKS,protein_coding,19,49739753,49763306,-1,testis specific serine kinase substrate [Source:HGNC Symbol;Acc:HGNC:30719]
ENSG00000126856,PRDM7,protein_coding,16,90056566,90092072,-1,PR/SET domain 7 [Source:HGNC Symbol;Acc:HGNC:9351]
ENSG00000135454,B4GALNT1,protein_coding,12,57623409,57633239,-1,"beta-1,4-N-acetyl-galactosaminyltransferase 1 [Source:HGNC Symbol;Acc:HGNC:4117]"
ENSG00000136002,ARHGEF4,protein_coding,2,130836914,131047263,1,Rho guanine nucleotide exchange factor 4 [Source:HGNC Symbol;Acc:HGNC:684]
ENSG00000137441,FGFBP2,protein_coding,4,15960245,15969309,-1,fibroblast growth factor binding protein 2 [Source:HGNC Symbol;Acc:HGNC:29451]
ENSG00000138622,HCN4,protein_coding,15,73319859,73368958,-1,hyperpolarization activated cyclic nucleotide gated potassium channel 4 [Source:HGNC Symbol;Acc:HGNC:16882]
ENSG00000144583,MARCHF4,protein_coding,2,216257865,216372483,-1,membrane associated ring-CH-type finger 4 [Source:HGNC Symbol;Acc:HGNC:29269]
ENSG00000145331,TRMT10A,protein_coding,4,99546709,99564039,-1,tRNA methyltransferase 10A [Source:HGNC Symbol;Acc:HGNC:28403]
ENSG00000145708,CRHBP,protein_coding,5,76953044,76981158,1,corticotropin releasing hormone binding protein [Source:HGNC Symbol;Acc:HGNC:2356]
ENSG00000158427,TMSB15B,protein_coding,X,103918896,103966712,1,thymosin beta 15B [Source:HGNC Symbol;Acc:HGNC:28612]
ENSG00000162302,RPS6KA4,protein_coding,11,64359142,64372215,1,ribosomal protein S6 kinase A4 [Source:HGNC Symbol;Acc:HGNC:10433]
ENSG00000163013,FBXO41,protein_coding,2,73254682,73284478,-1,F-box protein 41 [Source:HGNC Symbol;Acc:HGNC:29409]
ENSG00000167107,ACSF2,protein_coding,17,50426158,50474845,1,acyl-CoA synthetase family member 2 [Source:HGNC Symbol;Acc:HGNC:26101]
ENSG00000167904,TMEM68,protein_coding,8,55696424,55773407,-1,transmembrane protein 68 [Source:HGNC Symbol;Acc:HGNC:26510]
ENSG00000169241,SLC50A1,protein_coding,1,155135344,155138857,1,solute carrier family 50 member 1 [Source:HGNC Symbol;Acc:HGNC:30657]
ENSG00000172292,CERS6,protein_coding,2,168456249,168775134,1,ceramide synthase 6 [Source:HGNC Symbol;Acc:HGNC:23826]
ENSG00000172785,ZNG1A,protein_coding,9,119288,179147,-1,Zn regulated GTPase metalloprotein activator 1A [Source:HGNC Symbol;Acc:HGNC:17134]
ENSG00000177565,TBL1XR1,protein_coding,3,177019340,177228000,-1,TBL1X/Y related 1 [Source:HGNC Symbol;Acc:HGNC:29529]
ENSG00000184221,OLIG1,protein_coding,21,33070141,33072413,1,oligodendrocyte transcription factor 1 [Source:HGNC Symbol;Acc:HGNC:16983]
ENSG00000186628,FSD2,protein_coding,15,82755362,82806111,-1,fibronectin type III and SPRY domain containing 2 [Source:HGNC Symbol;Acc:HGNC:18024]
ENSG00000187862,TTC24,protein_coding,1,156579723,156587719,1,tetratricopeptide repeat domain 24 [Source:HGNC Symbol;Acc:HGNC:32348]
ENSG00000196431,CRYBA4,protein_coding,22,26621963,26630669,1,crystallin beta A4 [Source:HGNC Symbol;Acc:HGNC:2396]
ENSG00000199787,SNORA80C,snoRNA,16,30419625,30419759,-1,"small nucleolar RNA, H/ACA box 80C [Source:HGNC Symbol;Acc:HGNC:50434]"
ENSG00000200021,RNA5SP448,rRNA_pseudogene,17,74417594,74417704,-1,"RNA, 5S ribosomal pseudogene 448 [Source:HGNC Symbol;Acc:HGNC:43348]"
ENSG00000200626,RNA5SP325,rRNA_pseudogene,10,106970021,106970150,1,"RNA, 5S ribosomal pseudogene 325 [Source:HGNC Symbol;Acc:HGNC:43225]"
ENSG00000201223,RNU6-1305P,snRNA,5,36155119,36155222,1,"RNA, U6 small nuclear 1305, pseudogene [Source:HGNC Symbol;Acc:HGNC:48268]"
ENSG00000202542,Y_RNA,misc_RNA,15,48325558,48325671,-1,Y RNA [Source:RFAM;Acc:RF00019]
ENSG00000204822,MRPL53,protein_coding,2,74471982,74472687,-1,mitochondrial ribosomal protein L53 [Source:HGNC Symbol;Acc:HGNC:16684]
ENSG00000212490,,snoRNA,4,52748137,52748259,1,
ENSG00000214860,EVPLL,protein_coding,17,18377674,18389652,1,envoplakin like [Source:HGNC Symbol;Acc:HGNC:35236]
ENSG00000215478,CES5AP1,transcribed_unprocessed_pseudogene,22,23359603,23377014,-1,carboxylesterase 5A pseudogene 1 [Source:HGNC Symbol;Acc:HGNC:38516]
ENSG00000222574,RN7SKP61,misc_RNA,3,78161698,78161992,1,RN7SK pseudogene 61 [Source:HGNC Symbol;Acc:HGNC:45785]
ENSG00000223777,RPL29P8,processed_pseudogene,2,176809426,176809859,-1,ribosomal protein L29 pseudogene 8 [Source:HGNC Symbol;Acc:HGNC:37026]
ENSG00000224184,MIR3681HG,lncRNA,2,11829690,12702919,1,MIR3681 host gene [Source:HGNC Symbol;Acc:HGNC:52001]
ENSG00000224391,LINC01280,lncRNA,2,216558195,216606938,-1,long intergenic non-protein coding RNA 1280 [Source:HGNC Symbol;Acc:HGNC:50336]
ENSG00000225110,PNMA6F,protein_coding,X,153317680,153321767,-1,PNMA family member 6F [Source:HGNC Symbol;Acc:HGNC:53119]
ENSG00000225881,,lncRNA,7,132758970,132760741,1,novel transcript
ENSG00000226741,LINC02554,lncRNA,22,27307777,27318501,1,long intergenic non-protein coding RNA 2554 [Source:HGNC Symbol;Acc:HGNC:53594]
ENSG00000227227,,lncRNA,2,186641339,186695287,-1,novel transcript
ENSG00000228173,,lncRNA,7,48660125,48669479,-1,novel transcript
ENSG00000228776,,processed_pseudogene,1,42140635,42141391,1,ribosomal protein L21 (RPL21) pseudogene
ENSG00000228945,CLUHP2,unprocessed_pseudogene,Y,18280178,18284761,1,clustered mitochondria homolog pseudogene 2 [Source:HGNC Symbol;Acc:HGNC:38453]
ENSG00000229236,TTTY10,lncRNA,Y,20464916,20575519,-1,"testis expressed transcript, Y-linked 10 [Source:HGNC Symbol;Acc:HGNC:18491]"
ENSG00000229302,TAF9P2,processed_pseudogene,Y,18276607,18277495,-1,TATA-box binding protein associated factor 9 pseudogene 2 [Source:HGNC Symbol;Acc:HGNC:31744]
ENSG00000231966,LINC02818,lncRNA,1,179829584,179836492,-1,long intergenic non-protein coding RNA 2818 [Source:HGNC Symbol;Acc:HGNC:54349]
ENSG00000232233,LINC02043,lncRNA,3,186810880,186825662,-1,long intergenic non-protein coding RNA 2043 [Source:HGNC Symbol;Acc:HGNC:52883]
ENSG00000234232,PDE4DIPP7,transcribed_unprocessed_pseudogene,1,149720531,149734391,-1,PDE4DIP pseudogene 7 [Source:HGNC Symbol;Acc:HGNC:55098]
ENSG00000235277,,lncRNA,21,14901797,14947383,1,novel transcript
ENSG00000235689,,transcribed_unprocessed_pseudogene,22,24006305,24008258,-1,glutathione S-transferase (GST) theta pseudogene
ENSG00000236635,LINC02540,lncRNA,6,76521640,76593821,-1,long intergenic non-protein coding RNA 2540 [Source:HGNC Symbol;Acc:HGNC:53573]
ENSG00000238156,,lncRNA,6,75454944,75458900,1,novel transcript
ENSG00000239510,RPL9P5,processed_pseudogene,14,58564146,58564616,1,ribosomal protein L9 pseudogene 5 [Source:HGNC Symbol;Acc:HGNC:23557]
ENSG00000239831,RNF7P1,processed_pseudogene,3,57519669,57520010,-1,ring finger protein 7 pseudogene 1 [Source:HGNC Symbol;Acc:HGNC:43425]
ENSG00000239975,IGKV1D-33,IG_V_gene,2,89913982,89914545,1,immunoglobulin kappa variable 1D-33 [Source:HGNC Symbol;Acc:HGNC:5753]
ENSG00000241229,RN7SL443P,misc_RNA,20,44007248,44007537,1,"RNA, 7SL, cytoplasmic 443, pseudogene [Source:HGNC Symbol;Acc:HGNC:46459]"
ENSG00000241671,KIAA1328P1,processed_pseudogene,3,153129074,153129640,-1,KIAA1328 pseudogene 1 [Source:HGNC Symbol;Acc:HGNC:56561]
ENSG00000243307,POM121L6P,processed_pseudogene,6,26896952,26898777,1,"POM121 transmembrane nucleoporin like 6, pseudogene [Source:HGNC Symbol;Acc:HGNC:31343]"
ENSG00000244052,RPL5P24,processed_pseudogene,8,102923371,102924255,-1,ribosomal protein L5 pseudogene 24 [Source:HGNC Symbol;Acc:HGNC:35828]
ENSG00000245080,MIR3150BHG,lncRNA,8,95066808,95073193,-1,MIR3150B host gene [Source:HGNC Symbol;Acc:HGNC:52000]
ENSG00000249582,RPL7L1P4,processed_pseudogene,5,117778826,117779532,-1,RPL7L1 pseudogene 4 [Source:HGNC Symbol;Acc:HGNC:39486]
ENSG00000250878,METTL21EP,protein_coding,13,102880040,102896033,1,"methyltransferase like 21E, pseudogene [Source:HGNC Symbol;Acc:HGNC:41948]"
ENSG00000252713,RNU6-1198P,snRNA,7,73507208,73507274,1,"RNA, U6 small nuclear 1198, pseudogene [Source:HGNC Symbol;Acc:HGNC:48161]"
ENSG00000252770,RNU7-4P,snRNA,12,68911921,68911982,1,"RNA, U7 small nuclear 4 pseudogene [Source:HGNC Symbol;Acc:HGNC:34100]"
ENSG00000253811,,lncRNA,5,158983006,158984789,1,novel transcript
ENSG00000253823,IGLV1-62,IG_V_pseudogene,22,22086561,22087110,1,immunoglobulin lambda variable 1-62 (pseudogene) [Source:HGNC Symbol;Acc:HGNC:5883]
ENSG00000254754,,lncRNA,11,25842592,25926808,1,novel transcript
ENSG00000255202,,lncRNA,11,33665220,33696701,-1,novel transcript
ENSG00000257807,STBD1P1,processed_pseudogene,12,47484689,47485722,1,STBD1 pseudogene 1 [Source:HGNC Symbol;Acc:HGNC:56805]
ENSG00000258118,PPIAP44,processed_pseudogene,12,30861921,30862179,1,peptidylprolyl isomerase A pseudogene 44 [Source:HGNC Symbol;Acc:HGNC:53668]
ENSG00000258779,LOHAN2,lncRNA,16,73386771,73504954,1,lncRNA oncogene in head and neck cancer 2 [Source:HGNC Symbol;Acc:HGNC:51371]
ENSG00000260146,,processed_pseudogene,16,66450998,66451351,-1,transmembrane protein 188 (TMEM188) pseudogene
ENSG00000260900,,processed_pseudogene,16,33059936,33060098,1,integrator complex subunit 4-like 2 (INTS4L2) pseudogene
ENSG00000263741,MIR548AS,miRNA,13,92490163,92490220,1,microRNA 548as [Source:HGNC Symbol;Acc:HGNC:43550]
ENSG00000264574,,miRNA,10,23393405,23393467,1,
ENSG00000264857,MIR5696,miRNA,2,101309450,101309534,1,microRNA 5696 [Source:HGNC Symbol;Acc:HGNC:43516]
ENSG00000265813,RN7SL300P,misc_RNA,3,153199700,153200017,-1,"RNA, 7SL, cytoplasmic 300, pseudogene [Source:HGNC Symbol;Acc:HGNC:46316]"
ENSG00000267430,,processed_pseudogene,18,63415317,63416469,-1,"proteasome (prosome, macropain) 26S subunit, ATPase, 5 (PSMC5) pseudogene"
ENSG00000268438,BNIP3P27,processed_pseudogene,19,21826513,21827279,1,BCL2 interacting protein 3 pseudogene 27 [Source:HGNC Symbol;Acc:HGNC:49707]
ENSG00000269895,,lncRNA,11,86833068,86837615,1,novel transcript
ENSG00000271194,RNF138P2,processed_pseudogene,7,53316149,53316740,1,ring finger protein 138 pseudogene 2 [Source:HGNC Symbol;Acc:HGNC:50775]
ENSG00000271608,,processed_pseudogene,6,108551018,108551207,-1,MACRO domain containing 2 (MACROD2) pseudogene
ENSG00000272153,,lncRNA,1,3785008,3785538,1,"novel transcript, antisense to LRRC47"
ENSG00000273015,LINC00938,lncRNA,12,45718046,45727860,-1,long intergenic non-protein coding RNA 938 [Source:HGNC Symbol;Acc:HGNC:48630]
ENSG00000274010,ZFP91P1,processed_pseudogene,2,127840606,127841763,-1,ZFP91 pseudogene 1 [Source:HGNC Symbol;Acc:HGNC:54652]
ENSG00000275107,MIR6782,miRNA,17,44207771,44207839,-1,microRNA 6782 [Source:HGNC Symbol;Acc:HGNC:50270]
ENSG00000275457,,lncRNA,20,21302722,21304123,-1,"novel transcript, antisense to XRN2"
ENSG00000277444,,misc_RNA,2,144521039,144521116,1,
ENSG00000277448,LINC02338,lncRNA,13,58165778,58209483,1,long intergenic non-protein coding RNA 2338 [Source:HGNC Symbol;Acc:HGNC:53258]
ENSG00000277997,,lncRNA,2,307683,309424,1,novel transcript
ENSG00000280247,,TEC,19,4246339,4247358,-1,TEC
ENSG00000009335,UBE3C,protein_coding,7,157138922,157269372,1,ubiquitin protein ligase E3C [Source:HGNC Symbol;Acc:HGNC:16803]
ENSG00000010322,NISCH,protein_coding,3,52455118,52493068,1,nischarin [Source:HGNC Symbol;Acc:HGNC:18006]
ENSG00000020181,ADGRA2,protein_coding,8,37784191,37844896,1,adhesion G protein-coupled receptor A2 [Source:HGNC Symbol;Acc:HGNC:17849]
ENSG00000029559,IBSP,protein_coding,4,87799546,87813329,1,integrin binding sialoprotein [Source:HGNC Symbol;Acc:HGNC:5341]
ENSG00000050030,NEXMIF,protein_coding,X,74732856,74925472,-1,neurite extension and migration factor [Source:HGNC Symbol;Acc:HGNC:29433]
ENSG00000094804,CDC6,protein_coding,17,40287831,40304657,1,cell division cycle 6 [Source:HGNC Symbol;Acc:HGNC:1744]
ENSG00000108465,CDK5RAP3,protein_coding,17,47967810,47981781,1,CDK5 regulatory subunit associated protein 3 [Source:HGNC Symbol;Acc:HGNC:18673]
ENSG00000111860,CEP85L,protein_coding,6,118460772,118710075,-1,centrosomal protein 85 like [Source:HGNC Symbol;Acc:HGNC:21638]
ENSG00000112874,NUDT12,protein_coding,5,103548855,103562806,-1,nudix hydrolase 12 [Source:HGNC Symbol;Acc:HGNC:18826]
ENSG00000115850,LCT,protein_coding,2,135787850,135837184,-1,lactase [Source:HGNC Symbol;Acc:HGNC:6530]
ENSG00000116544,DLGAP3,protein_coding,1,34865436,34929650,-1,DLG associated protein 3 [Source:HGNC Symbol;Acc:HGNC:30368]
ENSG00000118242,MREG,protein_coding,2,215942584,216034096,-1,melanoregulin [Source:HGNC Symbol;Acc:HGNC:25478]
ENSG00000122390,NAA60,protein_coding,16,3443649,3486954,1,"N-alpha-acetyltransferase 60, NatF catalytic subunit [Source:HGNC Symbol;Acc:HGNC:25875]"
ENSG00000135956,TMEM127,protein_coding,2,96248500,96266047,-1,transmembrane protein 127 [Source:HGNC Symbol;Acc:HGNC:26038]
ENSG00000143196,DPT,protein_coding,1,168695457,168729206,-1,dermatopontin [Source:HGNC Symbol;Acc:HGNC:3011]
ENSG00000143314,MRPL24,protein_coding,1,156737294,156741590,-1,mitochondrial ribosomal protein L24 [Source:HGNC Symbol;Acc:HGNC:14037]
ENSG00000143867,OSR1,protein_coding,2,19351485,19359486,-1,odd-skipped related transcription factor 1 [Source:HGNC Symbol;Acc:HGNC:8111]
ENSG00000143891,GALM,protein_coding,2,38666081,38741237,1,galactose mutarotase [Source:HGNC Symbol;Acc:HGNC:24063]
ENSG00000146205,ANO7,protein_coding,2,241188509,241225993,1,anoctamin 7 [Source:HGNC Symbol;Acc:HGNC:31677]
ENSG00000148296,SURF6,protein_coding,9,133328776,133336189,-1,surfeit 6 [Source:HGNC Symbol;Acc:HGNC:11478]
ENSG00000153406,NMRAL1,protein_coding,16,4461684,4495763,-1,NmrA like redox sensor 1 [Source:HGNC Symbol;Acc:HGNC:24987]
ENSG00000158402,CDC25C,protein_coding,5,138285251,138338355,-1,cell division cycle 25C [Source:HGNC Symbol;Acc:HGNC:1727]
ENSG00000159579,RSPRY1,protein_coding,16,57186137,57240479,1,ring finger and SPRY domain containing 1 [Source:HGNC Symbol;Acc:HGNC:29420]
ENSG00000160202,CRYAA,protein_coding,21,43169008,43172810,1,crystallin alpha A [Source:HGNC Symbol;Acc:HGNC:2388]
ENSG00000160695,VPS11,protein_coding,11,119067789,119082753,1,VPS11 core subunit of CORVET and HOPS complexes [Source:HGNC Symbol;Acc:HGNC:14583]
ENSG00000160883,HK3,protein_coding,5,176880820,176899437,-1,hexokinase 3 [Source:HGNC Symbol;Acc:HGNC:4925]
ENSG00000167664,TMIGD2,protein_coding,19,4292227,4302431,-1,transmembrane and immunoglobulin domain containing 2 [Source:HGNC Symbol;Acc:HGNC:28324]
ENSG00000168904,LRRC28,protein_coding,15,99250937,99390729,1,leucine rich repeat containing 28 [Source:HGNC Symbol;Acc:HGNC:28355]
ENSG00000174028,FAM3C2P,transcribed_processed_pseudogene,X,23075758,23076767,1,"family with sequence similarity 3 member C2, pseudogene [Source:HGNC Symbol;Acc:HGNC:34501]"
ENSG00000174485,DENND4A,protein_coding,15,65658046,65792293,-1,DENN domain containing 4A [Source:HGNC Symbol;Acc:HGNC:24321]
ENSG00000184478,OR56A3,protein_coding,11,5938751,5951347,1,olfactory receptor family 56 subfamily A member 3 [Source:HGNC Symbol;Acc:HGNC:14786]
ENSG00000185038,MROH2A,protein_coding,2,233775679,233833423,1,maestro heat like repeat family member 2A [Source:HGNC Symbol;Acc:HGNC:27936]
ENSG00000185742,C11orf87,protein_coding,11,109422190,109429167,1,chromosome 11 open reading frame 87 [Source:HGNC Symbol;Acc:HGNC:33788]
ENSG00000188626,GOLGA8M,protein_coding,15,28698583,28738384,-1,golgin A8 family member M [Source:HGNC Symbol;Acc:HGNC:44404]
ENSG00000198695,MT-ND6,protein_coding,MT,14149,14673,-1,mitochondrially encoded NADH:ubiquinone oxidoreductase core subunit 6 [Source:HGNC Symbol;Acc:HGNC:7462]
ENSG00000198830,HMGN2,protein_coding,1,26472013,26478209,1,high mobility group nucleosomal binding domain 2 [Source:HGNC Symbol;Acc:HGNC:4986]
ENSG00000198839,ZNF277,protein_coding,7,112206695,112356519,1,zinc finger protein 277 [Source:HGNC Symbol;Acc:HGNC:13070]
ENSG00000199200,Y_RNA,misc_RNA,10,34201979,34202074,-1,Y RNA [Source:RFAM;Acc:RF00019]
ENSG00000200827,RNU6-324P,snRNA,18,12098427,12098532,1,"RNA, U6 small nuclear 324, pseudogene [Source:HGNC Symbol;Acc:HGNC:47287]"
ENSG00000202310,Y_RNA,misc_RNA,8,100158868,100158975,1,Y RNA [Source:RFAM;Acc:RF00019]
ENSG00000202459,Y_RNA,misc_RNA,14,102695388,102695495,1,Y RNA [Source:RFAM;Acc:RF00019]
ENSG00000202498,SNORD116,snoRNA,1,215630026,215630117,-1,Small nucleolar RNA SNORD116 [Source:RFAM;Acc:RF00108]
ENSG00000203729,LINC00272,lncRNA,1,182407621,182414815,1,long intergenic non-protein coding RNA 272 [Source:HGNC Symbol;Acc:HGNC:26898]
ENSG00000204560,DHX16,protein_coding,6,30653119,30673013,-1,DEAH-box helicase 16 [Source:HGNC Symbol;Acc:HGNC:2739]
ENSG00000204962,PCDHA8,protein_coding,5,140841187,141012347,1,protocadherin alpha 8 [Source:HGNC Symbol;Acc:HGNC:8674]
ENSG00000205213,LGR4,protein_coding,11,27365961,27472821,-1,leucine rich repeat containing G protein-coupled receptor 4 [Source:HGNC Symbol;Acc:HGNC:13299]
ENSG00000206721,Y_RNA,misc_RNA,3,120210320,120210421,1,Y RNA [Source:RFAM;Acc:RF00019]
ENSG00000211967,IGHV3-53,IG_V_gene,14,106592676,106593347,-1,immunoglobulin heavy variable 3-53 [Source:HGNC Symbol;Acc:HGNC:5610]
ENSG00000213277,MARCKSL1P1,processed_pseudogene,10,103175554,103176094,1,MARCKS like 1 pseudogene 1 [Source:HGNC Symbol;Acc:HGNC:45239]
ENSG00000213983,AP1G2,protein_coding,14,23559557,23568070,-1,adaptor related protein complex 1 subunit gamma 2 [Source:HGNC Symbol;Acc:HGNC:556]
ENSG00000214244,SETP21,transcribed_processed_pseudogene,5,60459848,60460739,-1,SET pseudogene 21 [Source:HGNC Symbol;Acc:HGNC:42940]
ENSG00000215547,DEFB115,protein_coding,20,31257664,31259632,1,defensin beta 115 [Source:HGNC Symbol;Acc:HGNC:18096]
ENSG00000216005,MIR888,miRNA,X,145994784,145994860,-1,microRNA 888 [Source:HGNC Symbol;Acc:HGNC:33648]
ENSG00000217272,RAB1AP2,processed_pseudogene,6,86170447,86171018,-1,RAB1A pseudogene 2 [Source:HGNC Symbol;Acc:HGNC:54645]
ENSG00000223543,TCEAL4P1,processed_pseudogene,13,36741878,36742465,-1,transcription elongation factor A like 4 pseudogene 1 [Source:HGNC Symbol;Acc:HGNC:39582]
ENSG00000225653,RNF19BPY,processed_pseudogene,Y,3777997,3779546,-1,ring finger protein 19B pseudogene Y-linked [Source:HGNC Symbol;Acc:HGNC:38398]
ENSG00000225724,ASH2LP3,unprocessed_pseudogene,22,22339573,22341214,1,ASH2L pseudogene 3 [Source:HGNC Symbol;Acc:HGNC:53060]
ENSG00000225727,,transcribed_processed_pseudogene,13,44452601,44452822,1,filamin A interacting protein 1-like (FILIP1L) pseudogene
ENSG00000226268,,processed_pseudogene,11,49433480,49434438,-1,"solute carrier family 25, member 33 (SLC25A33) pseudogene"
ENSG00000226812,R3HDML-AS1,lncRNA,20,44338363,44355597,-1,R3HDML antisense RNA 1 [Source:HGNC Symbol;Acc:HGNC:55830]
ENSG00000227627,,lncRNA,6,152983327,152991322,1,novel transcript
ENSG00000228506,PNISR-AS1,lncRNA,6,99424847,99502354,1,PNISR antisense RNA 1 [Source:HGNC Symbol;Acc:HGNC:40958]
ENSG00000232091,PNLIPP1,unprocessed_pseudogene,10,116577308,116583317,1,pancreatic lipase pseudogene 1 [Source:HGNC Symbol;Acc:HGNC:45264]
ENSG00000235965,,lncRNA,21,19046310,19047684,-1,novel transcript
ENSG00000236527,ARF4P2,processed_pseudogene,20,62872250,62873076,-1,ARF GTPase 4 pseudogene 2 [Source:HGNC Symbol;Acc:HGNC:16599]
ENSG00000240087,RPSAP12,processed_pseudogene,12,68552995,68553882,-1,ribosomal protein SA pseudogene 12 [Source:HGNC Symbol;Acc:HGNC:6504]
ENSG00000241461,RN7SL182P,misc_RNA,3,49083233,49083532,1,"RNA, 7SL, cytoplasmic 182, pseudogene [Source:HGNC Symbol;Acc:HGNC:46198]"
ENSG00000250072,SH3TC2-DT,lncRNA,5,149063199,149130020,1,SH3TC2 divergent transcript [Source:HGNC Symbol;Acc:HGNC:52905]
ENSG00000250706,,lncRNA,4,152146385,152178573,-1,novel transcript
ENSG00000251285,,processed_pseudogene,4,88220569,88223837,-1,ribosomal protein S27 (RPS27) pseudogene
ENSG00000252257,RN7SKP265,misc_RNA,3,181968459,181968681,1,RN7SK pseudogene 265 [Source:HGNC Symbol;Acc:HGNC:45989]
ENSG00000252657,SNORA70,snoRNA,17,29777619,29777744,1,Small nucleolar RNA SNORA70 [Source:RFAM;Acc:RF00156]
ENSG00000253707,,processed_pseudogene,8,43284626,43284806,-1,S-phase response (cyclin related) (SPHAR) pseudogene
ENSG00000253734,LINC01289,lncRNA,8,63752055,63814143,1,long intergenic non-protein coding RNA 1289 [Source:HGNC Symbol;Acc:HGNC:50354]
ENSG00000254440,PBOV1,protein_coding,6,138215986,138218491,-1,prostate and breast cancer overexpressed 1 [Source:HGNC Symbol;Acc:HGNC:21079]
ENSG00000256723,,processed_pseudogene,11,73994972,73996151,-1,"family with sequence similarity 91, member A1 (FAM91A1) pseudogene"
ENSG00000256984,,transcribed_processed_pseudogene,12,31015443,31015806,1,mitochondrially encoded cytochrome c oxidase I (MT-CO1) pseudogene
ENSG00000258757,,lncRNA,14,52640839,52641566,1,"novel transcript, antisense to ERO1L"
ENSG00000259316,,protein_coding,15,64181180,64381440,-1,novel protein
ENSG00000259928,,lncRNA,17,30564057,30565576,-1,novel transcript
ENSG00000260132,UNKL-AS1,lncRNA,16,1408373,1412279,1,UNKL antisense RNA 1 [Source:HGNC Symbol;Acc:HGNC:58300]
ENSG00000261263,,transcribed_processed_pseudogene,16,32650676,32650910,-1,kinase suppressor of ras 1 (KSR1) pseudogene
ENSG00000261472,,lncRNA,16,79505047,79516411,1,novel transcript
ENSG00000262445,,lncRNA,17,1995614,2003671,1,"novel transcript, antisense to RTN4RL1"
ENSG00000265007,MIR4327,miRNA,21,30375294,30375378,-1,microRNA 4327 [Source:HGNC Symbol;Acc:HGNC:38355]
ENSG00000265706,SNORD53B,snoRNA,2,28927983,28928060,1,"small nucleolar RNA, C/D box 53B [Source:HGNC Symbol;Acc:HGNC:52229]"
ENSG00000265746,KYNUP2,processed_pseudogene,17,19082437,19084834,1,kynureninase pseudogene 2 [Source:HGNC Symbol;Acc:HGNC:39200]
ENSG00000270095,,lncRNA,12,123971457,123971714,-1,"novel transcript, sense intronic to CCDC92"
ENSG00000271828,,lncRNA,5,56927874,56929573,1,"novel transcript, antisense to MIER3"
ENSG00000272054,,lncRNA,2,37208875,37212677,1,novel transcript
ENSG00000272277,,lncRNA,6,3068044,3068894,-1,"novel transcript, antisense to RIPK1"
ENSG00000274772,Metazoa_SRP,misc_RNA,8,144683169,144683464,1,Metazoan signal recognition particle RNA [Source:RFAM;Acc:RF00017]
ENSG00000275484,,lncRNA,11,67374416,67374932,1,novel transcript
ENSG00000276941,MIR4509-1,miRNA,15,23197827,23197920,1,microRNA 4509-1 [Source:HGNC Symbol;Acc:HGNC:41860]
ENSG00000279103,,TEC,19,44246478,44248374,-1,TEC
ENSG00000279373,,TEC,15,78537681,78538946,1,novel transcript
ENSG00000282793,,lncRNA,15,101526754,101528361,-1,novel transcript
ENSG00000283881,MIR3916,miRNA,1,247201967,247202060,-1,microRNA 3916 [Source:HGNC Symbol;Acc:HGNC:38912]
ENSG00000283956,MIR3610,miRNA,8,116874728,116874800,-1,microRNA 3610 [Source:HGNC Symbol;Acc:HGNC:38942]
ENSG00000005108,THSD7A,protein_coding,7,11370365,11832198,-1,thrombospondin type 1 domain containing 7A [Source:HGNC Symbol;Acc:HGNC:22207]
ENSG00000010361,FUZ,protein_coding,19,49806866,49817376,-1,fuzzy planar cell polarity protein [Source:HGNC Symbol;Acc:HGNC:26219]
ENSG00000048991,R3HDM1,protein_coding,2,135531448,135725314,1,R3H domain containing 1 [Source:HGNC Symbol;Acc:HGNC:9757]
ENSG00000058404,CAMK2B,protein_coding,7,44209993,44334577,-1,calcium/calmodulin dependent protein kinase II beta [Source:HGNC Symbol;Acc:HGNC:1461]
ENSG00000099968,BCL2L13,protein_coding,22,17628848,17730855,1,BCL2 like 13 [Source:HGNC Symbol;Acc:HGNC:17164]
ENSG00000100652,SLC10A1,protein_coding,14,69775358,69797285,-1,solute carrier family 10 member 1 [Source:HGNC Symbol;Acc:HGNC:10905]
ENSG00000101752,MIB1,protein_coding,18,21704957,21870953,1,MIB E3 ubiquitin protein ligase 1 [Source:HGNC Symbol;Acc:HGNC:21086]
ENSG00000101846,STS,protein_coding,X,7147237,7804358,1,steroid sulfatase [Source:HGNC Symbol;Acc:HGNC:11425]
ENSG00000121931,LRIF1,protein_coding,1,110946652,110963988,-1,ligand dependent nuclear receptor interacting factor 1 [Source:HGNC Symbol;Acc:HGNC:30299]
ENSG00000121933,TMIGD3,protein_coding,1,111483348,111563962,-1,transmembrane and immunoglobulin domain containing 3 [Source:HGNC Symbol;Acc:HGNC:51375]
ENSG00000125846,ZNF133,protein_coding,20,18288265,18316996,1,zinc finger protein 133 [Source:HGNC Symbol;Acc:HGNC:12917]
ENSG00000138767,CNOT6L,protein_coding,4,77713387,77819615,-1,CCR4-NOT transcription complex subunit 6 like [Source:HGNC Symbol;Acc:HGNC:18042]
ENSG00000141030,COPS3,protein_coding,17,17246616,17281303,-1,COP9 signalosome subunit 3 [Source:HGNC Symbol;Acc:HGNC:2239]
ENSG00000143479,DYRK3,protein_coding,1,206635536,206684419,1,dual specificity tyrosine phosphorylation regulated kinase 3 [Source:HGNC Symbol;Acc:HGNC:3094]
ENSG00000152078,TLCD4,protein_coding,1,95117292,95197607,1,TLC domain containing 4 [Source:HGNC Symbol;Acc:HGNC:26477]
ENSG00000154640,BTG3,protein_coding,21,17593650,17613014,-1,BTG anti-proliferation factor 3 [Source:HGNC Symbol;Acc:HGNC:1132]
ENSG00000155428,TRIM74,protein_coding,7,72959485,72969466,-1,tripartite motif containing 74 [Source:HGNC Symbol;Acc:HGNC:17453]
ENSG00000157734,SNX22,protein_coding,15,64151713,64157481,1,sorting nexin 22 [Source:HGNC Symbol;Acc:HGNC:16315]
ENSG00000160877,NACC1,protein_coding,19,13116468,13141147,1,nucleus accumbens associated 1 [Source:HGNC Symbol;Acc:HGNC:20967]
ENSG00000163235,TGFA,protein_coding,2,70447284,70554193,-1,transforming growth factor alpha [Source:HGNC Symbol;Acc:HGNC:11765]
ENSG00000171885,AQP4,protein_coding,18,26852043,26865771,-1,aquaporin 4 [Source:HGNC Symbol;Acc:HGNC:637]
ENSG00000173153,ESRRA,protein_coding,11,64305080,64316744,1,estrogen related receptor alpha [Source:HGNC Symbol;Acc:HGNC:3471]
ENSG00000179157,RPS2P28,processed_pseudogene,6,43363479,43364219,1,ribosomal protein S2 pseudogene 28 [Source:HGNC Symbol;Acc:HGNC:35780]
ENSG00000181965,NEUROG1,protein_coding,5,135534282,135535964,-1,neurogenin 1 [Source:HGNC Symbol;Acc:HGNC:7764]
ENSG00000186106,ANKRD46,protein_coding,8,100509752,100559784,-1,ankyrin repeat domain 46 [Source:HGNC Symbol;Acc:HGNC:27229]
ENSG00000188199,NUTM2B,protein_coding,10,79703227,79714681,1,NUT family member 2B [Source:HGNC Symbol;Acc:HGNC:23445]
ENSG00000197757,HOXC6,protein_coding,12,53990624,54030823,1,homeobox C6 [Source:HGNC Symbol;Acc:HGNC:5128]
ENSG00000198393,ZNF26,protein_coding,12,132986365,133032952,1,zinc finger protein 26 [Source:HGNC Symbol;Acc:HGNC:13053]
ENSG00000198899,MT-ATP6,protein_coding,MT,8527,9207,1,mitochondrially encoded ATP synthase membrane subunit 6 [Source:HGNC Symbol;Acc:HGNC:7414]
ENSG00000199938,Y_RNA,misc_RNA,6,38565950,38566055,1,Y RNA [Source:RFAM;Acc:RF00019]
ENSG00000201451,Y_RNA,misc_RNA,9,133337728,133337824,-1,Y RNA [Source:RFAM;Acc:RF00019]
ENSG00000204967,PCDHA4,protein_coding,5,140807037,141012347,1,protocadherin alpha 4 [Source:HGNC Symbol;Acc:HGNC:8670]
ENSG00000205250,E2F4,protein_coding,16,67192155,67198918,1,E2F transcription factor 4 [Source:HGNC Symbol;Acc:HGNC:3118]
ENSG00000206676,Y_RNA,misc_RNA,15,37050828,37050930,-1,Y RNA [Source:RFAM;Acc:RF00019]
ENSG00000213064,SFT2D2,protein_coding,1,168225938,168253021,1,SFT2 domain containing 2 [Source:HGNC Symbol;Acc:HGNC:25140]
ENSG00000213752,,processed_pseudogene,22,45275599,45276085,1,ribosomal protein S10 (RPS10) pseudogene
ENSG00000214815,IMPDH1P3,processed_pseudogene,7,138440690,138442238,1,inosine monophosphate dehydrogenase 1 pseudogene 3 [Source:HGNC Symbol;Acc:HGNC:33958]
ENSG00000215455,KRTAP10-1,protein_coding,21,44538981,44540195,-1,keratin associated protein 10-1 [Source:HGNC Symbol;Acc:HGNC:22966]
ENSG00000216718,RPL21P68,processed_pseudogene,6,25261239,25261731,1,ribosomal protein L21 pseudogene 68 [Source:HGNC Symbol;Acc:HGNC:35720]
ENSG00000219188,CACYBPP3,processed_pseudogene,6,158515605,158516229,-1,calcyclin binding protein pseudogene 3 [Source:HGNC Symbol;Acc:HGNC:45124]
ENSG00000219249,AMZ2P2,processed_pseudogene,6,158725747,158726803,-1,AMZ2 pseudogene 2 [Source:HGNC Symbol;Acc:HGNC:38072]
ENSG00000223824,TERF1P6,processed_pseudogene,2,189917254,189917758,-1,TERF1 pseudogene 6 [Source:HGNC Symbol;Acc:HGNC:54602]
ENSG00000224950,,lncRNA,1,116493016,116499212,-1,novel transcript
ENSG00000225238,GEMIN7P1,processed_pseudogene,X,41472264,41472653,-1,GEMIN7 pseudogene 1 [Source:HGNC Symbol;Acc:HGNC:54938]
ENSG00000225465,RFPL1S,lncRNA,22,29409067,29478923,-1,RFPL1 antisense RNA 1 [Source:HGNC Symbol;Acc:HGNC:9978]
ENSG00000225775,,lncRNA,6,9124221,9161777,-1,novel transcript
ENSG00000225794,,lncRNA,2,216594320,216611216,1,novel transcript
ENSG00000226845,EEF1GP3,processed_pseudogene,3,40596207,40597494,-1,eukaryotic translation elongation factor 1 gamma pseudogene 3 [Source:HGNC Symbol;Acc:HGNC:44558]
ENSG00000227253,,lncRNA,10,32266289,32269474,1,novel transcript
ENSG00000228601,RPL39P,processed_pseudogene,20,56459428,56459583,-1,ribosomal protein L39 pseudogene [Source:HGNC Symbol;Acc:HGNC:16558]
ENSG00000231187,SYT15-AS1,lncRNA,10,46580708,46598150,-1,SYT15 antisense RNA 1 [Source:HGNC Symbol;Acc:HGNC:56167]
ENSG00000232455,LARS2-AS1,lncRNA,3,45483974,45509545,-1,LARS2 antisense RNA 1 [Source:HGNC Symbol;Acc:HGNC:40796]
ENSG00000233455,,processed_pseudogene,1,210303684,210304540,1,ribonuclease H1 (RNASEH1) pseudogene
ENSG00000235001,EIF4A1P2,processed_pseudogene,Y,5337745,5338964,-1,eukaryotic translation initiation factor 4A1 pseudogene 2 [Source:HGNC Symbol;Acc:HGNC:23946]
ENSG00000235218,DNAJC17P1,processed_pseudogene,2,193276668,193277614,-1,DNAJC17 pseudogene 1 [Source:HGNC Symbol;Acc:HGNC:54782]
ENSG00000235645,LINC02651,lncRNA,10,69684807,69692452,1,long intergenic non-protein coding RNA 2651 [Source:HGNC Symbol;Acc:HGNC:54136]
ENSG00000235922,RPL13P14,processed_pseudogene,20,46863563,46864104,-1,ribosomal protein L13 pseudogene 14 [Source:HGNC Symbol;Acc:HGNC:36387]
ENSG00000236213,CDC42EP3-AS1,lncRNA,2,37425634,37921937,1,CDC42EP3 antisense RNA 1 [Source:HGNC Symbol;Acc:HGNC:56370]
ENSG00000236937,PTGES3P4,processed_pseudogene,10,102845595,102845950,1,prostaglandin E synthase 3 pseudogene 4 [Source:HGNC Symbol;Acc:HGNC:43825]
ENSG00000238934,,snoRNA,1,161141208,161141336,-1,
ENSG00000240435,RPS12P27,processed_pseudogene,16,68209442,68209778,1,ribosomal protein S12 pseudogene 27 [Source:HGNC Symbol;Acc:HGNC:35892]
ENSG00000240790,SND1-DT,lncRNA,7,127644685,127652068,-1,SND1 divergent transcript [Source:HGNC Symbol;Acc:HGNC:55639]
ENSG00000242315,RN7SL685P,misc_RNA,8,100957883,100958180,1,"RNA, 7SL, cytoplasmic 685, pseudogene [Source:HGNC Symbol;Acc:HGNC:46701]"
ENSG00000242325,RPS12P31,processed_pseudogene,19,32636078,32636475,1,ribosomal protein S12 pseudogene 31 [Source:HGNC Symbol;Acc:HGNC:35578]
ENSG00000242612,DECR2,protein_coding,16,401854,412492,1,"2,4-dienoyl-CoA reductase 2 [Source:HGNC Symbol;Acc:HGNC:2754]"
ENSG00000242748,RPL23AP81,transcribed_processed_pseudogene,20,41196691,41197157,1,ribosomal protein L23a pseudogene 81 [Source:HGNC Symbol;Acc:HGNC:36246]
ENSG00000243014,PTMAP8,processed_pseudogene,3,117026698,117027039,1,prothymosin alpha pseudogene 8 [Source:HGNC Symbol;Acc:HGNC:42437]
ENSG00000249854,CDH18-AS1,lncRNA,5,20304910,20347972,1,CDH18 antisense RNA 1 [Source:HGNC Symbol;Acc:HGNC:53088]
ENSG00000252618,RNA5SP441,rRNA_pseudogene,17,40374089,40374176,1,"RNA, 5S ribosomal pseudogene 441 [Source:HGNC Symbol;Acc:HGNC:43341]"
ENSG00000252719,,snoRNA,X,139909904,139910034,1,
ENSG00000252784,Y_RNA,misc_RNA,1,63338263,63338372,1,Y RNA [Source:RFAM;Acc:RF00019]
ENSG00000253520,,transcribed_processed_pseudogene,5,179527224,179527513,-1,6-pyruvoyltetrahydropterin synthase (PTS) pseudogene
ENSG00000254369,HOXA-AS3,lncRNA,7,27129977,27155928,1,HOXA cluster antisense RNA 3 [Source:HGNC Symbol;Acc:HGNC:43748]
ENSG00000254639,,lncRNA,11,46237246,46244154,1,novel transcript
ENSG00000254983,,lncRNA,11,12303533,12308216,1,novel transcript
ENSG00000255850,RXYLT1-AS1,lncRNA,12,63804739,63822219,-1,RXYLT1 antisense RNA 1 [Source:HGNC Symbol;Acc:HGNC:48910]
ENSG00000256664,,processed_pseudogene,12,68841946,68842384,1,ribosomal L24 domain containing 1 (RSL24D1) pseudogene
ENSG00000259327,,lncRNA,15,52116574,52122131,1,novel transcript
ENSG00000262265,,lncRNA,17,47160398,47167723,-1,"novel transcript, sense intronic to CDC27"
ENSG00000262514,,lncRNA,16,68199795,68200981,1,novel transcript
ENSG00000263159,,lncRNA,16,4032012,4032936,1,"novel transcript, antisense ADCY9"
ENSG00000265010,,lncRNA,17,73243093,73244706,1,"novel transcript, sense intronic to C17orf80"
ENSG00000266947,,lncRNA,17,35231449,35243011,-1,"novel transcript, antisense SLFN5"
ENSG00000266971,OR4F8P,unprocessed_pseudogene,19,156279,157215,-1,olfactory receptor family 4 subfamily F member 8 pseudogene [Source:HGNC Symbol;Acc:HGNC:15395]
ENSG00000268731,ISCA1P7,processed_pseudogene,19,21381220,21381921,-1,iron-sulfur cluster assembly 1 pseudogene 7 [Source:HGNC Symbol;Acc:HGNC:57008]
ENSG00000268754,LINC01081,lncRNA,16,86220148,86304707,-1,long intergenic non-protein coding RNA 1081 [Source:HGNC Symbol;Acc:HGNC:49124]
ENSG00000273988,,unprocessed_pseudogene,X,135445897,135447368,-1,chromosome X open reading frame 48 (CXorf48) pseudogene
ENSG00000275152,CCL16,protein_coding,17,35976194,35981537,-1,C-C motif chemokine ligand 16 [Source:HGNC Symbol;Acc:HGNC:10614]
ENSG00000275238,MIR4734,miRNA,17,38702262,38702331,-1,microRNA 4734 [Source:HGNC Symbol;Acc:HGNC:41572]
ENSG00000275826,,processed_pseudogene,4,188713644,188715442,1,heat shock 70kDa protein 8 (HSPA8) pseudogene
ENSG00000276272,,lncRNA,12,56411944,56413190,-1,novel transcript
ENSG00000283554,LINC02341,lncRNA,13,42339188,42486214,1,long intergenic non-protein coding RNA 2341 [Source:HGNC Symbol;Acc:HGNC:53261]
ENSG00000284425,MIR8072,miRNA,12,123364764,123364843,-1,microRNA 8072 [Source:HGNC Symbol;Acc:HGNC:50174]
ENSG00000284600,,lncRNA,2,1795525,1812307,1,"novel transcript, antisense to MYT1L"
ENSG00000055483,USP36,protein_coding,17,78787381,78841441,-1,ubiquitin specific peptidase 36 [Source:HGNC Symbol;Acc:HGNC:20062]
ENSG00000076201,PTPN23,protein_coding,3,47381011,47413442,1,protein tyrosine phosphatase non-receptor type 23 [Source:HGNC Symbol;Acc:HGNC:14406]
ENSG00000089289,IGBP1,protein_coding,X,70133345,70166324,1,immunoglobulin binding protein 1 [Source:HGNC Symbol;Acc:HGNC:5461]
ENSG00000100027,YPEL1,protein_coding,22,21697536,21735794,-1,yippee like 1 [Source:HGNC Symbol;Acc:HGNC:12845]
ENSG00000101574,METTL4,protein_coding,18,2537525,2571509,-1,"methyltransferase 4, N6-adenosine [Source:HGNC Symbol;Acc:HGNC:24726]"
ENSG00000105971,CAV2,protein_coding,7,116287380,116508541,1,caveolin 2 [Source:HGNC Symbol;Acc:HGNC:1528]
ENSG00000106004,HOXA5,protein_coding,7,27141052,27143681,-1,homeobox A5 [Source:HGNC Symbol;Acc:HGNC:5106]
ENSG00000107282,APBA1,protein_coding,9,69427532,69672371,-1,amyloid beta precursor protein binding family A member 1 [Source:HGNC Symbol;Acc:HGNC:578]
ENSG00000112367,FIG4,protein_coding,6,109690609,109878098,1,FIG4 phosphoinositide 5-phosphatase [Source:HGNC Symbol;Acc:HGNC:16873]
ENSG00000115009,CCL20,protein_coding,2,227805739,227817564,1,C-C motif chemokine ligand 20 [Source:HGNC Symbol;Acc:HGNC:10619]
ENSG00000117533,VAMP4,protein_coding,1,171700160,171743206,-1,vesicle associated membrane protein 4 [Source:HGNC Symbol;Acc:HGNC:12645]
ENSG00000118046,STK11,protein_coding,19,1177558,1228431,1,serine/threonine kinase 11 [Source:HGNC Symbol;Acc:HGNC:11389]
ENSG00000122778,KIAA1549,protein_coding,7,138831381,138982084,-1,KIAA1549 [Source:HGNC Symbol;Acc:HGNC:22219]
ENSG00000129351,ILF3,protein_coding,19,10654261,10692415,1,interleukin enhancer binding factor 3 [Source:HGNC Symbol;Acc:HGNC:6038]
ENSG00000131778,CHD1L,protein_coding,1,147242643,147295767,1,chromodomain helicase DNA binding protein 1 like [Source:HGNC Symbol;Acc:HGNC:1916]
ENSG00000132256,TRIM5,protein_coding,11,5663195,5938619,-1,tripartite motif containing 5 [Source:HGNC Symbol;Acc:HGNC:16276]
ENSG00000137941,TTLL7,protein_coding,1,83865024,83999164,-1,tubulin tyrosine ligase like 7 [Source:HGNC Symbol;Acc:HGNC:26242]
ENSG00000139514,SLC7A1,protein_coding,13,29509410,29595781,-1,solute carrier family 7 member 1 [Source:HGNC Symbol;Acc:HGNC:11057]
ENSG00000144802,NFKBIZ,protein_coding,3,101827991,101861022,1,NFKB inhibitor zeta [Source:HGNC Symbol;Acc:HGNC:29805]
ENSG00000145782,ATG12,protein_coding,5,115828200,115841837,-1,autophagy related 12 [Source:HGNC Symbol;Acc:HGNC:588]
ENSG00000151702,FLI1,protein_coding,11,128686535,128813267,1,"Fli-1 proto-oncogene, ETS transcription factor [Source:HGNC Symbol;Acc:HGNC:3749]"
ENSG00000156958,GALK2,protein_coding,15,49155656,49367869,1,galactokinase 2 [Source:HGNC Symbol;Acc:HGNC:4119]
ENSG00000159261,CLDN14,protein_coding,21,36460616,36576569,-1,claudin 14 [Source:HGNC Symbol;Acc:HGNC:2035]
ENSG00000164690,SHH,protein_coding,7,155799980,155812463,-1,sonic hedgehog signaling molecule [Source:HGNC Symbol;Acc:HGNC:10848]
ENSG00000165702,GFI1B,protein_coding,9,132944000,132991687,1,growth factor independent 1B transcriptional repressor [Source:HGNC Symbol;Acc:HGNC:4238]
ENSG00000167157,PRRX2,protein_coding,9,129665630,129722674,1,paired related homeobox 2 [Source:HGNC Symbol;Acc:HGNC:21338]
ENSG00000169340,PDILT,protein_coding,16,20359175,20404737,-1,"protein disulfide isomerase like, testis expressed [Source:HGNC Symbol;Acc:HGNC:27338]"
ENSG00000169676,DRD5,protein_coding,4,9781387,9784012,1,dopamine receptor D5 [Source:HGNC Symbol;Acc:HGNC:3026]
ENSG00000169885,CALML6,protein_coding,1,1915108,1917296,1,calmodulin like 6 [Source:HGNC Symbol;Acc:HGNC:24193]
ENSG00000172965,MIR4435-2HG,lncRNA,2,111006015,111523376,-1,MIR4435-2 host gene [Source:HGNC Symbol;Acc:HGNC:35163]
ENSG00000176857,GJA1P1,processed_pseudogene,5,109051315,109052457,-1,gap junction protein alpha 1 pseudogene 1 [Source:HGNC Symbol;Acc:HGNC:4275]
ENSG00000183060,LYSMD4,protein_coding,15,99715697,99733561,-1,LysM domain containing 4 [Source:HGNC Symbol;Acc:HGNC:26571]
ENSG00000183742,MACC1,protein_coding,7,20134655,20217457,-1,MET transcriptional regulator MACC1 [Source:HGNC Symbol;Acc:HGNC:30215]
ENSG00000198924,DCLRE1A,protein_coding,10,113834725,113854383,-1,DNA cross-link repair 1A [Source:HGNC Symbol;Acc:HGNC:17660]
ENSG00000202186,RNU6-497P,snRNA,20,47484278,47484381,-1,"RNA, U6 small nuclear 497, pseudogene [Source:HGNC Symbol;Acc:HGNC:47460]"
ENSG00000207940,MIR567,miRNA,3,112112801,112112898,1,microRNA 567 [Source:HGNC Symbol;Acc:HGNC:32823]
ENSG00000212303,RNU6-1154P,snRNA,7,135665599,135665702,-1,"RNA, U6 small nuclear 1154, pseudogene [Source:HGNC Symbol;Acc:HGNC:48117]"
ENSG00000212620,SNORA75,snoRNA,4,79843102,79843228,1,Small nucleolar RNA SNORA75 [Source:RFAM;Acc:RF00072]
ENSG00000213540,TXN2P1,processed_pseudogene,1,84085741,84086233,1,TXN2 pseudogene 1 [Source:HGNC Symbol;Acc:HGNC:54554]
ENSG00000214998,CCNB2P1,processed_pseudogene,7,7909300,7910449,-1,cyclin B2 pseudogene 1 [Source:HGNC Symbol;Acc:HGNC:50850]
ENSG00000220494,YAP1P1,processed_pseudogene,6,147406889,147408281,1,YAP1 pseudogene 1 [Source:HGNC Symbol;Acc:HGNC:38016]
ENSG00000224160,CICP10,processed_pseudogene,2,242119856,242120053,-1,capicua transcriptional repressor pseudogene 10 [Source:HGNC Symbol;Acc:HGNC:37901]
ENSG00000224205,GSTT3P,transcribed_unprocessed_pseudogene,22,23976872,23991421,-1,"glutathione S-transferase theta 3, pseudogene [Source:HGNC Symbol;Acc:HGNC:55078]"
ENSG00000224570,,processed_pseudogene,1,65576129,65578380,-1,UDP-N-acetyl-alpha-D-galactosamine:polypeptide N-acetylgalactosaminyltransferase 11 (GalNAc-T11) (GALNT11) pseudogene
ENSG00000225137,DYNC1I2P1,processed_pseudogene,10,50264978,50266815,1,dynein cytoplasmic 1 intermediate chain 2 pseudogene 1 [Source:HGNC Symbol;Acc:HGNC:45012]
ENSG00000225706,PTPRD-AS1,lncRNA,9,8857982,8864772,1,PTPRD antisense RNA 1 [Source:HGNC Symbol;Acc:HGNC:49753]
ENSG00000227068,,lncRNA,9,125567579,125573023,1,novel transcript
ENSG00000228076,,processed_pseudogene,1,108766841,108767584,-1,chromosome 20 open reading frame 147 (C20orf147) pseudogene
ENSG00000228544,CCDC183-AS1,lncRNA,9,136803927,136808848,-1,CCDC183 antisense RNA 1 [Source:HGNC Symbol;Acc:HGNC:44105]
ENSG00000229508,PHKG1P4,unprocessed_pseudogene,7,57060590,57061301,-1,phosphorylase kinase catalytic subunit gamma 1 pseudogene 4 [Source:HGNC Symbol;Acc:HGNC:33918]
ENSG00000230572,KMT2CP5,transcribed_unprocessed_pseudogene,2,91696452,91714745,-1,lysine methyltransferase 2C pseudogene 5 [Source:HGNC Symbol;Acc:HGNC:56183]
ENSG00000231086,TSSK1A,transcribed_unitary_pseudogene,22,19124879,19125646,1,testis specific serine kinase 1A (pseudogene) [Source:HGNC Symbol;Acc:HGNC:11400]
ENSG00000231871,IPO9-AS1,lncRNA,1,201688259,201829559,-1,IPO9 antisense RNA 1 [Source:HGNC Symbol;Acc:HGNC:40892]
ENSG00000232254,CSF2RBP1,transcribed_unprocessed_pseudogene,22,36950529,36953723,-1,CSF2RB pseudogene 1 [Source:HGNC Symbol;Acc:HGNC:2437]
ENSG00000234637,RPS19P6,processed_pseudogene,9,80782338,80782770,-1,ribosomal protein S19 pseudogene 6 [Source:HGNC Symbol;Acc:HGNC:36217]
ENSG00000234705,HMGA1P4,lncRNA,9,128663120,128684991,-1,high mobility group AT-hook 1 pseudogene 4 [Source:HGNC Symbol;Acc:HGNC:39093]
ENSG00000235818,VN1R17P,processed_pseudogene,1,247236868,247237957,-1,vomeronasal 1 receptor 17 pseudogene [Source:HGNC Symbol;Acc:HGNC:37331]
ENSG00000235968,FBXL12P1,processed_pseudogene,2,68023694,68024766,-1,FBXL12 pseudogene 1 [Source:HGNC Symbol;Acc:HGNC:54776]
ENSG00000236145,,lncRNA,2,121178327,121182580,1,novel transcript
ENSG00000237380,HOXD-AS2,lncRNA,2,176121611,176137098,-1,HOXD cluster antisense RNA 2 [Source:HGNC Symbol;Acc:HGNC:43756]
ENSG00000237961,,processed_pseudogene,4,49238032,49245419,-1,ankyrin repeat domain 18B (ANKRD18B) pseudogene
ENSG00000238719,RNU7-96P,snRNA,2,97913054,97913117,-1,"RNA, U7 small nuclear 96 pseudogene [Source:HGNC Symbol;Acc:HGNC:45630]"
ENSG00000242764,RN7SL824P,misc_RNA,1,92402389,92402685,-1,"RNA, 7SL, cytoplasmic 824, pseudogene [Source:HGNC Symbol;Acc:HGNC:46840]"
ENSG00000242990,RPL13AP23,transcribed_processed_pseudogene,12,57674665,57675250,1,ribosomal protein L13a pseudogene 23 [Source:HGNC Symbol;Acc:HGNC:36498]
ENSG00000243455,RPS18P13,processed_pseudogene,19,18048637,18049090,1,ribosomal protein S18 pseudogene 13 [Source:HGNC Symbol;Acc:HGNC:36901]
ENSG00000249452,,processed_pseudogene,4,33238239,33238670,-1,pseudogene similar to part of calmodulin regulated spectrin-associated protein 1 (CAMSAP1)
ENSG00000251870,RNU2-69P,snRNA,18,58926197,58926296,-1,"RNA, U2 small nuclear 69, pseudogene [Source:HGNC Symbol;Acc:HGNC:48562]"
ENSG00000252252,RNU6-687P,snRNA,10,54452423,54452511,-1,"RNA, U6 small nuclear 687, pseudogene [Source:HGNC Symbol;Acc:HGNC:47650]"
ENSG00000252532,RNU7-193P,snRNA,10,43458065,43458129,1,"RNA, U7 small nuclear 193 pseudogene [Source:HGNC Symbol;Acc:HGNC:45727]"
ENSG00000253608,,lncRNA,8,48551138,48730918,1,novel transcript
ENSG00000253638,DPPA3P7,processed_pseudogene,8,133392211,133392690,-1,DPPA3 pseudogene 7 [Source:HGNC Symbol;Acc:HGNC:56535]
ENSG00000254641,,lncRNA,11,6608667,6610135,-1,"novel transcript, sense overlapping TAF10"
ENSG00000254833,,lncRNA,11,126160714,126176035,1,novel transcript
ENSG00000256256,,lncRNA,12,25882953,25885855,-1,novel transcript
ENSG00000257294,,lncRNA,12,60092864,60096071,1,novel transcript
ENSG00000260846,FRG2HP,transcribed_unprocessed_pseudogene,16,35335277,35336889,-1,"FSHD region gene 2 family member H, pseudogene [Source:HGNC Symbol;Acc:HGNC:51794]"
ENSG00000261284,RBM22P13,processed_pseudogene,16,31863633,31864876,1,RNA binding motif protein 22 pseudogene 13 [Source:HGNC Symbol;Acc:HGNC:49208]
ENSG00000262791,WDR81-AS1,lncRNA,17,1725748,1738585,-1,WDR81 antisense RNA 1 [Source:HGNC Symbol;Acc:HGNC:58142]
ENSG00000263301,,lncRNA,17,7439159,7443327,-1,"novel transcript, antisense to FGF11"
ENSG00000264559,MIR3162,miRNA,11,59595077,59595158,-1,microRNA 3162 [Source:HGNC Symbol;Acc:HGNC:38271]
ENSG00000265145,SNORD53,snoRNA,2,28927067,28927144,1,"small nucleolar RNA, C/D box 53 [Source:HGNC Symbol;Acc:HGNC:10203]"
ENSG00000265291,MIR4710,miRNA,14,104677694,104677749,-1,microRNA 4710 [Source:HGNC Symbol;Acc:HGNC:41727]
ENSG00000267414,SETBP1-DT,lncRNA,18,44676927,44679717,-1,SETBP1 divergent transcript [Source:HGNC Symbol;Acc:HGNC:54819]
ENSG00000268163,,protein_coding,19,57437970,57477536,-1,novel transcript
ENSG00000268654,MIMT1,lncRNA,19,56840853,56848560,1,MER1 repeat containing imprinted transcript 1 [Source:HGNC Symbol;Acc:HGNC:33464]
ENSG00000270733,,processed_pseudogene,1,26263041,26263398,-1,mitochondrial ribosomal protein S6 (MRPS6) pseudogene
ENSG00000270856,,processed_pseudogene,13,61927090,61927272,-1,cyclin-dependent kinase 2 associated protein 1 (CDK2AP1) pseudogene
ENSG00000272319,,unprocessed_pseudogene,10,42579724,42579858,1,double homeobox 4 (DUX4) pseudogene
ENSG00000273151,,lncRNA,7,879790,886547,-1,"novel transcript, antisense to GET4"
ENSG00000274091,SNORD1C,snoRNA,17,76558791,76558868,1,"small nucleolar RNA, C/D box 1C [Source:HGNC Symbol;Acc:HGNC:32677]"
ENSG00000275592,VN1R7P,processed_pseudogene,21,10357400,10358620,1,vomeronasal 1 receptor 7 pseudogene [Source:HGNC Symbol;Acc:HGNC:8496]
ENSG00000275714,H3C1,protein_coding,6,26020451,26021487,1,H3 clustered histone 1 [Source:HGNC Symbol;Acc:HGNC:4766]
ENSG00000277577,,misc_RNA,X,73831145,73831270,-1,
ENSG00000279372,,TEC,17,82035403,82035800,-1,TEC
ENSG00000279440,,lncRNA,22,27019369,27024550,1,novel transcript
ENSG00000282879,,processed_pseudogene,7,56736396,56736590,-1,translation machinery associated 7 homolog (S. cerevisiae) (TMA7) pseudogene
ENSG00000008118,CAMK1G,protein_coding,1,209583714,209613939,1,calcium/calmodulin dependent protein kinase IG [Source:HGNC Symbol;Acc:HGNC:14585]
ENSG00000051825,MPHOSPH9,protein_coding,12,123152320,123244014,-1,M-phase phosphoprotein 9 [Source:HGNC Symbol;Acc:HGNC:7215]
ENSG00000052344,PRSS8,protein_coding,16,31131433,31135727,-1,serine protease 8 [Source:HGNC Symbol;Acc:HGNC:9491]
ENSG00000057663,ATG5,protein_coding,6,106045423,106326477,-1,autophagy related 5 [Source:HGNC Symbol;Acc:HGNC:589]
ENSG00000058799,YIPF1,protein_coding,1,53847531,53890683,-1,Yip1 domain family member 1 [Source:HGNC Symbol;Acc:HGNC:25231]
ENSG00000060069,CTDP1,protein_coding,18,79679803,79754503,1,CTD phosphatase subunit 1 [Source:HGNC Symbol;Acc:HGNC:2498]
ENSG00000080503,SMARCA2,protein_coding,9,1980290,2193624,1,SWI/SNF related BAF chromatin remodeling complex subunit ATPase 2 [Source:HGNC Symbol;Acc:HGNC:11098]
ENSG00000102755,FLT1,protein_coding,13,28300346,28495145,-1,fms related receptor tyrosine kinase 1 [Source:HGNC Symbol;Acc:HGNC:3763]
ENSG00000105438,KDELR1,protein_coding,19,48382575,48393837,-1,KDEL endoplasmic reticulum protein retention receptor 1 [Source:HGNC Symbol;Acc:HGNC:6304]
ENSG00000110446,SLC15A3,protein_coding,11,60937060,60952653,-1,solute carrier family 15 member 3 [Source:HGNC Symbol;Acc:HGNC:18068]
ENSG00000112237,CCNC,protein_coding,6,99542387,99568825,-1,cyclin C [Source:HGNC Symbol;Acc:HGNC:1581]
ENSG00000112685,EXOC2,protein_coding,6,485133,693169,-1,exocyst complex component 2 [Source:HGNC Symbol;Acc:HGNC:24968]
ENSG00000115806,GORASP2,protein_coding,2,170928464,170967135,1,golgi reassembly stacking protein 2 [Source:HGNC Symbol;Acc:HGNC:17500]
ENSG00000143486,EIF2D,protein_coding,1,206571292,206612514,-1,eukaryotic translation initiation factor 2D [Source:HGNC Symbol;Acc:HGNC:6583]
ENSG00000143595,AQP10,protein_coding,1,154321090,154325325,1,aquaporin 10 [Source:HGNC Symbol;Acc:HGNC:16029]
ENSG00000164294,GPX8,protein_coding,5,55160167,55167297,1,glutathione peroxidase 8 (putative) [Source:HGNC Symbol;Acc:HGNC:33100]
ENSG00000164951,PDP1,protein_coding,8,93857788,93926068,1,pyruvate dehydrogenase phosphatase catalytic subunit 1 [Source:HGNC Symbol;Acc:HGNC:9279]
ENSG00000165572,KBTBD6,protein_coding,13,41127569,41132802,-1,kelch repeat and BTB domain containing 6 [Source:HGNC Symbol;Acc:HGNC:25340]
ENSG00000174996,KLC2,protein_coding,11,66257294,66267860,1,kinesin light chain 2 [Source:HGNC Symbol;Acc:HGNC:20716]
ENSG00000175701,MTLN,protein_coding,2,110211529,110245420,-1,mitoregulin [Source:HGNC Symbol;Acc:HGNC:27339]
ENSG00000176198,OR11H4,protein_coding,14,20239286,20244349,1,olfactory receptor family 11 subfamily H member 4 [Source:HGNC Symbol;Acc:HGNC:15347]
ENSG00000176654,NANOGP1,transcribed_unprocessed_pseudogene,12,7892576,7898903,1,Nanog homeobox pseudogene 1 [Source:HGNC Symbol;Acc:HGNC:23099]
ENSG00000178904,DPY19L3,protein_coding,19,32405543,32485895,1,dpy-19 like C-mannosyltransferase 3 [Source:HGNC Symbol;Acc:HGNC:27120]
ENSG00000180447,GAS1,protein_coding,9,86944362,86947506,-1,growth arrest specific 1 [Source:HGNC Symbol;Acc:HGNC:4165]
ENSG00000181698,OR5T1,protein_coding,11,56274154,56276819,1,olfactory receptor family 5 subfamily T member 1 [Source:HGNC Symbol;Acc:HGNC:14821]
ENSG00000182179,UBA7,protein_coding,3,49805205,49814151,-1,ubiquitin like modifier activating enzyme 7 [Source:HGNC Symbol;Acc:HGNC:12471]
ENSG00000182902,SLC25A18,protein_coding,22,17563086,17591909,1,solute carrier family 25 member 18 [Source:HGNC Symbol;Acc:HGNC:10988]
ENSG00000188760,TMEM198,protein_coding,2,219543130,219550595,1,transmembrane protein 198 [Source:HGNC Symbol;Acc:HGNC:33704]
ENSG00000188828,GLRA4,transcribed_unitary_pseudogene,X,103707224,103728203,-1,glycine receptor alpha 4 (pseudogene) [Source:HGNC Symbol;Acc:HGNC:31715]
ENSG00000197253,TPSB2,protein_coding,16,1227272,1233725,-1,tryptase beta 2 [Source:HGNC Symbol;Acc:HGNC:14120]
ENSG00000197506,SLC28A3,protein_coding,9,84275457,84340758,-1,solute carrier family 28 member 3 [Source:HGNC Symbol;Acc:HGNC:16484]
ENSG00000200075,,snoRNA,8,129868590,129868716,-1,
ENSG00000200231,RNU1-23P,snRNA,20,24237255,24237398,1,"RNA, U1 small nuclear 23, pseudogene [Source:HGNC Symbol;Acc:HGNC:41964]"
ENSG00000203778,FAM229B,protein_coding,6,112087122,112104223,1,family with sequence similarity 229 member B [Source:HGNC Symbol;Acc:HGNC:33858]
ENSG00000205517,RGL3,protein_coding,19,11384341,11419352,-1,ral guanine nucleotide dissociation stimulator like 3 [Source:HGNC Symbol;Acc:HGNC:30282]
ENSG00000212445,,snoRNA,16,68189287,68189421,1,
ENSG00000214374,RPLP2P1,processed_pseudogene,6,27965175,27965514,1,ribosomal protein lateral stalk subunit P2 pseudogene 1 [Source:HGNC Symbol;Acc:HGNC:18724]
ENSG00000214940,NPIPA8,protein_coding,16,18317919,18336736,-1,nuclear pore complex interacting protein family member A8 [Source:HGNC Symbol;Acc:HGNC:41983]
ENSG00000215057,PKMP5,processed_pseudogene,6,5972412,5974012,1,pyruvate kinase M1/2 pseudogene 5 [Source:HGNC Symbol;Acc:HGNC:44247]
ENSG00000216035,MIR938,miRNA,10,29602264,29602346,-1,microRNA 938 [Source:HGNC Symbol;Acc:HGNC:33681]
ENSG00000224723,GUSBP10,unprocessed_pseudogene,7,57177409,57180052,-1,GUSB pseudogene 10 [Source:HGNC Symbol;Acc:HGNC:42324]
ENSG00000224725,CEP57L1P1,processed_pseudogene,10,70389426,70390626,1,centrosomal protein 57 like 1 pseudogene 1 [Source:HGNC Symbol;Acc:HGNC:23521]
ENSG00000225976,CKS1BP2,processed_pseudogene,10,29697935,29698174,1,CDC28 protein kinase regulatory subunit 1B pseudogene 2 [Source:HGNC Symbol;Acc:HGNC:24232]
ENSG00000226153,CHP1P3,processed_pseudogene,X,17705339,17705691,-1,CHP1 pseudogene 3 [Source:HGNC Symbol;Acc:HGNC:54897]
ENSG00000226526,,lncRNA,1,16978926,17005091,1,novel transcript
ENSG00000227404,KRT8P20,processed_pseudogene,7,38655205,38656613,1,keratin 8 pseudogene 20 [Source:HGNC Symbol;Acc:HGNC:33372]
ENSG00000227713,,lncRNA,2,690574,731224,-1,novel transcript
ENSG00000228290,TBX18-AS1,lncRNA,6,84687712,84709578,1,TBX18 antisense RNA 1 [Source:HGNC Symbol;Acc:HGNC:52256]
ENSG00000229533,,lncRNA,7,19144293,19146253,1,"novel transcript, antisense to FERD3L"
ENSG00000229553,USP9YP17,unprocessed_pseudogene,Y,22049755,22058113,-1,USP9Y pseudogene 17 [Source:HGNC Symbol;Acc:HGNC:38753]
ENSG00000230269,LINC02525,lncRNA,6,3182626,3195784,-1,long intergenic non-protein coding RNA 2525 [Source:HGNC Symbol;Acc:HGNC:53545]
ENSG00000231378,NDUFAF4P4,processed_pseudogene,1,174849667,174850168,-1,NADH:ubiquinone oxidoreductase complex assembly factor 4 pseudogene 4 [Source:HGNC Symbol;Acc:HGNC:44543]
ENSG00000231441,DST-AS1,lncRNA,6,56843928,56864338,1,DST antisense RNA 1 [Source:HGNC Symbol;Acc:HGNC:40098]
ENSG00000232633,,lncRNA,5,113323028,113437174,1,novel transcript
ENSG00000233410,LINC01222,lncRNA,1,199006040,199021037,-1,long intergenic non-protein coding RNA 1222 [Source:HGNC Symbol;Acc:HGNC:49672]
ENSG00000233824,,lncRNA,7,25321070,25432228,-1,novel transcript
ENSG00000234703,RUNX1-AS2,lncRNA,21,35136638,35139222,1,RUNX1 antisense RNA 2 [Source:HGNC Symbol;Acc:HGNC:58231]
ENSG00000234795,RFTN1P1,transcribed_unprocessed_pseudogene,Y,7712985,7776707,-1,"raftlin, lipid raft linker 1 pseudogene 1 [Source:HGNC Symbol;Acc:HGNC:23971]"
ENSG00000234854,LINC00676,lncRNA,13,109728282,109730319,1,long intergenic non-protein coding RNA 676 [Source:HGNC Symbol;Acc:HGNC:44394]
ENSG00000234877,,lncRNA,2,78541681,78599406,1,novel transcript
ENSG00000235431,,lncRNA,7,9869774,9985895,1,novel transcript
ENSG00000238936,SNORD65B,snoRNA,8,41426655,41426727,1,"small nucleolar RNA, C/D box 65B [Source:HGNC Symbol;Acc:HGNC:52231]"
ENSG00000240954,RPL4P1,processed_pseudogene,14,21750269,21751546,1,ribosomal protein L4 pseudogene 1 [Source:HGNC Symbol;Acc:HGNC:23551]
ENSG00000242727,,processed_pseudogene,4,76891034,76891445,1,ribosomal protein L26 (RPL26) pseudogene
ENSG00000248611,,processed_pseudogene,4,154555208,154555985,1,pseudogene similar to part of 5-aminoimidazole-4-carboxamide ribonucleotide formyltransferase/IMP cyclohydrolase (ATIC)
ENSG00000248744,,lncRNA,4,45009540,45051652,1,novel transcript
ENSG00000249050,,processed_pseudogene,8,9453698,9457418,1,DENN/MADD domain containing 4A (DENND4A) pseudogene
ENSG00000251168,,lncRNA,5,7924292,7925398,1,novel transcript
ENSG00000252222,RNU7-13P,snRNA,1,184821428,184821489,-1,"RNA, U7 small nuclear 13 pseudogene [Source:HGNC Symbol;Acc:HGNC:34109]"
ENSG00000252266,Y_RNA,misc_RNA,4,5426885,5426984,-1,Y RNA [Source:RFAM;Acc:RF00019]
ENSG00000252421,RNU6-1069P,snRNA,12,31802958,31803090,-1,"RNA, U6 small nuclear 1069, pseudogene [Source:HGNC Symbol;Acc:HGNC:48032]"
ENSG00000253266,,lncRNA,8,141055290,141060596,1,novel transcript
ENSG00000253271,,processed_pseudogene,8,117055818,117056145,1,Nuclear receptor coactivator 3 (NCoA-3) pseudogene
ENSG00000253284,,lncRNA,12,19147074,19154659,1,novel transcript
ENSG00000253981,ALG1L13P,transcribed_unprocessed_pseudogene,8,8238174,8241411,-1,"ALG1 like 13, pseudogene [Source:HGNC Symbol;Acc:HGNC:44382]"
ENSG00000256588,,lncRNA,11,18507608,18508820,-1,novel transcript
ENSG00000257235,,lncRNA,12,63004338,63006541,-1,novel transcript
ENSG00000258121,,lncRNA,12,48483287,48500961,-1,"novel transcript, antisense to C12orf54"
ENSG00000258279,LINC00592,lncRNA,12,52164115,52223880,1,long intergenic non-protein coding RNA 592 [Source:HGNC Symbol;Acc:HGNC:27474]
ENSG00000259470,KRT8P9,processed_pseudogene,15,70858714,70860162,1,keratin 8 pseudogene 9 [Source:HGNC Symbol;Acc:HGNC:33363]
ENSG00000259707,,processed_pseudogene,15,82691723,82692358,-1,serine/arginine-rich splicing factor 9 (SRSF9) pseudogene
ENSG00000259838,ELOCP2,unprocessed_pseudogene,15,41557027,41557435,1,elongin C pseudogene 2 [Source:HGNC Symbol;Acc:HGNC:17762]
ENSG00000260933,,processed_pseudogene,16,18170356,18170959,1,"geminin, DNA replication inhibitor (GMNN) pseudogene"
ENSG00000263675,MIR5581,miRNA,1,37500935,37500994,-1,microRNA 5581 [Source:HGNC Symbol;Acc:HGNC:43527]
ENSG00000263860,,lncRNA,17,30550485,30551861,-1,novel transcript
ENSG00000266979,LINC01180,lncRNA,17,44646364,44655076,-1,long intergenic non-protein coding RNA 1180 [Source:HGNC Symbol;Acc:HGNC:49558]
ENSG00000267019,NTF6A,unprocessed_pseudogene,19,49025461,49026020,-1,neurotrophin 6 alpha (pseudogene) [Source:HGNC Symbol;Acc:HGNC:8025]
ENSG00000267046,E2F3P1,processed_pseudogene,17,35490009,35491238,1,E2F transcription factor 3 pseudogene 1 [Source:HGNC Symbol;Acc:HGNC:3116]
ENSG00000267055,,lncRNA,7,20096137,20130475,1,novel transcript
ENSG00000267083,KRT18P61,processed_pseudogene,17,60810165,60811462,1,keratin 18 pseudogene 61 [Source:HGNC Symbol;Acc:HGNC:48888]
ENSG00000269266,DNAJC19P2,processed_pseudogene,19,41605341,41605671,-1,DnaJ heat shock protein family (Hsp40) member C19 pseudogene 2 [Source:HGNC Symbol;Acc:HGNC:45065]
ENSG00000274134,MIR6774,miRNA,16,85918347,85918416,1,microRNA 6774 [Source:HGNC Symbol;Acc:HGNC:50202]
ENSG00000274286,ADRA2B,protein_coding,2,96112876,96116571,-1,adrenoceptor alpha 2B [Source:HGNC Symbol;Acc:HGNC:282]
ENSG00000274372,,lncRNA,1,148011348,148025934,1,novel transcript
ENSG00000276544,RN7SL453P,misc_RNA,10,47692399,47692727,-1,"RNA, 7SL, cytoplasmic 453, pseudogene [Source:HGNC Symbol;Acc:HGNC:46469]"
ENSG00000278237,,misc_RNA,5,76712763,76712861,1,
ENSG00000278317,H3P46,processed_pseudogene,X,120709061,120709392,-1,H3 histone pseudogene 46 [Source:HGNC Symbol;Acc:HGNC:54474]
ENSG00000280197,ZBTB7C-AS2,TEC,18,48252301,48252837,1,ZBTB7C antisense RNA 2 [Source:HGNC Symbol;Acc:HGNC:24918]
ENSG00000281468,,lncRNA,19,27802838,27803472,1,"novel transcript, sense intronic to novel transcript"
ENSG00000014123,UFL1,protein_coding,6,96521595,96555276,1,UFM1 specific ligase 1 [Source:HGNC Symbol;Acc:HGNC:23039]
ENSG00000070785,EIF2B3,protein_coding,1,44850522,44986722,-1,eukaryotic translation initiation factor 2B subunit gamma [Source:HGNC Symbol;Acc:HGNC:3259]
ENSG00000075413,MARK3,protein_coding,14,103385361,103503831,1,microtubule affinity regulating kinase 3 [Source:HGNC Symbol;Acc:HGNC:6897]
ENSG00000076351,SLC46A1,protein_coding,17,28394642,28407197,-1,solute carrier family 46 member 1 [Source:HGNC Symbol;Acc:HGNC:30521]
ENSG00000083844,ZNF264,protein_coding,19,57191500,57222846,1,zinc finger protein 264 [Source:HGNC Symbol;Acc:HGNC:13057]
ENSG00000085276,MECOM,protein_coding,3,169083499,169663775,-1,MDS1 and EVI1 complex locus [Source:HGNC Symbol;Acc:HGNC:3498]
ENSG00000088826,SMOX,protein_coding,20,4120980,4187748,1,spermine oxidase [Source:HGNC Symbol;Acc:HGNC:15862]
ENSG00000092067,CEBPE,protein_coding,14,23117036,23120256,-1,CCAAT enhancer binding protein epsilon [Source:HGNC Symbol;Acc:HGNC:1836]
ENSG00000100890,PRORP,protein_coding,14,35121842,35277622,1,protein only RNase P catalytic subunit [Source:HGNC Symbol;Acc:HGNC:19958]
ENSG00000101773,RBBP8,protein_coding,18,22798261,23026488,1,"RB binding protein 8, endonuclease [Source:HGNC Symbol;Acc:HGNC:9891]"
ENSG00000106351,AGFG2,protein_coding,7,100539190,100568220,1,ArfGAP with FG repeats 2 [Source:HGNC Symbol;Acc:HGNC:5177]
ENSG00000108604,SMARCD2,protein_coding,17,63832081,63843065,-1,SWI/SNF related BAF chromatin remodeling complex subunit D2 [Source:HGNC Symbol;Acc:HGNC:11107]
ENSG00000137955,RABGGTB,protein_coding,1,75786188,75795086,1,Rab geranylgeranyltransferase subunit beta [Source:HGNC Symbol;Acc:HGNC:9796]
ENSG00000138433,CIR1,protein_coding,2,174348022,174395712,-1,"corepressor interacting with RBPJ, CIR1 [Source:HGNC Symbol;Acc:HGNC:24217]"
ENSG00000139675,HNRNPA1L2,protein_coding,13,52642431,52643773,1,heterogeneous nuclear ribonucleoprotein A1 like 2 [Source:HGNC Symbol;Acc:HGNC:27067]
ENSG00000142484,TM4SF5,protein_coding,17,4771849,4783213,1,transmembrane 4 L six family member 5 [Source:HGNC Symbol;Acc:HGNC:11857]
ENSG00000143207,COP1,protein_coding,1,175944828,176207510,-1,COP1 E3 ubiquitin ligase [Source:HGNC Symbol;Acc:HGNC:17440]
ENSG00000147548,NSD3,protein_coding,8,38269704,38382279,-1,nuclear receptor binding SET domain protein 3 [Source:HGNC Symbol;Acc:HGNC:12767]
ENSG00000148950,IMMP1L,protein_coding,11,31432399,31509645,-1,inner mitochondrial membrane peptidase subunit 1 [Source:HGNC Symbol;Acc:HGNC:26317]
ENSG00000149798,CDC42EP2,protein_coding,11,65314834,65322662,1,CDC42 effector protein 2 [Source:HGNC Symbol;Acc:HGNC:16263]
ENSG00000162909,CAPN2,protein_coding,1,223701593,223776018,1,calpain 2 [Source:HGNC Symbol;Acc:HGNC:1479]
ENSG00000165392,WRN,protein_coding,8,31033779,31176138,1,WRN RecQ like helicase [Source:HGNC Symbol;Acc:HGNC:12791]
ENSG00000166359,WDR88,protein_coding,19,33132090,33175799,1,WD repeat domain 88 [Source:HGNC Symbol;Acc:HGNC:26999]
ENSG00000166896,ATP23,protein_coding,12,57906039,57959148,1,ATP23 metallopeptidase and ATP synthase assembly factor homolog [Source:HGNC Symbol;Acc:HGNC:29452]
ENSG00000169836,TACR3,protein_coding,4,103586031,103719985,-1,tachykinin receptor 3 [Source:HGNC Symbol;Acc:HGNC:11528]
ENSG00000172469,MANEA,protein_coding,6,95577485,95609484,1,mannosidase endo-alpha [Source:HGNC Symbol;Acc:HGNC:21072]
ENSG00000176915,ANKLE2,protein_coding,12,132725503,132761832,-1,ankyrin repeat and LEM domain containing 2 [Source:HGNC Symbol;Acc:HGNC:29101]
ENSG00000179751,SYCN,protein_coding,19,39202825,39204263,-1,syncollin [Source:HGNC Symbol;Acc:HGNC:18442]
ENSG00000182551,ADI1,protein_coding,2,3497366,3519559,-1,acireductone dioxygenase 1 [Source:HGNC Symbol;Acc:HGNC:30576]
ENSG00000187033,SAMD7,protein_coding,3,169911572,169939175,1,sterile alpha motif domain containing 7 [Source:HGNC Symbol;Acc:HGNC:25394]
ENSG00000188647,PTAR1,protein_coding,9,69709522,69760011,-1,protein prenyltransferase alpha subunit repeat containing 1 [Source:HGNC Symbol;Acc:HGNC:30449]
ENSG00000196182,STK40,protein_coding,1,36339620,36385927,-1,serine/threonine kinase 40 [Source:HGNC Symbol;Acc:HGNC:21373]
ENSG00000199224,Y_RNA,misc_RNA,7,115833273,115833373,-1,Y RNA [Source:RFAM;Acc:RF00019]
ENSG00000199357,Y_RNA,misc_RNA,18,23456371,23456467,1,Y RNA [Source:RFAM;Acc:RF00019]
ENSG00000204442,NALF1,protein_coding,13,107163510,107867496,-1,NALCN channel auxiliary factor 1 [Source:HGNC Symbol;Acc:HGNC:33877]
ENSG00000206820,RNU1-138P,snRNA,4,113420323,113420486,1,"RNA, U1 small nuclear 138, pseudogene [Source:HGNC Symbol;Acc:HGNC:48480]"
ENSG00000207191,SNORD116-5,snoRNA,15,25062333,25062427,1,"small nucleolar RNA, C/D box 116-5 [Source:HGNC Symbol;Acc:HGNC:33071]"
ENSG00000207689,MIR548A2,miRNA,6,135239160,135239256,1,microRNA 548a-2 [Source:HGNC Symbol;Acc:HGNC:32797]
ENSG00000213177,PRDX2P4,processed_pseudogene,6,100136064,100136663,1,peroxiredoxin 2 pseudogene 4 [Source:HGNC Symbol;Acc:HGNC:44969]
ENSG00000213560,,processed_pseudogene,1,78091499,78092054,1,"signal sequence receptor, gamma (translocon-associated protein gamma) (SSR3) pseudogene"
ENSG00000217139,,processed_pseudogene,6,121682925,121684272,1,"LSM14A, SCD6 homolog A (S. cerevisiae) (LSM14A) pseudogene"
ENSG00000217385,PSMC1P11,transcribed_processed_pseudogene,6,4702463,4703779,1,"proteasome 26S subunit, ATPase 1 pseudogene 11 [Source:HGNC Symbol;Acc:HGNC:39786]"
ENSG00000222019,URAHP,transcribed_unprocessed_pseudogene,16,90043914,90047597,-1,"urate (hydroxyiso-) hydrolase, pseudogene [Source:HGNC Symbol;Acc:HGNC:43695]"
ENSG00000222741,RNA5SP229,rRNA_pseudogene,7,33177740,33177838,1,"RNA, 5S ribosomal pseudogene 229 [Source:HGNC Symbol;Acc:HGNC:43129]"
ENSG00000223001,RNU2-61P,snRNA,6,89063500,89063690,-1,"RNA, U2 small nuclear 61, pseudogene [Source:HGNC Symbol;Acc:HGNC:48554]"
ENSG00000223445,RPL6P21,processed_pseudogene,7,14070535,14071380,-1,ribosomal protein L6 pseudogene 21 [Source:HGNC Symbol;Acc:HGNC:35994]
ENSG00000223539,,unprocessed_pseudogene,5,135742462,135746356,-1,"nucleotide binding protein 1 (MinD homolog, E. coli)"
ENSG00000223803,RPS20P14,processed_pseudogene,3,186900198,186900557,1,ribosomal protein S20 pseudogene 14 [Source:HGNC Symbol;Acc:HGNC:36692]
ENSG00000224079,CHLSN-AS1,lncRNA,7,1074259,1078072,1,CHLSN antisense RNA 1 [Source:HGNC Symbol;Acc:HGNC:58147]
ENSG00000225496,RTRAFP1,processed_pseudogene,2,111940302,111941036,-1,RTRAF pseudogene 1 [Source:HGNC Symbol;Acc:HGNC:54647]
ENSG00000225551,,unprocessed_pseudogene,9,92539053,92539184,-1,pseudogene similar to part of cytochrome c oxidase I MTCO1
ENSG00000226545,,unprocessed_pseudogene,1,8798475,8799506,1,ribosomal protein L27 (RPL27) pseudogene
ENSG00000226861,,lncRNA,10,8292827,8301698,1,novel transcript
ENSG00000228141,,transcribed_unitary_pseudogene,15,82711246,82711877,-1,novel pseudogene
ENSG00000228594,FNDC10,protein_coding,1,1598012,1600135,-1,fibronectin type III domain containing 10 [Source:HGNC Symbol;Acc:HGNC:42951]
ENSG00000230522,MBD3L2,protein_coding,19,7049321,7051735,1,methyl-CpG binding domain protein 3 like 2 [Source:HGNC Symbol;Acc:HGNC:18532]
ENSG00000231207,,processed_pseudogene,1,27389468,27390145,1,ribosomal protein S24 (RPS24) pseudogene
ENSG00000231439,WASIR2,lncRNA,16,22845,25191,1,WASH and IL9R antisense RNA 2 [Source:HGNC Symbol;Acc:HGNC:38609]
ENSG00000231671,LINC01307,lncRNA,1,101320297,101390303,1,long intergenic non-protein coding RNA 1307 [Source:HGNC Symbol;Acc:HGNC:50494]
ENSG00000233671,CENPNP1,processed_pseudogene,2,87221113,87222488,-1,CENPN pseudogene 1 [Source:HGNC Symbol;Acc:HGNC:54592]
ENSG00000233974,,protein_coding,5,21481324,21484011,-1,novel protein
ENSG00000234173,,lncRNA,10,54486230,54656056,1,"novel transcript, antisense to PCDH15"
ENSG00000234421,SLC25A5P4,processed_pseudogene,13,57314739,57315909,1,solute carrier family 25 member 5 pseudogene 4 [Source:HGNC Symbol;Acc:HGNC:35471]
ENSG00000237007,KRT18P52,processed_pseudogene,2,31822591,31823436,-1,keratin 18 pseudogene 52 [Source:HGNC Symbol;Acc:HGNC:37888]
ENSG00000237398,HLA-DPA3,transcribed_unprocessed_pseudogene,6,33131216,33143325,-1,"major histocompatibility complex, class II, DP alpha 3 (pseudogene) [Source:HGNC Symbol;Acc:HGNC:19393]"
ENSG00000237637,FRY-AS1,lncRNA,13,32025314,32031697,-1,FRY antisense RNA 1 [Source:HGNC Symbol;Acc:HGNC:39725]
ENSG00000250374,TRIM75,protein_coding,4,165053866,165060554,1,tripartite motif containing 75 [Source:HGNC Symbol;Acc:HGNC:32686]
ENSG00000250667,,processed_pseudogene,5,17495658,17495826,-1,TAF11-like protein pseudogene
ENSG00000250868,XKRY,transcribed_unprocessed_pseudogene,Y,17769116,17777400,-1,"XK related, Y-linked (pseudogene) [Source:HGNC Symbol;Acc:HGNC:18571]"
ENSG00000252413,RNU7-121P,snRNA,1,39723566,39723627,-1,"RNA, U7 small nuclear 121 pseudogene [Source:HGNC Symbol;Acc:HGNC:45655]"
ENSG00000253590,IGLV3-13,IG_V_pseudogene,22,22762294,22762516,1,immunoglobulin lambda variable 3-13 (pseudogene) [Source:HGNC Symbol;Acc:HGNC:5899]
ENSG00000253615,,unprocessed_pseudogene,8,27903566,27903715,1,mitochondrially encoded NADH dehydrogenase 6 (MT-ND6) pseudogene
ENSG00000254174,IGHV1-12,IG_V_pseudogene,14,106122420,106122709,-1,immunoglobulin heavy variable 1-12 (pseudogene) [Source:HGNC Symbol;Acc:HGNC:5546]
ENSG00000255323,LINC01495,lncRNA,11,22445664,22550272,-1,long intergenic non-protein coding RNA 1495 [Source:HGNC Symbol;Acc:HGNC:51161]
ENSG00000257057,C11orf97,protein_coding,11,94512461,94532125,1,chromosome 11 open reading frame 97 [Source:HGNC Symbol;Acc:HGNC:49544]
ENSG00000257769,,lncRNA,16,15608474,15610563,1,novel transcript
ENSG00000258017,TUBA1B-AS1,lncRNA,12,49127782,49188484,1,TUBA1B antisense RNA 1 [Source:HGNC Symbol;Acc:HGNC:56356]
ENSG00000258713,C20orf141,protein_coding,20,2814987,2815833,1,chromosome 20 open reading frame 141 [Source:HGNC Symbol;Acc:HGNC:16134]
ENSG00000263968,RN7SL381P,misc_RNA,16,85659378,85659675,1,"RNA, 7SL, cytoplasmic 381, pseudogene [Source:HGNC Symbol;Acc:HGNC:46397]"
ENSG00000264397,MIR3180-5,miRNA,16,2135977,2136129,-1,microRNA 3180-5 [Source:HGNC Symbol;Acc:HGNC:38969]
ENSG00000264491,,lncRNA,17,67019934,67021743,-1,novel transcript
ENSG00000264497,,processed_pseudogene,17,32024469,32024583,-1,ADP-ribosylation factor-like 17B (ARL17B) pseudogene
ENSG00000265394,,lncRNA,17,30090366,30117873,-1,"novel transcript, antisense to EFCAB5"
ENSG00000266944,RPL35P10,processed_pseudogene,19,3130717,3131398,1,ribosomal protein L35 pseudogene 10 [Source:HGNC Symbol;Acc:HGNC:56997]
ENSG00000268434,,protein_coding,19,45779437,45785973,-1,novel protein
ENSG00000269956,MKNK1-AS1,lncRNA,1,46538611,46570255,1,MKNK1 antisense RNA 1 [Source:HGNC Symbol;Acc:HGNC:44129]
ENSG00000270342,,processed_pseudogene,1,106544342,106544744,-1,oocyte expressed protein (OOEP) pseudogene
ENSG00000271042,,processed_pseudogene,6,99082449,99082761,1,diaphanous homolog 2 (Drosophila) (DIAPH2) pseudogene
ENSG00000273773,,unprocessed_pseudogene,X,154620096,154620171,1,"solute carrier family 6 (neurotransmitter transporter), member 8 (SLC6A8) pseudogene"
ENSG00000274997,H2AC12,protein_coding,6,27147106,27147562,1,H2A clustered histone 12 [Source:HGNC Symbol;Acc:HGNC:13671]
ENSG00000275342,PRAG1,protein_coding,8,8317736,8387357,-1,"PEAK1 related, kinase-activating pseudokinase 1 [Source:HGNC Symbol;Acc:HGNC:25438]"
ENSG00000277248,U2,snRNA,22,10736171,10736283,-1,U2 spliceosomal RNA [Source:RFAM;Acc:RF00004]
ENSG00000280326,,TEC,8,140591684,140593201,1,TEC
ENSG00000282301,CYP3A7-CYP3A51P,protein_coding,7,99684957,99735102,-1,CYP3A7-CYP3A51P readthrough [Source:HGNC Symbol;Acc:HGNC:51504]
ENSG00000283490,MIR518C,miRNA,19,53708735,53708835,1,microRNA 518c [Source:HGNC Symbol;Acc:HGNC:32109]
ENSG00000284062,MIR4469,miRNA,8,42896197,42896275,-1,microRNA 4469 [Source:HGNC Symbol;Acc:HGNC:41556]
ENSG00000284087,MIR6844,miRNA,8,124508515,124508576,-1,microRNA 6844 [Source:HGNC Symbol;Acc:HGNC:50135]
ENSG00000284107,MIR19B2,miRNA,X,134169671,134169766,-1,microRNA 19b-2 [Source:HGNC Symbol;Acc:HGNC:31576]
ENSG00000018625,ATP1A2,protein_coding,1,160115758,160143595,1,ATPase Na+/K+ transporting subunit alpha 2 [Source:HGNC Symbol;Acc:HGNC:800]
ENSG00000048649,RSF1,protein_coding,11,77660009,77820869,-1,remodeling and spacing factor 1 [Source:HGNC Symbol;Acc:HGNC:18118]
ENSG00000101856,PGRMC1,protein_coding,X,119236244,119244468,1,progesterone receptor membrane component 1 [Source:HGNC Symbol;Acc:HGNC:16090]
ENSG00000104427,ZC2HC1A,protein_coding,8,78666050,78719765,1,zinc finger C2HC-type containing 1A [Source:HGNC Symbol;Acc:HGNC:24277]
ENSG00000104613,INTS10,protein_coding,8,19817339,19853282,1,integrator complex subunit 10 [Source:HGNC Symbol;Acc:HGNC:25548]
ENSG00000113327,GABRG2,protein_coding,5,162000057,162162977,1,gamma-aminobutyric acid type A receptor subunit gamma2 [Source:HGNC Symbol;Acc:HGNC:4087]
ENSG00000115232,ITGA4,protein_coding,2,181457202,181538940,1,integrin subunit alpha 4 [Source:HGNC Symbol;Acc:HGNC:6140]
ENSG00000116117,PARD3B,protein_coding,2,204545475,205620162,1,par-3 family cell polarity regulator beta [Source:HGNC Symbol;Acc:HGNC:14446]
ENSG00000117091,CD48,protein_coding,1,160678746,160711831,-1,CD48 molecule [Source:HGNC Symbol;Acc:HGNC:1683]
ENSG00000119986,AVPI1,protein_coding,10,97677422,97687561,-1,arginine vasopressin induced 1 [Source:HGNC Symbol;Acc:HGNC:30898]
ENSG00000122481,RWDD3,protein_coding,1,95234189,95247685,1,RWD domain containing 3 [Source:HGNC Symbol;Acc:HGNC:21393]
ENSG00000131791,PRKAB2,protein_coding,1,147155106,147173716,-1,protein kinase AMP-activated non-catalytic subunit beta 2 [Source:HGNC Symbol;Acc:HGNC:9379]
ENSG00000133026,MYH10,protein_coding,17,8474205,8632303,-1,myosin heavy chain 10 [Source:HGNC Symbol;Acc:HGNC:7568]
ENSG00000135821,GLUL,protein_coding,1,182378098,182392206,-1,glutamate-ammonia ligase [Source:HGNC Symbol;Acc:HGNC:4341]
ENSG00000136206,SPDYE1,protein_coding,7,43997897,44010124,1,speedy/RINGO cell cycle regulator family member E1 [Source:HGNC Symbol;Acc:HGNC:16408]
ENSG00000138821,SLC39A8,protein_coding,4,102251080,102431258,-1,solute carrier family 39 member 8 [Source:HGNC Symbol;Acc:HGNC:20862]
ENSG00000144671,SLC22A14,protein_coding,3,38282294,38318575,1,solute carrier family 22 member 14 [Source:HGNC Symbol;Acc:HGNC:8495]
ENSG00000149428,HYOU1,protein_coding,11,119044185,119057252,-1,hypoxia up-regulated 1 [Source:HGNC Symbol;Acc:HGNC:16931]
ENSG00000159164,SV2A,protein_coding,1,149903318,149918572,-1,synaptic vesicle glycoprotein 2A [Source:HGNC Symbol;Acc:HGNC:20566]
ENSG00000164180,TMEM161B,protein_coding,5,88185575,88269476,-1,transmembrane protein 161B [Source:HGNC Symbol;Acc:HGNC:28483]
ENSG00000164338,UTP15,protein_coding,5,73565443,73583380,1,UTP15 small subunit processome component [Source:HGNC Symbol;Acc:HGNC:25758]
ENSG00000164418,GRIK2,protein_coding,6,100962701,102081622,1,glutamate ionotropic receptor kainate type subunit 2 [Source:HGNC Symbol;Acc:HGNC:4580]
ENSG00000167523,SPATA33,protein_coding,16,89657740,89671272,1,spermatogenesis associated 33 [Source:HGNC Symbol;Acc:HGNC:26463]
ENSG00000168275,COA6,protein_coding,1,234373456,234385080,1,cytochrome c oxidase assembly factor 6 [Source:HGNC Symbol;Acc:HGNC:18025]
ENSG00000171135,JAGN1,protein_coding,3,9890574,9894349,1,jagunal homolog 1 [Source:HGNC Symbol;Acc:HGNC:26926]
ENSG00000171227,TMEM37,protein_coding,2,119429901,119438504,1,transmembrane protein 37 [Source:HGNC Symbol;Acc:HGNC:18216]
ENSG00000185290,NUPR2,protein_coding,7,56114681,56116417,-1,"nuclear protein 2, transcriptional regulator [Source:HGNC Symbol;Acc:HGNC:44164]"
ENSG00000186479,RGS7BP,protein_coding,5,64506015,64612319,1,regulator of G protein signaling 7 binding protein [Source:HGNC Symbol;Acc:HGNC:23271]
ENSG00000187268,FAM9C,protein_coding,X,13035617,13044682,-1,family with sequence similarity 9 member C [Source:HGNC Symbol;Acc:HGNC:18405]
ENSG00000197322,TMEM132E-DT,lncRNA,17,34502380,34579403,-1,TMEM132E divergent transcript [Source:HGNC Symbol;Acc:HGNC:34412]
ENSG00000199179,MIRLET7I,miRNA,12,62603686,62603769,1,microRNA let-7i [Source:HGNC Symbol;Acc:HGNC:31486]
ENSG00000199960,SNORD115-14,snoRNA,15,25194921,25195001,1,"small nucleolar RNA, C/D box 115-14 [Source:HGNC Symbol;Acc:HGNC:33033]"
ENSG00000202569,MIR146B,miRNA,10,102436512,102436584,1,microRNA 146b [Source:HGNC Symbol;Acc:HGNC:32079]
ENSG00000205181,LINC00654,lncRNA,20,5481788,5526741,-1,long intergenic non-protein coding RNA 654 [Source:HGNC Symbol;Acc:HGNC:27154]
ENSG00000205414,NKD1-AS1,lncRNA,16,50606076,50613684,-1,NKD1 antisense RNA 1 [Source:HGNC Symbol;Acc:HGNC:58215]
ENSG00000206886,SNORA70,snoRNA,6,81764024,81764156,1,Small nucleolar RNA SNORA70 [Source:RFAM;Acc:RF00156]
ENSG00000215003,RPL15P20,processed_pseudogene,16,15931697,15932294,-1,ribosomal protein L15 pseudogene 20 [Source:HGNC Symbol;Acc:HGNC:36130]
ENSG00000215966,MIR876,miRNA,9,28863626,28863706,-1,microRNA 876 [Source:HGNC Symbol;Acc:HGNC:33653]
ENSG00000221369,MIR548G,miRNA,4,147344629,147344717,-1,microRNA 548g [Source:HGNC Symbol;Acc:HGNC:35326]
ENSG00000221420,SNORA81,snoRNA,3,186786675,186786852,1,"small nucleolar RNA, H/ACA box 81 [Source:HGNC Symbol;Acc:HGNC:32667]"
ENSG00000221628,MIR1302-4,miRNA,2,207269275,207269424,-1,microRNA 1302-4 [Source:HGNC Symbol;Acc:HGNC:35296]
ENSG00000222054,RNA5SP177,rRNA_pseudogene,5,9760907,9761013,1,"RNA, 5S ribosomal pseudogene 177 [Source:HGNC Symbol;Acc:HGNC:43077]"
ENSG00000222744,RN7SKP166,misc_RNA,12,66292683,66292987,1,RN7SK pseudogene 166 [Source:HGNC Symbol;Acc:HGNC:45890]
ENSG00000223007,RN7SKP73,misc_RNA,5,5126046,5126337,1,RN7SK pseudogene 73 [Source:HGNC Symbol;Acc:HGNC:45797]
ENSG00000223076,RNA5SP31,rRNA_pseudogene,13,60613608,60613734,1,"RNA, 5S ribosomal pseudogene 31 [Source:HGNC Symbol;Acc:HGNC:42607]"
ENSG00000224810,,lncRNA,1,182062677,182069253,-1,novel transcript (LOC149157)
ENSG00000225016,LINC00328-2P,processed_pseudogene,13,18809830,18810048,1,"long intergenic non-protein coding RNA 328-2, pseudogene [Source:HGNC Symbol;Acc:HGNC:42027]"
ENSG00000225972,MTND1P23,unprocessed_pseudogene,1,629062,629433,1,MT-ND1 pseudogene 23 [Source:HGNC Symbol;Acc:HGNC:42092]
ENSG00000227431,CSE1L-DT,lncRNA,20,49017207,49046185,-1,CSE1L divergent transcript [Source:HGNC Symbol;Acc:HGNC:51232]
ENSG00000229720,,lncRNA,6,169034197,169035642,-1,novel transcript
ENSG00000230423,,lncRNA,6,170612424,170745923,1,novel transcript
ENSG00000230601,TEX48,protein_coding,9,114666434,114682192,-1,testis expressed 48 [Source:HGNC Symbol;Acc:HGNC:52393]
ENSG00000231688,RPL21P43,processed_pseudogene,3,168858659,168859130,-1,ribosomal protein L21 pseudogene 43 [Source:HGNC Symbol;Acc:HGNC:36008]
ENSG00000232490,OSBPL10-AS1,lncRNA,3,31703986,31721652,1,OSBPL10 antisense RNA 1 [Source:HGNC Symbol;Acc:HGNC:40767]
ENSG00000233416,RPS25P3,processed_pseudogene,2,20606280,20606654,-1,ribosomal protein S25 pseudogene 3 [Source:HGNC Symbol;Acc:HGNC:36073]
ENSG00000234093,RPS15AP11,processed_pseudogene,1,44780331,44780715,-1,ribosomal protein S15a pseudogene 11 [Source:HGNC Symbol;Acc:HGNC:36707]
ENSG00000234263,MAP3K5-AS1,lncRNA,6,136629066,136648198,1,MAP3K5 antisense RNA 1 [Source:HGNC Symbol;Acc:HGNC:40358]
ENSG00000235488,JARID2-AS1,lncRNA,6,15247815,15248634,-1,JARID2 antisense RNA 1 [Source:HGNC Symbol;Acc:HGNC:40314]
ENSG00000236676,,lncRNA,1,81585941,81625713,-1,novel transcript
ENSG00000237279,H3P2,processed_pseudogene,1,52943536,52943930,-1,H3 histone pseudogene 2 [Source:HGNC Symbol;Acc:HGNC:43795]
ENSG00000239075,RNU6-274P,snRNA,7,89754620,89754726,-1,"RNA, U6 small nuclear 274, pseudogene [Source:HGNC Symbol;Acc:HGNC:47237]"
ENSG00000239861,RPL21P96,processed_pseudogene,11,103045237,103045712,1,ribosomal protein L21 pseudogene 96 [Source:HGNC Symbol;Acc:HGNC:36790]
ENSG00000240024,SNHG33,transcribed_unprocessed_pseudogene,3,183451741,183455335,1,small nucleolar RNA host gene 33 [Source:HGNC Symbol;Acc:HGNC:48575]
ENSG00000241011,,processed_pseudogene,4,188106558,188106914,1,Finkel-Biskis-Reilly murine sarcoma virus (FBR-MuSV) ubiquitously expressed (FAU) pseudogene
ENSG00000243979,,processed_pseudogene,8,94891239,94892107,1,ribosomal protein L17 (RPL17) pseudogene
ENSG00000249282,,processed_pseudogene,5,17601882,17602134,-1,TAF11-like protein pseudogene
ENSG00000251891,RNU7-79P,snRNA,15,85389823,85389884,-1,"RNA, U7 small nuclear 79 pseudogene [Source:HGNC Symbol;Acc:HGNC:34175]"
ENSG00000251987,SNORD63,snoRNA,3,53530322,53530401,-1,Small nucleolar RNA SNORD63 [Source:RFAM;Acc:RF00154]
ENSG00000253634,,lncRNA,8,92460539,92655583,-1,novel transcript
ENSG00000254285,KRT8P3,processed_pseudogene,8,61578220,61579668,1,keratin 8 pseudogene 3 [Source:HGNC Symbol;Acc:HGNC:31056]
ENSG00000260357,DNM1P34,transcribed_unprocessed_pseudogene,15,75301642,75302664,-1,dynamin 1 pseudogene 34 [Source:HGNC Symbol;Acc:HGNC:35181]
ENSG00000261356,,processed_pseudogene,16,46571537,46572136,1,"RAB31, member RAS oncogene family (RAB31) pseudogene"
ENSG00000263909,MIR5000,miRNA,2,75090812,75090914,1,microRNA 5000 [Source:HGNC Symbol;Acc:HGNC:43464]
ENSG00000265287,,lncRNA,17,28607963,28609730,1,"novel transcript, antisense to novel protein"
ENSG00000265984,GREB1L-DT,lncRNA,18,21140441,21242796,-1,GREB1L divergent transcript [Source:HGNC Symbol;Acc:HGNC:55323]
ENSG00000266101,,lncRNA,17,39170593,39184382,1,"novel transcript, antisense to CACNB1"
ENSG00000267322,SNHG22,lncRNA,18,49813944,49851059,1,small nucleolar RNA host gene 22 [Source:HGNC Symbol;Acc:HGNC:50285]
ENSG00000267561,,protein_coding,1,86993009,87169204,1,novel protein
ENSG00000268184,,lncRNA,19,21768772,21793860,-1,novel transcript
ENSG00000268480,NFILZ,protein_coding,19,8630633,8681151,1,NFIL3 like basic leucine zipper [Source:HGNC Symbol;Acc:HGNC:52681]
ENSG00000269420,PLA2G4C-AS1,lncRNA,19,48061371,48064945,1,PLA2G4C antisense RNA 1 [Source:HGNC Symbol;Acc:HGNC:51585]
ENSG00000270449,,processed_pseudogene,11,104682383,104682581,-1,"nucleophosmin (nucleolar phosphoprotein B23, numatrin), pseudogene"
ENSG00000271182,CPSF6P1,processed_pseudogene,19,21634833,21635175,-1,CPSF6 pseudogene 1 [Source:HGNC Symbol;Acc:HGNC:57009]
ENSG00000271185,,lncRNA,7,10940423,10940735,1,novel transcript
ENSG00000271440,COX8CP1,processed_pseudogene,6,28633381,28633594,-1,COX8C pseudogene 1 [Source:HGNC Symbol;Acc:HGNC:56920]
ENSG00000273474,,lncRNA,10,13675646,13675990,1,"novel transcript, antisense to FRMD4A"
ENSG00000276039,,processed_pseudogene,9,66962271,66962348,1,developmental pluripotency associated 3 (DPPA3) pseudogene
ENSG00000277146,,transcribed_processed_pseudogene,Y,26453982,26454092,1,"striatin, calmodulin binding protein 4 (STRN4) pseudogene"
ENSG00000278901,,lncRNA,5,140878073,140882642,-1,"novel transcript, antisense to PCDHA13"
ENSG00000279821,,TEC,5,177476631,177479656,-1,TEC
ENSG00000281196,LINC00934,lncRNA,12,119260740,119303380,-1,long intergenic non-protein coding RNA 934 [Source:HGNC Symbol;Acc:HGNC:27059]
ENSG00000283787,PRR33,protein_coding,11,1888078,1891895,-1,proline rich 33 [Source:HGNC Symbol;Acc:HGNC:35118]
ENSG00000009307,CSDE1,protein_coding,1,114716913,114758704,-1,cold shock domain containing E1 [Source:HGNC Symbol;Acc:HGNC:29905]
ENSG00000101421,CHMP4B,protein_coding,20,33811345,33854366,1,charged multivesicular body protein 4B [Source:HGNC Symbol;Acc:HGNC:16171]
ENSG00000101928,MOSPD1,protein_coding,X,134887613,134915470,-1,motile sperm domain containing 1 [Source:HGNC Symbol;Acc:HGNC:25235]
ENSG00000105647,PIK3R2,protein_coding,19,18153160,18170541,1,phosphoinositide-3-kinase regulatory subunit 2 [Source:HGNC Symbol;Acc:HGNC:8980]
ENSG00000111335,OAS2,protein_coding,12,112978395,113011723,1,2'-5'-oligoadenylate synthetase 2 [Source:HGNC Symbol;Acc:HGNC:8087]
ENSG00000111666,CHPT1,protein_coding,12,101696947,101744140,1,choline phosphotransferase 1 [Source:HGNC Symbol;Acc:HGNC:17852]
ENSG00000113194,FAF2,protein_coding,5,176447628,176510075,1,Fas associated factor family member 2 [Source:HGNC Symbol;Acc:HGNC:24666]
ENSG00000117682,DHDDS,protein_coding,1,26432282,26471322,1,dehydrodolichyl diphosphate synthase subunit [Source:HGNC Symbol;Acc:HGNC:20603]
ENSG00000118579,MED28,protein_coding,4,17614641,17634105,1,mediator complex subunit 28 [Source:HGNC Symbol;Acc:HGNC:24628]
ENSG00000119640,ACYP1,protein_coding,14,75053221,75069483,-1,acylphosphatase 1 [Source:HGNC Symbol;Acc:HGNC:179]
ENSG00000120322,PCDHB8,protein_coding,5,141177790,141182369,1,protocadherin beta 8 [Source:HGNC Symbol;Acc:HGNC:8693]
ENSG00000121351,IAPP,protein_coding,12,21354959,21379980,1,islet amyloid polypeptide [Source:HGNC Symbol;Acc:HGNC:5329]
ENSG00000124713,GNMT,protein_coding,6,42960690,42963883,1,glycine N-methyltransferase [Source:HGNC Symbol;Acc:HGNC:4415]
ENSG00000125166,GOT2,protein_coding,16,58707130,58734361,-1,glutamic-oxaloacetic transaminase 2 [Source:HGNC Symbol;Acc:HGNC:4433]
ENSG00000125355,TMEM255A,protein_coding,X,120258650,120311556,-1,transmembrane protein 255A [Source:HGNC Symbol;Acc:HGNC:26086]
ENSG00000125835,SNRPB,protein_coding,20,2461634,2470884,-1,small nuclear ribonucleoprotein polypeptides B and B1 [Source:HGNC Symbol;Acc:HGNC:11153]
ENSG00000130234,ACE2,protein_coding,X,15494566,15607236,-1,angiotensin converting enzyme 2 [Source:HGNC Symbol;Acc:HGNC:13557]
ENSG00000139329,LUM,protein_coding,12,91102629,91111512,-1,lumican [Source:HGNC Symbol;Acc:HGNC:6724]
ENSG00000148346,LCN2,protein_coding,9,128149071,128153453,1,lipocalin 2 [Source:HGNC Symbol;Acc:HGNC:6526]
ENSG00000154930,ACSS1,protein_coding,20,25006230,25058980,-1,acyl-CoA synthetase short chain family member 1 [Source:HGNC Symbol;Acc:HGNC:16091]
ENSG00000159110,IFNAR2,protein_coding,21,33205282,33265675,1,interferon alpha and beta receptor subunit 2 [Source:HGNC Symbol;Acc:HGNC:5433]
ENSG00000163319,MRPS18C,protein_coding,4,83455932,83470428,1,mitochondrial ribosomal protein S18C [Source:HGNC Symbol;Acc:HGNC:16633]
ENSG00000164344,KLKB1,protein_coding,4,186225424,186258476,1,kallikrein B1 [Source:HGNC Symbol;Acc:HGNC:6371]
ENSG00000166897,ELFN2,protein_coding,22,37367960,37427479,-1,extracellular leucine rich repeat and fibronectin type III domain containing 2 [Source:HGNC Symbol;Acc:HGNC:29396]
ENSG00000168016,TRANK1,protein_coding,3,36826817,36945057,-1,tetratricopeptide repeat and ankyrin repeat containing 1 [Source:HGNC Symbol;Acc:HGNC:29011]
ENSG00000168594,ADAM29,protein_coding,4,174829668,174978180,1,ADAM metallopeptidase domain 29 [Source:HGNC Symbol;Acc:HGNC:207]
ENSG00000169884,WNT10B,protein_coding,12,48965340,48971735,-1,Wnt family member 10B [Source:HGNC Symbol;Acc:HGNC:12775]
ENSG00000170775,GPR37,protein_coding,7,124743885,124765792,-1,G protein-coupled receptor 37 [Source:HGNC Symbol;Acc:HGNC:4494]
ENSG00000175785,PRIMA1,protein_coding,14,93718298,93788994,-1,proline rich membrane anchor 1 [Source:HGNC Symbol;Acc:HGNC:18319]
ENSG00000177354,C10orf71,protein_coding,10,49299165,49327492,1,chromosome 10 open reading frame 71 [Source:HGNC Symbol;Acc:HGNC:26973]
ENSG00000177728,TMEM94,protein_coding,17,75441159,75500452,1,transmembrane protein 94 [Source:HGNC Symbol;Acc:HGNC:28983]
ENSG00000178752,ERFE,protein_coding,2,238158970,238168900,1,erythroferrone [Source:HGNC Symbol;Acc:HGNC:26727]
ENSG00000181143,MUC16,protein_coding,19,8848844,9010390,-1,"mucin 16, cell surface associated [Source:HGNC Symbol;Acc:HGNC:15582]"
ENSG00000182652,OR4Q3,protein_coding,14,19743571,19749469,1,olfactory receptor family 4 subfamily Q member 3 [Source:HGNC Symbol;Acc:HGNC:15426]
ENSG00000184669,OR7E14P,transcribed_unprocessed_pseudogene,11,17052025,17053024,1,olfactory receptor family 7 subfamily E member 14 pseudogene [Source:HGNC Symbol;Acc:HGNC:8385]
ENSG00000186081,KRT5,protein_coding,12,52514575,52520530,-1,keratin 5 [Source:HGNC Symbol;Acc:HGNC:6442]
ENSG00000196611,MMP1,protein_coding,11,102789401,102798160,-1,matrix metallopeptidase 1 [Source:HGNC Symbol;Acc:HGNC:7155]
ENSG00000200446,RNU6-1085P,snRNA,7,35930158,35930264,-1,"RNA, U6 small nuclear 1085, pseudogene [Source:HGNC Symbol;Acc:HGNC:48048]"
ENSG00000202224,Y_RNA,misc_RNA,18,2621090,2621201,1,Y RNA [Source:RFAM;Acc:RF00019]
ENSG00000205562,FLRT2-AS1,lncRNA,14,85493931,85531660,-1,FLRT2 antisense RNA 1 [Source:HGNC Symbol;Acc:HGNC:55912]
ENSG00000205636,LINC00583,lncRNA,9,13927971,13945610,1,long intergenic non-protein coding RNA 583 [Source:HGNC Symbol;Acc:HGNC:31437]
ENSG00000218052,ADAMTS7P4,transcribed_unprocessed_pseudogene,15,85255369,85270892,-1,ADAMTS7 pseudogene 4 [Source:HGNC Symbol;Acc:HGNC:49410]
ENSG00000220913,,unprocessed_pseudogene,6,160898549,160913638,1,pseudogene similar to lipoproteins (contains kringle domains)
ENSG00000222698,Y_RNA,misc_RNA,22,41045497,41045591,1,Y RNA [Source:RFAM;Acc:RF00019]
ENSG00000223597,LINC02142,lncRNA,5,7289644,7391907,1,long intergenic non-protein coding RNA 2142 [Source:HGNC Symbol;Acc:HGNC:53002]
ENSG00000225506,CYP4A22-AS1,lncRNA,1,47096653,47181087,-1,CYP4A22 antisense RNA 1 [Source:HGNC Symbol;Acc:HGNC:43715]
ENSG00000226564,FTH1P20,processed_pseudogene,2,180872867,180873414,-1,ferritin heavy chain 1 pseudogene 20 [Source:HGNC Symbol;Acc:HGNC:37639]
ENSG00000226873,CDY14P,unprocessed_pseudogene,Y,23674379,23675392,1,chromodomain Y-linked 14 pseudogene [Source:HGNC Symbol;Acc:HGNC:23858]
ENSG00000227712,,lncRNA,1,119160535,119379295,-1,novel transcript
ENSG00000228365,,lncRNA,6,2916726,2941421,1,novel transcript
ENSG00000228863,,lncRNA,1,160647034,160699761,1,"novel transcript, antisense to CD48"
ENSG00000230142,LINC01075,lncRNA,13,62212307,62249947,1,long intergenic non-protein coding RNA 1075 [Source:HGNC Symbol;Acc:HGNC:49118]
ENSG00000231264,ARAFP1,processed_pseudogene,7,63937905,63938509,-1,ARAF pseudogene 1 [Source:HGNC Symbol;Acc:HGNC:50824]
ENSG00000231322,RPL13AP17,transcribed_processed_pseudogene,7,78358292,78358872,1,ribosomal protein L13a pseudogene 17 [Source:HGNC Symbol;Acc:HGNC:36167]
ENSG00000232079,LINC01697,lncRNA,21,28048404,28137611,1,long intergenic non-protein coding RNA 1697 [Source:HGNC Symbol;Acc:HGNC:52485]
ENSG00000232208,,transcribed_processed_pseudogene,1,8907393,8907744,-1,zinc finger protein 271 (ZNF) pseudogene
ENSG00000232879,GLRX5P2,processed_pseudogene,1,161034834,161035006,1,GLR5 pseudogene 2 [Source:HGNC Symbol;Acc:HGNC:55063]
ENSG00000233018,,processed_pseudogene,1,235097187,235097412,-1,pseudogene similar to part of ribosomal protein L32 (RPL32)
ENSG00000233409,FANK1-AS1,lncRNA,10,125972188,125973126,-1,FANK1 antisense RNA 1 [Source:HGNC Symbol;Acc:HGNC:43915]
ENSG00000234181,PIGO-AS1,lncRNA,9,35096313,35098141,1,PIGO antisense RNA 1 [Source:HGNC Symbol;Acc:HGNC:55692]
ENSG00000235808,MYL6P2,processed_pseudogene,21,39488327,39488760,1,MYL6 pseudogene 2 [Source:HGNC Symbol;Acc:HGNC:23772]
ENSG00000235992,GRAMD4P2,transcribed_processed_pseudogene,22,15749156,15750825,-1,GRAM domain containing 4 pseudogene 2 [Source:HGNC Symbol;Acc:HGNC:39654]
ENSG00000236383,CCDC200,protein_coding,17,43216941,43305397,-1,coiled-coil domain containing 200 [Source:HGNC Symbol;Acc:HGNC:43658]
ENSG00000237478,,processed_pseudogene,1,49691262,49691523,-1,pseudogene similar to part of ribosomal protein S11 (RPS11)
ENSG00000238842,RNU7-106P,snRNA,12,80068691,80068757,-1,"RNA, U7 small nuclear 106 pseudogene [Source:HGNC Symbol;Acc:HGNC:45640]"
ENSG00000241227,RN7SL553P,misc_RNA,3,5252926,5253223,-1,"RNA, 7SL, cytoplasmic 553, pseudogene [Source:HGNC Symbol;Acc:HGNC:46569]"
ENSG00000241881,,lncRNA,7,142248530,142288881,1,novel transcript
ENSG00000243073,PRAMEF4,protein_coding,1,12879212,12886201,-1,PRAME family member 4 [Source:HGNC Symbol;Acc:HGNC:31971]
ENSG00000244009,B3GAT3P1,processed_pseudogene,3,160452598,160453403,1,"beta-1,3-glucuronyltransferase 3 pseudogene 1 [Source:HGNC Symbol;Acc:HGNC:35243]"
ENSG00000244717,RPS27P14,processed_pseudogene,5,69469883,69470136,1,ribosomal protein S27 pseudogene 14 [Source:HGNC Symbol;Acc:HGNC:35923]
ENSG00000248593,DSTNP2,transcribed_unprocessed_pseudogene,12,6884898,6885684,1,DSTN pseudogene 2 [Source:HGNC Symbol;Acc:HGNC:34546]
ENSG00000248878,,transcribed_processed_pseudogene,5,31725539,31725902,-1,FUS interacting protein (serine/arginine-rich) 1 pseudogene
ENSG00000250372,MARK2P4,processed_pseudogene,4,176012038,176014417,-1,MARK2 pseudogene 4 [Source:HGNC Symbol;Acc:HGNC:39795]
ENSG00000250754,LINC02436,lncRNA,4,185051081,185115500,1,long intergenic non-protein coding RNA 2436 [Source:HGNC Symbol;Acc:HGNC:53368]
ENSG00000253250,C8orf88,protein_coding,8,90958084,90985238,-1,chromosome 8 open reading frame 88 [Source:HGNC Symbol;Acc:HGNC:44672]
ENSG00000253258,FAM83A-AS2,lncRNA,8,123181638,123182788,-1,FAM83A antisense RNA 2 [Source:HGNC Symbol;Acc:HGNC:56225]
ENSG00000253557,,lncRNA,8,19084992,19259469,-1,novel transcript
ENSG00000253674,IGHVII-78-1,IG_V_pseudogene,14,106865627,106865895,-1,immunoglobulin heavy variable (II)-78-1 (pseudogene) [Source:HGNC Symbol;Acc:HGNC:5691]
ENSG00000255446,,lncRNA,11,62421845,62426724,-1,novel transcript
ENSG00000256566,,protein_coding,20,2467212,2508907,-1,novel protein
ENSG00000258240,LINC01404,lncRNA,12,110951683,110957820,-1,long intergenic non-protein coding RNA 1404 [Source:HGNC Symbol;Acc:HGNC:50689]
ENSG00000258663,,lncRNA,14,100834432,100861026,-1,"novel transcript, antisense to MEG3"
ENSG00000259152,,lncRNA,15,27422381,27428338,1,"novel transcript, intronic to GABRG3"
ENSG00000261319,LINC02152,lncRNA,16,8298492,8299772,1,long intergenic non-protein coding RNA 2152 [Source:HGNC Symbol;Acc:HGNC:53014]
ENSG00000264793,MIR4771-1,miRNA,2,87194786,87194859,1,microRNA 4771-1 [Source:HGNC Symbol;Acc:HGNC:41901]
ENSG00000264809,Metazoa_SRP,misc_RNA,1,178484408,178484682,1,Metazoan signal recognition particle RNA [Source:RFAM;Acc:RF00017]
ENSG00000265014,MIR3160-1,miRNA,11,46451805,46451889,-1,microRNA 3160-1 [Source:HGNC Symbol;Acc:HGNC:38197]
ENSG00000266369,,lncRNA,17,20855946,20857317,1,"novel transcript, antisense to CCDC144NL"
ENSG00000266680,,lncRNA,6,63571005,63572408,-1,"novel transcript, antisense to PTP4A1"
ENSG00000267011,,lncRNA,19,4457962,4471493,-1,novel transcript
ENSG00000267487,,processed_pseudogene,18,62418318,62418576,1,"ATP synthase, H+ transporting, mitochondrial Fo complex, subunit F2 (ATP5J2) pseudogene"
ENSG00000271268,,processed_pseudogene,17,35861093,35861566,-1,ribosomal L24 domain containing 1 (RSL24D1) pseudogene
ENSG00000271945,,lncRNA,6,76774893,77097788,1,novel transcript
ENSG00000274351,,unprocessed_pseudogene,13,49232874,49234399,1,"protein-kinase, interferon-inducible double stranded RNA dependent inhibitor, repressor of (P58 repressor) PRKRIR"
ENSG00000282728,PGR-AS1,lncRNA,11,101127308,101342264,1,PGR antisense RNA 1 [Source:HGNC Symbol;Acc:HGNC:52650]
ENSG00000070756,PABPC1,protein_coding,8,100685816,100722809,-1,poly(A) binding protein cytoplasmic 1 [Source:HGNC Symbol;Acc:HGNC:8554]
ENSG00000071991,CDH19,protein_coding,18,66501083,66604438,-1,cadherin 19 [Source:HGNC Symbol;Acc:HGNC:1758]
ENSG00000089048,ESF1,protein_coding,20,13714322,13785409,-1,ESF1 nucleolar pre-rRNA processing protein homolog [Source:HGNC Symbol;Acc:HGNC:15898]
ENSG00000100320,RBFOX2,protein_coding,22,35738736,36028824,-1,RNA binding fox-1 homolog 2 [Source:HGNC Symbol;Acc:HGNC:9906]
ENSG00000101850,GPR143,protein_coding,X,9724039,9786297,-1,G protein-coupled receptor 143 [Source:HGNC Symbol;Acc:HGNC:20145]
ENSG00000104827,CGB3,protein_coding,19,49022869,49024333,-1,chorionic gonadotropin subunit beta 3 [Source:HGNC Symbol;Acc:HGNC:1886]
ENSG00000105246,EBI3,protein_coding,19,4229314,4237528,1,Epstein-Barr virus induced 3 [Source:HGNC Symbol;Acc:HGNC:3129]
ENSG00000105866,SP4,protein_coding,7,21428043,21514822,1,Sp4 transcription factor [Source:HGNC Symbol;Acc:HGNC:11209]
ENSG00000108556,CHRNE,protein_coding,17,4897771,4934438,-1,cholinergic receptor nicotinic epsilon subunit [Source:HGNC Symbol;Acc:HGNC:1966]
ENSG00000110442,COMMD9,protein_coding,11,36269284,36289449,-1,COMM domain containing 9 [Source:HGNC Symbol;Acc:HGNC:25014]
ENSG00000126003,PLAGL2,protein_coding,20,32192504,32207743,-1,PLAG1 like zinc finger 2 [Source:HGNC Symbol;Acc:HGNC:9047]
ENSG00000128203,ASPHD2,protein_coding,22,26428729,26445015,1,aspartate beta-hydroxylase domain containing 2 [Source:HGNC Symbol;Acc:HGNC:30437]
ENSG00000128564,VGF,protein_coding,7,101162509,101167227,-1,VGF nerve growth factor inducible [Source:HGNC Symbol;Acc:HGNC:12684]
ENSG00000131042,LILRB2,protein_coding,19,54273812,54281184,-1,leukocyte immunoglobulin like receptor B2 [Source:HGNC Symbol;Acc:HGNC:6606]
ENSG00000132872,SYT4,protein_coding,18,43267892,43277535,-1,synaptotagmin 4 [Source:HGNC Symbol;Acc:HGNC:11512]
ENSG00000134882,UBAC2,protein_coding,13,99200758,99386504,1,UBA domain containing 2 [Source:HGNC Symbol;Acc:HGNC:20486]
ENSG00000134955,SLC37A2,protein_coding,11,125063302,125090516,1,solute carrier family 37 member 2 [Source:HGNC Symbol;Acc:HGNC:20644]
ENSG00000139714,MORN3,protein_coding,12,121648742,121672649,-1,MORN repeat containing 3 [Source:HGNC Symbol;Acc:HGNC:29807]
ENSG00000140067,FAM181A,protein_coding,14,93918894,93929608,1,family with sequence similarity 181 member A [Source:HGNC Symbol;Acc:HGNC:20491]
ENSG00000140948,ZCCHC14,protein_coding,16,87406246,87493024,-1,zinc finger CCHC-type containing 14 [Source:HGNC Symbol;Acc:HGNC:24134]
ENSG00000146410,MTFR2,protein_coding,6,136231024,136250571,-1,mitochondrial fission regulator 2 [Source:HGNC Symbol;Acc:HGNC:21115]
ENSG00000150873,CIMIP5,protein_coding,2,11133009,11154576,1,ciliary microtubule inner protein 5 [Source:HGNC Symbol;Acc:HGNC:26324]
ENSG00000153233,PTPRR,protein_coding,12,70638073,70920738,-1,protein tyrosine phosphatase receptor type R [Source:HGNC Symbol;Acc:HGNC:9680]
ENSG00000156795,NTAQ1,protein_coding,8,123416723,123470028,1,N-terminal glutamine amidase 1 [Source:HGNC Symbol;Acc:HGNC:25490]
ENSG00000164744,SUN3,protein_coding,7,47987148,48029119,-1,Sad1 and UNC84 domain containing 3 [Source:HGNC Symbol;Acc:HGNC:22429]
ENSG00000166619,BLCAP,protein_coding,20,37492472,37528100,-1,BLCAP apoptosis inducing factor [Source:HGNC Symbol;Acc:HGNC:1055]
ENSG00000177455,CD19,protein_coding,16,28931965,28939342,1,CD19 molecule [Source:HGNC Symbol;Acc:HGNC:1633]
ENSG00000183655,KLHL25,protein_coding,15,85759326,85794948,-1,kelch like family member 25 [Source:HGNC Symbol;Acc:HGNC:25732]
ENSG00000183979,NPB,protein_coding,17,81900745,81902905,1,neuropeptide B [Source:HGNC Symbol;Acc:HGNC:30099]
ENSG00000186940,CHCHD2P9,processed_pseudogene,9,79391304,79391759,1,coiled-coil-helix-coiled-coil-helix domain containing 2 pseudogene 9 [Source:HGNC Symbol;Acc:HGNC:23676]
ENSG00000188921,HACD4,protein_coding,9,20999509,21031640,-1,3-hydroxyacyl-CoA dehydratase 4 [Source:HGNC Symbol;Acc:HGNC:20920]
ENSG00000196433,ASMT,protein_coding,X,1615059,1643081,1,acetylserotonin O-methyltransferase [Source:HGNC Symbol;Acc:HGNC:750]
ENSG00000199790,RNU6-836P,snRNA,4,41084607,41084713,1,"RNA, U6 small nuclear 836, pseudogene [Source:HGNC Symbol;Acc:HGNC:47799]"
ENSG00000204920,ZNF155,protein_coding,19,43967862,43998326,1,zinc finger protein 155 [Source:HGNC Symbol;Acc:HGNC:12940]
ENSG00000207951,MIR561,miRNA,2,188297492,188297588,1,microRNA 561 [Source:HGNC Symbol;Acc:HGNC:32817]
ENSG00000207956,MIR579,miRNA,5,32394378,32394475,-1,microRNA 579 [Source:HGNC Symbol;Acc:HGNC:32835]
ENSG00000210144,MT-TY,Mt_tRNA,MT,5826,5891,-1,mitochondrially encoded tRNA-Tyr (UAU/C) [Source:HGNC Symbol;Acc:HGNC:7502]
ENSG00000211639,IGLV4-60,IG_V_gene,22,22162199,22162681,1,immunoglobulin lambda variable 4-60 [Source:HGNC Symbol;Acc:HGNC:5920]
ENSG00000212297,RNU6-821P,snRNA,3,198071311,198071417,-1,"RNA, U6 small nuclear 821, pseudogene [Source:HGNC Symbol;Acc:HGNC:47784]"
ENSG00000213022,KLK9,protein_coding,19,51002508,51009634,-1,kallikrein related peptidase 9 [Source:HGNC Symbol;Acc:HGNC:6370]
ENSG00000215414,PSMA6P1,processed_pseudogene,Y,13286638,13287378,1,proteasome subunit alpha 6 pseudogene 1 [Source:HGNC Symbol;Acc:HGNC:17460]
ENSG00000219703,RAP1BP3,processed_pseudogene,6,117431591,117432442,1,RAP1B pseudogene 3 [Source:HGNC Symbol;Acc:HGNC:49782]
ENSG00000221093,,snoRNA,8,56121242,56121352,-1,
ENSG00000222072,Y_RNA,misc_RNA,10,100907174,100907280,-1,Y RNA [Source:RFAM;Acc:RF00019]
ENSG00000224389,C4B,protein_coding,6,32014730,32035973,1,complement C4B (Chido/Rodgers blood group) [Source:HGNC Symbol;Acc:HGNC:1324]
ENSG00000224600,,processed_pseudogene,1,171824610,171824959,-1,"ribosomal protein, large, P1 (RPLP1) pseudogene"
ENSG00000228922,,unprocessed_pseudogene,X,135201731,135215232,1,novel pseudogene
ENSG00000230330,HMGN2P3,transcribed_processed_pseudogene,16,26032539,26032811,-1,high mobility group nucleosomal binding domain 2 pseudogene 3 [Source:HGNC Symbol;Acc:HGNC:33566]
ENSG00000231525,,processed_pseudogene,7,20588990,20590085,1,v-ral simian leukemia viral oncogene homolog A (ras related) (RALA) pseudogene
ENSG00000231531,HINT1P1,processed_pseudogene,7,143312684,143313061,-1,histidine triad nucleotide binding protein 1 pseudogene 1 [Source:HGNC Symbol;Acc:HGNC:18467]
ENSG00000231984,,processed_pseudogene,1,199752491,199752890,1,translational inhibitor protein p14.5 (UK114) pseudogene
ENSG00000232969,,lncRNA,21,44339376,44340692,1,novel transcript
ENSG00000233238,DEFA9P,unprocessed_pseudogene,8,6959289,6960161,-1,"defensin alpha 9, pseudogene [Source:HGNC Symbol;Acc:HGNC:31800]"
ENSG00000234663,LINC01934,lncRNA,2,181086076,181409321,1,long intergenic non-protein coding RNA 1934 [Source:HGNC Symbol;Acc:HGNC:52757]
ENSG00000235434,RNF186-AS1,lncRNA,1,19814354,19819502,1,RNF186 antisense RNA 1 [Source:HGNC Symbol;Acc:HGNC:41127]
ENSG00000235669,CHN2-AS1,lncRNA,7,29199540,29208970,-1,CHN2 antisense RNA 1 [Source:HGNC Symbol;Acc:HGNC:40149]
ENSG00000236356,,lncRNA,2,143799467,143819599,1,novel transcript
ENSG00000236489,RPL34P10,processed_pseudogene,3,185606575,185606873,1,ribosomal protein L34 pseudogene 10 [Source:HGNC Symbol;Acc:HGNC:36962]
ENSG00000238295,,snoRNA,2,177345858,177345961,-1,
ENSG00000238302,RNU7-120P,snRNA,12,89282223,89282285,-1,"RNA, U7 small nuclear 120 pseudogene [Source:HGNC Symbol;Acc:HGNC:45654]"
ENSG00000240374,RN7SL503P,misc_RNA,1,35292196,35292498,-1,"RNA, 7SL, cytoplasmic 503, pseudogene [Source:HGNC Symbol;Acc:HGNC:46519]"
ENSG00000240993,RN7SL459P,misc_RNA,12,19176288,19176589,-1,"RNA, 7SL, cytoplasmic 459, pseudogene [Source:HGNC Symbol;Acc:HGNC:46475]"
ENSG00000241146,RPL7P41,processed_pseudogene,12,52885429,52886385,1,ribosomal protein L7 pseudogene 41 [Source:HGNC Symbol;Acc:HGNC:36297]
ENSG00000243164,RPL31P48,processed_pseudogene,12,73648666,73649039,1,ribosomal protein L31 pseudogene 48 [Source:HGNC Symbol;Acc:HGNC:36129]
ENSG00000243836,WDR86-AS1,lncRNA,7,151408943,151414243,1,WDR86 antisense RNA 1 [Source:HGNC Symbol;Acc:HGNC:41186]
ENSG00000246541,SMARCAD1-DT,lncRNA,4,94117792,94207556,-1,SMARCAD1 divergent transcript [Source:HGNC Symbol;Acc:HGNC:53364]
ENSG00000248434,,lncRNA,4,135067233,135097658,1,novel transcript
ENSG00000248698,LINC01085,transcribed_processed_pseudogene,4,14126339,14126664,1,long intergenic non-protein coding RNA 1085 [Source:HGNC Symbol;Acc:HGNC:27198]
ENSG00000248735,R3HDM2P1,processed_pseudogene,4,133124104,133126063,1,R3H domain containing 2 pseudogene 1 [Source:HGNC Symbol;Acc:HGNC:44056]
ENSG00000248790,,lncRNA,3,139466430,139466795,1,novel transcript
ENSG00000250173,,lncRNA,5,964261,981311,1,novel transcript
ENSG00000250326,USP38-DT,lncRNA,4,142889858,143184904,-1,USP38 divergent transcript [Source:HGNC Symbol;Acc:HGNC:55554]
ENSG00000251553,DDX18P4,processed_pseudogene,5,98679402,98681367,1,DEAD-box helicase 18 pseudogene 4 [Source:HGNC Symbol;Acc:HGNC:33967]
ENSG00000252776,RNU4ATAC10P,snRNA,11,122449210,122449331,1,"RNA, U4atac small nuclear 10, pseudogene [Source:HGNC Symbol;Acc:HGNC:46896]"
ENSG00000254432,,lncRNA,8,60808735,60809606,-1,novel transcript
ENSG00000255307,OR52B2,protein_coding,11,6169355,6170326,-1,olfactory receptor family 52 subfamily B member 2 [Source:HGNC Symbol;Acc:HGNC:15207]
ENSG00000255853,,processed_pseudogene,12,126510910,126511711,-1,novel pseudogene
ENSG00000258186,SLC7A5P2,transcribed_processed_pseudogene,16,21519830,21520365,-1,solute carrier family 7 member 5 pseudogene 2 [Source:HGNC Symbol;Acc:HGNC:24951]
ENSG00000258390,LINC02318,lncRNA,14,95545999,95582305,1,long intergenic non-protein coding RNA 2318 [Source:HGNC Symbol;Acc:HGNC:53237]
ENSG00000259240,MIR4713HG,lncRNA,15,51037174,51322480,1,MIR4713 host gene [Source:HGNC Symbol;Acc:HGNC:53124]
ENSG00000259416,LINC02883,lncRNA,15,85744109,85759315,-1,long intergenic non-protein coding RNA 2883 [Source:HGNC Symbol;Acc:HGNC:54806]
ENSG00000259810,,lncRNA,16,31788202,31790993,1,novel transcript
ENSG00000259935,,lncRNA,15,52648634,52649866,-1,"novel transcript, intronic to KIAA1370"
ENSG00000260986,,lncRNA,15,21127698,21130095,-1,novel transcript
ENSG00000261166,,lncRNA,4,136097540,136099244,-1,novel transcript
ENSG00000262655,SPON1,protein_coding,11,13962694,14268133,1,spondin 1 [Source:HGNC Symbol;Acc:HGNC:11252]
ENSG00000264666,,lncRNA,17,17591428,17632141,1,novel transcript
ENSG00000266890,MIR4634,miRNA,5,174751734,174751787,1,microRNA 4634 [Source:HGNC Symbol;Acc:HGNC:41559]
ENSG00000267746,,lncRNA,18,34222965,34224761,1,"novel transcript, antisense to NOL4"
ENSG00000269944,,lncRNA,11,118415977,118416521,1,novel transcript
ENSG00000270435,,processed_pseudogene,11,6297189,6298606,-1,"TBC1 domain family, member 12, pseudogene"
ENSG00000270729,CAPZA1P5,processed_pseudogene,7,143979121,143980225,-1,CAPZA1 pseudogene 5 [Source:HGNC Symbol;Acc:HGNC:54566]
ENSG00000272871,,lncRNA,9,14588797,14590065,-1,novel transcript
ENSG00000274019,,transcribed_unprocessed_pseudogene,1,149111304,149121866,-1,Neuroblastoma breakpoint family (NBPF) pseudogene
ENSG00000275877,5_8S_rRNA,rRNA,20,30484925,30485076,-1,5.8S ribosomal RNA [Source:RFAM;Acc:RF00002]
ENSG00000279002,,TEC,5,8659764,8660059,-1,tec
ENSG00000279836,,TEC,11,87121058,87121596,1,novel transcript
ENSG00000279859,,TEC,4,6691995,6692970,-1,TEC
ENSG00000280286,FRG1KP,unprocessed_pseudogene,9,65646982,65652679,-1,"FSHD region gene 1 family member K, pseudogene [Source:HGNC Symbol;Acc:HGNC:51769]"
ENSG00000074621,SLC24A1,protein_coding,15,65611366,65660995,1,solute carrier family 24 member 1 [Source:HGNC Symbol;Acc:HGNC:10975]
ENSG00000085185,BCORL1,protein_coding,X,129981107,130058071,1,BCL6 corepressor like 1 [Source:HGNC Symbol;Acc:HGNC:25657]
ENSG00000100031,GGT1,protein_coding,22,24594684,24629011,1,gamma-glutamyltransferase 1 [Source:HGNC Symbol;Acc:HGNC:4250]
ENSG00000111291,GPRC5D,protein_coding,12,12940575,12952170,-1,G protein-coupled receptor class C group 5 member D [Source:HGNC Symbol;Acc:HGNC:13310]
ENSG00000112655,PTK7,protein_coding,6,43076257,43161719,1,protein tyrosine kinase 7 (inactive) [Source:HGNC Symbol;Acc:HGNC:9618]
ENSG00000114115,RBP1,protein_coding,3,139517434,139539829,-1,retinol binding protein 1 [Source:HGNC Symbol;Acc:HGNC:9919]
ENSG00000115155,OTOF,protein_coding,2,26457203,26558756,-1,otoferlin [Source:HGNC Symbol;Acc:HGNC:8515]
ENSG00000127533,F2RL3,protein_coding,19,16888999,16892606,1,F2R like thrombin or trypsin receptor 3 [Source:HGNC Symbol;Acc:HGNC:3540]
ENSG00000128346,C22orf23,protein_coding,22,37943050,37953669,-1,chromosome 22 open reading frame 23 [Source:HGNC Symbol;Acc:HGNC:18589]
ENSG00000131236,CAP1,protein_coding,1,40039735,40072767,1,cyclase associated actin cytoskeleton regulatory protein 1 [Source:HGNC Symbol;Acc:HGNC:20040]
ENSG00000132676,DAP3,protein_coding,1,155687833,155739014,1,death associated protein 3 [Source:HGNC Symbol;Acc:HGNC:2673]
ENSG00000134452,FBH1,protein_coding,10,5890203,5937594,1,F-box DNA helicase 1 [Source:HGNC Symbol;Acc:HGNC:13620]
ENSG00000135119,RNFT2,protein_coding,12,116738178,116853631,1,"ring finger protein, transmembrane 2 [Source:HGNC Symbol;Acc:HGNC:25905]"
ENSG00000136939,OR1L4,protein_coding,9,122723990,122724925,1,olfactory receptor family 1 subfamily L member 4 [Source:HGNC Symbol;Acc:HGNC:8216]
ENSG00000138709,LARP1B,protein_coding,4,128060801,128222931,1,La ribonucleoprotein 1B [Source:HGNC Symbol;Acc:HGNC:24704]
ENSG00000140557,ST8SIA2,protein_coding,15,92393881,92468728,1,"ST8 alpha-N-acetyl-neuraminide alpha-2,8-sialyltransferase 2 [Source:HGNC Symbol;Acc:HGNC:10870]"
ENSG00000151208,DLG5,protein_coding,10,77790778,77927220,-1,discs large MAGUK scaffold protein 5 [Source:HGNC Symbol;Acc:HGNC:2904]
ENSG00000154734,ADAMTS1,protein_coding,21,26835755,26845409,-1,ADAM metallopeptidase with thrombospondin type 1 motif 1 [Source:HGNC Symbol;Acc:HGNC:217]
ENSG00000158623,COPG2,protein_coding,7,130506238,130668748,-1,COPI coat complex subunit gamma 2 [Source:HGNC Symbol;Acc:HGNC:2237]
ENSG00000160226,CFAP410,protein_coding,21,44328944,44339402,-1,cilia and flagella associated protein 410 [Source:HGNC Symbol;Acc:HGNC:1260]
ENSG00000164796,CSMD3,protein_coding,8,112222928,113436939,-1,CUB and Sushi multiple domains 3 [Source:HGNC Symbol;Acc:HGNC:19291]
ENSG00000165731,RET,protein_coding,10,43077026,43130351,1,ret proto-oncogene [Source:HGNC Symbol;Acc:HGNC:9967]
ENSG00000166165,CKB,protein_coding,14,103519660,103523167,-1,creatine kinase B [Source:HGNC Symbol;Acc:HGNC:1991]
ENSG00000167755,KLK6,protein_coding,19,50958631,50969673,-1,kallikrein related peptidase 6 [Source:HGNC Symbol;Acc:HGNC:6367]
ENSG00000176136,MC5R,protein_coding,18,13824149,13827323,1,melanocortin 5 receptor [Source:HGNC Symbol;Acc:HGNC:6933]
ENSG00000177879,AP3S1,protein_coding,5,115841422,115914086,1,adaptor related protein complex 3 subunit sigma 1 [Source:HGNC Symbol;Acc:HGNC:2013]
ENSG00000179627,ZBTB42,protein_coding,14,104799415,104804712,1,zinc finger and BTB domain containing 42 [Source:HGNC Symbol;Acc:HGNC:32550]
ENSG00000182111,ZNF716,protein_coding,7,57450177,57473559,1,zinc finger protein 716 [Source:HGNC Symbol;Acc:HGNC:32458]
ENSG00000184985,SORCS2,protein_coding,4,7192538,7742827,1,sortilin related VPS10 domain containing receptor 2 [Source:HGNC Symbol;Acc:HGNC:16698]
ENSG00000185361,TNFAIP8L1,protein_coding,19,4639511,4655568,1,TNF alpha induced protein 8 like 1 [Source:HGNC Symbol;Acc:HGNC:28279]
ENSG00000187013,LINC02875,lncRNA,17,61411751,61413280,1,long intergenic non-protein coding RNA 2875 [Source:HGNC Symbol;Acc:HGNC:32699]
ENSG00000197728,RPS26,protein_coding,12,56041351,56044697,1,ribosomal protein S26 [Source:HGNC Symbol;Acc:HGNC:10414]
ENSG00000197887,OR1S2,protein_coding,11,58203204,58204142,-1,olfactory receptor family 1 subfamily S member 2 [Source:HGNC Symbol;Acc:HGNC:15141]
ENSG00000199032,MIR425,miRNA,3,49020148,49020234,-1,microRNA 425 [Source:HGNC Symbol;Acc:HGNC:31882]
ENSG00000200090,Y_RNA,misc_RNA,11,47726894,47726992,-1,Y RNA [Source:RFAM;Acc:RF00019]
ENSG00000201386,RNU6-1163P,snRNA,6,112971493,112971599,1,"RNA, U6 small nuclear 1163, pseudogene [Source:HGNC Symbol;Acc:HGNC:48126]"
ENSG00000201641,RNU6-1187P,snRNA,4,77150328,77150437,-1,"RNA, U6 small nuclear 1187, pseudogene [Source:HGNC Symbol;Acc:HGNC:48150]"
ENSG00000202159,RNU6-742P,snRNA,18,57755394,57755500,1,"RNA, U6 small nuclear 742, pseudogene [Source:HGNC Symbol;Acc:HGNC:47705]"
ENSG00000205669,ACOT6,protein_coding,14,73610945,73619888,1,acyl-CoA thioesterase 6 [Source:HGNC Symbol;Acc:HGNC:33159]
ENSG00000213612,FAM220CP,processed_pseudogene,9,97121659,97122489,1,"family with sequence similarity 220 member C, pseudogene [Source:HGNC Symbol;Acc:HGNC:43640]"
ENSG00000214560,RPL21P41,processed_pseudogene,3,66637149,66637412,1,ribosomal protein L21 pseudogene 41 [Source:HGNC Symbol;Acc:HGNC:36765]
ENSG00000215045,GRID2IP,protein_coding,7,6496778,6551461,-1,Grid2 interacting protein [Source:HGNC Symbol;Acc:HGNC:18464]
ENSG00000215113,CXorf49B,protein_coding,X,71763349,71767204,1,chromosome X open reading frame 49B [Source:HGNC Symbol;Acc:HGNC:34229]
ENSG00000215866,LINC01356,lncRNA,1,112820170,112850643,-1,long intergenic non-protein coding RNA 1356 [Source:HGNC Symbol;Acc:HGNC:50587]
ENSG00000216621,,transcribed_processed_pseudogene,6,149935965,149936782,1,"pseudogene similar to small nuclear RNA activating complex, polypeptide 1, 43kD SNAPC1"
ENSG00000219529,,processed_pseudogene,11,77813319,77813676,-1,ribosomal protein S20 (RPS20) pseudogene
ENSG00000220734,CMPK1P1,processed_pseudogene,6,35765908,35766927,1,CMPK1 pseudogene 1 [Source:HGNC Symbol;Acc:HGNC:56924]
ENSG00000222150,RNA5SP239,rRNA_pseudogene,7,116944286,116944414,-1,"RNA, 5S ribosomal pseudogene 239 [Source:HGNC Symbol;Acc:HGNC:43139]"
ENSG00000223265,RNU6-592P,snRNA,11,122579205,122579307,-1,"RNA, U6 small nuclear 592, pseudogene [Source:HGNC Symbol;Acc:HGNC:47555]"
ENSG00000223815,DIAPH3-AS2,lncRNA,13,60144612,60153689,1,DIAPH3 antisense RNA 2 [Source:HGNC Symbol;Acc:HGNC:39916]
ENSG00000225361,PPP1R26-AS1,lncRNA,9,135417086,135480777,-1,PPP1R26 antisense RNA 1 [Source:HGNC Symbol;Acc:HGNC:48717]
ENSG00000230377,ELOCP7,processed_pseudogene,Y,18532326,18532656,-1,elongin C pseudogene 7 [Source:HGNC Symbol;Acc:HGNC:38143]
ENSG00000230496,MTCO2P7,unprocessed_pseudogene,2,130275592,130276257,1,MT-CO2 pseudogene 7 [Source:HGNC Symbol;Acc:HGNC:52023]
ENSG00000230550,ERLNC1,lncRNA,1,204141404,204143327,1,estrogen receptor responsive lncRNA 1 [Source:HGNC Symbol;Acc:HGNC:41109]
ENSG00000231108,PRELID3BP11,processed_pseudogene,9,6734598,6735076,-1,PRELI domain containing 3B pseudogene 11 [Source:HGNC Symbol;Acc:HGNC:49073]
ENSG00000231313,CLIC1P1,processed_pseudogene,12,120914400,120915123,1,chloride intracellular channel 1 pseudogene 1 [Source:HGNC Symbol;Acc:HGNC:32691]
ENSG00000231858,STAT4-AS1,lncRNA,2,191021526,191032314,1,STAT4 antisense RNA 1 [Source:HGNC Symbol;Acc:HGNC:55764]
ENSG00000231920,NEBL-AS1,lncRNA,10,21173599,21182579,1,NEBL antisense RNA 1 [Source:HGNC Symbol;Acc:HGNC:44899]
ENSG00000232564,MRTFA-AS1,lncRNA,22,40521800,40527933,1,MRTFA antisense RNA 1 [Source:HGNC Symbol;Acc:HGNC:40681]
ENSG00000233084,RPL23AP25,transcribed_processed_pseudogene,1,248936581,248937043,1,ribosomal protein L23a pseudogene 25 [Source:HGNC Symbol;Acc:HGNC:35672]
ENSG00000233222,,lncRNA,1,153750983,153752176,-1,novel transcript
ENSG00000234439,KRT18P2,processed_pseudogene,21,20424949,20426206,-1,keratin 18 pseudogene 2 [Source:HGNC Symbol;Acc:HGNC:6435]
ENSG00000234450,,processed_pseudogene,7,156633355,156633787,1,ribosomal protein L26-like 1 (RPL26L1) pseudogene
ENSG00000235420,RPL29P30,transcribed_processed_pseudogene,15,70796631,70797099,-1,ribosomal protein L29 pseudogene 30 [Source:HGNC Symbol;Acc:HGNC:36601]
ENSG00000235944,ZNF815P,transcribed_unprocessed_pseudogene,7,5823207,5847743,1,"zinc finger protein 815, pseudogene [Source:HGNC Symbol;Acc:HGNC:22029]"
ENSG00000236686,BZW1P1,processed_pseudogene,3,172425850,172427089,-1,basic leucine zipper and W2 domains 1 pseudogene 1 [Source:HGNC Symbol;Acc:HGNC:31378]
ENSG00000238122,,lncRNA,1,108247487,108273689,-1,novel transcript
ENSG00000238137,ARPC3P2,processed_pseudogene,1,211442274,211442806,1,actin related protein 2/3 complex subunit 3 pseudogene 2 [Source:HGNC Symbol;Acc:HGNC:39431]
ENSG00000238759,RNU7-155P,snRNA,17,71298156,71298218,-1,"RNA, U7 small nuclear 155 pseudogene [Source:HGNC Symbol;Acc:HGNC:45689]"
ENSG00000242140,MATR3P2,processed_pseudogene,3,181146233,181146463,1,MATR3 pseudogene 2 [Source:HGNC Symbol;Acc:HGNC:56591]
ENSG00000242247,ARFGAP3,protein_coding,22,42796502,42858106,-1,ARF GTPase activating protein 3 [Source:HGNC Symbol;Acc:HGNC:661]
ENSG00000243040,RBMY2FP,transcribed_unprocessed_pseudogene,Y,22310864,22321825,1,"RNA binding motif protein Y-linked family 2 member F, pseudogene [Source:HGNC Symbol;Acc:HGNC:23891]"
ENSG00000248720,RFPL4AP5,processed_pseudogene,8,126174186,126175014,-1,ret finger protein like 4A pseudogene 5 [Source:HGNC Symbol;Acc:HGNC:45144]
ENSG00000248725,,processed_pseudogene,4,85246157,85246912,1,novel pseudogene
ENSG00000249690,LRBA-AS1,lncRNA,4,150579089,150581545,1,LRBA antisense RNA 1 [Source:HGNC Symbol;Acc:HGNC:58247]
ENSG00000250791,,lncRNA,4,116489364,116515619,-1,novel transcript
ENSG00000251556,,lncRNA,5,146099406,146120412,1,novel transcript
ENSG00000251882,RNU6-475P,snRNA,6,114866873,114866976,-1,"RNA, U6 small nuclear 475, pseudogene [Source:HGNC Symbol;Acc:HGNC:47438]"
ENSG00000254145,,processed_pseudogene,8,43539137,43539472,1,chromosome 2 open reading frame 14 (C2orf14) pseudogene
ENSG00000254692,,protein_coding,14,24189157,24213473,-1,novel protein
ENSG00000257137,LINC02874,lncRNA,12,52205392,52213646,-1,long intergenic non-protein coding RNA 2874 [Source:HGNC Symbol;Acc:HGNC:27473]
ENSG00000259583,ALDH1A3-AS1,lncRNA,15,100892343,100920312,-1,ALDH1A3 antisense RNA 1 [Source:HGNC Symbol;Acc:HGNC:55416]
ENSG00000260152,,processed_pseudogene,15,75114261,75114868,1,stromal cell-derived factor 2 (SDF2) pseudogene
ENSG00000261130,,protein_coding,16,15395754,15515348,1,novel protein
ENSG00000262526,,protein_coding,17,7240427,7244635,-1,novel protein
ENSG00000263631,MIR378D1,miRNA,4,5923275,5923328,-1,microRNA 378d-1 [Source:HGNC Symbol;Acc:HGNC:41550]
ENSG00000263755,RN7SL498P,misc_RNA,20,6001733,6002030,1,"RNA, 7SL, cytoplasmic 498, pseudogene [Source:HGNC Symbol;Acc:HGNC:46514]"
ENSG00000267436,MFSD12-AS1,lncRNA,19,3544199,3557569,1,MFSD12 antisense RNA 1 [Source:HGNC Symbol;Acc:HGNC:56727]
ENSG00000269779,,transcribed_unprocessed_pseudogene,19,20691336,20697615,1,zinc finger protein 85 pseudogene
ENSG00000270734,,processed_pseudogene,16,14862380,14862749,-1,"acid phosphatase 1, soluble (ACP1) pseudogene"
ENSG00000271278,ELOCP33,processed_pseudogene,4,39932454,39933561,1,elongin C pseudogene 33 [Source:HGNC Symbol;Acc:HGNC:49174]
ENSG00000274468,,unprocessed_pseudogene,1,115479428,115481572,1,ethanolamine kinase 2 (ETNK2) pseudogene
ENSG00000277157,H4C4,protein_coding,6,26188710,26189112,-1,H4 clustered histone 4 [Source:HGNC Symbol;Acc:HGNC:4782]
ENSG00000277171,,unprocessed_pseudogene,2,79547151,79548128,-1,novel zinc finger protein pseudogene
ENSG00000279361,,TEC,17,67637774,67638973,1,TEC
ENSG00000279800,BCLAF1P2,processed_pseudogene,16,34266041,34268649,-1,BCL2 associated transcription factor 1 pseudogene 2 [Source:HGNC Symbol;Acc:HGNC:51807]
ENSG00000280128,,TEC,6,30282349,30286054,-1,TEC
ENSG00000280498,SNORA16A,snoRNA,1,28580920,28581054,-1,"small nucleolar RNA, H/ACA box 16A [Source:HGNC Symbol;Acc:HGNC:32605]"
ENSG00000280778,,protein_coding,1,145927258,145977811,1,"novel protein, lncRNA-POLR3GL readthrough"
ENSG00000036257,CUL3,protein_coding,2,224470150,224585397,-1,cullin 3 [Source:HGNC Symbol;Acc:HGNC:2553]
ENSG00000050130,JKAMP,protein_coding,14,59484443,59505410,1,JNK1/MAPK8 associated membrane protein [Source:HGNC Symbol;Acc:HGNC:20184]
ENSG00000101247,NDUFAF5,protein_coding,20,13785007,13821580,1,NADH:ubiquinone oxidoreductase complex assembly factor 5 [Source:HGNC Symbol;Acc:HGNC:15899]
ENSG00000101955,SRPX,protein_coding,X,38149336,38220941,-1,sushi repeat containing protein X-linked [Source:HGNC Symbol;Acc:HGNC:11309]
ENSG00000104859,CLASRP,protein_coding,19,45039045,45070956,1,CLK4 associating serine/arginine rich protein [Source:HGNC Symbol;Acc:HGNC:17731]
ENSG00000108094,CUL2,protein_coding,10,35008504,35127006,-1,cullin 2 [Source:HGNC Symbol;Acc:HGNC:2552]
ENSG00000125257,ABCC4,protein_coding,13,95019835,95301822,-1,ATP binding cassette subfamily C member 4 (PEL blood group) [Source:HGNC Symbol;Acc:HGNC:55]
ENSG00000125899,LINC02871,lncRNA,20,10986593,11029455,1,long intergenic non-protein coding RNA 2871 [Source:HGNC Symbol;Acc:HGNC:16180]
ENSG00000139865,TTC6,protein_coding,14,37595629,38041442,1,tetratricopeptide repeat domain 6 [Source:HGNC Symbol;Acc:HGNC:19739]
ENSG00000140955,ADAD2,protein_coding,16,84191125,84197168,1,adenosine deaminase domain containing 2 [Source:HGNC Symbol;Acc:HGNC:30714]
ENSG00000142347,MYO1F,protein_coding,19,8517463,8577464,-1,myosin IF [Source:HGNC Symbol;Acc:HGNC:7600]
ENSG00000143768,LEFTY2,protein_coding,1,225936598,225941383,-1,left-right determination factor 2 [Source:HGNC Symbol;Acc:HGNC:3122]
ENSG00000144199,FAHD2B,protein_coding,2,97082040,97094903,-1,fumarylacetoacetate hydrolase domain containing 2B [Source:HGNC Symbol;Acc:HGNC:25318]
ENSG00000144381,HSPD1,protein_coding,2,197486580,197516737,-1,heat shock protein family D (Hsp60) member 1 [Source:HGNC Symbol;Acc:HGNC:5261]
ENSG00000144559,TAMM41,protein_coding,3,11790442,11846919,-1,TAM41 mitochondrial translocator assembly and maintenance homolog [Source:HGNC Symbol;Acc:HGNC:25187]
ENSG00000154162,CDH12,protein_coding,5,21750673,22853344,-1,cadherin 12 [Source:HGNC Symbol;Acc:HGNC:1751]
ENSG00000161940,BCL6B,protein_coding,17,7023050,7030290,1,BCL6B transcription repressor [Source:HGNC Symbol;Acc:HGNC:1002]
ENSG00000165185,KIAA1958,protein_coding,9,112486827,112669397,1,KIAA1958 [Source:HGNC Symbol;Acc:HGNC:23427]
ENSG00000165525,NEMF,protein_coding,14,49782083,49852822,-1,nuclear export mediator factor [Source:HGNC Symbol;Acc:HGNC:10663]
ENSG00000167202,TBC1D2B,protein_coding,15,77984036,78077724,-1,TBC1 domain family member 2B [Source:HGNC Symbol;Acc:HGNC:29183]
ENSG00000169992,NLGN2,protein_coding,17,7404874,7419860,1,neuroligin 2 [Source:HGNC Symbol;Acc:HGNC:14290]
ENSG00000181016,LSMEM1,protein_coding,7,112480853,112491062,1,leucine rich single-pass membrane protein 1 [Source:HGNC Symbol;Acc:HGNC:22036]
ENSG00000181090,EHMT1,protein_coding,9,137618977,137870016,1,euchromatic histone lysine methyltransferase 1 [Source:HGNC Symbol;Acc:HGNC:24650]
ENSG00000184394,OR4N5,protein_coding,14,20138820,20145471,1,olfactory receptor family 4 subfamily N member 5 [Source:HGNC Symbol;Acc:HGNC:15358]
ENSG00000197457,STMN3,protein_coding,20,63639705,63657682,-1,stathmin 3 [Source:HGNC Symbol;Acc:HGNC:15926]
ENSG00000203952,CCDC160,protein_coding,X,134237047,134246842,1,coiled-coil domain containing 160 [Source:HGNC Symbol;Acc:HGNC:37286]
ENSG00000204209,DAXX,protein_coding,6,33318558,33323259,-1,death domain associated protein [Source:HGNC Symbol;Acc:HGNC:2681]
ENSG00000205861,PCOTH,lncRNA,13,23888749,23897263,1,prostate and testis expressed opposite C1QTNF9B and MIPEP [Source:HGNC Symbol;Acc:HGNC:39839]
ENSG00000206690,Y_RNA,misc_RNA,11,88099995,88100105,1,Y RNA [Source:RFAM;Acc:RF00019]
ENSG00000207357,RNU6-2,snRNA,19,1021522,1021628,1,"RNA, U6 small nuclear 2 [Source:HGNC Symbol;Acc:HGNC:34270]"
ENSG00000212469,RNU6-1158P,snRNA,17,56871170,56871276,1,"RNA, U6 small nuclear 1158, pseudogene [Source:HGNC Symbol;Acc:HGNC:48121]"
ENSG00000213798,RPL7AP41,processed_pseudogene,7,25212170,25212965,-1,ribosomal protein L7a pseudogene 41 [Source:HGNC Symbol;Acc:HGNC:36403]
ENSG00000222522,RNU6-519P,snRNA,8,47979414,47979521,1,"RNA, U6 small nuclear 519, pseudogene [Source:HGNC Symbol;Acc:HGNC:47482]"
ENSG00000224014,,processed_pseudogene,1,247175256,247175525,1,SMT3 suppressor of mif two 3 homolog 3 (yeast) (SUMO3) pseudogene
ENSG00000224645,,lncRNA,1,151340648,151341966,1,novel transcript
ENSG00000224750,,lncRNA,10,90454170,90502968,1,novel transcript
ENSG00000226014,,processed_pseudogene,1,240549867,240550378,-1,cytochrome c oxidase subunit VIb polypeptide 1 (ubiquitous) (COX6B1) pseudogene
ENSG00000226142,RPL35P8,processed_pseudogene,22,49213911,49214247,-1,ribosomal protein L35 pseudogene 8 [Source:HGNC Symbol;Acc:HGNC:36158]
ENSG00000226199,,transcribed_processed_pseudogene,X,27832175,27833204,1,MAGE family pseudogene
ENSG00000226207,,lncRNA,6,97710953,97717197,-1,novel transcript
ENSG00000226499,,processed_pseudogene,1,44843921,44844082,-1,ribosomal protein S2 (RPS2) pseudogene
ENSG00000229391,HLA-DRB6,transcribed_unprocessed_pseudogene,6,32553046,32558186,-1,"major histocompatibility complex, class II, DR beta 6 (pseudogene) [Source:HGNC Symbol;Acc:HGNC:4954]"
ENSG00000229742,,processed_pseudogene,1,224297646,224298600,1,ribosomal protein L21 (RPL21) pseudogene
ENSG00000229780,UBE2Q1-AS1,lncRNA,1,154553609,154555028,1,UBE2Q1 antisense RNA 1 [Source:HGNC Symbol;Acc:HGNC:40722]
ENSG00000229830,,processed_pseudogene,9,103065416,103065598,1,pseudogene similar to part of NADH dehydrogenase 5 MTND5
ENSG00000230101,TUBB3P2,processed_pseudogene,7,134734898,134735129,-1,tubulin beta 3 class III pseudogene 2 [Source:HGNC Symbol;Acc:HGNC:42181]
ENSG00000230747,,lncRNA,2,96307263,96321731,-1,novel transcript
ENSG00000230843,,lncRNA,20,56295967,56299522,-1,novel transcript
ENSG00000230929,,processed_pseudogene,5,126628019,126628319,-1,"ribosomal protein, large, P1 (RPLP1) pseudogene"
ENSG00000231413,,lncRNA,1,48078787,48082196,-1,novel transcript
ENSG00000232451,,lncRNA,2,23015411,23199168,-1,novel transcript
ENSG00000233421,LINC01783,lncRNA,1,16514977,16535707,-1,long intergenic non-protein coding RNA 1783 [Source:HGNC Symbol;Acc:HGNC:52573]
ENSG00000233928,,lncRNA,X,33726048,34380499,1,novel transcript
ENSG00000234168,LINC01039,lncRNA,13,99577112,99580368,1,long intergenic non-protein coding RNA 1039 [Source:HGNC Symbol;Acc:HGNC:49027]
ENSG00000235497,LINC02923,lncRNA,2,23374726,23381299,-1,long intergenic non-protein coding RNA 2923 [Source:HGNC Symbol;Acc:HGNC:55672]
ENSG00000235640,ELOAP1,processed_pseudogene,2,123695302,123697396,1,ELOA pseudogene 1 [Source:HGNC Symbol;Acc:HGNC:54534]
ENSG00000237851,,lncRNA,6,142788123,142794086,1,novel transcript
ENSG00000240236,HNRNPA1P23,processed_pseudogene,3,122317609,122318741,1,heterogeneous nuclear ribonucleoprotein A1 pseudogene 23 [Source:HGNC Symbol;Acc:HGNC:39541]
ENSG00000242102,RN7SL152P,misc_RNA,4,140577925,140578222,1,"RNA, 7SL, cytoplasmic 152, pseudogene [Source:HGNC Symbol;Acc:HGNC:46168]"
ENSG00000242165,RN7SL222P,misc_RNA,11,100641975,100642273,-1,"RNA, 7SL, cytoplasmic 222, pseudogene [Source:HGNC Symbol;Acc:HGNC:46238]"
ENSG00000242968,SULT1D1P2,transcribed_processed_pseudogene,3,136808551,136809623,-1,sulfotransferase family 1D member 1 pseudogene 2 [Source:HGNC Symbol;Acc:HGNC:56583]
ENSG00000243541,RN7SL104P,misc_RNA,2,15950689,15950981,-1,"RNA, 7SL, cytoplasmic 104, pseudogene [Source:HGNC Symbol;Acc:HGNC:46120]"
ENSG00000243746,EEF1A1P10,processed_pseudogene,7,144647186,144648575,-1,eukaryotic translation elongation factor 1 alpha 1 pseudogene 10 [Source:HGNC Symbol;Acc:HGNC:3205]
ENSG00000248977,,processed_pseudogene,4,40142198,40142365,-1,heterogeneous nuclear ribonucleoprotein A3 (HNRNPA3) pseudogene
ENSG00000249901,,lncRNA,4,158490766,158509908,-1,novel transcript
ENSG00000250572,,lncRNA,4,87261781,87267172,-1,novel transcript
ENSG00000250794,ALG1L12P,transcribed_unprocessed_pseudogene,8,12421032,12425000,1,"ALG1 like 12, pseudogene [Source:HGNC Symbol;Acc:HGNC:44381]"
ENSG00000251421,,lncRNA,5,124395603,124400655,1,novel transcript
ENSG00000251702,RNU6-857P,snRNA,18,30984106,30984215,1,"RNA, U6 small nuclear 857, pseudogene [Source:HGNC Symbol;Acc:HGNC:47820]"
ENSG00000251890,RNA5SP497,rRNA_pseudogene,22,32635102,32635198,-1,"RNA, 5S ribosomal pseudogene 497 [Source:HGNC Symbol;Acc:HGNC:43397]"
ENSG00000252030,RNU6-1196P,snRNA,4,153265662,153265755,-1,"RNA, U6 small nuclear 1196, pseudogene [Source:HGNC Symbol;Acc:HGNC:48159]"
ENSG00000252156,RNU6-155P,snRNA,6,75768059,75768158,-1,"RNA, U6 small nuclear 155, pseudogene [Source:HGNC Symbol;Acc:HGNC:47118]"
ENSG00000254046,IGHV1-17,IG_V_pseudogene,14,106174342,106174760,-1,immunoglobulin heavy variable 1-17 (pseudogene) [Source:HGNC Symbol;Acc:HGNC:5548]
ENSG00000254109,RBPMS-AS1,lncRNA,8,30380582,30385401,-1,RBPMS antisense RNA 1 [Source:HGNC Symbol;Acc:HGNC:48721]
ENSG00000254681,PKD1P5,transcribed_unprocessed_pseudogene,16,18374521,18401940,-1,"polycystin 1, transient receptor potential channel interacting pseudogene 5 [Source:HGNC Symbol;Acc:HGNC:30069]"
ENSG00000255206,,lncRNA,8,68082204,68095081,-1,novel transcript
ENSG00000261434,,lncRNA,5,195778,196341,1,"novel transcript, overlapping LRRC14B"
ENSG00000262543,SMIM28,protein_coding,6,138377905,138383486,1,small integral membrane protein 28 [Source:HGNC Symbol;Acc:HGNC:53434]
ENSG00000264028,RN7SL744P,misc_RNA,12,54344610,54344876,1,"RNA, 7SL, cytoplasmic 744, pseudogene [Source:HGNC Symbol;Acc:HGNC:46760]"
ENSG00000265859,MIR5704,miRNA,3,131985855,131985931,-1,microRNA 5704 [Source:HGNC Symbol;Acc:HGNC:43469]
ENSG00000265972,TXNIP,protein_coding,1,145992435,145996580,-1,thioredoxin interacting protein [Source:HGNC Symbol;Acc:HGNC:16952]
ENSG00000266698,MIR3945,miRNA,4,184851013,184851110,-1,microRNA 3945 [Source:HGNC Symbol;Acc:HGNC:38954]
ENSG00000267143,,lncRNA,18,11620717,11621158,-1,novel transcript
ENSG00000267508,ZNF285,protein_coding,19,44382298,44401608,-1,zinc finger protein 285 [Source:HGNC Symbol;Acc:HGNC:13079]
ENSG00000268326,,lncRNA,19,20972254,20983495,1,novel transcript
ENSG00000270429,KNOP1P2,processed_pseudogene,12,45880950,45882266,-1,lysine rich nucleolar protein 1 pseudogene 2 [Source:HGNC Symbol;Acc:HGNC:48920]
ENSG00000271498,,processed_pseudogene,6,112825939,112826470,1,"family with sequence similarity 98, member B (FAM98B) pseudogene"
ENSG00000271976,,lncRNA,3,53858994,53861576,-1,"novel transcript, antisense to IL17RB"
ENSG00000272130,,lncRNA,5,21569755,21570045,1,novel transcript
ENSG00000276399,FLJ36000,lncRNA,17,22381747,22458385,1,uncharacterized FLJ36000 [Source:NCBI gene (formerly Entrezgene);Acc:284124]
ENSG00000276844,SNORD115-46,snoRNA,15,25266591,25266661,1,"small nucleolar RNA, C/D box 115-46 [Source:HGNC Symbol;Acc:HGNC:42798]"
ENSG00000276950,GSTT4,protein_coding,22,23998401,24005453,-1,glutathione S-transferase theta 4 [Source:HGNC Symbol;Acc:HGNC:26930]
ENSG00000278008,PPP1R26P4,processed_pseudogene,22,18715815,18719341,1,protein phosphatase 1 regulatory subunit 26 pseudogene 4 [Source:HGNC Symbol;Acc:HGNC:42018]
ENSG00000278177,,lncRNA,13,93226612,93227317,-1,"novel transcript, antisense to GPC6"
ENSG00000278863,,TEC,17,59362665,59363278,1,TEC
ENSG00000279691,,TEC,5,133052769,133052971,1,TEC
ENSG00000279696,,TEC,11,93726654,93729805,-1,novel transcript
ENSG00000284251,MIR711,miRNA,3,48578902,48578977,-1,microRNA 711 [Source:HGNC Symbol;Acc:HGNC:37316]
ENSG00000065518,NDUFB4,protein_coding,3,120596303,120602507,1,NADH:ubiquinone oxidoreductase subunit B4 [Source:HGNC Symbol;Acc:HGNC:7699]
ENSG00000073754,CD5L,protein_coding,1,157830911,157898256,-1,CD5 molecule like [Source:HGNC Symbol;Acc:HGNC:1690]
ENSG00000085563,ABCB1,protein_coding,7,87503017,87713375,-1,ATP binding cassette subfamily B member 1 [Source:HGNC Symbol;Acc:HGNC:40]
ENSG00000102786,INTS6,protein_coding,13,51354077,51454264,-1,integrator complex subunit 6 [Source:HGNC Symbol;Acc:HGNC:14879]
ENSG00000104221,BRF2,protein_coding,8,37843268,37849861,-1,BRF2 general transcription factor IIIB subunit [Source:HGNC Symbol;Acc:HGNC:17298]
ENSG00000109113,RAB34,protein_coding,17,28713545,28719594,-1,"RAB34, member RAS oncogene family [Source:HGNC Symbol;Acc:HGNC:16519]"
ENSG00000109686,SH3D19,protein_coding,4,151102751,151409365,-1,SH3 domain containing 19 [Source:HGNC Symbol;Acc:HGNC:30418]
ENSG00000112514,CUTA,protein_coding,6,33416442,33418381,-1,cutA divalent cation tolerance homolog [Source:HGNC Symbol;Acc:HGNC:21101]
ENSG00000112773,TENT5A,protein_coding,6,81491439,81752774,-1,terminal nucleotidyltransferase 5A [Source:HGNC Symbol;Acc:HGNC:18345]
ENSG00000120664,SPART-AS1,lncRNA,13,36346431,36369601,1,SPART antisense RNA 1 [Source:HGNC Symbol;Acc:HGNC:39933]
ENSG00000129514,FOXA1,protein_coding,14,37589552,37596059,-1,forkhead box A1 [Source:HGNC Symbol;Acc:HGNC:5021]
ENSG00000132570,PCBD2,protein_coding,5,134905114,135007959,1,pterin-4 alpha-carbinolamine dehydratase 2 [Source:HGNC Symbol;Acc:HGNC:24474]
ENSG00000136010,ALDH1L2,protein_coding,12,105019784,105107643,-1,aldehyde dehydrogenase 1 family member L2 [Source:HGNC Symbol;Acc:HGNC:26777]
ENSG00000137216,TMEM63B,protein_coding,6,44126614,44155520,1,transmembrane protein 63B [Source:HGNC Symbol;Acc:HGNC:17735]
ENSG00000138193,PLCE1,protein_coding,10,93993894,94332823,1,phospholipase C epsilon 1 [Source:HGNC Symbol;Acc:HGNC:17175]
ENSG00000138650,PCDH10,protein_coding,4,133149294,133208606,1,protocadherin 10 [Source:HGNC Symbol;Acc:HGNC:13404]
ENSG00000139055,ERP27,protein_coding,12,14914039,14938537,-1,endoplasmic reticulum protein 27 [Source:HGNC Symbol;Acc:HGNC:26495]
ENSG00000143575,HAX1,protein_coding,1,154269393,154275882,1,HCLS1 associated protein X-1 [Source:HGNC Symbol;Acc:HGNC:16915]
ENSG00000146166,LGSN,protein_coding,6,63275951,63319983,-1,"lengsin, lens protein with glutamine synthetase domain [Source:HGNC Symbol;Acc:HGNC:21016]"
ENSG00000147443,DOK2,protein_coding,8,21908873,21913960,-1,docking protein 2 [Source:HGNC Symbol;Acc:HGNC:2991]
ENSG00000147872,PLIN2,protein_coding,9,19108375,19149369,-1,perilipin 2 [Source:HGNC Symbol;Acc:HGNC:248]
ENSG00000148331,ASB6,protein_coding,9,129634602,129642169,-1,ankyrin repeat and SOCS box containing 6 [Source:HGNC Symbol;Acc:HGNC:17181]
ENSG00000148606,POLR3A,protein_coding,10,77953148,78029549,-1,RNA polymerase III subunit A [Source:HGNC Symbol;Acc:HGNC:30074]
ENSG00000151470,C4orf33,protein_coding,4,129093317,129116640,1,chromosome 4 open reading frame 33 [Source:HGNC Symbol;Acc:HGNC:27025]
ENSG00000151789,ZNF385D,protein_coding,3,21412218,22373321,-1,zinc finger protein 385D [Source:HGNC Symbol;Acc:HGNC:26191]
ENSG00000156427,FGF18,protein_coding,5,171419645,171457626,1,fibroblast growth factor 18 [Source:HGNC Symbol;Acc:HGNC:3674]
ENSG00000158156,XKR8,protein_coding,1,27959588,27968093,1,XK related 8 [Source:HGNC Symbol;Acc:HGNC:25508]
ENSG00000160193,WDR4,protein_coding,21,42843013,42879582,-1,WDR4 tRNA N7-guanosine methyltransferase non-catalytic subunit [Source:HGNC Symbol;Acc:HGNC:12756]
ENSG00000171481,OR1L3,protein_coding,9,122675130,122676104,1,olfactory receptor family 1 subfamily L member 3 [Source:HGNC Symbol;Acc:HGNC:8215]
ENSG00000172667,ZMAT3,protein_coding,3,178960121,179072323,-1,zinc finger matrin-type 3 [Source:HGNC Symbol;Acc:HGNC:29983]
ENSG00000174977,PAIP1P2,processed_pseudogene,17,18650195,18651542,1,PAIP1 pseudogene 2 [Source:HGNC Symbol;Acc:HGNC:56189]
ENSG00000176834,VSIG10,protein_coding,12,118063593,118136026,-1,V-set and immunoglobulin domain containing 10 [Source:HGNC Symbol;Acc:HGNC:26078]
ENSG00000177125,ZBTB34,protein_coding,9,126860632,126885878,1,zinc finger and BTB domain containing 34 [Source:HGNC Symbol;Acc:HGNC:31446]
ENSG00000178028,DMAP1,protein_coding,1,44213427,44220681,1,DNA methyltransferase 1 associated protein 1 [Source:HGNC Symbol;Acc:HGNC:18291]
ENSG00000182218,HHIPL1,protein_coding,14,99645129,99680569,1,HHIP like 1 [Source:HGNC Symbol;Acc:HGNC:19710]
ENSG00000183171,,processed_pseudogene,X,150114378,150116520,1,"nucleolar protein 11, pseudogene"
ENSG00000184788,SATL1,protein_coding,X,85092284,85243911,-1,spermidine/spermine N1-acetyl transferase like 1 [Source:HGNC Symbol;Acc:HGNC:27992]
ENSG00000185596,WASH3P,transcribed_unprocessed_pseudogene,15,101966075,101976266,1,"WASP family homolog 3, pseudogene [Source:HGNC Symbol;Acc:HGNC:24362]"
ENSG00000186815,TPCN1,protein_coding,12,113221050,113298589,1,two pore segment channel 1 [Source:HGNC Symbol;Acc:HGNC:18182]
ENSG00000201676,Y_RNA,misc_RNA,4,59833175,59833276,1,Y RNA [Source:RFAM;Acc:RF00019]
ENSG00000207307,RNU6-145P,snRNA,4,76532222,76532327,-1,"RNA, U6 small nuclear 145, pseudogene [Source:HGNC Symbol;Acc:HGNC:47108]"
ENSG00000212365,RNA5SP332,rRNA_pseudogene,11,14134986,14135100,1,"RNA, 5S ribosomal pseudogene 332 [Source:HGNC Symbol;Acc:HGNC:43232]"
ENSG00000212907,MT-ND4L,protein_coding,MT,10470,10766,1,mitochondrially encoded NADH:ubiquinone oxidoreductase core subunit 4L [Source:HGNC Symbol;Acc:HGNC:7460]
ENSG00000215124,AMD1P4,transcribed_processed_pseudogene,6,11861626,11862970,-1,adenosylmethionine decarboxylase 1 pseudogene 4 [Source:HGNC Symbol;Acc:HGNC:51609]
ENSG00000223460,GAPDHP69,processed_pseudogene,13,29306778,29307785,1,glyceraldehyde 3 phosphate dehydrogenase pseudogene 69 [Source:HGNC Symbol;Acc:HGNC:4147]
ENSG00000226398,,lncRNA,2,41976035,42025483,-1,novel transcript
ENSG00000226823,SUGT1P1,transcribed_unprocessed_pseudogene,9,33503655,33510711,-1,SUGT1 pseudogene 1 [Source:HGNC Symbol;Acc:HGNC:19384]
ENSG00000227487,NCAM1-AS1,lncRNA,11,113265137,113274032,-1,NCAM1 antisense RNA 1 [Source:HGNC Symbol;Acc:HGNC:48675]
ENSG00000227623,,processed_pseudogene,2,103275904,103276138,1,"pseudogene similar to part of zinc finger, CCHC domain containing 2 ZCCHC2"
ENSG00000228327,,transcribed_unprocessed_pseudogene,1,764723,774280,-1,general transcription factor IIi (GTF2I) pseudogene
ENSG00000229330,,lncRNA,17,66676372,66677404,1,novel transcript
ENSG00000231184,CCNQP3,processed_pseudogene,13,19382454,19383072,1,CCNQ pseudogene 3 [Source:HGNC Symbol;Acc:HGNC:42022]
ENSG00000234690,EPCAM-DT,lncRNA,2,47192405,47345112,-1,EPCAM divergent transcript [Source:HGNC Symbol;Acc:HGNC:52639]
ENSG00000234743,EIF5AP4,processed_pseudogene,10,80247219,80247683,-1,eukaryotic translation initiation factor 5A pseudogene 4 [Source:HGNC Symbol;Acc:HGNC:31442]
ENSG00000235267,,processed_pseudogene,2,27455156,27455862,1,ribosomal protein S15a (RPS15A) pseudogene
ENSG00000235470,NEURL1-AS1,lncRNA,10,103479603,103520314,-1,NEURL1 antisense RNA 1 [Source:HGNC Symbol;Acc:HGNC:51220]
ENSG00000235997,LINC01936,lncRNA,2,30346623,30361014,1,long intergenic non-protein coding RNA 1936 [Source:HGNC Symbol;Acc:HGNC:52759]
ENSG00000236058,RPL17P36,processed_pseudogene,10,118872054,118872602,-1,ribosomal protein L17 pseudogene 36 [Source:HGNC Symbol;Acc:HGNC:36051]
ENSG00000237596,PDE7B-AS1,lncRNA,6,135991936,136225751,-1,PDE7B antisense RNA 1 [Source:HGNC Symbol;Acc:HGNC:56334]
ENSG00000237621,OR9A1P,protein_coding,7,141887148,141888092,1,olfactory receptor family 9 subfamily A member 1 pseudogene [Source:HGNC Symbol;Acc:HGNC:8486]
ENSG00000238704,RNU7-97P,snRNA,17,42440198,42440259,-1,"RNA, U7 small nuclear 97 pseudogene [Source:HGNC Symbol;Acc:HGNC:45631]"
ENSG00000239508,PLCH1-AS1,lncRNA,3,155449184,155457753,1,PLCH1 antisense RNA 1 [Source:HGNC Symbol;Acc:HGNC:41231]
ENSG00000240438,OFD1P5Y,transcribed_unprocessed_pseudogene,Y,18582063,18629077,-1,OFD1 pseudogene 5 Y-linked [Source:HGNC Symbol;Acc:HGNC:23877]
ENSG00000241666,,lncRNA,1,167554272,167655136,-1,novel transcript
ENSG00000244034,RN7SL424P,misc_RNA,4,55063738,55064026,1,"RNA, 7SL, cytoplasmic 424, pseudogene [Source:HGNC Symbol;Acc:HGNC:46440]"
ENSG00000248765,MTCYBP37,processed_pseudogene,5,8619178,8620310,1,MT-CYB pseudogene 37 [Source:HGNC Symbol;Acc:HGNC:52305]
ENSG00000249257,,processed_pseudogene,4,108773613,108774020,1,"protein phosphatase 1, regulatory subunit 36 (PPP1R36) pseudogene"
ENSG00000250719,P3R3URF,protein_coding,1,46175486,46176488,-1,PIK3R3 upstream open reading frame [Source:HGNC Symbol;Acc:HGNC:53451]
ENSG00000252347,RNU6-1046P,snRNA,14,23259460,23259566,-1,"RNA, U6 small nuclear 1046, pseudogene [Source:HGNC Symbol;Acc:HGNC:48009]"
ENSG00000253022,RNU6-731P,snRNA,1,6540854,6540964,1,"RNA, U6 small nuclear 731, pseudogene [Source:HGNC Symbol;Acc:HGNC:47694]"
ENSG00000255455,,lncRNA,11,130866254,130870247,-1,novel transcript
ENSG00000257162,MED15P6,transcribed_processed_pseudogene,14,19485336,19489148,1,mediator complex subunit 15 pseudogene 6 [Source:HGNC Symbol;Acc:HGNC:48655]
ENSG00000257904,,lncRNA,14,29940745,29980212,1,"novel transcript, antisense to PRKD1"
ENSG00000258745,,lncRNA,14,50912226,50913358,1,"novel transcript, antisense to PYGL"
ENSG00000261097,LINC00563,lncRNA,13,46275657,46321758,-1,long intergenic non-protein coding RNA 563 [Source:HGNC Symbol;Acc:HGNC:43707]
ENSG00000261475,LINC02190,lncRNA,16,31542740,31554456,-1,long intergenic non-protein coding RNA 2190 [Source:HGNC Symbol;Acc:HGNC:53052]
ENSG00000261536,ABHD17AP9,unprocessed_pseudogene,16,33140850,33143797,1,ABHD17A pseudogene 9 [Source:HGNC Symbol;Acc:HGNC:38510]
ENSG00000261987,KYNUP1,transcribed_unprocessed_pseudogene,17,19166896,19169668,-1,kynureninase pseudogene 1 [Source:HGNC Symbol;Acc:HGNC:39199]
ENSG00000264978,RN7SL630P,misc_RNA,12,93831076,93831372,1,"RNA, 7SL, cytoplasmic 630, pseudogene [Source:HGNC Symbol;Acc:HGNC:46646]"
ENSG00000265794,,lncRNA,17,32324431,32360700,1,novel transcript
ENSG00000265987,,lncRNA,17,75344405,75373662,1,"novel transcript, antisense to GRB2"
ENSG00000267112,RAB27B-AS1,lncRNA,18,54885866,54898107,-1,RAB27B antisense RNA 1 [Source:HGNC Symbol;Acc:HGNC:58316]
ENSG00000268140,PCGF7P,processed_pseudogene,19,22137931,22138981,1,polycomb group ring finger 7 pseudogene [Source:HGNC Symbol;Acc:HGNC:30341]
ENSG00000270689,BUD13P1,processed_pseudogene,11,95143637,95145125,1,BUD13 homolog pseudogene 1 [Source:HGNC Symbol;Acc:HGNC:51560]
ENSG00000273640,WBP1LP8,processed_pseudogene,6,170651012,170651338,-1,WBP1L pseudogene 8 [Source:HGNC Symbol;Acc:HGNC:51468]
ENSG00000275226,LINC00547,lncRNA,13,37534940,37551536,1,long intergenic non-protein coding RNA 547 [Source:HGNC Symbol;Acc:HGNC:43682]
ENSG00000275835,TUBGCP5,protein_coding,15,22983192,23039640,-1,tubulin gamma complex component 5 [Source:HGNC Symbol;Acc:HGNC:18600]
ENSG00000277282,IGHV1OR21-1,IG_V_gene,21,10649400,10649835,-1,immunoglobulin heavy variable 1/OR21-1 (non-functional) [Source:HGNC Symbol;Acc:HGNC:38040]
ENSG00000277604,Y_RNA,misc_RNA,8,80484589,80484683,-1,Y RNA [Source:RFAM;Acc:RF00019]
ENSG00000279288,,TEC,7,113075124,113077181,-1,tec
ENSG00000283588,MIR376A1,miRNA,14,101040782,101040849,1,microRNA 376a-1 [Source:HGNC Symbol;Acc:HGNC:31869]
ENSG00000283999,,lncRNA,1,110473731,110491278,1,novel transcript
ENSG00000284224,MIR937,miRNA,8,143812957,143813042,-1,microRNA 937 [Source:HGNC Symbol;Acc:HGNC:33680]
ENSG00000284433,MIR1914,miRNA,20,63941465,63941544,-1,microRNA 1914 [Source:HGNC Symbol;Acc:HGNC:35398]
ENSG00000284447,MIR9-2,miRNA,5,88666853,88666939,-1,microRNA 9-2 [Source:HGNC Symbol;Acc:HGNC:31642]
ENSG00000028839,TBPL1,protein_coding,6,133952170,133990432,1,TATA-box binding protein like 1 [Source:HGNC Symbol;Acc:HGNC:11589]
ENSG00000088876,ZNF343,protein_coding,20,2481817,2525028,-1,zinc finger protein 343 [Source:HGNC Symbol;Acc:HGNC:16017]
ENSG00000109063,MYH3,protein_coding,17,10628526,10657309,-1,myosin heavy chain 3 [Source:HGNC Symbol;Acc:HGNC:7573]
ENSG00000112357,PEX7,protein_coding,6,136822548,136914598,1,peroxisomal biogenesis factor 7 [Source:HGNC Symbol;Acc:HGNC:8860]
ENSG00000120868,APAF1,protein_coding,12,98645149,98735433,1,apoptotic peptidase activating factor 1 [Source:HGNC Symbol;Acc:HGNC:576]
ENSG00000122512,PMS2,protein_coding,7,5970925,6009130,-1,"PMS1 homolog 2, mismatch repair system component [Source:HGNC Symbol;Acc:HGNC:9122]"
ENSG00000137561,TTPA,protein_coding,8,63048553,63086153,-1,alpha tocopherol transfer protein [Source:HGNC Symbol;Acc:HGNC:12404]
ENSG00000137656,BUD13,protein_coding,11,116748170,116773039,-1,BUD13 homolog [Source:HGNC Symbol;Acc:HGNC:28199]
ENSG00000143153,ATP1B1,protein_coding,1,169105697,169310992,1,ATPase Na+/K+ transporting subunit beta 1 [Source:HGNC Symbol;Acc:HGNC:804]
ENSG00000146701,MDH2,protein_coding,7,76048050,76067508,1,malate dehydrogenase 2 [Source:HGNC Symbol;Acc:HGNC:6971]
ENSG00000147509,RGS20,protein_coding,8,53851795,53959303,1,regulator of G protein signaling 20 [Source:HGNC Symbol;Acc:HGNC:14600]
ENSG00000151303,,lncRNA,10,86970741,87024732,1,novel transcript
ENSG00000154710,RABGEF1,protein_coding,7,66682105,66811464,1,RAB guanine nucleotide exchange factor 1 [Source:HGNC Symbol;Acc:HGNC:17676]
ENSG00000154822,PLCL2,protein_coding,3,16802651,17090604,1,phospholipase C like 2 [Source:HGNC Symbol;Acc:HGNC:9064]
ENSG00000158445,KCNB1,protein_coding,20,49293394,49484297,-1,potassium voltage-gated channel subfamily B member 1 [Source:HGNC Symbol;Acc:HGNC:6231]
ENSG00000161203,AP2M1,protein_coding,3,184174689,184184214,1,adaptor related protein complex 2 subunit mu 1 [Source:HGNC Symbol;Acc:HGNC:564]
ENSG00000167874,TMEM88,protein_coding,17,7855059,7856114,1,transmembrane protein 88 [Source:HGNC Symbol;Acc:HGNC:32371]
ENSG00000174804,FZD4,protein_coding,11,86945679,86955395,-1,frizzled class receptor 4 [Source:HGNC Symbol;Acc:HGNC:4042]
ENSG00000178053,MLF1,protein_coding,3,158571163,158607252,1,myeloid leukemia factor 1 [Source:HGNC Symbol;Acc:HGNC:7125]
ENSG00000179165,PXT1,protein_coding,6,36390551,36442854,-1,peroxisomal testis enriched protein 1 [Source:HGNC Symbol;Acc:HGNC:18312]
ENSG00000180846,CSNK1G2-AS1,lncRNA,19,1952589,1954586,-1,CSNK1G2 antisense RNA 1 [Source:HGNC Symbol;Acc:HGNC:28604]
ENSG00000183621,ZNF438,protein_coding,10,30820207,31032110,-1,zinc finger protein 438 [Source:HGNC Symbol;Acc:HGNC:21029]
ENSG00000184432,COPB2,protein_coding,3,139353942,139389736,-1,COPI coat complex subunit beta 2 [Source:HGNC Symbol;Acc:HGNC:2232]
ENSG00000185811,IKZF1,protein_coding,7,50303412,50405101,1,IKAROS family zinc finger 1 [Source:HGNC Symbol;Acc:HGNC:13176]
ENSG00000186440,OR6P1,protein_coding,1,158560606,158570580,-1,olfactory receptor family 6 subfamily P member 1 [Source:HGNC Symbol;Acc:HGNC:15036]
ENSG00000188706,ZDHHC9,protein_coding,X,129803288,129844215,-1,zinc finger DHHC-type palmitoyltransferase 9 [Source:HGNC Symbol;Acc:HGNC:18475]
ENSG00000196345,ZKSCAN7,protein_coding,3,44555193,44594173,1,zinc finger with KRAB and SCAN domains 7 [Source:HGNC Symbol;Acc:HGNC:12955]
ENSG00000196776,CD47,protein_coding,3,108043091,108091862,-1,CD47 molecule [Source:HGNC Symbol;Acc:HGNC:1682]
ENSG00000199459,Y_RNA,misc_RNA,1,85435175,85435284,-1,Y RNA [Source:RFAM;Acc:RF00019]
ENSG00000199508,RNA5SP110,rRNA_pseudogene,2,164858432,164858546,1,"RNA, 5S ribosomal pseudogene 110 [Source:HGNC Symbol;Acc:HGNC:42908]"
ENSG00000201157,SNORA62,snoRNA,8,18979619,18979772,1,Small nucleolar RNA SNORA62/SNORA6 family [Source:RFAM;Acc:RF00091]
ENSG00000202183,,snoRNA,X,82561201,82561347,1,
ENSG00000212387,RNU6-1055P,snRNA,4,186501109,186501215,1,"RNA, U6 small nuclear 1055, pseudogene [Source:HGNC Symbol;Acc:HGNC:48018]"
ENSG00000212526,RNU6-466P,snRNA,15,30956248,30956350,-1,"RNA, U6 small nuclear 466, pseudogene [Source:HGNC Symbol;Acc:HGNC:47429]"
ENSG00000213145,CRIP1,protein_coding,14,105484603,105488947,1,cysteine rich protein 1 [Source:HGNC Symbol;Acc:HGNC:2360]
ENSG00000213462,ERV3-1,protein_coding,7,64990356,65006743,-1,"endogenous retrovirus group 3 member 1, envelope [Source:HGNC Symbol;Acc:HGNC:3454]"
ENSG00000213771,KRT8P37,transcribed_processed_pseudogene,10,8513687,8515106,-1,keratin 8 pseudogene 37 [Source:HGNC Symbol;Acc:HGNC:39871]
ENSG00000214788,,lncRNA,11,59942879,59970146,1,novel transcript
ENSG00000215317,THUMPD1P1,processed_pseudogene,21,28901779,28903697,-1,THUMP domain containing 1 pseudogene 1 [Source:HGNC Symbol;Acc:HGNC:23808]
ENSG00000216064,MIR891B,miRNA,X,146001053,146001131,-1,microRNA 891b [Source:HGNC Symbol;Acc:HGNC:33645]
ENSG00000216824,ZNF736P10Y,processed_pseudogene,Y,8418791,8419900,-1,"zinc finger protein 736 pseudogene 10, Y-linked [Source:HGNC Symbol;Acc:HGNC:38410]"
ENSG00000220447,,processed_pseudogene,6,121381472,121381860,1,ribosomal protein S15a (RPS15A) pseudogene
ENSG00000224203,RPS23P10,unprocessed_pseudogene,1,161536571,161538158,-1,ribosomal protein S23 pseudogene 10 [Source:HGNC Symbol;Acc:HGNC:48342]
ENSG00000225671,FCF1P6,processed_pseudogene,1,50405430,50406024,-1,FCF1 pseudogene 6 [Source:HGNC Symbol;Acc:HGNC:44618]
ENSG00000226221,RPL26P19,processed_pseudogene,5,56504635,56505072,-1,ribosomal protein L26 pseudogene 19 [Source:HGNC Symbol;Acc:HGNC:36393]
ENSG00000226519,LINC00390,lncRNA,13,44094822,44161490,-1,long intergenic non-protein coding RNA 390 [Source:HGNC Symbol;Acc:HGNC:42718]
ENSG00000227062,,processed_pseudogene,1,80464301,80464718,-1,ubiquitin-conjugating enzyme E2 variant 1 (UBE2V1) pseudogene
ENSG00000227817,ARHGAP42P1,unprocessed_pseudogene,2,131328176,131330857,-1,ARHGAP42 pseudogene 1 [Source:HGNC Symbol;Acc:HGNC:43940]
ENSG00000228238,,processed_pseudogene,1,186578279,186579299,1,zinc-finger protein pseudogene
ENSG00000230040,LINC00364,lncRNA,13,67326177,67379994,1,long intergenic non-protein coding RNA 364 [Source:HGNC Symbol;Acc:HGNC:42686]
ENSG00000230375,GSTA11P,unprocessed_pseudogene,6,52847910,52870329,-1,"glutathione S-transferase alpha 11, pseudogene [Source:HGNC Symbol;Acc:HGNC:49905]"
ENSG00000231248,FAM242D,lncRNA,9,61615817,61627683,1,family with sequence similarity 242 member D [Source:HGNC Symbol;Acc:HGNC:53874]
ENSG00000231910,GAMTP2,processed_pseudogene,13,34574204,34574666,-1,guanidinoacetate N-methyltransferase pseudogene 2 [Source:HGNC Symbol;Acc:HGNC:37697]
ENSG00000233098,CCDC144NL-AS1,lncRNA,17,20841125,21002324,1,CCDC144NL antisense RNA 1 [Source:HGNC Symbol;Acc:HGNC:51340]
ENSG00000234136,,lncRNA,3,197830685,197831296,-1,novel transcript
ENSG00000234780,,processed_pseudogene,X,48197221,48199431,1,ornithine aminotransferase (gyrate atrophy)(OAT) pseudogene
ENSG00000241717,VWFP1,transcribed_unprocessed_pseudogene,22,16690103,16704477,-1,von Willebrand factor pseudogene 1 [Source:HGNC Symbol;Acc:HGNC:12727]
ENSG00000242068,RNF13P1,processed_pseudogene,3,180772750,180773914,-1,RNF13 pseudogene 1 [Source:HGNC Symbol;Acc:HGNC:56589]
ENSG00000242978,PPIAP83,processed_pseudogene,7,144434826,144435314,-1,peptidylprolyl isomerase A pseudogene 83 [Source:HGNC Symbol;Acc:HGNC:53707]
ENSG00000244236,RN7SL604P,misc_RNA,2,69516751,69517046,1,"RNA, 7SL, cytoplasmic 604, pseudogene [Source:HGNC Symbol;Acc:HGNC:46620]"
ENSG00000250406,,lncRNA,4,144851549,144874787,1,novel transcript
ENSG00000250650,,processed_pseudogene,5,117019548,117019679,-1,thymosin beta 15a (TMSB15A) pseudogene
ENSG00000250705,H3P23,processed_pseudogene,5,88602780,88603117,1,H3 histone pseudogene 23 [Source:HGNC Symbol;Acc:HGNC:54457]
ENSG00000253553,,lncRNA,8,88326737,88970677,1,"novel transcript, antisense to MMP16"
ENSG00000253572,,lncRNA,5,77942283,77946438,-1,novel transcript
ENSG00000254163,,lncRNA,5,156704058,156739812,-1,novel transcript
ENSG00000254623,DEFB108E,unprocessed_pseudogene,8,12341426,12345776,-1,defensin beta 108E (pseudogene) [Source:HGNC Symbol;Acc:HGNC:30174]
ENSG00000256564,,lncRNA,12,16567411,16573940,1,novel transcript
ENSG00000257084,MIR200CHG,lncRNA,12,6962024,6964458,1,MIR200C and MIR141 host gene [Source:HGNC Symbol;Acc:HGNC:53161]
ENSG00000257373,,lncRNA,12,42979254,42996486,-1,novel transcript
ENSG00000260024,MRPS21P7,processed_pseudogene,16,49708006,49708243,1,mitochondrial ribosomal protein S21 pseudogene 7 [Source:HGNC Symbol;Acc:HGNC:29754]
ENSG00000260792,LINC02280,lncRNA,14,104661120,104665558,-1,long intergenic non-protein coding RNA 2280 [Source:HGNC Symbol;Acc:HGNC:53196]
ENSG00000262050,,lncRNA,17,2711925,2713612,1,"novel transcript, antisense to CLUH"
ENSG00000263126,,lncRNA,16,67882461,67886367,1,novel transcript
ENSG00000267042,,lncRNA,17,42679931,42682113,1,"novel transcript, antisense to CCR10"
ENSG00000267100,ILF3-DT,lncRNA,19,10651859,10653879,-1,ILF3 divergent transcript [Source:HGNC Symbol;Acc:HGNC:27115]
ENSG00000267470,ZNF571-AS1,lncRNA,19,37548914,37587348,1,ZNF571 antisense RNA 1 [Source:HGNC Symbol;Acc:HGNC:44324]
ENSG00000267939,,lncRNA,19,8005761,8016025,1,novel transcript
ENSG00000271115,EIF2S2P7,processed_pseudogene,2,57048350,57049336,-1,eukaryotic translation initiation factor 2 subunit 2 beta pseudogene 7 [Source:HGNC Symbol;Acc:HGNC:37795]
ENSG00000271420,,lncRNA,1,23378380,23379029,-1,novel transcript
ENSG00000272529,,lncRNA,3,16345126,16346440,1,"novel transcript, antisense to RFTN1"
ENSG00000273455,,lncRNA,3,136087475,136087913,-1,"novel transcript, antisense to PPP2R3A"
ENSG00000274297,,lncRNA,15,70758269,70758856,-1,"novel transcript, sense intronic to UACA"
ENSG00000274631,,processed_pseudogene,X,127623410,127623530,-1,IMP1 inner mitochondrial membrane peptidase-like (S. cerevisiae) (IMMP1L) pseudogene
ENSG00000274874,,lncRNA,12,123973215,124088594,1,novel protein
ENSG00000277452,RN7SL473P,misc_RNA,1,150566562,150566860,-1,"RNA, 7SL, cytoplasmic 473, pseudogene [Source:HGNC Symbol;Acc:HGNC:46489]"
ENSG00000278202,GOLGA6L9-AS1,lncRNA,15,82418651,82434235,1,GOLGA6L9 antisense RNA 1 [Source:HGNC Symbol;Acc:HGNC:56873]
ENSG00000279567,,TEC,17,15365323,15365877,1,TEC
ENSG00000280108,,lncRNA,21,13305152,13314944,1,novel transcript
ENSG00000280281,,TEC,14,32879246,32882830,1,TEC
ENSG00000282759,,lncRNA,8,891251,893112,-1,novel transcript
ENSG00000283609,MIR4662A,miRNA,8,124821985,124822051,1,microRNA 4662a [Source:HGNC Symbol;Acc:HGNC:41826]
ENSG00000284197,MIR658,miRNA,22,37844272,37844371,-1,microRNA 658 [Source:HGNC Symbol;Acc:HGNC:32914]
ENSG00000284498,MIR564,miRNA,3,44861888,44861981,1,microRNA 564 [Source:HGNC Symbol;Acc:HGNC:32820]
ENSG00000284538,MIR92A2,miRNA,X,134169538,134169612,-1,microRNA 92a-2 [Source:HGNC Symbol;Acc:HGNC:31644]
ENSG00000044115,CTNNA1,protein_coding,5,138610967,138935039,1,catenin alpha 1 [Source:HGNC Symbol;Acc:HGNC:2509]
ENSG00000063180,CA11,protein_coding,19,48637946,48646386,-1,carbonic anhydrase 11 [Source:HGNC Symbol;Acc:HGNC:1370]
ENSG00000081052,COL4A4,protein_coding,2,227002714,227164453,-1,collagen type IV alpha 4 chain [Source:HGNC Symbol;Acc:HGNC:2206]
ENSG00000090989,EXOC1,protein_coding,4,55853628,55905096,1,exocyst complex component 1 [Source:HGNC Symbol;Acc:HGNC:30380]
ENSG00000099284,MACROH2A2,protein_coding,10,70052544,70112282,1,macroH2A.2 histone [Source:HGNC Symbol;Acc:HGNC:14453]
ENSG00000102225,CDK16,protein_coding,X,47217860,47230000,1,cyclin dependent kinase 16 [Source:HGNC Symbol;Acc:HGNC:8749]
ENSG00000108306,FBXL20,protein_coding,17,39252663,39402523,-1,F-box and leucine rich repeat protein 20 [Source:HGNC Symbol;Acc:HGNC:24679]
ENSG00000112077,RHAG,protein_coding,6,49605175,49636839,-1,Rh associated glycoprotein [Source:HGNC Symbol;Acc:HGNC:10006]
ENSG00000112624,BICRAL,protein_coding,6,42781931,42868560,1,BICRA like chromatin remodeling complex associated protein [Source:HGNC Symbol;Acc:HGNC:21111]
ENSG00000115286,NDUFS7,protein_coding,19,1383527,1395590,1,NADH:ubiquinone oxidoreductase core subunit S7 [Source:HGNC Symbol;Acc:HGNC:7714]
ENSG00000129450,SIGLEC9,protein_coding,19,51124906,51140470,1,sialic acid binding Ig like lectin 9 [Source:HGNC Symbol;Acc:HGNC:10878]
ENSG00000132825,PPP1R3D,protein_coding,20,59936663,59940305,-1,protein phosphatase 1 regulatory subunit 3D [Source:HGNC Symbol;Acc:HGNC:9294]
ENSG00000138777,PPA2,protein_coding,4,105369077,105474113,-1,inorganic pyrophosphatase 2 [Source:HGNC Symbol;Acc:HGNC:28883]
ENSG00000139725,RHOF,protein_coding,12,121777754,121803403,-1,"ras homolog family member F, filopodia associated [Source:HGNC Symbol;Acc:HGNC:15703]"
ENSG00000143106,PSMA5,protein_coding,1,109399042,109426471,-1,proteasome 20S subunit alpha 5 [Source:HGNC Symbol;Acc:HGNC:9534]
ENSG00000146247,PHIP,protein_coding,6,78934419,79078544,-1,pleckstrin homology domain interacting protein [Source:HGNC Symbol;Acc:HGNC:15673]
ENSG00000154415,PPP1R3A,protein_coding,7,113876777,114075920,-1,protein phosphatase 1 regulatory subunit 3A [Source:HGNC Symbol;Acc:HGNC:9291]
ENSG00000156261,CCT8,protein_coding,21,29055805,29073797,-1,chaperonin containing TCP1 subunit 8 [Source:HGNC Symbol;Acc:HGNC:1623]
ENSG00000168952,STXBP6,protein_coding,14,24809454,25050333,-1,syntaxin binding protein 6 [Source:HGNC Symbol;Acc:HGNC:19666]
ENSG00000169750,RAC3,protein_coding,17,82031637,82034204,1,Rac family small GTPase 3 [Source:HGNC Symbol;Acc:HGNC:9803]
ENSG00000170606,HSPA4,protein_coding,5,133051946,133106449,1,heat shock protein family A (Hsp70) member 4 [Source:HGNC Symbol;Acc:HGNC:5237]
ENSG00000176855,KRT18P28,processed_pseudogene,1,182959074,182960405,-1,keratin 18 pseudogene 28 [Source:HGNC Symbol;Acc:HGNC:33397]
ENSG00000178795,GDPD4,protein_coding,11,77216558,77301687,-1,glycerophosphodiester phosphodiesterase domain containing 4 [Source:HGNC Symbol;Acc:HGNC:24849]
ENSG00000184574,LPAR5,protein_coding,12,6618835,6636444,-1,lysophosphatidic acid receptor 5 [Source:HGNC Symbol;Acc:HGNC:13307]
ENSG00000187612,OR5W2,protein_coding,11,55913650,55914582,-1,olfactory receptor family 5 subfamily W member 2 [Source:HGNC Symbol;Acc:HGNC:15299]
ENSG00000196911,KPNA5,protein_coding,6,116681187,116741867,1,karyopherin subunit alpha 5 [Source:HGNC Symbol;Acc:HGNC:6398]
ENSG00000199090,MIR326,miRNA,11,75335092,75335186,-1,microRNA 326 [Source:HGNC Symbol;Acc:HGNC:31769]
ENSG00000204889,KRT40,protein_coding,17,40977715,40987135,-1,keratin 40 [Source:HGNC Symbol;Acc:HGNC:26707]
ENSG00000204978,ERICH4,protein_coding,19,41443156,41444765,1,glutamate rich 4 [Source:HGNC Symbol;Acc:HGNC:34497]
ENSG00000206127,GOLGA8O,protein_coding,15,32441914,32455634,-1,golgin A8 family member O [Source:HGNC Symbol;Acc:HGNC:44406]
ENSG00000207233,SNORA37,snoRNA,18,54222284,54222412,-1,"small nucleolar RNA, H/ACA box 37 [Source:HGNC Symbol;Acc:HGNC:32630]"
ENSG00000207512,Y_RNA,misc_RNA,3,38505480,38505581,-1,Y RNA [Source:RFAM;Acc:RF00019]
ENSG00000211911,IGHD3-22,IG_D_gene,14,105886031,105886061,-1,immunoglobulin heavy diversity 3-22 [Source:HGNC Symbol;Acc:HGNC:5497]
ENSG00000213608,SLC25A14P1,processed_pseudogene,4,83477524,83478424,1,solute carrier family 25 member 14 pseudogene 1 [Source:HGNC Symbol;Acc:HGNC:43856]
ENSG00000213695,RPS7P14,processed_pseudogene,X,74409518,74410100,1,ribosomal protein S7 pseudogene 14 [Source:HGNC Symbol;Acc:HGNC:36602]
ENSG00000213901,SLC23A3,protein_coding,2,219161465,219170095,-1,solute carrier family 23 member 3 [Source:HGNC Symbol;Acc:HGNC:20601]
ENSG00000214203,RPS4XP1,processed_pseudogene,12,100009052,100009838,-1,ribosomal protein S4X pseudogene 1 [Source:HGNC Symbol;Acc:HGNC:32444]
ENSG00000217707,SERPINB8P1,unprocessed_pseudogene,6,3048835,3049211,1,serpin family B member 8 pseudogene 1 [Source:HGNC Symbol;Acc:HGNC:8953]
ENSG00000222616,RN7SKP27,misc_RNA,2,22861552,22861884,1,RN7SK pseudogene 27 [Source:HGNC Symbol;Acc:HGNC:45751]
ENSG00000225354,RPL7AP52,processed_pseudogene,10,94882554,94883343,1,ribosomal protein L7a pseudogene 52 [Source:HGNC Symbol;Acc:HGNC:36233]
ENSG00000226990,,lncRNA,10,8329226,8463531,1,novel transcript
ENSG00000227183,HDGFP1,processed_pseudogene,X,131646639,131646890,1,heparin binding growth factor pseudogene 1 [Source:HGNC Symbol;Acc:HGNC:31836]
ENSG00000227454,MTND4P30,unprocessed_pseudogene,2,202617983,202618881,1,MT-ND4 pseudogene 30 [Source:HGNC Symbol;Acc:HGNC:42217]
ENSG00000227837,TRIM60P11Y,processed_pseudogene,Y,24691791,24692932,1,"tripartite motif containing 60 pseudogene 11, Y-linked [Source:HGNC Symbol;Acc:HGNC:38463]"
ENSG00000228983,SLC47A1P1,transcribed_unprocessed_pseudogene,17,19579989,19595929,1,SLC47A1 pseudogene 1 [Source:HGNC Symbol;Acc:HGNC:51849]
ENSG00000229241,PNPT1P1,processed_pseudogene,3,3981981,3984295,-1,polyribonucleotide nucleotidyltransferase 1 pseudogene 1 [Source:HGNC Symbol;Acc:HGNC:44468]
ENSG00000229320,KRT8P12,transcribed_processed_pseudogene,3,160567852,160569248,1,keratin 8 pseudogene 12 [Source:HGNC Symbol;Acc:HGNC:28057]
ENSG00000229629,,processed_pseudogene,10,102089968,102090062,1,transcription elongation factor B (SIII) pseudogene
ENSG00000231366,RPS26P40,processed_pseudogene,10,70794230,70794523,-1,ribosomal protein S26 pseudogene 40 [Source:HGNC Symbol;Acc:HGNC:36906]
ENSG00000232727,YWHAEP1,transcribed_processed_pseudogene,7,64433830,64434592,1,tyrosine 3-monooxygenase/tryptophan 5-monooxygenase activation protein epsilon pseudogene 1 [Source:HGNC Symbol;Acc:HGNC:49442]
ENSG00000236204,LINC01376,lncRNA,2,18985786,19348074,-1,long intergenic non-protein coding RNA 1376 [Source:HGNC Symbol;Acc:HGNC:50637]
ENSG00000236680,PSMC3P1,processed_pseudogene,9,19026892,19028129,1,"proteasome 26S subunit, ATPase 3 pseudogene 1 [Source:HGNC Symbol;Acc:HGNC:9550]"
ENSG00000236750,,transcribed_processed_pseudogene,2,95641634,95641980,-1,pseudogene similar to part of Cdon homolog (mouse) (CDON)
ENSG00000237252,MMADHCP1,processed_pseudogene,X,76222637,76223097,1,MMADHC pseudogene 1 [Source:HGNC Symbol;Acc:HGNC:54996]
ENSG00000238249,HMGN2P17,processed_pseudogene,1,8893409,8894151,1,high mobility group nucleosomal binding domain 2 pseudogene 17 [Source:HGNC Symbol;Acc:HGNC:39381]
ENSG00000239689,RPL17P46,processed_pseudogene,18,50823577,50824120,1,ribosomal protein L17 pseudogene 46 [Source:HGNC Symbol;Acc:HGNC:36202]
ENSG00000241388,HNF1A-AS1,lncRNA,12,120941723,120980968,-1,HNF1A antisense RNA 1 [Source:HGNC Symbol;Acc:HGNC:26785]
ENSG00000241597,,processed_pseudogene,5,98954394,98954972,1,ribosomal protein S9 (RPS9) pseudogene
ENSG00000242266,RN7SL456P,misc_RNA,7,147940007,147940301,1,"RNA, 7SL, cytoplasmic 456, pseudogene [Source:HGNC Symbol;Acc:HGNC:46472]"
ENSG00000242308,MAT2AP1,unprocessed_pseudogene,3,112696908,112697706,-1,MAT2A pseudogene 1 [Source:HGNC Symbol;Acc:HGNC:56476]
ENSG00000248167,TRIM39-RPP21,protein_coding,6,30328907,30346854,1,TRIM39-RPP21 readthrough [Source:HGNC Symbol;Acc:HGNC:38845]
ENSG00000248243,LINC02014,lncRNA,3,130086132,130095921,-1,long intergenic non-protein coding RNA 2014 [Source:HGNC Symbol;Acc:HGNC:52849]
ENSG00000249521,LINC02114,lncRNA,5,4773435,4774865,1,long intergenic non-protein coding RNA 2114 [Source:HGNC Symbol;Acc:HGNC:52968]
ENSG00000250133,HOXC-AS2,lncRNA,12,53993810,53996785,-1,HOXC cluster antisense RNA 2 [Source:HGNC Symbol;Acc:HGNC:43750]
ENSG00000252069,Y_RNA,misc_RNA,X,109744643,109744749,-1,Y RNA [Source:RFAM;Acc:RF00019]
ENSG00000252139,,scaRNA,18,49814361,49814443,1,
ENSG00000252186,RNU6-781P,snRNA,12,6709452,6709552,1,"RNA, U6 small nuclear 781, pseudogene [Source:HGNC Symbol;Acc:HGNC:47744]"
ENSG00000252275,RNU7-192P,snRNA,4,188716665,188716725,-1,"RNA, U7 small nuclear 192 pseudogene [Source:HGNC Symbol;Acc:HGNC:45726]"
ENSG00000252884,RNU6-1213P,snRNA,8,80405516,80405609,1,"RNA, U6 small nuclear 1213, pseudogene [Source:HGNC Symbol;Acc:HGNC:48176]"
ENSG00000253123,,lncRNA,8,37326538,37331991,-1,novel transcript
ENSG00000253947,,lncRNA,5,167965187,167967086,-1,novel transcript
ENSG00000254622,NAV2-AS4,lncRNA,11,19510888,19524083,-1,NAV2 antisense RNA 4 [Source:HGNC Symbol;Acc:HGNC:40741]
ENSG00000254660,,processed_pseudogene,11,56509573,56510195,1,ubiquitin carboxyl-terminal esterase L1 (ubiquitin thiolesterase) (UCHL1) pseudogene
ENSG00000254732,,protein_coding,11,57741779,57804771,1,"novel protein, C11orf31-CTNND1 readthrough"
ENSG00000255005,,lncRNA,11,85916502,85923682,-1,novel transcript
ENSG00000255273,VPS51P14,processed_pseudogene,8,7082971,7083328,1,VPS51 pseudogene 14 [Source:HGNC Symbol;Acc:HGNC:56446]
ENSG00000255336,,unprocessed_pseudogene,11,105246880,105247060,-1,olfactory receptor pseudogene
ENSG00000257543,,lncRNA,12,101408372,101409060,-1,novel transcript
ENSG00000258051,,processed_pseudogene,12,48160245,48160878,-1,SCO cytochrome oxidase deficient homolog 1 (yeast) (SCO1) pseudogene
ENSG00000258511,LINC02295,lncRNA,14,98135776,98163289,1,long intergenic non-protein coding RNA 2295 [Source:HGNC Symbol;Acc:HGNC:53211]
ENSG00000258619,,processed_pseudogene,14,32241524,32243093,-1,HERV-FRD provirus ancestral Env polyprotein (ERVFRDE1) pseudogene
ENSG00000259443,,lncRNA,15,20773084,20774871,1,novel transcript
ENSG00000260865,,transcribed_processed_pseudogene,16,58597589,58597945,-1,chromosome 10 open reading frame 57 (C10orf57) pseudogene
ENSG00000262461,SPDYE9,protein_coding,7,73075972,73086038,-1,speedy/RINGO cell cycle regulator family member E9 [Source:HGNC Symbol;Acc:HGNC:45034]
ENSG00000269244,RPL23AP78,processed_pseudogene,19,8728735,8729204,-1,ribosomal protein L23a pseudogene 78 [Source:HGNC Symbol;Acc:HGNC:35518]
ENSG00000269316,RAD54L2P1,processed_pseudogene,19,22609606,22610601,1,RAD54L2 pseudogene 1 [Source:HGNC Symbol;Acc:HGNC:54570]
ENSG00000269405,NXF2,protein_coding,X,102247167,102326722,1,nuclear RNA export factor 2 [Source:HGNC Symbol;Acc:HGNC:8072]
ENSG00000270574,,lncRNA,2,178578790,178580906,1,"novel transcript, antisense to titin"
ENSG00000270659,,lncRNA,2,213151965,213153738,1,novel transcript
ENSG00000273297,LINC03060,lncRNA,7,134368737,134432598,-1,long intergenic non-protein coding RNA 3060 [Source:HGNC Symbol;Acc:HGNC:56367]
ENSG00000275896,PRSS2,protein_coding,7,142760398,142774564,1,serine protease 2 [Source:HGNC Symbol;Acc:HGNC:9483]
ENSG00000276110,,lncRNA,1,150255095,150259933,-1,"novel transcript, antisense to CA14"
ENSG00000277083,PRSS3P3,transcribed_unitary_pseudogene,7,142287251,142289781,-1,PRSS3 pseudogene 3 [Source:HGNC Symbol;Acc:HGNC:43790]
ENSG00000280217,,TEC,12,131235511,131237523,1,novel transcript
ENSG00000280367,,TEC,11,90223153,90226538,1,novel transcript
ENSG00000048140,TSPAN17,protein_coding,5,176647387,176659058,1,tetraspanin 17 [Source:HGNC Symbol;Acc:HGNC:13594]
ENSG00000079974,RABL2B,protein_coding,22,50767491,50783760,-1,"RAB, member of RAS oncogene family like 2B [Source:HGNC Symbol;Acc:HGNC:9800]"
ENSG00000087152,ATXN7L3,protein_coding,17,44191805,44200961,-1,ataxin 7 like 3 [Source:HGNC Symbol;Acc:HGNC:25416]
ENSG00000089685,BIRC5,protein_coding,17,78214186,78225636,1,baculoviral IAP repeat containing 5 [Source:HGNC Symbol;Acc:HGNC:593]
ENSG00000112530,PACRG,protein_coding,6,162727132,163315500,1,parkin coregulated [Source:HGNC Symbol;Acc:HGNC:19152]
ENSG00000120054,CPN1,protein_coding,10,100042193,100081907,-1,carboxypeptidase N subunit 1 [Source:HGNC Symbol;Acc:HGNC:2312]
ENSG00000120093,HOXB3,protein_coding,17,48548870,48604912,-1,homeobox B3 [Source:HGNC Symbol;Acc:HGNC:5114]
ENSG00000124449,IRGC,protein_coding,19,43716076,43720021,1,immunity related GTPase cinema [Source:HGNC Symbol;Acc:HGNC:28835]
ENSG00000125375,DMAC2L,protein_coding,14,50312301,50335558,1,distal membrane arm assembly component 2 like [Source:HGNC Symbol;Acc:HGNC:18799]
ENSG00000130779,CLIP1,protein_coding,12,122271432,122422778,-1,CAP-Gly domain containing linker protein 1 [Source:HGNC Symbol;Acc:HGNC:10461]
ENSG00000131747,TOP2A,protein_coding,17,40388525,40417896,-1,DNA topoisomerase II alpha [Source:HGNC Symbol;Acc:HGNC:11989]
ENSG00000134028,ADAMDEC1,protein_coding,8,24384285,24406013,1,ADAM like decysin 1 [Source:HGNC Symbol;Acc:HGNC:16299]
ENSG00000137673,MMP7,protein_coding,11,102520508,102530853,-1,matrix metallopeptidase 7 [Source:HGNC Symbol;Acc:HGNC:7174]
ENSG00000140961,OSGIN1,protein_coding,16,83931311,83966333,1,oxidative stress induced growth inhibitor 1 [Source:HGNC Symbol;Acc:HGNC:30093]
ENSG00000148584,A1CF,protein_coding,10,50799409,50885716,-1,APOBEC1 complementation factor [Source:HGNC Symbol;Acc:HGNC:24086]
ENSG00000148773,MKI67,protein_coding,10,128096659,128126448,-1,marker of proliferation Ki-67 [Source:HGNC Symbol;Acc:HGNC:7107]
ENSG00000154025,SLC5A10,protein_coding,17,18950345,19022595,1,solute carrier family 5 member 10 [Source:HGNC Symbol;Acc:HGNC:23155]
ENSG00000162882,HAAO,protein_coding,2,42765709,42792941,-1,"3-hydroxyanthranilate 3,4-dioxygenase [Source:HGNC Symbol;Acc:HGNC:4796]"
ENSG00000162931,TRIM17,protein_coding,1,228406860,228416902,-1,tripartite motif containing 17 [Source:HGNC Symbol;Acc:HGNC:13430]
ENSG00000163347,CLDN1,protein_coding,3,190305707,190322446,-1,claudin 1 [Source:HGNC Symbol;Acc:HGNC:2032]
ENSG00000163646,CLRN1,protein_coding,3,150926163,150972727,-1,clarin 1 [Source:HGNC Symbol;Acc:HGNC:12605]
ENSG00000166592,RRAD,protein_coding,16,66921682,66926308,-1,"RRAD, Ras related glycolysis inhibitor and calcium channel regulator [Source:HGNC Symbol;Acc:HGNC:10446]"
ENSG00000169508,GPR183,protein_coding,13,99294273,99307474,-1,G protein-coupled receptor 183 [Source:HGNC Symbol;Acc:HGNC:3128]
ENSG00000169951,ZNF764,protein_coding,16,30553764,30558374,-1,zinc finger protein 764 [Source:HGNC Symbol;Acc:HGNC:28200]
ENSG00000173261,PLAC8L1,protein_coding,5,146084313,146105577,-1,PLAC8 like 1 [Source:HGNC Symbol;Acc:HGNC:31746]
ENSG00000180806,HOXC9,protein_coding,12,53994895,54003337,1,homeobox C9 [Source:HGNC Symbol;Acc:HGNC:5130]
ENSG00000185634,SHC4,protein_coding,15,48823741,48963919,-1,SHC adaptor protein 4 [Source:HGNC Symbol;Acc:HGNC:16743]
ENSG00000196071,OR2L13,protein_coding,1,248095184,248101163,1,olfactory receptor family 2 subfamily L member 13 [Source:HGNC Symbol;Acc:HGNC:19578]
ENSG00000196220,SRGAP3,protein_coding,3,8980591,9363053,-1,SLIT-ROBO Rho GTPase activating protein 3 [Source:HGNC Symbol;Acc:HGNC:19744]
ENSG00000196456,ZNF775,protein_coding,7,150368790,150398634,1,zinc finger protein 775 [Source:HGNC Symbol;Acc:HGNC:28501]
ENSG00000199410,Y_RNA,misc_RNA,X,16912215,16912317,-1,Y RNA [Source:RFAM;Acc:RF00019]
ENSG00000201433,RNU6-335P,snRNA,4,183675603,183675715,-1,"RNA, U6 small nuclear 335, pseudogene [Source:HGNC Symbol;Acc:HGNC:47298]"
ENSG00000203585,LINC02408,lncRNA,12,67443105,67590771,1,long intergenic non-protein coding RNA 2408 [Source:HGNC Symbol;Acc:HGNC:53337]
ENSG00000205037,,lncRNA,16,88076950,88101504,-1,novel transcript
ENSG00000206718,RNU6-546P,snRNA,2,155330421,155330527,1,"RNA, U6 small nuclear 546, pseudogene [Source:HGNC Symbol;Acc:HGNC:47509]"
ENSG00000207257,RNU6-18P,snRNA,15,32284152,32284258,1,"RNA, U6 small nuclear 18, pseudogene [Source:HGNC Symbol;Acc:HGNC:34262]"
ENSG00000207383,Y_RNA,misc_RNA,2,112579484,112579584,-1,Y RNA [Source:RFAM;Acc:RF00019]
ENSG00000211952,IGHV4-28,IG_V_gene,14,106324254,106324760,-1,immunoglobulin heavy variable 4-28 [Source:HGNC Symbol;Acc:HGNC:5645]
ENSG00000213003,BTF3P12,processed_pseudogene,8,70273369,70273837,1,basic transcription factor 3 pseudogene 12 [Source:HGNC Symbol;Acc:HGNC:1127]
ENSG00000213246,SUPT4H1,protein_coding,17,58345175,58353093,-1,"SPT4 homolog, DSIF elongation factor subunit [Source:HGNC Symbol;Acc:HGNC:11467]"
ENSG00000213779,RPL29P21,processed_pseudogene,11,17193489,17194308,1,ribosomal protein L29 pseudogene 21 [Source:HGNC Symbol;Acc:HGNC:36322]
ENSG00000218631,,transcribed_processed_pseudogene,6,157372556,157373171,-1,novel pseudogene
ENSG00000222068,RN7SKP154,misc_RNA,2,133391109,133391398,-1,RN7SK pseudogene 154 [Source:HGNC Symbol;Acc:HGNC:45878]
ENSG00000223649,,lncRNA,1,211492255,211492917,1,novel transcript
ENSG00000224157,HCG14,lncRNA,6,28896428,28897322,1,HLA complex group 14 [Source:HGNC Symbol;Acc:HGNC:18323]
ENSG00000224761,CCNYL4,transcribed_unprocessed_pseudogene,10,38175990,38212417,1,cyclin Y like 4 (pseudogene) [Source:HGNC Symbol;Acc:HGNC:54655]
ENSG00000226622,,lncRNA,2,62533681,62662829,-1,novel transcript
ENSG00000228021,,lncRNA,10,125683211,125717616,1,novel transcript
ENSG00000228157,,lncRNA,17,19088600,19096837,1,novel transcript
ENSG00000231005,RPL39P39,processed_pseudogene,20,57328546,57328696,1,ribosomal protein L39 pseudogene 39 [Source:HGNC Symbol;Acc:HGNC:36514]
ENSG00000231015,,lncRNA,20,24679547,24680991,1,novel transcript
ENSG00000231606,,lncRNA,1,14221887,14304445,-1,novel transcript
ENSG00000232593,KANTR,protein_coding,X,53094142,53170914,1,KANTR integral membrane protein [Source:HGNC Symbol;Acc:HGNC:49510]
ENSG00000232768,,processed_pseudogene,1,31050872,31051034,1,ribosomal protein S29 (RPS29) pseudogene
ENSG00000232834,,processed_pseudogene,X,27847588,27847939,-1,pseudogene similar to part of adipose differentiation-related protein (ADFP)
ENSG00000233452,STXBP5-AS1,lncRNA,6,146824501,147204677,-1,STXBP5 antisense RNA 1 [Source:HGNC Symbol;Acc:HGNC:44183]
ENSG00000235538,,lncRNA,6,163671577,163809817,1,novel transcript
ENSG00000237963,PRXL2CP1,processed_pseudogene,X,65356890,65357547,-1,PRXL2C pseudogene 1 [Source:HGNC Symbol;Acc:HGNC:54977]
ENSG00000238065,LRRC57P1,processed_pseudogene,2,140898423,140899106,1,LRRC57 pseudogene 1 [Source:HGNC Symbol;Acc:HGNC:54680]
ENSG00000238645,,snoRNA,16,53334562,53334664,1,
ENSG00000240973,,lncRNA,7,115679342,115682669,-1,novel transcript
ENSG00000242307,RPS26P52,processed_pseudogene,16,13922332,13922679,-1,ribosomal protein S26 pseudogene 52 [Source:HGNC Symbol;Acc:HGNC:36863]
ENSG00000244716,RPL17P7,processed_pseudogene,1,108992282,108992836,1,ribosomal protein L17 pseudogene 7 [Source:HGNC Symbol;Acc:HGNC:36005]
ENSG00000247728,ARHGAP11B-DT,lncRNA,15,30481013,30626012,-1,ARHGAP11B divergent transcript [Source:HGNC Symbol;Acc:HGNC:55586]
ENSG00000248608,,transcribed_processed_pseudogene,4,25504997,25506675,1,inositol-3-phosphate synthase 1 (ISYNA1) pseudogene
ENSG00000250342,SNRPCP16,processed_pseudogene,4,9051842,9052051,-1,small nuclear ribonucleoprotein polypeptide C pseudogene 16 [Source:HGNC Symbol;Acc:HGNC:49831]
ENSG00000252242,RNU7-115P,snRNA,17,64825765,64825819,-1,"RNA, U7 small nuclear 115 pseudogene [Source:HGNC Symbol;Acc:HGNC:45649]"
ENSG00000253428,LINC01942,lncRNA,5,173689444,173778810,1,long intergenic non-protein coding RNA 1942 [Source:HGNC Symbol;Acc:HGNC:52766]
ENSG00000254153,LINC02950,lncRNA,8,8449664,8461490,-1,long intergenic non-protein coding RNA 2950 [Source:HGNC Symbol;Acc:HGNC:55965]
ENSG00000254500,RANP3,processed_pseudogene,11,74652636,74652911,1,RAN pseudogene 3 [Source:HGNC Symbol;Acc:HGNC:39858]
ENSG00000255001,,processed_pseudogene,11,50290749,50290933,1,novel pseudogene
ENSG00000257489,,transcribed_unprocessed_pseudogene,12,100180553,100199762,-1,"TBC1 domain family, member 2B (TBC1D2B) pseudogene"
ENSG00000258753,,lncRNA,14,54470709,54471218,1,novel transcript
ENSG00000259081,,lncRNA,14,76774284,76781518,-1,novel transcript
ENSG00000259633,UBE2Q2P8,unprocessed_pseudogene,15,84255913,84256014,1,UBE2Q2 pseudogene 8 [Source:HGNC Symbol;Acc:HGNC:49521]
ENSG00000263556,RN7SL383P,misc_RNA,5,44716193,44716486,1,"RNA, 7SL, cytoplasmic 383, pseudogene [Source:HGNC Symbol;Acc:HGNC:46399]"
ENSG00000265374,LINC01908,lncRNA,18,27223442,27346184,1,long intergenic non-protein coding RNA 1908 [Source:HGNC Symbol;Acc:HGNC:52727]
ENSG00000265519,,lncRNA,17,15787787,15788205,-1,novel transcript
ENSG00000266985,,lncRNA,19,33555568,33557470,1,novel transcript
ENSG00000267773,,unprocessed_pseudogene,18,11644336,11644824,1,"solute carrier family 35, member G4 (SLC35G4) pseudogene"
ENSG00000268266,PKMYT1AR,lncRNA,19,57477308,57482996,1,PKMYT1 associated lncRNA [Source:HGNC Symbol;Acc:HGNC:56847]
ENSG00000270190,,lncRNA,2,111266868,111267473,-1,novel transcript
ENSG00000270207,,lncRNA,3,7569999,7790482,-1,"novel transcript, antisense to GRM7"
ENSG00000271657,,processed_pseudogene,2,62168862,62171163,1,"phosphatidylinositol glycan anchor biosynthesis, class P (PIGP) pseudogene"
ENSG00000272380,MIR3976,miRNA,18,5840695,5840833,1,microRNA 3976 [Source:HGNC Symbol;Acc:HGNC:41578]
ENSG00000273637,,lncRNA,1,38839333,38874494,-1,novel transcript
ENSG00000273987,,lncRNA,12,75333798,75334486,-1,"novel transcript, sense intronic to CAPS2"
ENSG00000275569,,lncRNA,14,56305838,56306394,1,novel transcript
ENSG00000276014,RN7SL301P,misc_RNA,17,36110150,36110447,1,"RNA, 7SL, cytoplasmic 301, pseudogene [Source:HGNC Symbol;Acc:HGNC:46317]"
ENSG00000276916,,lncRNA,13,113511747,113514473,1,"novel transcript, sense intronic"
ENSG00000277502,,misc_RNA,2,206160843,206161024,1,
ENSG00000279180,,TEC,12,128288159,128289056,1,novel transcript
ENSG00000281863,,snoRNA,3,8931495,8931632,1,
ENSG00000283010,,lncRNA,6,98829967,98835057,-1,novel transcript
ENSG00000283392,,lncRNA,3,14602035,14641443,1,novel transcript
ENSG00000283513,MIR941-3,miRNA,20,63919561,63919632,1,microRNA 941-3 [Source:HGNC Symbol;Acc:HGNC:33686]
ENSG00000076706,MCAM,protein_coding,11,119307972,119321521,-1,melanoma cell adhesion molecule [Source:HGNC Symbol;Acc:HGNC:6934]
ENSG00000082512,TRAF5,protein_coding,1,211326325,211375036,1,TNF receptor associated factor 5 [Source:HGNC Symbol;Acc:HGNC:12035]
ENSG00000104164,BLOC1S6,protein_coding,15,45587214,45615945,1,biogenesis of lysosomal organelles complex 1 subunit 6 [Source:HGNC Symbol;Acc:HGNC:8549]
ENSG00000111727,HCFC2,protein_coding,12,104064531,104106525,1,host cell factor C2 [Source:HGNC Symbol;Acc:HGNC:24972]
ENSG00000115041,KCNIP3,protein_coding,2,95297327,95386081,1,potassium voltage-gated channel interacting protein 3 [Source:HGNC Symbol;Acc:HGNC:15523]
ENSG00000124532,MRS2,protein_coding,6,24402908,24426194,1,magnesium transporter MRS2 [Source:HGNC Symbol;Acc:HGNC:13785]
ENSG00000126581,BECN1,protein_coding,17,42809870,42833350,-1,beclin 1 [Source:HGNC Symbol;Acc:HGNC:1034]
ENSG00000129003,VPS13C,protein_coding,15,61852389,62060473,-1,vacuolar protein sorting 13 homolog C [Source:HGNC Symbol;Acc:HGNC:23594]
ENSG00000134330,IAH1,protein_coding,2,9473658,9496543,1,isoamyl acetate hydrolyzing esterase 1 (putative) [Source:HGNC Symbol;Acc:HGNC:27696]
ENSG00000134900,TPP2,protein_coding,13,102596958,102679958,1,tripeptidyl peptidase 2 [Source:HGNC Symbol;Acc:HGNC:12016]
ENSG00000136918,WDR38,protein_coding,9,124853266,124859132,1,WD repeat domain 38 [Source:HGNC Symbol;Acc:HGNC:23745]
ENSG00000144048,DUSP11,protein_coding,2,73761782,73780173,-1,dual specificity phosphatase 11 [Source:HGNC Symbol;Acc:HGNC:3066]
ENSG00000147485,PXDNL,protein_coding,8,51319577,51809462,-1,peroxidasin like [Source:HGNC Symbol;Acc:HGNC:26359]
ENSG00000149182,ARFGAP2,protein_coding,11,47164299,47177474,-1,ARF GTPase activating protein 2 [Source:HGNC Symbol;Acc:HGNC:13504]
ENSG00000151468,CCDC3,protein_coding,10,12896625,13099652,-1,coiled-coil domain containing 3 [Source:HGNC Symbol;Acc:HGNC:23813]
ENSG00000154783,FGD5,protein_coding,3,14810518,14934571,1,"FYVE, RhoGEF and PH domain containing 5 [Source:HGNC Symbol;Acc:HGNC:19117]"
ENSG00000162779,AXDND1,protein_coding,1,179365720,179554735,1,axonemal dynein light chain domain containing 1 [Source:HGNC Symbol;Acc:HGNC:26564]
ENSG00000164300,SERINC5,protein_coding,5,80111228,80256048,-1,serine incorporator 5 [Source:HGNC Symbol;Acc:HGNC:18825]
ENSG00000165288,BRWD3,protein_coding,X,80669503,80809877,-1,bromodomain and WD repeat domain containing 3 [Source:HGNC Symbol;Acc:HGNC:17342]
ENSG00000169484,OR4K14,protein_coding,14,20014143,20019307,-1,olfactory receptor family 4 subfamily K member 14 [Source:HGNC Symbol;Acc:HGNC:15352]
ENSG00000173673,HES3,protein_coding,1,6244179,6245578,1,hes family bHLH transcription factor 3 [Source:HGNC Symbol;Acc:HGNC:26226]
ENSG00000176183,,processed_pseudogene,5,98338744,98339832,1,"actin, beta (ACTB) pseudogene"
ENSG00000176231,OR10H4,protein_coding,19,15944299,15950350,1,olfactory receptor family 10 subfamily H member 4 [Source:HGNC Symbol;Acc:HGNC:15388]
ENSG00000180479,ZNF571,protein_coding,19,37554782,37595134,-1,zinc finger protein 571 [Source:HGNC Symbol;Acc:HGNC:25000]
ENSG00000182348,ZNF804B,protein_coding,7,88759700,89338528,1,zinc finger protein 804B [Source:HGNC Symbol;Acc:HGNC:21958]
ENSG00000182957,SPATA13,protein_coding,13,23979805,24307074,1,spermatogenesis associated 13 [Source:HGNC Symbol;Acc:HGNC:23222]
ENSG00000184188,,processed_pseudogene,5,80299678,80302847,-1,"actin, beta (ACTB) pseudogene"
ENSG00000185448,FAM47A,protein_coding,X,34129752,34132314,-1,family with sequence similarity 47 member A [Source:HGNC Symbol;Acc:HGNC:29962]
ENSG00000186141,POLR3C,protein_coding,1,145823959,145844721,1,RNA polymerase III subunit C [Source:HGNC Symbol;Acc:HGNC:30076]
ENSG00000186803,IFNA10,protein_coding,9,21206181,21207143,-1,interferon alpha 10 [Source:HGNC Symbol;Acc:HGNC:5418]
ENSG00000194297,RNU1-75P,snRNA,1,119331397,119331525,-1,"RNA, U1 small nuclear 75, pseudogene [Source:HGNC Symbol;Acc:HGNC:48417]"
ENSG00000200176,RNU1-19P,snRNA,10,86889569,86889733,1,"RNA, U1 small nuclear 19, pseudogene [Source:HGNC Symbol;Acc:HGNC:41945]"
ENSG00000201675,SNORD32A,snoRNA,19,49489965,49490048,1,"small nucleolar RNA, C/D box 32A [Source:HGNC Symbol;Acc:HGNC:10159]"
ENSG00000204291,COL15A1,protein_coding,9,98942680,99070797,1,collagen type XV alpha 1 chain [Source:HGNC Symbol;Acc:HGNC:2192]
ENSG00000204872,NAT8B,unitary_pseudogene,2,73700622,73701305,-1,"N-acetyltransferase 8B (putative, gene/pseudogene) [Source:HGNC Symbol;Acc:HGNC:30235]"
ENSG00000204913,LRRC3C,protein_coding,17,39927732,39944999,1,leucine rich repeat containing 3C [Source:HGNC Symbol;Acc:HGNC:40034]
ENSG00000205155,PSENEN,protein_coding,19,35745070,35747519,1,"presenilin enhancer, gamma-secretase subunit [Source:HGNC Symbol;Acc:HGNC:30100]"
ENSG00000207129,RNA5SP187,rRNA_pseudogene,5,88274258,88274376,-1,"RNA, 5S ribosomal pseudogene 187 [Source:HGNC Symbol;Acc:HGNC:43087]"
ENSG00000207313,SNORA2B,snoRNA,12,48667457,48667593,-1,"small nucleolar RNA, H/ACA box 2B [Source:HGNC Symbol;Acc:HGNC:32585]"
ENSG00000212719,LINC02693,lncRNA,17,21428263,21574517,-1,long intergenic non-protein coding RNA 2693 [Source:HGNC Symbol;Acc:HGNC:27904]
ENSG00000213484,EIF4A1P8,processed_pseudogene,10,92136875,92138370,1,eukaryotic translation initiation factor 4A1 pseudogene 8 [Source:HGNC Symbol;Acc:HGNC:37927]
ENSG00000214326,RPL31P1,processed_pseudogene,21,43551229,43551600,1,ribosomal protein L31 pseudogene 1 [Source:HGNC Symbol;Acc:HGNC:10335]
ENSG00000214578,HMGN2P15,processed_pseudogene,17,42753530,42753799,-1,high mobility group nucleosomal binding domain 2 pseudogene 15 [Source:HGNC Symbol;Acc:HGNC:39020]
ENSG00000215086,NPM1P24,processed_pseudogene,10,72917641,72918534,-1,nucleophosmin 1 pseudogene 24 [Source:HGNC Symbol;Acc:HGNC:45097]
ENSG00000215372,ZNF705G,protein_coding,8,7355517,7385558,-1,zinc finger protein 705G [Source:HGNC Symbol;Acc:HGNC:37134]
ENSG00000216352,,processed_pseudogene,6,80555841,80557189,-1,citrate synthase (CS) pseudogene
ENSG00000220267,ACTBP8,processed_pseudogene,6,88275882,88276989,-1,ACTB pseudogene 8 [Source:HGNC Symbol;Acc:HGNC:141]
ENSG00000222465,RNU2-5P,snRNA,9,70188571,70188750,-1,"RNA, U2 small nuclear 5, pseudogene [Source:HGNC Symbol;Acc:HGNC:10155]"
ENSG00000225493,LINC01107,lncRNA,2,238498678,238555054,-1,long intergenic non-protein coding RNA 1107 [Source:HGNC Symbol;Acc:HGNC:49229]
ENSG00000226567,LINC00606,lncRNA,3,10759350,10764307,-1,long intergenic non-protein coding RNA 606 [Source:HGNC Symbol;Acc:HGNC:43931]
ENSG00000227585,,processed_pseudogene,1,221549786,221550643,-1,"solute carrier family 35, member E3 (SLC35E3) pseudogene"
ENSG00000227681,,lncRNA,6,147660700,147953937,1,novel transcript
ENSG00000230748,PRELID1P7,processed_pseudogene,1,165497724,165498348,1,PRELID1 pseudogene 7 [Source:HGNC Symbol;Acc:HGNC:54772]
ENSG00000231211,RPL17P49,processed_pseudogene,X,12395757,12396167,-1,ribosomal protein L17 pseudogene 49 [Source:HGNC Symbol;Acc:HGNC:37009]
ENSG00000231431,FAR2P4,transcribed_unprocessed_pseudogene,2,131296843,131309068,1,fatty acyl-CoA reductase 2 pseudogene 4 [Source:HGNC Symbol;Acc:HGNC:49286]
ENSG00000236141,,lncRNA,2,103806634,103880209,-1,novel transcript
ENSG00000236193,LINC01953,lncRNA,2,213155804,213167724,-1,long intergenic non-protein coding RNA 1953 [Source:HGNC Symbol;Acc:HGNC:52776]
ENSG00000236311,TLX1NB,lncRNA,10,101089321,101141438,-1,TLX1 neighbor [Source:HGNC Symbol;Acc:HGNC:37183]
ENSG00000237055,MTCO1P48,processed_pseudogene,2,94899566,94900661,-1,MT-CO1 pseudogene 48 [Source:HGNC Symbol;Acc:HGNC:52113]
ENSG00000237927,,lncRNA,6,159586955,159589169,-1,novel transcript
ENSG00000239552,HOXB-AS2,lncRNA,17,48557262,48560333,1,HOXB cluster antisense RNA 2 [Source:HGNC Symbol;Acc:HGNC:40284]
ENSG00000242281,RN7SL159P,misc_RNA,9,129370170,129370461,-1,"RNA, 7SL, cytoplasmic 159, pseudogene [Source:HGNC Symbol;Acc:HGNC:46175]"
ENSG00000242327,,processed_pseudogene,15,52095295,52095747,1,ribosomal protein S13 (RPS13) pseudogene
ENSG00000243420,RN7SL734P,misc_RNA,12,75957833,75958130,-1,"RNA, 7SL, cytoplasmic 734, pseudogene [Source:HGNC Symbol;Acc:HGNC:46750]"
ENSG00000243501,,protein_coding,6,73209746,73263196,-1,novel protein
ENSG00000249302,FTH1P24,processed_pseudogene,4,139546266,139546727,1,ferritin heavy chain 1 pseudogene 24 [Source:HGNC Symbol;Acc:HGNC:37642]
ENSG00000249942,,lncRNA,4,74539709,74670773,-1,novel transcript
ENSG00000252247,RNU6-70P,snRNA,13,27343687,27343746,-1,"RNA, U6 small nuclear 70, pseudogene [Source:HGNC Symbol;Acc:HGNC:42560]"
ENSG00000252448,SNORA63,snoRNA,1,37884237,37884317,1,Small nucleolar RNA SNORA63 [Source:RFAM;Acc:RF00092]
ENSG00000254861,,lncRNA,11,23761330,23808255,-1,novel transcript
ENSG00000258525,,lncRNA,14,30876179,30889808,-1,"novel transcript, antisense to COCH"
ENSG00000258623,RAD51B-AS1,lncRNA,14,68626404,68685565,-1,RAD51B antisense RNA 1 [Source:HGNC Symbol;Acc:HGNC:58171]
ENSG00000258735,PPP1R13B-DT,lncRNA,14,103847687,103880381,1,PPP1R13B divergent transcript [Source:HGNC Symbol;Acc:HGNC:27069]
ENSG00000259149,,lncRNA,14,42259403,42268704,-1,novel transcript
ENSG00000259163,TTC7B-AS1,lncRNA,14,90642603,90648894,1,TTC7B antisense RNA 1 [Source:HGNC Symbol;Acc:HGNC:56196]
ENSG00000259420,,lncRNA,15,77513452,77608893,1,novel transcript
ENSG00000261312,,lncRNA,16,19706351,19715383,1,"novel transcript, antisense to C16orf88"
ENSG00000261421,,lncRNA,16,49159508,49162023,1,novel transcript
ENSG00000262074,SNORD3B-2,snoRNA,17,19063346,19064136,-1,"small nucleolar RNA, C/D box 3B-2 [Source:HGNC Symbol;Acc:HGNC:33190]"
ENSG00000263409,MIR4747,miRNA,19,4932687,4932740,1,microRNA 4747 [Source:HGNC Symbol;Acc:HGNC:41827]
ENSG00000264089,MIR3681,miRNA,2,12199130,12199201,1,microRNA 3681 [Source:HGNC Symbol;Acc:HGNC:38994]
ENSG00000264930,,processed_pseudogene,17,22606388,22606703,1,"zinc finger, MYM-type 4 (ZMYM4) pseudogene"
ENSG00000265555,LINC01903,lncRNA,18,67808505,67814822,-1,long intergenic non-protein coding RNA 1903 [Source:HGNC Symbol;Acc:HGNC:52722]
ENSG00000267611,,processed_pseudogene,19,33051515,33051701,1,MAD2 mitotic arrest deficient-like 1 (yeast) (MAD2L1) pseudogene
ENSG00000271048,,processed_pseudogene,8,134673131,134673512,1,developmental pluripotency associated 3 (DPPA3) pseudogene
ENSG00000272050,,lncRNA,20,62477870,62478594,1,novel transcript
ENSG00000272088,,lncRNA,1,3487246,3487627,1,novel transcript
ENSG00000272234,,lncRNA,5,42806394,42806997,1,"novel transcript, antisense to SEPP1"
ENSG00000272945,,lncRNA,20,34281632,34286466,-1,novel transcript
ENSG00000273507,,lncRNA,13,39053019,39223238,1,novel transcript
ENSG00000273885,,snoRNA,11,93721797,93721866,1,
ENSG00000275134,,misc_RNA,14,100898958,100899079,1,
ENSG00000277797,,lncRNA,6,81551686,81554092,1,novel transcript
ENSG00000278156,TSC22D1-AS1,lncRNA,13,44575766,44755728,1,TSC22D1 antisense RNA 1 [Source:HGNC Symbol;Acc:HGNC:43684]
ENSG00000279000,OR10A6,protein_coding,11,7924592,7931268,-1,olfactory receptor family 10 subfamily A member 6 (gene/pseudogene) [Source:HGNC Symbol;Acc:HGNC:15132]
ENSG00000279031,,TEC,16,3292879,3293403,1,TEC
ENSG00000279214,,TEC,1,48262230,48263179,-1,TEC
ENSG00000283897,,lncRNA,5,127215159,127229893,-1,novel transcript
ENSG00000060749,QSER1,protein_coding,11,32892811,32993316,1,glutamine and serine rich 1 [Source:HGNC Symbol;Acc:HGNC:26154]
ENSG00000101194,SLC17A9,protein_coding,20,62952668,62969585,1,solute carrier family 17 member 9 [Source:HGNC Symbol;Acc:HGNC:16192]
ENSG00000104408,EIF3E,protein_coding,8,108162787,108443496,-1,eukaryotic translation initiation factor 3 subunit E [Source:HGNC Symbol;Acc:HGNC:3277]
ENSG00000106263,EIF3B,protein_coding,7,2354086,2380747,1,eukaryotic translation initiation factor 3 subunit B [Source:HGNC Symbol;Acc:HGNC:3280]
ENSG00000107130,NCS1,protein_coding,9,130172347,130237303,1,neuronal calcium sensor 1 [Source:HGNC Symbol;Acc:HGNC:3953]
ENSG00000108641,B9D1,protein_coding,17,19334308,19378193,-1,B9 domain containing 1 [Source:HGNC Symbol;Acc:HGNC:24123]
ENSG00000118260,CREB1,protein_coding,2,207529737,207605988,1,cAMP responsive element binding protein 1 [Source:HGNC Symbol;Acc:HGNC:2345]
ENSG00000122386,ZNF205,protein_coding,16,3112550,3120527,1,zinc finger protein 205 [Source:HGNC Symbol;Acc:HGNC:12996]
ENSG00000128872,TMOD2,protein_coding,15,51751564,51816363,1,tropomodulin 2 [Source:HGNC Symbol;Acc:HGNC:11872]
ENSG00000130701,RBBP8NL,protein_coding,20,62410237,62427539,-1,RBBP8 N-terminal like [Source:HGNC Symbol;Acc:HGNC:16144]
ENSG00000131061,ZNF341,protein_coding,20,33731657,33792269,1,zinc finger protein 341 [Source:HGNC Symbol;Acc:HGNC:15992]
ENSG00000135617,PRADC1,protein_coding,2,73228010,73233239,-1,protease associated domain containing 1 [Source:HGNC Symbol;Acc:HGNC:16047]
ENSG00000139531,SUOX,protein_coding,12,55996855,56006641,1,sulfite oxidase [Source:HGNC Symbol;Acc:HGNC:11460]
ENSG00000139624,CERS5,protein_coding,12,50129289,50167533,-1,ceramide synthase 5 [Source:HGNC Symbol;Acc:HGNC:23749]
ENSG00000142539,,protein_coding,19,50415799,50428409,1,novel protein
ENSG00000143537,ADAM15,protein_coding,1,155050566,155062780,1,ADAM metallopeptidase domain 15 [Source:HGNC Symbol;Acc:HGNC:193]
ENSG00000144681,STAC,protein_coding,3,36380321,36548045,1,SH3 and cysteine rich domain [Source:HGNC Symbol;Acc:HGNC:11353]
ENSG00000145014,TMEM44,protein_coding,3,194587673,194633689,-1,transmembrane protein 44 [Source:HGNC Symbol;Acc:HGNC:25120]
ENSG00000147853,AK3,protein_coding,9,4709556,4742043,-1,adenylate kinase 3 [Source:HGNC Symbol;Acc:HGNC:17376]
ENSG00000157538,VPS26C,protein_coding,21,37223417,37267919,-1,VPS26 endosomal protein sorting factor C [Source:HGNC Symbol;Acc:HGNC:3044]
ENSG00000161649,CD300LG,protein_coding,17,43847114,43863639,1,CD300 molecule like family member g [Source:HGNC Symbol;Acc:HGNC:30455]
ENSG00000162078,ZG16B,protein_coding,16,2830162,2839585,1,zymogen granule protein 16B [Source:HGNC Symbol;Acc:HGNC:30456]
ENSG00000164162,ANAPC10,protein_coding,4,144831908,145098823,-1,anaphase promoting complex subunit 10 [Source:HGNC Symbol;Acc:HGNC:24077]
ENSG00000167394,ZNF668,protein_coding,16,31060842,31074240,-1,zinc finger protein 668 [Source:HGNC Symbol;Acc:HGNC:25821]
ENSG00000167785,ZNF558,protein_coding,19,8806170,8832314,-1,zinc finger protein 558 [Source:HGNC Symbol;Acc:HGNC:26422]
ENSG00000167799,NUDT8,protein_coding,11,67627937,67629937,-1,nudix hydrolase 8 [Source:HGNC Symbol;Acc:HGNC:8055]
ENSG00000169067,ACTBL2,protein_coding,5,57480018,57482811,-1,actin beta like 2 [Source:HGNC Symbol;Acc:HGNC:17780]
ENSG00000173810,PPIAP7,processed_pseudogene,1,101270875,101271363,-1,peptidylprolyl isomerase A pseudogene 7 [Source:HGNC Symbol;Acc:HGNC:9270]
ENSG00000175600,SUGCT,protein_coding,7,40134044,40861613,1,succinyl-CoA:glutarate-CoA transferase [Source:HGNC Symbol;Acc:HGNC:16001]
ENSG00000179750,APOBEC3B,protein_coding,22,38982347,38992804,1,apolipoprotein B mRNA editing enzyme catalytic subunit 3B [Source:HGNC Symbol;Acc:HGNC:17352]
ENSG00000184471,C1QTNF8,protein_coding,16,1088226,1099401,-1,C1q and TNF related 8 [Source:HGNC Symbol;Acc:HGNC:31374]
ENSG00000184809,B3GALT5-AS1,lncRNA,21,39527841,39612910,-1,B3GALT5 antisense RNA 1 [Source:HGNC Symbol;Acc:HGNC:16424]
ENSG00000184967,NOC4L,protein_coding,12,132144425,132152473,1,nucleolar complex associated 4 homolog [Source:HGNC Symbol;Acc:HGNC:28461]
ENSG00000186517,ARHGAP30,protein_coding,1,161046946,161069970,-1,Rho GTPase activating protein 30 [Source:HGNC Symbol;Acc:HGNC:27414]
ENSG00000188026,RILPL1,protein_coding,12,123470054,123534103,-1,Rab interacting lysosomal protein like 1 [Source:HGNC Symbol;Acc:HGNC:26814]
ENSG00000196159,FAT4,protein_coding,4,125314918,125492932,1,FAT atypical cadherin 4 [Source:HGNC Symbol;Acc:HGNC:23109]
ENSG00000196338,NLGN3,protein_coding,X,71143286,71175255,1,neuroligin 3 [Source:HGNC Symbol;Acc:HGNC:14289]
ENSG00000196605,ZNF846,protein_coding,19,9751993,9793180,-1,zinc finger protein 846 [Source:HGNC Symbol;Acc:HGNC:27260]
ENSG00000197256,KANK2,protein_coding,19,11164267,11197945,-1,KN motif and ankyrin repeat domains 2 [Source:HGNC Symbol;Acc:HGNC:29300]
ENSG00000198315,ZKSCAN8,protein_coding,6,28141732,28159461,1,zinc finger with KRAB and SCAN domains 8 [Source:HGNC Symbol;Acc:HGNC:12983]
ENSG00000200217,RNU6-839P,snRNA,10,109239639,109239746,1,"RNA, U6 small nuclear 839, pseudogene [Source:HGNC Symbol;Acc:HGNC:47802]"
ENSG00000200378,RNU5B-4P,snRNA,5,139447907,139448017,1,"RNA, U5B small nuclear 4, pseudogene [Source:HGNC Symbol;Acc:HGNC:34184]"
ENSG00000203877,RIPPLY2,protein_coding,6,83853360,83857515,1,ripply transcriptional repressor 2 [Source:HGNC Symbol;Acc:HGNC:21390]
ENSG00000207004,RNU6-301P,snRNA,14,51724103,51724209,1,"RNA, U6 small nuclear 301, pseudogene [Source:HGNC Symbol;Acc:HGNC:47264]"
ENSG00000213030,CGB8,protein_coding,19,49047638,49049125,-1,chorionic gonadotropin subunit beta 8 [Source:HGNC Symbol;Acc:HGNC:16453]
ENSG00000217862,H4C10P,processed_pseudogene,6,27807075,27807339,1,"H4 clustered histone 10, pseudogene [Source:HGNC Symbol;Acc:HGNC:4786]"
ENSG00000221241,SNORD88A,snoRNA,19,50799442,50799532,-1,"small nucleolar RNA, C/D box 88A [Source:HGNC Symbol;Acc:HGNC:32747]"
ENSG00000225310,DNAJC19P4,processed_pseudogene,3,2985231,2985575,-1,DnaJ heat shock protein family (Hsp40) member C19 pseudogene 4 [Source:HGNC Symbol;Acc:HGNC:45067]
ENSG00000226088,LINC03102,lncRNA,1,70359556,70360548,-1,long intergenic non-protein coding RNA 3102 [Source:HGNC Symbol;Acc:HGNC:40277]
ENSG00000226312,CFLAR-AS1,lncRNA,2,201140278,201157823,-1,CFLAR antisense RNA 1 [Source:HGNC Symbol;Acc:HGNC:14437]
ENSG00000226530,,lncRNA,X,51395901,51465839,1,novel transcript
ENSG00000227455,,lncRNA,6,164827724,164832115,1,novel transcript
ENSG00000228373,,processed_pseudogene,9,87423634,87423893,1,NADH dehydrogenase (ubiquinone) 1 alpha (NDUFA4) pseudogene
ENSG00000228889,UBAC2-AS1,lncRNA,13,99181223,99201558,-1,UBAC2 antisense RNA 1 [Source:HGNC Symbol;Acc:HGNC:42502]
ENSG00000230704,,lncRNA,1,169762929,169764648,-1,novel transcript
ENSG00000231106,LINC01436,lncRNA,21,36005131,36008300,1,long intergenic non-protein coding RNA 1436 [Source:HGNC Symbol;Acc:HGNC:50754]
ENSG00000232039,DEFT1P2,transcribed_unprocessed_pseudogene,8,7006471,7007389,-1,"defensin theta 1, pseudogene 2 [Source:HGNC Symbol;Acc:HGNC:33599]"
ENSG00000233155,HMGA1P8,processed_pseudogene,2,74418122,74418442,-1,high mobility group AT-hook 1 pseudogene 8 [Source:HGNC Symbol;Acc:HGNC:39183]
ENSG00000236380,VENTXP7,processed_pseudogene,3,21405737,21406508,1,VENT homeobox pseudogene 7 [Source:HGNC Symbol;Acc:HGNC:13638]
ENSG00000236469,,lncRNA,2,71000440,71064746,-1,"novel transcript, antisense to NAGK"
ENSG00000236897,,lncRNA,11,5106062,5107530,-1,novel transcript
ENSG00000240767,RN7SL288P,misc_RNA,13,46169458,46169748,-1,"RNA, 7SL, cytoplasmic 288, pseudogene [Source:HGNC Symbol;Acc:HGNC:46304]"
ENSG00000249413,,lncRNA,4,65998846,66376366,1,novel transcript
ENSG00000250815,,processed_pseudogene,4,53927499,53928138,-1,nucleic acid binding protein 2 (NABP2) pseudogene
ENSG00000250903,GMDS-DT,lncRNA,6,2245231,2525976,1,GMDS divergent transcript [Source:HGNC Symbol;Acc:HGNC:48993]
ENSG00000251111,FCF1P8,processed_pseudogene,4,55351812,55352408,-1,FCF1 pseudogene 8 [Source:HGNC Symbol;Acc:HGNC:44620]
ENSG00000252971,RNU6-1057P,snRNA,17,20290257,20290358,1,"RNA, U6 small nuclear 1057, pseudogene [Source:HGNC Symbol;Acc:HGNC:48020]"
ENSG00000253526,,lncRNA,8,105826570,105834038,1,novel transcript
ENSG00000255331,,processed_pseudogene,11,60077350,60078401,1,"tyrosine 3-monooxygenase/tryptophan 5-monooxygenase activation protein, zeta polypeptide (YWHAZ) pseudogene"
ENSG00000256311,,lncRNA,12,119225702,119259116,-1,novel transcript
ENSG00000257381,MIR3179-2,miRNA,16,16300159,16300242,1,microRNA 3179-2 [Source:HGNC Symbol;Acc:HGNC:38325]
ENSG00000257569,GSTP1P1,processed_pseudogene,12,55900300,55900618,1,glutathione S-transferase pi 1 pseudogene 1 [Source:HGNC Symbol;Acc:HGNC:4640]
ENSG00000258018,LINC02457,lncRNA,12,116443059,116521047,1,long intergenic non-protein coding RNA 2457 [Source:HGNC Symbol;Acc:HGNC:53393]
ENSG00000258934,YWHAQP1,processed_pseudogene,14,42807378,42808112,-1,YWHAQ pseudogene 1 [Source:HGNC Symbol;Acc:HGNC:19937]
ENSG00000261064,LINC02256,lncRNA,15,32535890,32587613,1,long intergenic non-protein coding RNA 2256 [Source:HGNC Symbol;Acc:HGNC:53157]
ENSG00000261416,CORO1A-AS1,lncRNA,16,30183505,30184957,-1,CORO1A antisense RNA 1 [Source:HGNC Symbol;Acc:HGNC:55367]
ENSG00000262732,,lncRNA,16,13930675,13935635,-1,"novel transcript, antisense to ERCC4"
ENSG00000264695,,lncRNA,18,24489375,24491080,1,novel transcript
ENSG00000264743,DPRXP4,processed_pseudogene,17,30975387,30975954,1,divergent-paired related homeobox pseudogene 4 [Source:HGNC Symbol;Acc:HGNC:32170]
ENSG00000267152,,lncRNA,19,37728586,37730643,-1,novel transcript
ENSG00000267359,,lncRNA,17,35553205,35554767,1,"novel transcript, antisense SLFN14"
ENSG00000268505,,lncRNA,16,86190363,86200960,-1,novel transcript
ENSG00000270111,CELF2-DT,lncRNA,10,10326875,10462426,-1,CELF2 divergent transript [Source:HGNC Symbol;Acc:HGNC:54157]
ENSG00000270800,RPS10-NUDT3,protein_coding,6,34284887,34426071,-1,RPS10-NUDT3 readthrough [Source:HGNC Symbol;Acc:HGNC:49181]
ENSG00000273160,,lncRNA,1,167457742,167459891,-1,novel transcript
ENSG00000274210,RNVU1-27,snRNA,1,148522601,148522765,1,"RNA, variant U1 small nuclear 27 [Source:HGNC Symbol;Acc:HGNC:54431]"
ENSG00000274295,,processed_pseudogene,8,53394215,53394795,1,"polymerase (DNA directed), epsilon 2, accessory subunit (POLE2) pseudogene"
ENSG00000275141,MIR6888,miRNA,2,159186835,159186901,1,microRNA 6888 [Source:HGNC Symbol;Acc:HGNC:50071]
ENSG00000275801,,transcribed_unprocessed_pseudogene,1,160775954,160776608,-1,SLAM family member 9 (SLAMF9) pseudogene
ENSG00000276578,,transcribed_unprocessed_pseudogene,19,56485923,56494280,-1,"sulfotransferase family, cytosolic, 2A, dehydroepiandrosterone (DHEA)-preferring, member 1 (SULT2A1) pseudogene"
ENSG00000278994,,TEC,16,18201501,18201956,1,novel transcript
ENSG00000280337,DUX4L25,unprocessed_pseudogene,10,133667151,133668419,1,double homeobox 4 like 25 (pseudogene) [Source:HGNC Symbol;Acc:HGNC:50806]
ENSG00000283433,RNA5SP532,rRNA,20,29874059,29874177,1,"RNA, 5S ribosomal pseudogene 532 [Source:HGNC Symbol;Acc:HGNC:53801]"
ENSG00000283858,MIR3674,miRNA,8,1801125,1801192,1,microRNA 3674 [Source:HGNC Symbol;Acc:HGNC:38915]
ENSG00000080573,COL5A3,protein_coding,19,9959561,10010504,-1,collagen type V alpha 3 chain [Source:HGNC Symbol;Acc:HGNC:14864]
ENSG00000080822,CLDND1,protein_coding,3,98497912,98523066,-1,claudin domain containing 1 [Source:HGNC Symbol;Acc:HGNC:1322]
ENSG00000091128,LAMB4,protein_coding,7,108023548,108130361,-1,laminin subunit beta 4 [Source:HGNC Symbol;Acc:HGNC:6491]
ENSG00000100330,MTMR3,protein_coding,22,29883141,30030868,1,myotubularin related protein 3 [Source:HGNC Symbol;Acc:HGNC:7451]
ENSG00000101109,STK4,protein_coding,20,44966494,45084214,1,serine/threonine kinase 4 [Source:HGNC Symbol;Acc:HGNC:11408]
ENSG00000101198,NKAIN4,protein_coding,20,63240784,63272694,-1,sodium/potassium transporting ATPase interacting 4 [Source:HGNC Symbol;Acc:HGNC:16191]
ENSG00000105321,CCDC9,protein_coding,19,47255980,47274055,1,coiled-coil domain containing 9 [Source:HGNC Symbol;Acc:HGNC:24560]
ENSG00000105518,TMEM205,protein_coding,19,11342776,11346518,-1,transmembrane protein 205 [Source:HGNC Symbol;Acc:HGNC:29631]
ENSG00000107201,RIGI,protein_coding,9,32455302,32526348,-1,RNA sensor RIG-I [Source:HGNC Symbol;Acc:HGNC:19102]
ENSG00000108830,RND2,protein_coding,17,43025222,43032041,1,Rho family GTPase 2 [Source:HGNC Symbol;Acc:HGNC:18315]
ENSG00000112115,IL17A,protein_coding,6,52186375,52190638,1,interleukin 17A [Source:HGNC Symbol;Acc:HGNC:5981]
ENSG00000124486,USP9X,protein_coding,X,41085431,41236579,1,ubiquitin specific peptidase 9 X-linked [Source:HGNC Symbol;Acc:HGNC:12632]
ENSG00000128536,CDHR3,protein_coding,7,105876796,106036432,1,cadherin related family member 3 [Source:HGNC Symbol;Acc:HGNC:26308]
ENSG00000130640,TUBGCP2,protein_coding,10,133278635,133318823,-1,tubulin gamma complex component 2 [Source:HGNC Symbol;Acc:HGNC:18599]
ENSG00000131435,PDLIM4,protein_coding,5,132257644,132273454,1,PDZ and LIM domain 4 [Source:HGNC Symbol;Acc:HGNC:16501]
ENSG00000133107,TRPC4,protein_coding,13,37632063,37870204,-1,transient receptor potential cation channel subfamily C member 4 [Source:HGNC Symbol;Acc:HGNC:12336]
ENSG00000133641,RLIG1,protein_coding,12,88033846,88050160,1,RNA 5'-phosphate and 3'-OH ligase 1 [Source:HGNC Symbol;Acc:HGNC:25322]
ENSG00000135074,ADAM19,protein_coding,5,157395534,157575858,-1,ADAM metallopeptidase domain 19 [Source:HGNC Symbol;Acc:HGNC:197]
ENSG00000137077,CCL21,protein_coding,9,34709005,34710167,-1,C-C motif chemokine ligand 21 [Source:HGNC Symbol;Acc:HGNC:10620]
ENSG00000138434,ITPRID2,protein_coding,2,181891730,181930738,1,ITPR interacting domain containing 2 [Source:HGNC Symbol;Acc:HGNC:11319]
ENSG00000141367,CLTC,protein_coding,17,59619680,59696956,1,clathrin heavy chain [Source:HGNC Symbol;Acc:HGNC:2092]
ENSG00000145817,YIPF5,protein_coding,5,144158162,144170714,-1,Yip1 domain family member 5 [Source:HGNC Symbol;Acc:HGNC:24877]
ENSG00000151715,TMEM45B,protein_coding,11,129815791,129861265,1,transmembrane protein 45B [Source:HGNC Symbol;Acc:HGNC:25194]
ENSG00000154478,GPR26,protein_coding,10,123666355,123697399,1,G protein-coupled receptor 26 [Source:HGNC Symbol;Acc:HGNC:4481]
ENSG00000161132,PRODHLP,unprocessed_pseudogene,22,20299760,20313216,1,"proline dehydrogenase like, pseudogene [Source:HGNC Symbol;Acc:HGNC:56289]"
ENSG00000163093,BBS5,protein_coding,2,169479480,169506655,1,Bardet-Biedl syndrome 5 [Source:HGNC Symbol;Acc:HGNC:970]
ENSG00000163902,RPN1,protein_coding,3,128619968,128681075,-1,ribophorin I [Source:HGNC Symbol;Acc:HGNC:10381]
ENSG00000164038,SLC9B2,protein_coding,4,103019868,103085829,-1,solute carrier family 9 member B2 [Source:HGNC Symbol;Acc:HGNC:25143]
ENSG00000165204,OR1K1,protein_coding,9,122800123,122801073,1,olfactory receptor family 1 subfamily K member 1 [Source:HGNC Symbol;Acc:HGNC:8212]
ENSG00000165264,NDUFB6,protein_coding,9,32553001,32573184,-1,NADH:ubiquinone oxidoreductase subunit B6 [Source:HGNC Symbol;Acc:HGNC:7701]
ENSG00000167291,TBC1D16,protein_coding,17,79932343,80035877,-1,TBC1 domain family member 16 [Source:HGNC Symbol;Acc:HGNC:28356]
ENSG00000168621,GDNF,protein_coding,5,37812677,37840041,-1,glial cell derived neurotrophic factor [Source:HGNC Symbol;Acc:HGNC:4232]
ENSG00000171160,MORN4,protein_coding,10,97614551,97634135,-1,MORN repeat containing 4 [Source:HGNC Symbol;Acc:HGNC:24001]
ENSG00000171453,POLR1C,protein_coding,6,43509702,43562419,1,RNA polymerase I and III subunit C [Source:HGNC Symbol;Acc:HGNC:20194]
ENSG00000171999,OR52P2P,unitary_pseudogene,11,4431323,4432277,-1,olfactory receptor family 52 subfamily P member 2 pseudogene [Source:HGNC Symbol;Acc:HGNC:15233]
ENSG00000172377,OR9I1,protein_coding,11,58116742,58125530,-1,olfactory receptor family 9 subfamily I member 1 [Source:HGNC Symbol;Acc:HGNC:14718]
ENSG00000173064,HECTD4,protein_coding,12,112160188,112382439,-1,HECT domain E3 ubiquitin protein ligase 4 [Source:HGNC Symbol;Acc:HGNC:26611]
ENSG00000176515,,lncRNA,6,1079929,1104946,1,novel transcript
ENSG00000179632,MAF1,protein_coding,8,144103112,144107618,1,"MAF1 homolog, negative regulator of RNA polymerase III [Source:HGNC Symbol;Acc:HGNC:24966]"
ENSG00000180714,OR5AZ1P,unprocessed_pseudogene,11,57917297,57918239,-1,olfactory receptor family 5 subfamily AZ member 1 pseudogene [Source:HGNC Symbol;Acc:HGNC:15262]
ENSG00000188389,PDCD1,protein_coding,2,241849884,241858894,-1,programmed cell death 1 [Source:HGNC Symbol;Acc:HGNC:8760]
ENSG00000189067,LITAF,protein_coding,16,11546875,11636395,-1,lipopolysaccharide induced TNF factor [Source:HGNC Symbol;Acc:HGNC:16841]
ENSG00000199378,Y_RNA,misc_RNA,5,100021804,100021906,1,Y RNA [Source:RFAM;Acc:RF00019]
ENSG00000199636,Y_RNA,misc_RNA,18,24429505,24429609,1,Y RNA [Source:RFAM;Acc:RF00019]
ENSG00000200033,RNU6-403P,snRNA,1,221837334,221837437,-1,"RNA, U6 small nuclear 403, pseudogene [Source:HGNC Symbol;Acc:HGNC:47366]"
ENSG00000201113,RNU6-647P,snRNA,2,32214456,32214562,-1,"RNA, U6 small nuclear 647, pseudogene [Source:HGNC Symbol;Acc:HGNC:47610]"
ENSG00000201341,RNU6-421P,snRNA,X,49945336,49945442,-1,"RNA, U6 small nuclear 421, pseudogene [Source:HGNC Symbol;Acc:HGNC:47384]"
ENSG00000204264,PSMB8,protein_coding,6,32840717,32844679,-1,proteasome 20S subunit beta 8 [Source:HGNC Symbol;Acc:HGNC:9545]
ENSG00000205090,TMEM240,protein_coding,1,1534778,1540624,-1,transmembrane protein 240 [Source:HGNC Symbol;Acc:HGNC:25186]
ENSG00000207979,MIR527,miRNA,19,53754018,53754102,1,microRNA 527 [Source:HGNC Symbol;Acc:HGNC:32129]
ENSG00000213341,CHUK,protein_coding,10,100188300,100229596,-1,component of inhibitor of nuclear factor kappa B kinase complex [Source:HGNC Symbol;Acc:HGNC:1974]
ENSG00000215417,MIR17HG,lncRNA,13,91347686,91397592,1,miR-17-92a-1 cluster host gene [Source:HGNC Symbol;Acc:HGNC:23564]
ENSG00000225458,,lncRNA,20,41991140,42063969,1,novel transcript
ENSG00000225899,FRG2B,protein_coding,10,133623895,133626795,-1,FSHD region gene 2 family member B [Source:HGNC Symbol;Acc:HGNC:33518]
ENSG00000226426,,lncRNA,10,63953522,64037506,-1,novel transcript
ENSG00000228501,RPL15P18,processed_pseudogene,13,100150481,100151092,-1,ribosomal protein L15 pseudogene 18 [Source:HGNC Symbol;Acc:HGNC:36515]
ENSG00000228874,RPS24P10,transcribed_processed_pseudogene,3,15131848,15132208,-1,ribosomal protein S24 pseudogene 10 [Source:HGNC Symbol;Acc:HGNC:36554]
ENSG00000231238,LINC00349,lncRNA,13,18538858,18551214,1,long intergenic non-protein coding RNA 349 [Source:HGNC Symbol;Acc:HGNC:42667]
ENSG00000231722,CHMP4AP1,processed_pseudogene,2,81418723,81419302,-1,CHMP4A pseudogene 1 [Source:HGNC Symbol;Acc:HGNC:54739]
ENSG00000232794,HNRNPDP1,processed_pseudogene,X,64044305,64045058,1,heterogeneous nuclear ribonucleoprotein D pseudogene 1 [Source:HGNC Symbol;Acc:HGNC:5038]
ENSG00000234789,ASB6-AS1,lncRNA,9,129640451,129641527,1,ASB6 antisense RNA 1 [Source:HGNC Symbol;Acc:HGNC:58232]
ENSG00000235070,,lncRNA,2,226086623,226185651,-1,novel transcript
ENSG00000235605,,processed_pseudogene,1,234356704,234357141,-1,ribosomal protein S15 (RPS15) pseudogene
ENSG00000235813,,lncRNA,X,134599457,134606254,1,novel transcript
ENSG00000235823,OLMALINC,lncRNA,10,100372914,100454043,1,oligodendrocyte maturation-associated long intergenic non-coding RNA [Source:HGNC Symbol;Acc:HGNC:28060]
ENSG00000238286,SLC35E1P1,processed_pseudogene,13,20607268,20608131,1,solute carrier family 35 member E1 pseudogene 1 [Source:HGNC Symbol;Acc:HGNC:42046]
ENSG00000238316,,snoRNA,1,26642286,26642389,-1,
ENSG00000243346,RN7SL601P,misc_RNA,17,11157455,11157747,1,"RNA, 7SL, cytoplasmic 601, pseudogene [Source:HGNC Symbol;Acc:HGNC:46617]"
ENSG00000243957,RN7SL647P,misc_RNA,3,78115158,78115457,1,"RNA, 7SL, cytoplasmic 647, pseudogene [Source:HGNC Symbol;Acc:HGNC:46663]"
ENSG00000248973,,lncRNA,5,4423511,4867407,-1,novel transcript
ENSG00000249540,PHF5AP7,processed_pseudogene,3,141307612,141307933,-1,PHF5A pseudogene 7 [Source:HGNC Symbol;Acc:HGNC:56552]
ENSG00000251616,,lncRNA,5,133111055,133124490,-1,novel transcript
ENSG00000251854,RNU6-507P,snRNA,3,149779009,149779108,-1,"RNA, U6 small nuclear 507, pseudogene [Source:HGNC Symbol;Acc:HGNC:47470]"
ENSG00000252953,RNU6-232P,snRNA,3,125388934,125388997,1,"RNA, U6 small nuclear 232, pseudogene [Source:HGNC Symbol;Acc:HGNC:47195]"
ENSG00000253562,,lncRNA,8,99091738,99094060,-1,novel transcript
ENSG00000253899,,processed_pseudogene,8,27063996,27065278,-1,novel pseudogene
ENSG00000254453,NAV2-AS2,lncRNA,11,20029065,20049477,-1,NAV2 antisense RNA 2 [Source:HGNC Symbol;Acc:HGNC:40743]
ENSG00000254741,,lncRNA,8,143579636,143580670,1,novel transcript
ENSG00000255363,LINC02757,lncRNA,11,76607364,76630465,-1,long intergenic non-protein coding RNA 2757 [Source:HGNC Symbol;Acc:HGNC:54277]
ENSG00000256591,,protein_coding,11,61429220,61485822,1,novel transcript
ENSG00000256810,ADGRD1-AS2,lncRNA,12,131029110,131035487,-1,ADGRD1 antisense RNA 2 [Source:HGNC Symbol;Acc:HGNC:58275]
ENSG00000258502,LINC02290,lncRNA,14,66111557,66131716,1,long intergenic non-protein coding RNA 2290 [Source:HGNC Symbol;Acc:HGNC:53206]
ENSG00000259459,LINC02568,lncRNA,15,63381711,63438320,1,long intergenic non-protein coding RNA 2568 [Source:HGNC Symbol;Acc:HGNC:51430]
ENSG00000259941,,lncRNA,15,56394321,56396785,-1,novel transcript
ENSG00000262179,MYMX,protein_coding,6,44216926,44218236,1,"myomixer, myoblast fusion factor [Source:HGNC Symbol;Acc:HGNC:52391]"
ENSG00000262881,,lncRNA,17,45907670,45910779,-1,"novel transcript, antisense to MAPT"
ENSG00000263981,MIR5705,miRNA,4,87300495,87300583,-1,microRNA 5705 [Source:HGNC Symbol;Acc:HGNC:43504]
ENSG00000264358,MIR3122,miRNA,1,212077613,212077685,1,microRNA 3122 [Source:HGNC Symbol;Acc:HGNC:38320]
ENSG00000266378,,lncRNA,17,14327335,14329474,1,novel transcript
ENSG00000272160,RNU4-5P,snRNA,10,109869858,109869992,1,"RNA, U4 small nuclear 5, pseudogene [Source:HGNC Symbol;Acc:HGNC:10198]"
ENSG00000272900,OR10Q2P,unprocessed_pseudogene,11,58291826,58292765,-1,olfactory receptor family 10 subfamily Q member 2 pseudogene [Source:HGNC Symbol;Acc:HGNC:15135]
ENSG00000273079,GRIN2B,protein_coding,12,13437942,13982002,-1,glutamate ionotropic receptor NMDA type subunit 2B [Source:HGNC Symbol;Acc:HGNC:4586]
ENSG00000273677,,misc_RNA,11,32436311,32436447,1,
ENSG00000275024,,lncRNA,10,114280725,114281258,-1,"novel transcript, antisense to VWA2"
ENSG00000276667,,unprocessed_pseudogene,9,19895800,19895973,-1,CDC-like kinase 3 (CLK3) pseudogene
ENSG00000276956,RN7SL769P,misc_RNA,12,110360452,110360746,-1,"RNA, 7SL, cytoplasmic 769, pseudogene [Source:HGNC Symbol;Acc:HGNC:46785]"
ENSG00000281207,SLFNL1-AS1,lncRNA,1,41014590,41043890,1,SLFNL1 antisense RNA 1 [Source:HGNC Symbol;Acc:HGNC:44126]
ENSG00000281772,,TEC,2,148062154,148062577,1,TEC
ENSG00000011028,MRC2,protein_coding,17,62627670,62693597,1,mannose receptor C-type 2 [Source:HGNC Symbol;Acc:HGNC:16875]
ENSG00000071909,MYO3B,protein_coding,2,170178145,170655171,1,myosin IIIB [Source:HGNC Symbol;Acc:HGNC:15576]
ENSG00000077454,LRCH4,protein_coding,7,100574011,100586161,-1,leucine rich repeats and calponin homology domain containing 4 [Source:HGNC Symbol;Acc:HGNC:6691]
ENSG00000082068,WDR70,protein_coding,5,37379281,37753435,1,WD repeat domain 70 [Source:HGNC Symbol;Acc:HGNC:25495]
ENSG00000100997,ABHD12,protein_coding,20,25294742,25390866,-1,"abhydrolase domain containing 12, lysophospholipase [Source:HGNC Symbol;Acc:HGNC:15868]"
ENSG00000111218,PRMT8,protein_coding,12,3381349,3593977,1,protein arginine methyltransferase 8 [Source:HGNC Symbol;Acc:HGNC:5188]
ENSG00000116991,SIPA1L2,protein_coding,1,232397622,232631404,-1,signal induced proliferation associated 1 like 2 [Source:HGNC Symbol;Acc:HGNC:23800]
ENSG00000120498,TEX11,protein_coding,X,70528940,70908711,-1,testis expressed 11 [Source:HGNC Symbol;Acc:HGNC:11733]
ENSG00000121005,CRISPLD1,protein_coding,8,74984502,75034558,1,cysteine rich secretory protein LCCL domain containing 1 [Source:HGNC Symbol;Acc:HGNC:18206]
ENSG00000122733,PHF24,protein_coding,9,34957608,34982544,1,PHD finger protein 24 [Source:HGNC Symbol;Acc:HGNC:29180]
ENSG00000130433,CACNG6,protein_coding,19,53991637,54012666,1,calcium voltage-gated channel auxiliary subunit gamma 6 [Source:HGNC Symbol;Acc:HGNC:13625]
ENSG00000131355,ADGRE3,protein_coding,19,14599080,14690027,-1,adhesion G protein-coupled receptor E3 [Source:HGNC Symbol;Acc:HGNC:23647]
ENSG00000135930,EIF4E2,protein_coding,2,232550659,232583644,1,eukaryotic translation initiation factor 4E family member 2 [Source:HGNC Symbol;Acc:HGNC:3293]
ENSG00000142515,KLK3,protein_coding,19,50854915,50860764,1,kallikrein related peptidase 3 [Source:HGNC Symbol;Acc:HGNC:6364]
ENSG00000143110,C1orf162,protein_coding,1,111473792,111478512,1,chromosome 1 open reading frame 162 [Source:HGNC Symbol;Acc:HGNC:28344]
ENSG00000147604,RPL7,protein_coding,8,73290242,73295789,-1,ribosomal protein L7 [Source:HGNC Symbol;Acc:HGNC:10363]
ENSG00000148300,REXO4,protein_coding,9,133406059,133418096,-1,"REX4 homolog, 3'-5' exonuclease [Source:HGNC Symbol;Acc:HGNC:12820]"
ENSG00000157303,SUSD3,protein_coding,9,93058688,93085138,1,sushi domain containing 3 [Source:HGNC Symbol;Acc:HGNC:28391]
ENSG00000159784,FAM131B,protein_coding,7,143353400,143362815,-1,family with sequence similarity 131 member B [Source:HGNC Symbol;Acc:HGNC:22202]
ENSG00000163050,COQ8A,protein_coding,1,226938143,226987569,1,coenzyme Q8A [Source:HGNC Symbol;Acc:HGNC:16812]
ENSG00000163600,ICOS,protein_coding,2,203936763,203961577,1,inducible T cell costimulator [Source:HGNC Symbol;Acc:HGNC:5351]
ENSG00000164442,CITED2,protein_coding,6,139371807,139375909,-1,Cbp/p300 interacting transactivator with Glu/Asp rich carboxy-terminal domain 2 [Source:HGNC Symbol;Acc:HGNC:1987]
ENSG00000166090,IL25,protein_coding,14,23372809,23376403,1,interleukin 25 [Source:HGNC Symbol;Acc:HGNC:13765]
ENSG00000170037,CNTROB,protein_coding,17,7932101,7949920,1,"centrobin, centriole duplication and spindle assembly protein [Source:HGNC Symbol;Acc:HGNC:29616]"
ENSG00000198881,ASB12,protein_coding,X,64224194,64230607,-1,ankyrin repeat and SOCS box containing 12 [Source:HGNC Symbol;Acc:HGNC:19763]
ENSG00000199487,Y_RNA,misc_RNA,5,41963868,41963969,-1,Y RNA [Source:RFAM;Acc:RF00019]
ENSG00000202137,Y_RNA,misc_RNA,2,201808681,201808782,1,Y RNA [Source:RFAM;Acc:RF00019]
ENSG00000207014,SNORD116-3,snoRNA,15,25056860,25056954,1,"small nucleolar RNA, C/D box 116-3 [Source:HGNC Symbol;Acc:HGNC:33069]"
ENSG00000207261,RNU6-738P,snRNA,5,27111569,27111674,1,"RNA, U6 small nuclear 738, pseudogene [Source:HGNC Symbol;Acc:HGNC:47701]"
ENSG00000212176,RNA5SP207,rRNA_pseudogene,6,41239520,41239626,-1,"RNA, 5S ribosomal pseudogene 207 [Source:HGNC Symbol;Acc:HGNC:43107]"
ENSG00000214389,RPS3AP26,processed_pseudogene,7,98385801,98386584,-1,RPS3A pseudogene 26 [Source:HGNC Symbol;Acc:HGNC:36513]
ENSG00000214837,LINC01347,transcribed_unprocessed_pseudogene,1,243087710,243097299,-1,long intergenic non-protein coding RNA 1347 [Source:HGNC Symbol;Acc:HGNC:50566]
ENSG00000215035,FDPSP5,processed_pseudogene,X,44476027,44477422,-1,farnesyl diphosphate synthase pseudogene 5 [Source:HGNC Symbol;Acc:HGNC:3636]
ENSG00000223573,TINCR,protein_coding,19,5558167,5578349,-1,TINCR ubiquitin domain containing [Source:HGNC Symbol;Acc:HGNC:14607]
ENSG00000223733,RPL18AP14,processed_pseudogene,X,104803915,104804440,1,ribosomal protein L18a pseudogene 14 [Source:HGNC Symbol;Acc:HGNC:36624]
ENSG00000224122,POU6F2-AS1,lncRNA,7,39404569,39406592,-1,POU6F2 antisense RNA 1 [Source:HGNC Symbol;Acc:HGNC:40979]
ENSG00000224236,MRRFP1,processed_pseudogene,X,123116107,123117781,-1,mitochondrial ribosome recycling factor pseudogene 1 [Source:HGNC Symbol;Acc:HGNC:35238]
ENSG00000225355,ARL6IP1P2,processed_pseudogene,10,36995023,36995585,1,ARF like GTPase 6 interacting protein 1 pseudogene 2 [Source:HGNC Symbol;Acc:HGNC:44971]
ENSG00000226886,,transcribed_processed_pseudogene,2,132037787,132037993,-1,pseudogene similar to part of kinase suppressor of ras 1 (KSR1)
ENSG00000227719,,lncRNA,7,8114025,8116561,1,novel transcript
ENSG00000228793,,lncRNA,6,3585101,3720115,-1,novel transcript
ENSG00000229201,LINC02787,lncRNA,1,90474530,90607374,-1,long intergenic non-protein coding RNA 2787 [Source:HGNC Symbol;Acc:HGNC:54308]
ENSG00000229795,RPS21P1,transcribed_processed_pseudogene,1,235432985,235433231,1,ribosomal protein S21 pseudogene 1 [Source:HGNC Symbol;Acc:HGNC:36401]
ENSG00000230497,EEF1B2P8,processed_pseudogene,3,175059361,175060031,-1,eukaryotic translation elongation factor 1 beta 2 pseudogene 8 [Source:HGNC Symbol;Acc:HGNC:51455]
ENSG00000231694,,unprocessed_pseudogene,X,149760779,149760874,1,"melanoma antigen family A, 11 (MAGEA11) pseudogene"
ENSG00000232128,MTCO3P45,processed_pseudogene,2,94900990,94901602,1,MT-CO3 pseudogene 45 [Source:HGNC Symbol;Acc:HGNC:52148]
ENSG00000232525,SS18L2P1,processed_pseudogene,10,34875210,34875422,1,SS18 like 2 pseudogene 1 [Source:HGNC Symbol;Acc:HGNC:44965]
ENSG00000232528,,transcribed_unitary_pseudogene,20,1767957,1779995,-1,pseudogene similar to F830045P16Rik
ENSG00000233024,NPIPA9,protein_coding,16,18358086,18379331,-1,"nuclear pore complex interacting protein family, member A9 [Source:HGNC Symbol;Acc:HGNC:41984]"
ENSG00000233581,MARCHF4-AS1,lncRNA,2,216303325,216321737,1,MARCHF4 antisense RNA 1 [Source:HGNC Symbol;Acc:HGNC:58229]
ENSG00000233681,CEACAMP1,unprocessed_pseudogene,19,42620212,42633034,-1,CEA cell adhesion molecule pseudogene 1 [Source:HGNC Symbol;Acc:HGNC:1821]
ENSG00000234956,LINC02539,lncRNA,6,137730166,137792835,-1,long intergenic non-protein coding RNA 2539 [Source:HGNC Symbol;Acc:HGNC:53572]
ENSG00000235112,HSPE1P27,processed_pseudogene,1,21161475,21162081,1,heat shock protein family E (Hsp10) member 1 pseudogene 27 [Source:HGNC Symbol;Acc:HGNC:49346]
ENSG00000235447,TRAPPC13P1,processed_pseudogene,X,76655498,76656559,-1,trafficking protein particle complex 13 pseudogene 1 [Source:HGNC Symbol;Acc:HGNC:50347]
ENSG00000235806,,lncRNA,X,38770294,38800554,1,novel transcript
ENSG00000235908,RHOA-IT1,lncRNA,3,49365145,49367006,-1,RHOA intronic transcript 1 [Source:HGNC Symbol;Acc:HGNC:41308]
ENSG00000235942,LCE6A,protein_coding,1,152842856,152843983,1,late cornified envelope 6A [Source:HGNC Symbol;Acc:HGNC:31824]
ENSG00000236404,VLDLR-AS1,lncRNA,9,2301072,2622457,-1,VLDLR antisense RNA 1 [Source:HGNC Symbol;Acc:HGNC:49621]
ENSG00000237273,RSL24D1P8,processed_pseudogene,19,12096424,12096915,1,ribosomal L24 domain containing 1 pseudogene 8 [Source:HGNC Symbol;Acc:HGNC:37873]
ENSG00000237360,CHCHD4P2,processed_pseudogene,9,108097432,108097851,-1,coiled-coil-helix-coiled-coil-helix domain containing 4 pseudogene 2 [Source:HGNC Symbol;Acc:HGNC:44490]
ENSG00000239272,RPL21P10,processed_pseudogene,14,77683202,77683989,-1,ribosomal protein L21 pseudogene 10 [Source:HGNC Symbol;Acc:HGNC:19795]
ENSG00000240534,RPL34P17,processed_pseudogene,8,52313154,52313500,-1,ribosomal protein L34 pseudogene 17 [Source:HGNC Symbol;Acc:HGNC:36636]
ENSG00000243871,RN7SL487P,misc_RNA,15,43391384,43391727,-1,"RNA, 7SL, cytoplasmic 487, pseudogene [Source:HGNC Symbol;Acc:HGNC:46503]"
ENSG00000244274,DBNDD2,protein_coding,20,45405616,45410870,1,dysbindin domain containing 2 [Source:HGNC Symbol;Acc:HGNC:15881]
ENSG00000247324,,lncRNA,16,71462272,71465941,1,"novel transcript, antisense to ZNF23"
ENSG00000251440,STMN1P2,processed_pseudogene,4,137425426,137425864,-1,stathmin 1 pseudogene 2 [Source:HGNC Symbol;Acc:HGNC:44063]
ENSG00000252757,RN7SKP96,misc_RNA,4,86336318,86336614,-1,RN7SK pseudogene 96 [Source:HGNC Symbol;Acc:HGNC:45820]
ENSG00000252944,RNU6-897P,snRNA,6,104766822,104766926,1,"RNA, U6 small nuclear 897, pseudogene [Source:HGNC Symbol;Acc:HGNC:47860]"
ENSG00000253338,IGLV3-29,IG_V_pseudogene,22,22661299,22661542,1,immunoglobulin lambda variable 3-29 (pseudogene) [Source:HGNC Symbol;Acc:HGNC:5911]
ENSG00000254236,,lncRNA,8,103020187,103021428,-1,novel transcript
ENSG00000255499,,processed_pseudogene,11,55865709,55865820,1,Tripartite motif-containing pseudogene
ENSG00000257747,LINC02426,lncRNA,12,81953719,81993136,1,long intergenic non-protein coding RNA 2426 [Source:HGNC Symbol;Acc:HGNC:53357]
ENSG00000259334,LINC00596,lncRNA,14,23922247,23934568,-1,long intergenic non-protein coding RNA 596 [Source:HGNC Symbol;Acc:HGNC:23167]
ENSG00000259551,,lncRNA,15,84443425,84510812,1,novel transcript
ENSG00000259978,MRPS21P8,processed_pseudogene,16,49764454,49764688,1,mitochondrial ribosomal protein S21 pseudogene 8 [Source:HGNC Symbol;Acc:HGNC:29755]
ENSG00000260258,,transcribed_processed_pseudogene,16,52942139,52943005,1,novel pseudogene (KIAA1191)
ENSG00000260364,,lncRNA,16,65232004,65455451,1,novel transcript
ENSG00000260413,,transcribed_unprocessed_pseudogene,16,29312350,29331277,1,BTG3 associated nuclear protein (BANP) pseudogene
ENSG00000261215,,lncRNA,9,34661903,34666029,-1,novel transcript (novel gene-CCL27 readthrough)
ENSG00000261377,PDCD6IPP2,transcribed_unprocessed_pseudogene,15,28801366,28818999,1,PDCD6IP pseudogene 2 [Source:HGNC Symbol;Acc:HGNC:49873]
ENSG00000265846,MIR4276,miRNA,4,174423795,174423864,1,microRNA 4276 [Source:HGNC Symbol;Acc:HGNC:38232]
ENSG00000267253,WHSC1L2P,processed_pseudogene,17,43718314,43720436,-1,"Wolf-Hirschhorn syndrome candidate 1-like 2, pseudogene [Source:HGNC Symbol;Acc:HGNC:14647]"
ENSG00000267808,,lncRNA,19,51599286,51600472,1,novel transcript
ENSG00000268790,,protein_coding,19,16577642,16660115,-1,novel protein
ENSG00000270388,MTCO3P22,processed_pseudogene,5,100051133,100051916,-1,MT-CO3 pseudogene 22 [Source:HGNC Symbol;Acc:HGNC:52125]
ENSG00000271236,SUMO2P15,processed_pseudogene,15,40760597,40760874,1,SUMO2 pseudogene 15 [Source:HGNC Symbol;Acc:HGNC:49353]
ENSG00000271819,RNU6-94P,snRNA,15,50347423,50347529,-1,"RNA, U6 small nuclear 94, pseudogene [Source:HGNC Symbol;Acc:HGNC:47057]"
ENSG00000272374,SCUBE3-AS1,lncRNA,6,35220370,35224630,-1,SCUBE3 antisense RNA 1 [Source:HGNC Symbol;Acc:HGNC:56671]
ENSG00000273487,,lncRNA,1,92189237,92190707,1,novel transcript
ENSG00000273659,,lncRNA,16,76582556,76583098,1,novel transcript
ENSG00000274252,GGTLC3,protein_coding,22,18516338,18518161,-1,gamma-glutamyltransferase light chain family member 3 [Source:HGNC Symbol;Acc:HGNC:33426]
ENSG00000274299,,unprocessed_pseudogene,7,57270839,57275197,1,zinc finger protein 195 (ZNF195) pseudogene
ENSG00000276707,,lncRNA,17,36940049,36943456,-1,"novel transcript, antisense to LHX1"
ENSG00000277135,,lncRNA,15,96139472,96140452,-1,novel transcript
ENSG00000277913,,misc_RNA,13,50044649,50044768,1,
ENSG00000278870,OR51G1,protein_coding,11,4923374,4924339,-1,olfactory receptor family 51 subfamily G member 1 [Source:HGNC Symbol;Acc:HGNC:14738]
ENSG00000279092,,TEC,15,34415450,34420273,-1,TEC
ENSG00000279433,,TEC,18,77108284,77110537,-1,TEC
ENSG00000282925,,lncRNA,5,127588746,127590710,-1,novel transcript
ENSG00000006468,ETV1,protein_coding,7,13891229,13991425,-1,ETS variant transcription factor 1 [Source:HGNC Symbol;Acc:HGNC:3490]
ENSG00000050767,COL23A1,protein_coding,5,178237476,178590393,-1,collagen type XXIII alpha 1 chain [Source:HGNC Symbol;Acc:HGNC:22990]
ENSG00000058335,RASGRF1,protein_coding,15,78959906,79090780,-1,Ras protein specific guanine nucleotide releasing factor 1 [Source:HGNC Symbol;Acc:HGNC:9875]
ENSG00000063015,SEZ6,protein_coding,17,28954901,29006440,-1,seizure related 6 homolog [Source:HGNC Symbol;Acc:HGNC:15955]
ENSG00000066185,ZMYND12,protein_coding,1,42430329,42456253,-1,zinc finger MYND-type containing 12 [Source:HGNC Symbol;Acc:HGNC:21192]
ENSG00000099992,TBC1D10A,protein_coding,22,30291990,30326947,-1,TBC1 domain family member 10A [Source:HGNC Symbol;Acc:HGNC:23609]
ENSG00000100170,SLC5A1,protein_coding,22,32043050,32113029,1,solute carrier family 5 member 1 [Source:HGNC Symbol;Acc:HGNC:11036]
ENSG00000100505,TRIM9,protein_coding,14,50975261,51096078,-1,tripartite motif containing 9 [Source:HGNC Symbol;Acc:HGNC:16288]
ENSG00000104957,YJU2B,protein_coding,19,13731752,13763298,1,YJU2 splicing factor homolog B [Source:HGNC Symbol;Acc:HGNC:28118]
ENSG00000105137,SYDE1,protein_coding,19,15107364,15114988,1,synapse defective Rho GTPase homolog 1 [Source:HGNC Symbol;Acc:HGNC:25824]
ENSG00000107186,MPDZ,protein_coding,9,13104620,13279790,-1,multiple PDZ domain crumbs cell polarity complex component [Source:HGNC Symbol;Acc:HGNC:7208]
ENSG00000107798,LIPA,protein_coding,10,89212830,89415367,-1,"lipase A, lysosomal acid type [Source:HGNC Symbol;Acc:HGNC:6617]"
ENSG00000108381,ASPA,protein_coding,17,3472374,3503405,1,aspartoacylase [Source:HGNC Symbol;Acc:HGNC:756]
ENSG00000112146,FBXO9,protein_coding,6,53051991,53100873,1,F-box protein 9 [Source:HGNC Symbol;Acc:HGNC:13588]
ENSG00000123447,TYRL,transcribed_unprocessed_pseudogene,11,49405091,49415789,-1,tyrosinase like (pseudogene) [Source:HGNC Symbol;Acc:HGNC:12443]
ENSG00000125848,FLRT3,protein_coding,20,14322985,14337631,-1,fibronectin leucine rich transmembrane protein 3 [Source:HGNC Symbol;Acc:HGNC:3762]
ENSG00000152684,PELO,protein_coding,5,52787916,52804044,1,pelota mRNA surveillance and ribosome rescue factor [Source:HGNC Symbol;Acc:HGNC:8829]
ENSG00000153208,MERTK,protein_coding,2,111898607,112029561,1,"MER proto-oncogene, tyrosine kinase [Source:HGNC Symbol;Acc:HGNC:7027]"
ENSG00000156875,MFSD14A,protein_coding,1,100038076,100083945,1,major facilitator superfamily domain containing 14A [Source:HGNC Symbol;Acc:HGNC:23363]
ENSG00000161011,SQSTM1,protein_coding,5,179806398,179838078,1,sequestosome 1 [Source:HGNC Symbol;Acc:HGNC:11280]
ENSG00000163827,LRRC2,protein_coding,3,46515385,46607097,-1,leucine rich repeat containing 2 [Source:HGNC Symbol;Acc:HGNC:14676]
ENSG00000165886,UBTD1,protein_coding,10,97498913,97571206,1,ubiquitin domain containing 1 [Source:HGNC Symbol;Acc:HGNC:25683]
ENSG00000171720,HDAC3,protein_coding,5,141620778,141636867,-1,histone deacetylase 3 [Source:HGNC Symbol;Acc:HGNC:4854]
ENSG00000179270,PCARE,protein_coding,2,29060976,29074523,-1,photoreceptor cilium actin regulator [Source:HGNC Symbol;Acc:HGNC:34383]
ENSG00000180138,CSNK1A1L,protein_coding,13,37103259,37105664,-1,casein kinase 1 alpha 1 like [Source:HGNC Symbol;Acc:HGNC:20289]
ENSG00000180867,PDIA3P1,transcribed_processed_pseudogene,1,147178113,147179622,1,protein disulfide isomerase family A member 3 pseudogene 1 [Source:HGNC Symbol;Acc:HGNC:4607]
ENSG00000181626,ANKRD62,protein_coding,18,12093843,12129764,1,ankyrin repeat domain 62 [Source:HGNC Symbol;Acc:HGNC:35241]
ENSG00000187987,ZSCAN23,protein_coding,6,28425321,28443502,-1,zinc finger and SCAN domain containing 23 [Source:HGNC Symbol;Acc:HGNC:21193]
ENSG00000188383,GPAT2P2,transcribed_unprocessed_pseudogene,2,97081098,97083249,1,glycerol-3-phosphate acyltransferase 2 pseudogene 2 [Source:HGNC Symbol;Acc:HGNC:52331]
ENSG00000189299,FOXR2,protein_coding,X,55623400,55626192,1,forkhead box R2 [Source:HGNC Symbol;Acc:HGNC:30469]
ENSG00000196358,NTNG2,protein_coding,9,132161020,132244528,1,netrin G2 [Source:HGNC Symbol;Acc:HGNC:14288]
ENSG00000199424,Y_RNA,misc_RNA,X,136571705,136571815,-1,Y RNA [Source:RFAM;Acc:RF00019]
ENSG00000199932,RNU1-18P,snRNA,6,122211648,122211811,1,"RNA, U1 small nuclear 18, pseudogene [Source:HGNC Symbol;Acc:HGNC:41944]"
ENSG00000201950,SNORD113-9,snoRNA,14,100945649,100945720,1,"small nucleolar RNA, C/D box 113-9 [Source:HGNC Symbol;Acc:HGNC:32988]"
ENSG00000202356,RNA5SP277,rRNA_pseudogene,8,119891132,119891229,-1,"RNA, 5S ribosomal pseudogene 277 [Source:HGNC Symbol;Acc:HGNC:43177]"
ENSG00000207442,SNORD116-6,snoRNA,15,25065026,25065121,1,"small nucleolar RNA, C/D box 116-6 [Source:HGNC Symbol;Acc:HGNC:33072]"
ENSG00000207580,MIR526B,miRNA,19,53694393,53694475,1,microRNA 526b [Source:HGNC Symbol;Acc:HGNC:32100]
ENSG00000211781,TRAV7,TR_V_gene,14,21782993,21783503,1,T cell receptor alpha variable 7 [Source:HGNC Symbol;Acc:HGNC:12145]
ENSG00000213924,HNRNPH1P2,processed_pseudogene,X,143677153,143678362,-1,heterogeneous nuclear ribonucleoprotein H1 pseudogene 2 [Source:HGNC Symbol;Acc:HGNC:48810]
ENSG00000214562,NUTM2D,protein_coding,10,87357720,87370695,1,NUT family member 2D [Source:HGNC Symbol;Acc:HGNC:23447]
ENSG00000222685,RN7SKP119,misc_RNA,2,47359505,47359777,-1,RN7SK pseudogene 119 [Source:HGNC Symbol;Acc:HGNC:45843]
ENSG00000224857,LINC01691,lncRNA,1,121573946,121580524,-1,long intergenic non-protein coding RNA 1691 [Source:HGNC Symbol;Acc:HGNC:52479]
ENSG00000226308,,lncRNA,20,57266306,57282998,1,novel transcript
ENSG00000227505,SLIRPP1,processed_pseudogene,X,147801005,147801302,1,SLIRP. pseudogene 1 [Source:HGNC Symbol;Acc:HGNC:55149]
ENSG00000227511,,unprocessed_pseudogene,X,26170052,26170913,1,pseudogene similar to part of melanoma antigen family B proteins
ENSG00000229120,CYCSP4,processed_pseudogene,1,202369526,202370145,-1,CYCS pseudogene 4 [Source:HGNC Symbol;Acc:HGNC:24413]
ENSG00000229243,LINC01981,lncRNA,3,27830886,27834136,-1,long intergenic non-protein coding RNA 1981 [Source:HGNC Symbol;Acc:HGNC:52809]
ENSG00000231386,MOB4P1,processed_pseudogene,2,70810798,70811474,-1,MOB4 pseudogene 1 [Source:HGNC Symbol;Acc:HGNC:54749]
ENSG00000232625,RPL23AP31,processed_pseudogene,2,218841599,218842065,1,ribosomal protein L23a pseudogene 31 [Source:HGNC Symbol;Acc:HGNC:35777]
ENSG00000232734,ATP5MC1P7,processed_pseudogene,10,69432972,69433371,-1,ATP synthase membrane subunit c locus 1 pseudogene 7 [Source:HGNC Symbol;Acc:HGNC:39510]
ENSG00000233382,NKAPP1,transcribed_processed_pseudogene,X,120238193,120245099,-1,NFKB activating protein pseudogene 1 [Source:HGNC Symbol;Acc:HGNC:26706]
ENSG00000233954,UQCRHL,protein_coding,1,15807169,15809348,-1,ubiquinol-cytochrome c reductase hinge protein like [Source:HGNC Symbol;Acc:HGNC:51714]
ENSG00000234261,,lncRNA,6,14431376,15090403,-1,novel transcript
ENSG00000234327,ZNF232-AS1,lncRNA,17,5096979,5115004,1,ZNF232 antisense RNA 1 [Source:HGNC Symbol;Acc:HGNC:40623]
ENSG00000235647,MTFR2P2,processed_pseudogene,22,39750127,39751293,1,MTFR2 pseudogene 2 [Source:HGNC Symbol;Acc:HGNC:54774]
ENSG00000235760,MSH2-OT1,lncRNA,2,47526999,47535213,1,MSH2 overlapping transcript 1 [Source:HGNC Symbol;Acc:HGNC:40319]
ENSG00000236718,RBMY2QP,transcribed_unprocessed_pseudogene,Y,10022489,10034187,-1,"RNA binding motif protein Y-linked family 2 member Q, pseudogene [Source:HGNC Symbol;Acc:HGNC:23895]"
ENSG00000237980,LINC02773,lncRNA,1,212632369,212672054,-1,long intergenic non-protein coding RNA 2773 [Source:HGNC Symbol;Acc:HGNC:54293]
ENSG00000238190,HMGB1P15,transcribed_processed_pseudogene,X,50931114,50931548,-1,high mobility group box 1 pseudogene 15 [Source:HGNC Symbol;Acc:HGNC:39097]
ENSG00000238694,,snoRNA,4,34966241,34966344,-1,
ENSG00000241135,LINC00881,lncRNA,3,157089634,157381265,1,long intergenic non-protein coding RNA 881 [Source:HGNC Symbol;Acc:HGNC:48567]
ENSG00000246430,LINC00968,lncRNA,8,56494305,56560407,-1,long intergenic non-protein coding RNA 968 [Source:HGNC Symbol;Acc:HGNC:48727]
ENSG00000248507,OR5H4P,unprocessed_pseudogene,3,98222044,98222966,1,olfactory receptor family 5 subfamily H member 4 pseudogene [Source:HGNC Symbol;Acc:HGNC:14763]
ENSG00000250349,,protein_coding,X,37349330,38687674,1,novel proline rich Gla (G-carboxyglutamic acid) 1 (PRRG1) and tetraspanin 7 (TSPAN7) protein
ENSG00000250490,LINC02145,lncRNA,5,6310441,6339884,-1,long intergenic non-protein coding RNA 2145 [Source:HGNC Symbol;Acc:HGNC:53005]
ENSG00000251003,ZFPM2-AS1,lncRNA,8,105546089,106060524,-1,ZFPM2 antisense RNA 1 [Source:HGNC Symbol;Acc:HGNC:50698]
ENSG00000251306,NDUFB4P2,processed_pseudogene,5,59528861,59529251,1,NADH:ubiquinone oxidoreductase subunit B4 pseudogene 2 [Source:HGNC Symbol;Acc:HGNC:45250]
ENSG00000251515,CFAP53P1,processed_pseudogene,5,39571478,39572639,-1,CFAP53 pseudogene 1 [Source:HGNC Symbol;Acc:HGNC:43919]
ENSG00000252614,RNU6-807P,snRNA,15,101648206,101648312,-1,"RNA, U6 small nuclear 807, pseudogene [Source:HGNC Symbol;Acc:HGNC:47770]"
ENSG00000253819,LINC01151,lncRNA,8,122485194,122733804,-1,long intergenic non-protein coding RNA 1151 [Source:HGNC Symbol;Acc:HGNC:49471]
ENSG00000253963,IGLV3-2,IG_V_pseudogene,22,22873212,22873440,1,immunoglobulin lambda variable 3-2 (pseudogene) [Source:HGNC Symbol;Acc:HGNC:5904]
ENSG00000254064,PIWIL2-DT,lncRNA,8,22250849,22275329,-1,PIWIL2 divergent transcript [Source:HGNC Symbol;Acc:HGNC:55522]
ENSG00000254182,,processed_pseudogene,8,90701082,90701876,1,slowmo homolog 2 (Drosophila) (SLMO2) pseudogene
ENSG00000254585,MAGEL2,protein_coding,15,23643549,23647867,-1,MAGE family member L2 [Source:HGNC Symbol;Acc:HGNC:6814]
ENSG00000255949,RPS6KB2-AS1,lncRNA,11,67431367,67435399,-1,RPS6KB2 antisense RNA 1 [Source:HGNC Symbol;Acc:HGNC:53744]
ENSG00000257109,OR4F28P,unprocessed_pseudogene,15,101875964,101876901,1,olfactory receptor family 4 subfamily F member 28 pseudogene [Source:HGNC Symbol;Acc:HGNC:31229]
ENSG00000258289,CHURC1,protein_coding,14,64914361,64944591,1,churchill domain containing 1 [Source:HGNC Symbol;Acc:HGNC:20099]
ENSG00000258789,,lncRNA,14,88551597,88552493,1,"novel transcript, antisense to PTPN21"
ENSG00000259656,,lncRNA,15,49101791,49103264,1,novel transcript
ENSG00000260847,,lncRNA,16,32188333,32193530,1,novel transcript
ENSG00000260891,,lncRNA,16,68212401,68221671,-1,"novel transcript, intronic to NFATC3"
ENSG00000261485,PAN3-AS1,lncRNA,13,28136561,28138497,-1,PAN3 antisense RNA 1 [Source:HGNC Symbol;Acc:HGNC:39932]
ENSG00000262271,,processed_pseudogene,17,53434131,53435829,1,phosphatidylinositol 4-kinase type 2 alpha (PI4K2A) pseudogene
ENSG00000265260,RN7SL74P,misc_RNA,X,97341046,97341344,1,"RNA, 7SL, cytoplasmic 74, pseudogene [Source:HGNC Symbol;Acc:HGNC:46090]"
ENSG00000266200,PNLIPRP2,protein_coding,10,116620953,116645143,1,pancreatic lipase related protein 2 (gene/pseudogene) [Source:HGNC Symbol;Acc:HGNC:9157]
ENSG00000268288,,lncRNA,1,151766486,151767000,-1,"novel transcript, antisense to OAZ3"
ENSG00000270526,SNRPGP19,processed_pseudogene,11,65514403,65514923,-1,small nuclear ribonucleoprotein polypeptide G pseudogene 19 [Source:HGNC Symbol;Acc:HGNC:49375]
ENSG00000271028,,processed_pseudogene,11,43063637,43065932,-1,"MAN1B1 mannosidase, alpha, class 1B, member 1, pseudogene"
ENSG00000271216,LINC01050,lncRNA,13,42810348,42819861,-1,long intergenic non-protein coding RNA 1050 [Source:HGNC Symbol;Acc:HGNC:49044]
ENSG00000271893,,lncRNA,2,195451778,195546947,-1,novel transcript
ENSG00000273973,,lncRNA,12,55929170,55929729,1,"novel transcript, sense intronic to DGKA"
ENSG00000275881,Metazoa_SRP,misc_RNA,12,62393607,62393880,-1,Metazoan signal recognition particle RNA [Source:RFAM;Acc:RF00017]
ENSG00000277081,,misc_RNA,12,97564174,97564327,1,
ENSG00000278775,,misc_RNA,21,8433085,8433174,1,
ENSG00000280062,,TEC,16,1530715,1533301,1,TEC
ENSG00000280607,,lncRNA,16,29808679,29812227,1,novel transcript
ENSG00000281426,MIR548BB,miRNA,3,60617805,60617870,-1,microRNA 548bb [Source:HGNC Symbol;Acc:HGNC:50834]
ENSG00000056972,TRAF3IP2,protein_coding,6,111555381,111606910,-1,TRAF3 interacting protein 2 [Source:HGNC Symbol;Acc:HGNC:1343]
ENSG00000082258,CCNT2,protein_coding,2,134918235,134959342,1,cyclin T2 [Source:HGNC Symbol;Acc:HGNC:1600]
ENSG00000092377,TBL1Y,protein_coding,Y,6910686,7101970,1,transducin beta like 1 Y-linked [Source:HGNC Symbol;Acc:HGNC:18502]
ENSG00000101200,AVP,protein_coding,20,3082556,3084724,-1,arginine vasopressin [Source:HGNC Symbol;Acc:HGNC:894]
ENSG00000105372,RPS19,protein_coding,19,41860255,41872925,1,ribosomal protein S19 [Source:HGNC Symbol;Acc:HGNC:10402]
ENSG00000110768,GTF2H1,protein_coding,11,18322276,18367045,1,general transcription factor IIH subunit 1 [Source:HGNC Symbol;Acc:HGNC:4655]
ENSG00000111450,STX2,protein_coding,12,130789600,130839265,-1,syntaxin 2 [Source:HGNC Symbol;Acc:HGNC:3403]
ENSG00000118181,RPS25,protein_coding,11,119015508,119018724,-1,ribosomal protein S25 [Source:HGNC Symbol;Acc:HGNC:10413]
ENSG00000136630,HLX,protein_coding,1,220879431,220885059,1,H2.0 like homeobox [Source:HGNC Symbol;Acc:HGNC:4978]
ENSG00000137776,SLTM,protein_coding,15,58879049,58933991,-1,SAFB like transcription modulator [Source:HGNC Symbol;Acc:HGNC:20709]
ENSG00000138039,LHCGR,protein_coding,2,48686774,48755730,-1,luteinizing hormone/choriogonadotropin receptor [Source:HGNC Symbol;Acc:HGNC:6585]
ENSG00000141759,TXNL4A,protein_coding,18,79970813,80033949,-1,thioredoxin like 4A [Source:HGNC Symbol;Acc:HGNC:30551]
ENSG00000144843,ADPRH,protein_coding,3,119579268,119590165,1,ADP-ribosylarginine hydrolase [Source:HGNC Symbol;Acc:HGNC:269]
ENSG00000165684,SNAPC4,protein_coding,9,136375567,136400176,-1,small nuclear RNA activating complex polypeptide 4 [Source:HGNC Symbol;Acc:HGNC:11137]
ENSG00000175984,DENND2C,protein_coding,1,114582848,114670451,-1,DENN domain containing 2C [Source:HGNC Symbol;Acc:HGNC:24748]
ENSG00000183307,TMEM121B,protein_coding,22,17116297,17121367,-1,transmembrane protein 121B [Source:HGNC Symbol;Acc:HGNC:1844]
ENSG00000186352,ANKRD37,protein_coding,4,185396021,185400628,1,ankyrin repeat domain 37 [Source:HGNC Symbol;Acc:HGNC:29593]
ENSG00000187172,BAGE2,transcribed_unprocessed_pseudogene,21,10454134,10516431,1,BAGE family member 2 (pseudogene) [Source:HGNC Symbol;Acc:HGNC:15723]
ENSG00000196228,SULT1C3,protein_coding,2,108239968,108266254,1,sulfotransferase family 1C member 3 [Source:HGNC Symbol;Acc:HGNC:33543]
ENSG00000197312,DDI2,protein_coding,1,15617458,15669044,1,DNA damage inducible 1 homolog 2 [Source:HGNC Symbol;Acc:HGNC:24578]
ENSG00000197415,VEPH1,protein_coding,3,157259742,157533619,-1,ventricular zone expressed PH domain containing 1 [Source:HGNC Symbol;Acc:HGNC:25735]
ENSG00000201827,,snoRNA,3,133551186,133551315,1,
ENSG00000203858,HSD3BP2,unprocessed_pseudogene,1,119439001,119446086,1,"hydroxy-delta-5-steroid dehydrogenase, 3 beta, pseudogene 2 [Source:HGNC Symbol;Acc:HGNC:5220]"
ENSG00000206026,SMIM21,protein_coding,18,75409476,75427703,-1,small integral membrane protein 21 [Source:HGNC Symbol;Acc:HGNC:27598]
ENSG00000206384,COL6A6,protein_coding,3,130517177,130677044,1,collagen type VI alpha 6 chain [Source:HGNC Symbol;Acc:HGNC:27023]
ENSG00000207051,SNORA27,snoRNA,13,27255401,27255526,1,"small nucleolar RNA, H/ACA box 27 [Source:HGNC Symbol;Acc:HGNC:32617]"
ENSG00000207480,Y_RNA,misc_RNA,4,88330176,88330278,-1,Y RNA [Source:RFAM;Acc:RF00019]
ENSG00000212133,RNU6-1168P,snRNA,2,88383494,88383597,-1,"RNA, U6 small nuclear 1168, pseudogene [Source:HGNC Symbol;Acc:HGNC:48131]"
ENSG00000212147,RNU6-1106P,snRNA,6,105045562,105045668,-1,"RNA, U6 small nuclear 1106, pseudogene [Source:HGNC Symbol;Acc:HGNC:48069]"
ENSG00000213244,H3P4,transcribed_unprocessed_pseudogene,1,121118195,121118610,-1,H3 histone pseudogene 4 [Source:HGNC Symbol;Acc:HGNC:43797]
ENSG00000214646,COMMD4P1,transcribed_unprocessed_pseudogene,15,77941442,77942747,-1,COMM domain containing 4 pseudogene 1 [Source:HGNC Symbol;Acc:HGNC:51909]
ENSG00000214960,CRPPA,protein_coding,7,16087525,16502504,-1,CDP-L-ribitol pyrophosphorylase A [Source:HGNC Symbol;Acc:HGNC:37276]
ENSG00000215399,HMGB3P7,processed_pseudogene,13,101801878,101802488,1,high mobility group box 3 pseudogene 7 [Source:HGNC Symbol;Acc:HGNC:39299]
ENSG00000215805,,processed_pseudogene,1,239972787,239974245,1,3-hydroxy-3-methylglutaryl-Coenzyme A synthase 1 (soluble) (HMGCS1) pseudogene
ENSG00000222500,RNA5SP475,rRNA_pseudogene,20,15280764,15280873,-1,"RNA, 5S ribosomal pseudogene 475 [Source:HGNC Symbol;Acc:HGNC:43375]"
ENSG00000223247,RNU2-64P,snRNA,3,73110992,73111182,1,"RNA, U2 small nuclear 64, pseudogene [Source:HGNC Symbol;Acc:HGNC:48557]"
ENSG00000223488,MAPK6P2,processed_pseudogene,21,22436290,22438349,-1,mitogen-activated protein kinase 6 pseudogene 2 [Source:HGNC Symbol;Acc:HGNC:16756]
ENSG00000225383,SFTA1P,lncRNA,10,10784436,10798639,-1,"surfactant associated 1, lncRNA [Source:HGNC Symbol;Acc:HGNC:18383]"
ENSG00000225582,,lncRNA,17,34479272,34482148,1,novel transcript
ENSG00000226608,FTLP3,processed_pseudogene,20,4023917,4024444,1,ferritin light chain pseudogene 3 [Source:HGNC Symbol;Acc:HGNC:4000]
ENSG00000227560,RPS15AP30,processed_pseudogene,10,112987476,112987865,1,ribosomal protein S15a pseudogene 30 [Source:HGNC Symbol;Acc:HGNC:35495]
ENSG00000227687,,lncRNA,1,205935128,205935768,1,novel transcript
ENSG00000228740,GABRG3-AS1,lncRNA,15,27038978,27161319,-1,GABRG3 antisense RNA 1 [Source:HGNC Symbol;Acc:HGNC:40249]
ENSG00000229217,CYCSP11,processed_pseudogene,3,10057973,10058287,-1,CYCS pseudogene 11 [Source:HGNC Symbol;Acc:HGNC:24385]
ENSG00000230313,HCG24,lncRNA,6,33144783,33147767,1,HLA complex group 24 [Source:HGNC Symbol;Acc:HGNC:23500]
ENSG00000230947,,lncRNA,22,24598054,24599398,1,novel transcript
ENSG00000231621,ANKRD44-AS1,lncRNA,2,197197888,197201662,1,ANKRD44 antisense RNA 1 [Source:HGNC Symbol;Acc:HGNC:41090]
ENSG00000232081,LARGE-IT1,lncRNA,22,33723832,33724912,-1,LARGE intronic transcript 1 [Source:HGNC Symbol;Acc:HGNC:41357]
ENSG00000232140,,lncRNA,2,120552481,120558119,-1,novel transcript
ENSG00000232374,GPR79,processed_pseudogene,3,158841093,158841960,-1,G protein-coupled receptor 79 (pseudogene) [Source:HGNC Symbol;Acc:HGNC:4529]
ENSG00000232873,RPL23AP93,processed_pseudogene,3,194562978,194564001,-1,ribosomal protein L23a pseudogene 93 [Source:HGNC Symbol;Acc:HGNC:51628]
ENSG00000234356,,processed_pseudogene,7,10476581,10476878,1,CDK2-associated protein 2 (CDK2AP2) pseudogene
ENSG00000235820,,lncRNA,20,5533628,5535889,1,novel transcript
ENSG00000236285,NPM1P8,processed_pseudogene,X,32205902,32206738,1,nucleophosmin 1 pseudogene 8 [Source:HGNC Symbol;Acc:HGNC:7928]
ENSG00000236806,RPL7AP15,processed_pseudogene,1,147223554,147224348,1,ribosomal protein L7a pseudogene 15 [Source:HGNC Symbol;Acc:HGNC:36873]
ENSG00000237464,,lncRNA,20,45487381,45557424,1,novel transcript
ENSG00000237917,PARP4P1,unprocessed_pseudogene,Y,26594851,26634652,-1,poly(ADP-ribose) polymerase family member 4 pseudogene 1 [Source:HGNC Symbol;Acc:HGNC:18500]
ENSG00000239899,RN7SL674P,misc_RNA,2,11584773,11585047,1,"RNA, 7SL, cytoplasmic 674, pseudogene [Source:HGNC Symbol;Acc:HGNC:46690]"
ENSG00000240189,RN7SL621P,misc_RNA,8,33580210,33580508,-1,"RNA, 7SL, cytoplasmic 621, pseudogene [Source:HGNC Symbol;Acc:HGNC:46637]"
ENSG00000244194,RN7SL218P,misc_RNA,4,74011578,74011876,1,"RNA, 7SL, cytoplasmic 218, pseudogene [Source:HGNC Symbol;Acc:HGNC:46234]"
ENSG00000248923,MTND5P11,processed_pseudogene,5,134924648,134926459,-1,MT-ND5 pseudogene 11 [Source:HGNC Symbol;Acc:HGNC:42273]
ENSG00000249547,,lncRNA,4,23234625,23285573,-1,novel transcript
ENSG00000250378,,lncRNA,5,135812667,135827546,1,novel transcript
ENSG00000250474,WBP1LP2,processed_pseudogene,7,107628553,107629550,1,WBP1L pseudogene 2 [Source:HGNC Symbol;Acc:HGNC:43949]
ENSG00000250749,,processed_pseudogene,5,180534184,180534642,-1,proteolipid protein 2 (colonic epithelium-enriched) (PLP2) pseudogene
ENSG00000252671,Y_RNA,misc_RNA,5,10337277,10337386,1,Y RNA [Source:RFAM;Acc:RF00019]
ENSG00000252734,RNU6-980P,snRNA,19,53732981,53733083,-1,"RNA, U6 small nuclear 980, pseudogene [Source:HGNC Symbol;Acc:HGNC:47943]"
ENSG00000254418,SPON1-AS1,lncRNA,11,14262846,14273691,-1,SPON1 antisense RNA 1 [Source:HGNC Symbol;Acc:HGNC:53117]
ENSG00000256986,,unprocessed_pseudogene,12,34162477,34163442,1,"FAM166A, pseudogene 2"
ENSG00000258760,,lncRNA,14,65236480,65318790,-1,novel transcript
ENSG00000260773,,lncRNA,15,66314914,66331703,-1,"novel transcript, antisense to DIS3L"
ENSG00000264426,MIR4283-1,miRNA,7,56955785,56955864,-1,microRNA 4283-1 [Source:HGNC Symbol;Acc:HGNC:38238]
ENSG00000266412,NCOA4,protein_coding,10,46005085,46030669,-1,nuclear receptor coactivator 4 [Source:HGNC Symbol;Acc:HGNC:7671]
ENSG00000266598,,lncRNA,17,65051909,65053308,1,"novel transcript, antisense to GNA13"
ENSG00000266931,,transcribed_unprocessed_pseudogene,2,87055658,87076060,-1,required for meiotic nuclear division 5 homolog A (S. cerevisiae) (RMND5A) pseudogene
ENSG00000267182,SNRPCP20,processed_pseudogene,16,5289200,5289409,-1,small nuclear ribonucleoprotein polypeptide C pseudogene 20 [Source:HGNC Symbol;Acc:HGNC:49835]
ENSG00000268583,,lncRNA,19,48204071,48215134,1,"novel transcript, antisense to CARD8"
ENSG00000268669,,unprocessed_pseudogene,19,49042174,49042731,1,neurotrophin 4 (NTF4) pseudogene
ENSG00000268994,FAM236B,protein_coding,X,72781865,72782660,-1,family with sequence similarity 236 member B [Source:HGNC Symbol;Acc:HGNC:52640]
ENSG00000270718,,processed_pseudogene,12,39170646,39170880,1,cytochrome c oxidase subunit VIIb (COX7B) pseudogene
ENSG00000271709,,lncRNA,2,120866378,120867404,-1,novel transcript
ENSG00000271980,CCT5-AS1,lncRNA,5,10264597,10267146,-1,CCT5 antisense RNA 1 [Source:HGNC Symbol;Acc:HGNC:58210]
ENSG00000272108,,lncRNA,5,141118680,141120765,1,novel transcript
ENSG00000272463,,lncRNA,6,708592,711811,-1,novel transcript
ENSG00000273340,MICE,transcribed_unprocessed_pseudogene,6,29741731,29748969,-1,MHC class I polypeptide-related sequence E (pseudogene) [Source:HGNC Symbol;Acc:HGNC:7094]
ENSG00000274698,,lncRNA,16,68450283,68452318,1,novel transcript
ENSG00000277639,CHD9NB,protein_coding,16,53035690,53052897,-1,CHD9 neighbor [Source:HGNC Symbol;Acc:HGNC:53436]
ENSG00000277720,H3C5P,unprocessed_pseudogene,6,26219045,26219240,1,"H3 clustered histone 5, pseudogene [Source:HGNC Symbol;Acc:HGNC:54427]"
ENSG00000279649,,TEC,16,68290087,68292790,-1,novel transcript
ENSG00000282041,,lncRNA,22,35376422,35377261,1,novel transcript
ENSG00000283071,LBHD2,protein_coding,14,103084210,103090027,1,LBH domain containing 2 [Source:HGNC Symbol;Acc:HGNC:52384]
ENSG00000283200,MIR1206,miRNA,8,128008898,128008956,1,microRNA 1206 [Source:HGNC Symbol;Acc:HGNC:35272]
ENSG00000283487,MIR4501,miRNA,13,96427229,96427292,1,microRNA 4501 [Source:HGNC Symbol;Acc:HGNC:41650]
ENSG00000283836,MIR6734,miRNA,1,43364648,43364715,-1,microRNA 6734 [Source:HGNC Symbol;Acc:HGNC:50219]
ENSG00000284258,MIR8085,miRNA,19,44758657,44758721,1,microRNA 8085 [Source:HGNC Symbol;Acc:HGNC:50120]
ENSG00000067225,PKM,protein_coding,15,72199026,72231819,-1,pyruvate kinase M1/2 [Source:HGNC Symbol;Acc:HGNC:9021]
ENSG00000075711,DLG1,protein_coding,3,197042560,197299330,-1,discs large MAGUK scaffold protein 1 [Source:HGNC Symbol;Acc:HGNC:2900]
ENSG00000080189,SLC35C2,protein_coding,20,46345980,46364458,-1,solute carrier family 35 member C2 [Source:HGNC Symbol;Acc:HGNC:17117]
ENSG00000089159,PXN,protein_coding,12,120210439,120265795,-1,paxillin [Source:HGNC Symbol;Acc:HGNC:9718]
ENSG00000090060,PAPOLA,protein_coding,14,96501433,96567118,1,poly(A) polymerase alpha [Source:HGNC Symbol;Acc:HGNC:14981]
ENSG00000101557,USP14,protein_coding,18,158351,214629,1,ubiquitin specific peptidase 14 [Source:HGNC Symbol;Acc:HGNC:12612]
ENSG00000112116,IL17F,protein_coding,6,52236681,52245689,-1,interleukin 17F [Source:HGNC Symbol;Acc:HGNC:16404]
ENSG00000113100,CDH9,protein_coding,5,26880597,27121150,-1,cadherin 9 [Source:HGNC Symbol;Acc:HGNC:1768]
ENSG00000114248,LRRC31,protein_coding,3,169837917,169870000,-1,leucine rich repeat containing 31 [Source:HGNC Symbol;Acc:HGNC:26261]
ENSG00000117450,PRDX1,protein_coding,1,45510914,45542816,-1,peroxiredoxin 1 [Source:HGNC Symbol;Acc:HGNC:9352]
ENSG00000119487,MAPKAP1,protein_coding,9,125437393,125707266,-1,MAPK associated protein 1 [Source:HGNC Symbol;Acc:HGNC:18752]
ENSG00000132478,UNK,protein_coding,17,75784806,75825799,1,unk zinc finger [Source:HGNC Symbol;Acc:HGNC:29369]
ENSG00000138069,RAB1A,protein_coding,2,65070696,65130986,-1,"RAB1A, member RAS oncogene family [Source:HGNC Symbol;Acc:HGNC:9758]"
ENSG00000141401,IMPA2,protein_coding,18,11981025,12030877,1,inositol monophosphatase 2 [Source:HGNC Symbol;Acc:HGNC:6051]
ENSG00000143921,ABCG8,protein_coding,2,43831942,43882988,1,ATP binding cassette subfamily G member 8 [Source:HGNC Symbol;Acc:HGNC:13887]
ENSG00000149609,C20orf144,protein_coding,20,33662327,33665619,1,chromosome 20 open reading frame 144 [Source:HGNC Symbol;Acc:HGNC:16137]
ENSG00000153790,SPMIP4,protein_coding,7,25134692,25180356,-1,sperm microtubule inner protein 4 [Source:HGNC Symbol;Acc:HGNC:21722]
ENSG00000153989,NUS1,protein_coding,6,117675469,117710727,1,NUS1 dehydrodolichyl diphosphate synthase subunit [Source:HGNC Symbol;Acc:HGNC:21042]
ENSG00000164916,FOXK1,protein_coding,7,4682295,4771442,1,forkhead box K1 [Source:HGNC Symbol;Acc:HGNC:23480]
ENSG00000166716,ZNF592,protein_coding,15,84748362,84806445,1,zinc finger protein 592 [Source:HGNC Symbol;Acc:HGNC:28986]
ENSG00000166762,CATSPER2,protein_coding,15,43628503,43668118,-1,cation channel sperm associated 2 [Source:HGNC Symbol;Acc:HGNC:18810]
ENSG00000168214,RBPJ,protein_coding,4,26163455,26435131,1,recombination signal binding protein for immunoglobulin kappa J region [Source:HGNC Symbol;Acc:HGNC:5724]
ENSG00000169744,LDB2,protein_coding,4,16501534,16898924,-1,LIM domain binding 2 [Source:HGNC Symbol;Acc:HGNC:6533]
ENSG00000171495,MROH2B,protein_coding,5,40998017,41071342,-1,maestro heat like repeat family member 2B [Source:HGNC Symbol;Acc:HGNC:26857]
ENSG00000171724,VAT1L,protein_coding,16,77788564,77980107,1,vesicle amine transport 1 like [Source:HGNC Symbol;Acc:HGNC:29315]
ENSG00000176754,LINC00303,lncRNA,1,204032445,204073990,-1,long intergenic non-protein coding RNA 303 [Source:HGNC Symbol;Acc:HGNC:26865]
ENSG00000198842,STYXL2,protein_coding,1,167094075,167129165,1,serine/threonine/tyrosine interacting like 2 [Source:HGNC Symbol;Acc:HGNC:25034]
ENSG00000198876,DCAF12,protein_coding,9,34086384,34127399,-1,DDB1 and CUL4 associated factor 12 [Source:HGNC Symbol;Acc:HGNC:19911]
ENSG00000200238,RNA5SP133,rRNA_pseudogene,3,56185104,56185222,1,"RNA, 5S ribosomal pseudogene 133 [Source:HGNC Symbol;Acc:HGNC:43033]"
ENSG00000200620,,snoRNA,X,15716208,15716346,1,
ENSG00000201588,RNA5S2,rRNA,1,228612509,228612627,-1,"RNA, 5S ribosomal 2 [Source:HGNC Symbol;Acc:HGNC:34363]"
ENSG00000201922,RNU1-43P,snRNA,3,103159960,103160124,1,"RNA, U1 small nuclear 43, pseudogene [Source:HGNC Symbol;Acc:HGNC:48385]"
ENSG00000204186,ZDBF2,protein_coding,2,206274657,206314437,1,zinc finger DBF-type containing 2 [Source:HGNC Symbol;Acc:HGNC:29313]
ENSG00000206828,RNVU1-30,snRNA,1,149636766,149636929,1,"RNA, variant U1 small nuclear 30 [Source:HGNC Symbol;Acc:HGNC:54434]"
ENSG00000206907,RNU6-1013P,snRNA,9,111839828,111839934,1,"RNA, U6 small nuclear 1013, pseudogene [Source:HGNC Symbol;Acc:HGNC:47976]"
ENSG00000207241,SNORD45A,snoRNA,1,75787889,75787972,1,"small nucleolar RNA, C/D box 45A [Source:HGNC Symbol;Acc:HGNC:10184]"
ENSG00000207445,SNORD15B,snoRNA,11,75404421,75404566,1,"small nucleolar RNA, C/D box 15B [Source:HGNC Symbol;Acc:HGNC:16649]"
ENSG00000208001,MIR431,miRNA,14,100881007,100881120,1,microRNA 431 [Source:HGNC Symbol;Acc:HGNC:32027]
ENSG00000213083,VPS26CP1,processed_pseudogene,2,206686517,206687362,-1,VPS26C pseudogene 1 [Source:HGNC Symbol;Acc:HGNC:54684]
ENSG00000213956,,processed_pseudogene,5,50633124,50633602,1,PPIAL4A peptidylprolyl isomerase A (cyclophilin A)-like 4A (PPIAL4A) pseudogene
ENSG00000214553,LRRC37A11P,transcribed_unprocessed_pseudogene,17,39027277,39045347,1,"leucine rich repeat containing 37 member A11, pseudogene [Source:HGNC Symbol;Acc:HGNC:43815]"
ENSG00000214754,SRSF8CP,transcribed_processed_pseudogene,7,47052793,47053674,1,"serine and arginine rich splicing factor 8C, pseudogene [Source:HGNC Symbol;Acc:HGNC:55911]"
ENSG00000222095,,snoRNA,14,100994257,100994330,1,
ENSG00000226669,,lncRNA,9,3684076,3689626,-1,novel transcript
ENSG00000227555,MIR4290HG,lncRNA,9,90020654,90041499,-1,MIR4290 host gene [Source:HGNC Symbol;Acc:HGNC:27861]
ENSG00000227716,,lncRNA,21,23408555,23490724,1,novel transcript
ENSG00000228112,,processed_pseudogene,3,33727250,33727604,-1,interferon induced transmembrane protein 1 (9-27) (IFITM1) pseudogene
ENSG00000228277,UMLILO,lncRNA,4,73707725,73734688,1,upstream master lncRNA of the inflammatory chemokine locus [Source:HGNC Symbol;Acc:HGNC:51824]
ENSG00000230015,,lncRNA,1,240739131,240763679,-1,novel transcript
ENSG00000230076,RPL10P6,transcribed_processed_pseudogene,2,214847128,214847445,1,ribosomal protein L10 pseudogene 6 [Source:HGNC Symbol;Acc:HGNC:52343]
ENSG00000230158,MTND1P28,unprocessed_pseudogene,2,117023918,117024867,1,MT-ND1 pseudogene 28 [Source:HGNC Symbol;Acc:HGNC:42077]
ENSG00000231334,EML6-AS1,lncRNA,2,54747099,54750495,-1,EML6 antisense RNA 1 [Source:HGNC Symbol;Acc:HGNC:41299]
ENSG00000232259,,lncRNA,10,127929376,127934517,-1,novel transcript
ENSG00000232260,BTF3L4P1,processed_pseudogene,21,17518526,17518993,-1,basic transcription factor 3 like 4 pseudogene 1 [Source:HGNC Symbol;Acc:HGNC:39645]
ENSG00000233420,,lncRNA,7,88420167,88756725,1,novel transcript
ENSG00000234193,ACSL3-AS1,lncRNA,2,222917387,222919363,-1,ACSL3 antisense RNA 1 [Source:HGNC Symbol;Acc:HGNC:40227]
ENSG00000235738,,processed_pseudogene,7,55797946,55798480,-1,novel pseudogene
ENSG00000236126,CT47A3,protein_coding,X,120972746,120976068,-1,cancer/testis antigen family 47 member A3 [Source:HGNC Symbol;Acc:HGNC:33284]
ENSG00000237438,CECR7,transcribed_unprocessed_pseudogene,22,17044873,17047426,1,"cat eye syndrome chromosome region, candidate 7 [Source:HGNC Symbol;Acc:HGNC:1845]"
ENSG00000237633,,lncRNA,2,16523176,16555564,1,"novel transcript, antisense to FAM49A"
ENSG00000241170,RPL31P46,transcribed_processed_pseudogene,11,74919587,74919965,1,ribosomal protein L31 pseudogene 46 [Source:HGNC Symbol;Acc:HGNC:35559]
ENSG00000244559,,processed_pseudogene,17,48690481,48690624,-1,ribosomal protein L9 (RPL9) pseudogene
ENSG00000248780,ARL4AP2,processed_pseudogene,4,40786110,40786710,1,ARF like GTPase 4A pseudogene 2 [Source:HGNC Symbol;Acc:HGNC:32379]
ENSG00000248838,PGAM1P13,processed_pseudogene,8,107647279,107648032,1,phosphoglycerate mutase 1 pseudogene 13 [Source:HGNC Symbol;Acc:HGNC:42461]
ENSG00000249171,,lncRNA,4,83668510,83731755,-1,novel transcript
ENSG00000250799,PRODH2,protein_coding,19,35799975,35813299,-1,proline dehydrogenase 2 [Source:HGNC Symbol;Acc:HGNC:17325]
ENSG00000251080,,lncRNA,4,27133996,27140051,-1,novel transcript
ENSG00000251371,,lncRNA,5,4640669,4648254,1,novel transcript
ENSG00000251630,,processed_pseudogene,4,49561285,49561470,-1,sorting nexin 18 (SNX18) pseudogene
ENSG00000252290,,snoRNA,1,237555040,237555171,-1,
ENSG00000252987,RNA5SP66,rRNA_pseudogene,1,169067264,169067364,1,"RNA, 5S ribosomal pseudogene 66 [Source:HGNC Symbol;Acc:HGNC:42843]"
ENSG00000254853,,processed_pseudogene,11,58072378,58075438,-1,tRNA methyltransferase 11 homolog (S. cerevisiae) pseudogene
ENSG00000254892,,processed_pseudogene,11,119403963,119404227,-1,novel pseudogene
ENSG00000255565,,lncRNA,12,15780001,15782176,1,novel transcript
ENSG00000256283,METTL8P1,processed_pseudogene,12,15255213,15255823,-1,methyltransferase like 8 pseudogene 1 [Source:HGNC Symbol;Acc:HGNC:49856]
ENSG00000258704,SRP54-AS1,transcribed_unitary_pseudogene,14,34954859,34982526,-1,SRP54 antisense RNA 1 [Source:HGNC Symbol;Acc:HGNC:50643]
ENSG00000259685,IDH2-DT,lncRNA,15,90102593,90138261,1,IDH2 divergent transcript [Source:HGNC Symbol;Acc:HGNC:53154]
ENSG00000260285,TRMT61A-DT,lncRNA,14,103525010,103529072,-1,TRMT61A divergent transcript [Source:HGNC Symbol;Acc:HGNC:56082]
ENSG00000260558,,lncRNA,16,66738238,66739722,1,novel transcript
ENSG00000264540,RN7SL405P,misc_RNA,17,44883986,44884274,1,"RNA, 7SL, cytoplasmic 405, pseudogene [Source:HGNC Symbol;Acc:HGNC:46421]"
ENSG00000265635,MIR3612,miRNA,12,128294092,128294178,1,microRNA 3612 [Source:HGNC Symbol;Acc:HGNC:38951]
ENSG00000266006,MIR4488,miRNA,11,61508596,61508657,1,microRNA 4488 [Source:HGNC Symbol;Acc:HGNC:41599]
ENSG00000267453,CLEC4OP,transcribed_unprocessed_pseudogene,19,15852111,15863802,-1,"C-type lectin domain family 4 member O, pseudogene [Source:HGNC Symbol;Acc:HGNC:52651]"
ENSG00000270104,,lncRNA,1,228384114,228385016,-1,novel transcript
ENSG00000270123,VTRNA2-1,vault_RNA,5,136080470,136080597,-1,vault RNA 2-1 [Source:HGNC Symbol;Acc:HGNC:37054]
ENSG00000270306,TIAL1P1,processed_pseudogene,6,51385282,51385849,-1,TIAL1 pseudogene [Source:HGNC Symbol;Acc:HGNC:56933]
ENSG00000275048,BSNDP1,processed_pseudogene,20,25783553,25783919,1,BSND pseudogene 1 [Source:HGNC Symbol;Acc:HGNC:51536]
ENSG00000275933,7SK,misc_RNA,1,120670127,120670376,1,7SK RNA [Source:RFAM;Acc:RF00100]
ENSG00000275965,,lncRNA,15,92634305,92634665,1,"novel transcript, antisense to FAM174B"
ENSG00000276094,SNORA70,snoRNA,9,41573512,41573606,-1,Small nucleolar RNA SNORA70 [Source:RFAM;Acc:RF00156]
ENSG00000276261,,lncRNA,12,27700066,27700574,1,"novel transcript, antisense to a lncRNA"
ENSG00000276638,,lncRNA,20,23489416,23489973,-1,novel transcript
ENSG00000277831,,lncRNA,13,44369365,44373570,-1,novel transcript
ENSG00000277977,,unprocessed_pseudogene,19,52392659,52392755,1,novel zinc finger pseudogene
ENSG00000278139,P3R3URF-PIK3R3,protein_coding,1,46043661,46176488,-1,P3R3URF-PIK3R3 readthrough [Source:HGNC Symbol;Acc:HGNC:54999]
ENSG00000279625,,TEC,1,22364630,22366482,-1,TEC
ENSG00000282834,,processed_pseudogene,11,95203727,95204033,1,ribosomal protein S16 (RPS16) pseudogene
ENSG00000283339,,unprocessed_pseudogene,7,155074599,155074748,1,mitochondrially encoded cytochrome c oxidase II (MT-CO2) pseudogene
ENSG00000090932,DLL3,protein_coding,19,39498895,39508481,1,delta like canonical Notch ligand 3 [Source:HGNC Symbol;Acc:HGNC:2909]
ENSG00000100122,CRYBB1,protein_coding,22,26599277,26619630,-1,crystallin beta B1 [Source:HGNC Symbol;Acc:HGNC:2397]
ENSG00000101445,PPP1R16B,protein_coding,20,38804915,38923025,1,protein phosphatase 1 regulatory subunit 16B [Source:HGNC Symbol;Acc:HGNC:15850]
ENSG00000108651,UTP6,protein_coding,17,31860904,31901746,-1,UTP6 small subunit processome component [Source:HGNC Symbol;Acc:HGNC:18279]
ENSG00000110675,ELMOD1,protein_coding,11,107591091,107666779,1,ELMO domain containing 1 [Source:HGNC Symbol;Acc:HGNC:25334]
ENSG00000117500,TMED5,protein_coding,1,93149742,93180516,-1,transmembrane p24 trafficking protein 5 [Source:HGNC Symbol;Acc:HGNC:24251]
ENSG00000117507,FMO6P,transcribed_unitary_pseudogene,1,171138212,171161396,1,"flavin containing dimethylaniline monoxygenase 6, pseudogene [Source:HGNC Symbol;Acc:HGNC:24024]"
ENSG00000120280,TASL,protein_coding,X,30557707,30577766,-1,TLR adaptor interacting with endolysosomal SLC15A4 [Source:HGNC Symbol;Acc:HGNC:25667]
ENSG00000126353,CCR7,protein_coding,17,40551081,40565472,-1,C-C motif chemokine receptor 7 [Source:HGNC Symbol;Acc:HGNC:1608]
ENSG00000130414,NDUFA10,protein_coding,2,239892450,240025743,-1,NADH:ubiquinone oxidoreductase subunit A10 [Source:HGNC Symbol;Acc:HGNC:7684]
ENSG00000133069,TMCC2,protein_coding,1,205227912,205285632,1,transmembrane and coiled-coil domain family 2 [Source:HGNC Symbol;Acc:HGNC:24239]
ENSG00000135766,EGLN1,protein_coding,1,231363751,231422744,-1,egl-9 family hypoxia inducible factor 1 [Source:HGNC Symbol;Acc:HGNC:1232]
ENSG00000136122,BORA,protein_coding,13,72727749,72756198,1,BORA aurora kinase A activator [Source:HGNC Symbol;Acc:HGNC:24724]
ENSG00000137834,SMAD6,protein_coding,15,66702236,66782849,1,SMAD family member 6 [Source:HGNC Symbol;Acc:HGNC:6772]
ENSG00000139549,DHH,protein_coding,12,49086656,49094801,-1,desert hedgehog signaling molecule [Source:HGNC Symbol;Acc:HGNC:2865]
ENSG00000151092,NGLY1,protein_coding,3,25718717,25790039,-1,N-glycanase 1 [Source:HGNC Symbol;Acc:HGNC:17646]
ENSG00000153029,MR1,protein_coding,1,181033374,181061938,1,"major histocompatibility complex, class I-related [Source:HGNC Symbol;Acc:HGNC:4975]"
ENSG00000153363,LINC00467,lncRNA,1,211382727,211435570,1,long intergenic non-protein coding RNA 467 [Source:HGNC Symbol;Acc:HGNC:28227]
ENSG00000162073,PAQR4,protein_coding,16,2969242,2973484,1,progestin and adipoQ receptor family member 4 [Source:HGNC Symbol;Acc:HGNC:26386]
ENSG00000163521,GLB1L,protein_coding,2,219236598,219245478,-1,galactosidase beta 1 like [Source:HGNC Symbol;Acc:HGNC:28129]
ENSG00000164291,ARSK,protein_coding,5,95555101,95605102,1,arylsulfatase family member K [Source:HGNC Symbol;Acc:HGNC:25239]
ENSG00000166821,PEX11A,protein_coding,15,89677764,89690783,-1,peroxisomal biogenesis factor 11 alpha [Source:HGNC Symbol;Acc:HGNC:8852]
ENSG00000168398,BDKRB2,protein_coding,14,96204526,96244461,1,bradykinin receptor B2 [Source:HGNC Symbol;Acc:HGNC:1030]
ENSG00000169413,RNASE6,protein_coding,14,20781068,20782467,1,ribonuclease A family member 6 [Source:HGNC Symbol;Acc:HGNC:10048]
ENSG00000171603,CLSTN1,protein_coding,1,9728926,9823993,-1,calsyntenin 1 [Source:HGNC Symbol;Acc:HGNC:17447]
ENSG00000173272,MZT2A,protein_coding,2,131464900,131492743,-1,mitotic spindle organizing protein 2A [Source:HGNC Symbol;Acc:HGNC:33187]
ENSG00000174600,CMKLR1,protein_coding,12,108288044,108339317,-1,chemerin chemokine-like receptor 1 [Source:HGNC Symbol;Acc:HGNC:2121]
ENSG00000176232,,transcribed_unprocessed_pseudogene,7,63980385,63981477,-1,zinc finger protein family (ZNF) pseudogene
ENSG00000177600,RPLP2,protein_coding,11,799414,812884,1,ribosomal protein lateral stalk subunit P2 [Source:HGNC Symbol;Acc:HGNC:10377]
ENSG00000178809,TRIM73,protein_coding,7,75395063,75410996,1,tripartite motif containing 73 [Source:HGNC Symbol;Acc:HGNC:18162]
ENSG00000182010,RTKN2,protein_coding,10,62183035,62268844,-1,rhotekin 2 [Source:HGNC Symbol;Acc:HGNC:19364]
ENSG00000183734,ASCL2,protein_coding,11,2268498,2270588,-1,achaete-scute family bHLH transcription factor 2 [Source:HGNC Symbol;Acc:HGNC:739]
ENSG00000184047,DIABLO,protein_coding,12,122207394,122226062,-1,diablo IAP-binding mitochondrial protein [Source:HGNC Symbol;Acc:HGNC:21528]
ENSG00000186470,BTN3A2,protein_coding,6,26365159,26382797,1,butyrophilin subfamily 3 member A2 [Source:HGNC Symbol;Acc:HGNC:1139]
ENSG00000186867,QRFPR,protein_coding,4,121328595,121381059,-1,pyroglutamylated RFamide peptide receptor [Source:HGNC Symbol;Acc:HGNC:15565]
ENSG00000198754,OXCT2,protein_coding,1,39769523,39771348,-1,3-oxoacid CoA-transferase 2 [Source:HGNC Symbol;Acc:HGNC:18606]
ENSG00000199695,RNU6-1128P,snRNA,22,31222745,31222853,-1,"RNA, U6 small nuclear 1128, pseudogene [Source:HGNC Symbol;Acc:HGNC:48091]"
ENSG00000201622,RNU6-621P,snRNA,3,197994601,197994709,1,"RNA, U6 small nuclear 621, pseudogene [Source:HGNC Symbol;Acc:HGNC:47584]"
ENSG00000205057,CLLU1-AS1,lncRNA,12,92420091,92433060,-1,CLLU1 antisense RNA 1 [Source:HGNC Symbol;Acc:HGNC:24070]
ENSG00000206702,RNU1-11P,snRNA,6,13214056,13214219,1,"RNA, U1 small nuclear 11, pseudogene [Source:HGNC Symbol;Acc:HGNC:10137]"
ENSG00000206730,RNU6-468P,snRNA,17,17578631,17578739,1,"RNA, U6 small nuclear 468, pseudogene [Source:HGNC Symbol;Acc:HGNC:47431]"
ENSG00000206767,RNU6-949P,snRNA,1,27675603,27675709,-1,"RNA, U6 small nuclear 949, pseudogene [Source:HGNC Symbol;Acc:HGNC:47912]"
ENSG00000207072,RNU6-39P,snRNA,18,68858934,68859040,1,"RNA, U6 small nuclear 39, pseudogene [Source:HGNC Symbol;Acc:HGNC:34283]"
ENSG00000207235,Y_RNA,misc_RNA,17,59260748,59260846,1,Y RNA [Source:RFAM;Acc:RF00019]
ENSG00000211846,TRAJ43,TR_J_gene,14,22495913,22495966,1,T cell receptor alpha joining 43 [Source:HGNC Symbol;Acc:HGNC:12074]
ENSG00000213213,CCDC183,protein_coding,9,136796338,136807741,1,coiled-coil domain containing 183 [Source:HGNC Symbol;Acc:HGNC:28236]
ENSG00000218586,,processed_pseudogene,7,54933699,54938184,1,Rho GTPase activating protein 5 (ARHGAP5) pseudogene
ENSG00000223382,LINC01778,lncRNA,1,30824000,30834864,1,long intergenic non-protein coding RNA 1778 [Source:HGNC Symbol;Acc:HGNC:52568]
ENSG00000223511,LINC02968,lncRNA,X,1657735,1763312,1,long intergenic non-protein coding RNA 2968 [Source:HGNC Symbol;Acc:HGNC:56008]
ENSG00000223724,RAD17P2,processed_pseudogene,13,49044079,49046794,-1,RAD17 pseudogene 2 [Source:HGNC Symbol;Acc:HGNC:9809]
ENSG00000223861,,processed_pseudogene,1,151557446,151557940,1,ribosomal protein S10 (RPS10) pseudogene
ENSG00000223985,LINC01874,lncRNA,2,490944,545594,-1,long intergenic non-protein coding RNA 1874 [Source:HGNC Symbol;Acc:HGNC:52693]
ENSG00000225123,,processed_pseudogene,9,33574361,33574588,-1,novel pseudogene
ENSG00000225166,,lncRNA,2,215453688,215486639,1,novel transcript
ENSG00000225208,,lncRNA,10,101310854,101353302,1,novel transcript
ENSG00000226856,THORLNC,lncRNA,2,118124351,118224018,-1,testis associated oncogenic lncRNA [Source:HGNC Symbol;Acc:HGNC:53788]
ENSG00000227043,LINC01682,lncRNA,1,229812917,229893979,-1,long intergenic non-protein coding RNA 1682 [Source:HGNC Symbol;Acc:HGNC:52470]
ENSG00000228754,RPL13AP19,processed_pseudogene,10,48745545,48746128,-1,ribosomal protein L13a pseudogene 19 [Source:HGNC Symbol;Acc:HGNC:35855]
ENSG00000230035,IGSF21-AS1,lncRNA,1,18159971,18179346,-1,IGSF21 antisense RNA 1 [Source:HGNC Symbol;Acc:HGNC:41190]
ENSG00000230300,STARD13-IT1,lncRNA,13,33158587,33164409,-1,STARD13 intronic transcript 1 [Source:HGNC Symbol;Acc:HGNC:41453]
ENSG00000231034,,processed_pseudogene,20,34688688,34688978,1,cytochrome c oxidase III (MTCO3) pseudogene
ENSG00000237632,S100A11P1,processed_pseudogene,7,103262000,103262311,1,S100A11 pseudogene 1 [Source:HGNC Symbol;Acc:HGNC:10491]
ENSG00000239106,Y_RNA,misc_RNA,1,24625411,24625513,-1,Y RNA [Source:RFAM;Acc:RF00019]
ENSG00000239254,MSL3P2,processed_pseudogene,7,139172516,139174266,-1,MSL3 pseudogene 2 [Source:HGNC Symbol;Acc:HGNC:56831]
ENSG00000240215,TRBV25OR9-2,TR_V_pseudogene,9,33662166,33662663,1,T cell receptor beta variable 25/OR9-2 (pseudogene) [Source:HGNC Symbol;Acc:HGNC:12206]
ENSG00000241307,RPL7AP24,processed_pseudogene,3,155760617,155761217,1,ribosomal protein L7a pseudogene 24 [Source:HGNC Symbol;Acc:HGNC:36588]
ENSG00000242697,RPL5P12,processed_pseudogene,4,98025390,98026240,1,ribosomal protein L5 pseudogene 12 [Source:HGNC Symbol;Acc:HGNC:36221]
ENSG00000243254,RN7SL350P,misc_RNA,8,99613783,99614081,-1,"RNA, 7SL, cytoplasmic 350, pseudogene [Source:HGNC Symbol;Acc:HGNC:46366]"
ENSG00000251034,,lncRNA,8,22481588,22553444,-1,novel transcript
ENSG00000252684,RNU6ATAC36P,snRNA,5,76948791,76948870,1,"RNA, U6atac small nuclear 36, pseudogene [Source:HGNC Symbol;Acc:HGNC:46935]"
ENSG00000253329,IGLV3-30,IG_V_pseudogene,22,22618572,22619163,1,immunoglobulin lambda variable 3-30 (pseudogene) [Source:HGNC Symbol;Acc:HGNC:5912]
ENSG00000253452,,lncRNA,8,35862123,36193866,1,novel transcript
ENSG00000254903,OR8L1P,unprocessed_pseudogene,11,56381635,56382589,1,olfactory receptor family 8 subfamily L member 1 pseudogene [Source:HGNC Symbol;Acc:HGNC:15316]
ENSG00000255692,,lncRNA,12,119699768,119701011,1,"novel transcript, antisense to CIT"
ENSG00000255746,,lncRNA,12,253442,257299,-1,novel transcript
ENSG00000256081,,processed_pseudogene,14,21585290,21586280,-1,ARP3 actin-related protein 3 homolog (yeast) (ACTR3) pseudogene
ENSG00000257808,,lncRNA,12,53159586,53161000,1,novel transcript
ENSG00000258943,,lncRNA,14,63298126,63299547,-1,novel transcript
ENSG00000259283,,lncRNA,16,55259969,55333588,-1,"novel transcript, antisense to IRX6"
ENSG00000259619,,processed_pseudogene,15,54048588,54050876,-1,intraflagellar transport 80 homolog (Chlamydomonas) (IFT80) pseudogene
ENSG00000266649,MIR3126,miRNA,2,69103682,69103755,1,microRNA 3126 [Source:HGNC Symbol;Acc:HGNC:38225]
ENSG00000267423,,lncRNA,19,28509238,28518728,1,novel transcript
ENSG00000267617,,lncRNA,19,28869339,28879184,1,novel transcript
ENSG00000270321,,lncRNA,3,177920723,177960230,-1,novel transcript
ENSG00000270864,IGHV3OR16-6,IG_V_pseudogene,16,32915074,32915536,1,immunoglobulin heavy variable 3/OR16-6 (pseudogene) [Source:HGNC Symbol;Acc:HGNC:5641]
ENSG00000271097,DBF4P3,processed_pseudogene,2,87301658,87302251,1,DBF4 pseudogene 3 [Source:HGNC Symbol;Acc:HGNC:45061]
ENSG00000271340,,processed_pseudogene,17,80515657,80515812,1,COX assembly mitochondrial protein 2 homolog (S. cerevisiae) (CMC2) pseudogene
ENSG00000272984,,lncRNA,7,36734004,36734535,-1,novel transcript
ENSG00000273365,,lncRNA,1,165706556,165707284,-1,novel transcript
ENSG00000275029,HMGB1P24,transcribed_processed_pseudogene,17,37143607,37144291,-1,high mobility group box 1 pseudogene 24 [Source:HGNC Symbol;Acc:HGNC:39115]
ENSG00000276462,LINC03025,lncRNA,9,41100793,41125588,-1,long intergenic non-protein coding RNA 3025 [Source:HGNC Symbol;Acc:HGNC:56158]
ENSG00000277119,,misc_RNA,11,32440109,32440383,1,
ENSG00000278576,,lncRNA,14,88589231,88592408,1,"novel transcript, sense intronic to ZC3H14"
ENSG00000278830,,unprocessed_pseudogene,10,27313723,27316587,1,ankyrin repeat domain 30B-like (ANKRD30BL) pseudogene
ENSG00000279692,,TEC,17,81395609,81397144,-1,TEC
ENSG00000280219,,TEC,4,147487971,147496062,1,TEC
ENSG00000280321,,TEC,11,36196248,36197901,1,TEC
ENSG00000280968,,miRNA,22,29333158,29333267,-1,
ENSG00000036473,OTC,protein_coding,X,38327598,38424632,1,ornithine transcarbamylase [Source:HGNC Symbol;Acc:HGNC:8512]
ENSG00000050327,ARHGEF5,protein_coding,7,144355288,144380632,1,Rho guanine nucleotide exchange factor 5 [Source:HGNC Symbol;Acc:HGNC:13209]
ENSG00000101605,MYOM1,protein_coding,18,3066693,3220126,-1,myomesin 1 [Source:HGNC Symbol;Acc:HGNC:7613]
ENSG00000121486,TRMT1L,protein_coding,1,185118085,185157072,-1,tRNA methyltransferase 1L [Source:HGNC Symbol;Acc:HGNC:16782]
ENSG00000125207,PIWIL1,protein_coding,12,130337887,130372637,1,piwi like RNA-mediated gene silencing 1 [Source:HGNC Symbol;Acc:HGNC:9007]
ENSG00000131370,SH3BP5,protein_coding,3,15254353,15341368,-1,SH3 domain binding protein 5 [Source:HGNC Symbol;Acc:HGNC:10827]
ENSG00000135097,MSI1,protein_coding,12,120341329,120369437,-1,musashi RNA binding protein 1 [Source:HGNC Symbol;Acc:HGNC:7330]
ENSG00000139438,FAM222A,protein_coding,12,109713825,109770495,1,family with sequence similarity 222 member A [Source:HGNC Symbol;Acc:HGNC:25915]
ENSG00000141965,FEM1A,protein_coding,19,4791734,4801273,1,fem-1 homolog A [Source:HGNC Symbol;Acc:HGNC:16934]
ENSG00000142784,WDTC1,protein_coding,1,27233776,27308711,1,WD and tetratricopeptide repeats 1 [Source:HGNC Symbol;Acc:HGNC:29175]
ENSG00000159387,IRX6,protein_coding,16,55323974,55330757,1,iroquois homeobox 6 [Source:HGNC Symbol;Acc:HGNC:14675]
ENSG00000161180,CCDC116,protein_coding,22,21632716,21637329,1,coiled-coil domain containing 116 [Source:HGNC Symbol;Acc:HGNC:26688]
ENSG00000162961,DPY30,protein_coding,2,31867809,32039809,-1,dpy-30 histone methyltransferase complex regulatory subunit [Source:HGNC Symbol;Acc:HGNC:24590]
ENSG00000163016,ALMS1P1,transcribed_unprocessed_pseudogene,2,73671030,73685085,1,ALMS1 pseudogene 1 [Source:HGNC Symbol;Acc:HGNC:29586]
ENSG00000163808,KIF15,protein_coding,3,44761721,44873376,1,kinesin family member 15 [Source:HGNC Symbol;Acc:HGNC:17273]
ENSG00000165807,PPP1R36,protein_coding,14,64549918,64589384,1,protein phosphatase 1 regulatory subunit 36 [Source:HGNC Symbol;Acc:HGNC:20097]
ENSG00000168785,TSPAN5,protein_coding,4,98470365,98658690,-1,tetraspanin 5 [Source:HGNC Symbol;Acc:HGNC:17753]
ENSG00000172602,RND1,protein_coding,12,48857145,48865870,-1,Rho family GTPase 1 [Source:HGNC Symbol;Acc:HGNC:18314]
ENSG00000181163,NPM1,protein_coding,5,171387086,171411810,1,nucleophosmin 1 [Source:HGNC Symbol;Acc:HGNC:7910]
ENSG00000197702,PARVA,protein_coding,11,12377482,12535356,1,parvin alpha [Source:HGNC Symbol;Acc:HGNC:14652]
ENSG00000197768,STPG3,protein_coding,9,137250608,137253483,1,sperm-tail PG-rich repeat containing 3 [Source:HGNC Symbol;Acc:HGNC:37285]
ENSG00000200413,SNORD114-26,snoRNA,14,100987046,100987117,1,"small nucleolar RNA, C/D box 114-26 [Source:HGNC Symbol;Acc:HGNC:33014]"
ENSG00000200823,SNORD114-2,snoRNA,14,100951856,100951933,1,"small nucleolar RNA, C/D box 114-2 [Source:HGNC Symbol;Acc:HGNC:32990]"
ENSG00000201076,RNU4-51P,snRNA,2,60911303,60911442,1,"RNA, U4 small nuclear 51, pseudogene [Source:HGNC Symbol;Acc:HGNC:46987]"
ENSG00000204745,,transcribed_unprocessed_pseudogene,2,87125198,87196629,1,anaphase promoting complex subunit 1 (ANAPC1) pseudogene
ENSG00000207286,Y_RNA,misc_RNA,6,25287432,25287533,-1,Y RNA [Source:RFAM;Acc:RF00019]
ENSG00000217811,HNRNPDP2,processed_pseudogene,6,64631205,64631682,-1,heterogeneous nuclear ribonucleoprotein D pseudogene 2 [Source:HGNC Symbol;Acc:HGNC:48749]
ENSG00000218632,RPL7P28,processed_pseudogene,6,109327175,109327914,-1,ribosomal protein L7 pseudogene 28 [Source:HGNC Symbol;Acc:HGNC:35899]
ENSG00000222011,FAM185A,protein_coding,7,102748969,102809552,1,family with sequence similarity 185 member A [Source:HGNC Symbol;Acc:HGNC:22412]
ENSG00000224134,,unprocessed_pseudogene,7,81431731,81432796,1,pseudogene similar to part of mediator complex subunit 12 MED12
ENSG00000225471,TPT1P15,transcribed_processed_pseudogene,X,72159845,72160346,1,TPT1 pseudogene 15 [Source:HGNC Symbol;Acc:HGNC:55881]
ENSG00000225879,,lncRNA,6,168920330,168964386,-1,novel transcript
ENSG00000225933,RPS14P5,processed_pseudogene,2,87654890,87655243,1,ribosomal protein S14 pseudogene 5 [Source:HGNC Symbol;Acc:HGNC:36087]
ENSG00000226695,ANKRD20A10P,processed_pseudogene,13,24750657,24752171,-1,"ankyrin repeat domain 20 family member A10, pseudogene [Source:HGNC Symbol;Acc:HGNC:39707]"
ENSG00000227775,,transcribed_processed_pseudogene,1,1735817,1737251,1,ribosomal protein S7 (RPS7) pseudogene
ENSG00000228943,,processed_pseudogene,1,28109739,28110298,1,"NADH dehydrogenase (ubiquinone) 1 alpha subcomplex, 4, 9kDa (NDUFA4) pseudogene"
ENSG00000229247,,processed_pseudogene,1,26640377,26640614,-1,chromosome 20 open reading frame 52 (C20orf52) pseudogene
ENSG00000230106,SNRPCP15,transcribed_processed_pseudogene,8,7170550,7170741,1,small nuclear ribonucleoprotein polypeptide C pseudogene 15 [Source:HGNC Symbol;Acc:HGNC:49830]
ENSG00000230734,RPL10P3,processed_pseudogene,9,117180628,117181095,-1,ribosomal protein L10 pseudogene 3 [Source:HGNC Symbol;Acc:HGNC:23300]
ENSG00000231227,,lncRNA,9,124010530,124011114,1,novel transcript
ENSG00000231914,LINC00387,lncRNA,13,18672827,18676163,1,long intergenic non-protein coding RNA 387 [Source:HGNC Symbol;Acc:HGNC:42715]
ENSG00000232850,PTGES2-AS1,lncRNA,9,128128529,128130628,1,PTGES2 antisense RNA 1 (head to head) [Source:HGNC Symbol;Acc:HGNC:48711]
ENSG00000233105,,unprocessed_pseudogene,2,94964473,94964836,-1,immunoglobulin heavy variable group pseudogene
ENSG00000234125,EEF1GP8,processed_pseudogene,4,129903010,129904163,1,eukaryotic translation elongation factor 1 gamma pseudogene 8 [Source:HGNC Symbol;Acc:HGNC:44563]
ENSG00000234985,,processed_pseudogene,7,121440834,121441261,-1,ribosomal protein L18 (RPL18) pseudogene
ENSG00000236041,COX6CP18,processed_pseudogene,11,2771356,2771577,1,cytochrome c oxidase subunit 6C pseudogene 18 [Source:HGNC Symbol;Acc:HGNC:49370]
ENSG00000238243,OR2W3,protein_coding,1,247895587,247896531,1,olfactory receptor family 2 subfamily W member 3 [Source:HGNC Symbol;Acc:HGNC:15021]
ENSG00000238519,U8,snoRNA,15,30384959,30385091,-1,U8 small nucleolar RNA [Source:RFAM;Acc:RF00096]
ENSG00000240194,CYMP,transcribed_unitary_pseudogene,1,110480752,110491277,1,"chymosin, pseudogene [Source:HGNC Symbol;Acc:HGNC:2588]"
ENSG00000240445,FOXO3B,protein_coding,17,18667629,18682314,-1,forkhead box O3B [Source:HGNC Symbol;Acc:HGNC:3822]
ENSG00000240861,,processed_pseudogene,16,74552251,74552746,1,ribosomal protein S10 (RPS10) pseudogene
ENSG00000241984,RPL7AP2,processed_pseudogene,14,39156742,39157852,1,ribosomal protein L7a pseudogene 2 [Source:HGNC Symbol;Acc:HGNC:23552]
ENSG00000244544,RN7SL446P,misc_RNA,4,152264150,152264445,-1,"RNA, 7SL, cytoplasmic 446, pseudogene [Source:HGNC Symbol;Acc:HGNC:46462]"
ENSG00000248713,C4orf54,protein_coding,4,99636529,99657828,-1,chromosome 4 open reading frame 54 [Source:HGNC Symbol;Acc:HGNC:27741]
ENSG00000249231,CASC16,lncRNA,16,52552055,52652132,-1,cancer susceptibility 16 [Source:HGNC Symbol;Acc:HGNC:48608]
ENSG00000249518,,processed_pseudogene,5,147851644,147852659,-1,formyl peptide receptor 3 pseudogene
ENSG00000250510,GPR162,protein_coding,12,6821624,6829972,1,G protein-coupled receptor 162 [Source:HGNC Symbol;Acc:HGNC:16693]
ENSG00000251273,LINC02228,lncRNA,5,25048811,25190956,-1,long intergenic non-protein coding RNA 2228 [Source:HGNC Symbol;Acc:HGNC:53097]
ENSG00000251429,AIDAP2,transcribed_processed_pseudogene,4,158277758,158278676,1,AIDA pseudogene 2 [Source:HGNC Symbol;Acc:HGNC:54664]
ENSG00000253096,Y_RNA,misc_RNA,14,103725728,103725825,-1,Y RNA [Source:RFAM;Acc:RF00019]
ENSG00000254373,,processed_pseudogene,5,160258253,160258585,1,ubiquinol-cytochrome c reductase binding protein (UQCRB) pseudogene
ENSG00000254471,,processed_pseudogene,11,79987513,79989630,1,"origin recognition complex, subunit 3-like (yeast) (ORC3L) pseudogene"
ENSG00000254877,,transcribed_processed_pseudogene,11,58967596,58968291,-1,cAMP-dependent protein kinase type II-alpha regulatory subunit (PRKAR2A) pseudogene
ENSG00000255520,,lncRNA,11,47123104,47130801,-1,novel transcript
ENSG00000255526,NEDD8-MDP1,protein_coding,14,24213955,24232352,-1,NEDD8-MDP1 readthrough [Source:HGNC Symbol;Acc:HGNC:39551]
ENSG00000257017,HP,protein_coding,16,72054505,72061071,1,haptoglobin [Source:HGNC Symbol;Acc:HGNC:5141]
ENSG00000257125,KRT127P,unprocessed_pseudogene,12,52751978,52753821,-1,"keratin 127, pseudogene [Source:HGNC Symbol;Acc:HGNC:40019]"
ENSG00000257605,MYG1-AS1,lncRNA,12,53298652,53300583,-1,MYG1 antisense RNA 1 [Source:HGNC Symbol;Acc:HGNC:54810]
ENSG00000257754,,lncRNA,12,103819610,103822085,1,"novel transcript, antisense to NT5DC3"
ENSG00000258613,RPL21P7,processed_pseudogene,14,65266638,65267690,-1,ribosomal protein L21 pseudogene 7 [Source:HGNC Symbol;Acc:HGNC:19772]
ENSG00000258742,LINC02833,lncRNA,14,92886352,92893513,1,long intergenic non-protein coding RNA 2833 [Source:HGNC Symbol;Acc:HGNC:54367]
ENSG00000258806,OR11H7,protein_coding,14,20229402,20230346,1,olfactory receptor family 11 subfamily H member 7 (gene/pseudogene) [Source:HGNC Symbol;Acc:HGNC:15350]
ENSG00000259029,DUX4L18,unprocessed_pseudogene,Y,11321557,11322823,1,double homeobox 4 like 18 (pseudogene) [Source:HGNC Symbol;Acc:HGNC:37716]
ENSG00000259060,,protein_coding,14,20582892,20609795,-1,novel protein
ENSG00000259194,,lncRNA,15,51367377,51369110,1,"novel transcript, intronic to GLDN"
ENSG00000259498,TPM1-AS,lncRNA,15,62971190,63049387,-1,TPM1 antisense RNA [Source:HGNC Symbol;Acc:HGNC:53635]
ENSG00000262583,TMEM231P1,transcribed_unprocessed_pseudogene,16,75499788,75505283,-1,TMEM231 pseudogene 1 [Source:HGNC Symbol;Acc:HGNC:53870]
ENSG00000263707,,lncRNA,17,12990149,12990610,-1,"novel transcript, antisense to ARHGAP44"
ENSG00000266955,,lncRNA,18,11993988,11994938,-1,"novel transcript, antisense IMPA2"
ENSG00000267287,,lncRNA,18,79576460,79601711,1,novel transcript
ENSG00000267605,,lncRNA,19,37235507,37304395,-1,"novel transcript, antisense to ZNF383"
ENSG00000268460,,lncRNA,19,46201552,46214838,1,novel transcript
ENSG00000269588,,unprocessed_pseudogene,19,39553034,39555356,1,"lectin, galactoside-binding, soluble, 13 (LGALS13) pseudogene"
ENSG00000269891,ARHGAP19-SLIT1,protein_coding,10,97153045,97292637,-1,ARHGAP19-SLIT1 readthrough (NMD candidate) [Source:HGNC Symbol;Acc:HGNC:48348]
ENSG00000271070,GMCL1P2,processed_pseudogene,2,108367116,108367938,1,GMCL1 pseudogene 2 [Source:HGNC Symbol;Acc:HGNC:42863]
ENSG00000273018,FAM106A,lncRNA,17,18511221,18625681,-1,family with sequence similarity 106 member A [Source:HGNC Symbol;Acc:HGNC:25682]
ENSG00000273305,,lncRNA,2,95537969,95538469,1,novel transcript
ENSG00000274663,RNA5SP526,rRNA,17,38144201,38144287,-1,"RNA, 5S ribosomal pseudogene 526 [Source:HGNC Symbol;Acc:HGNC:53795]"
ENSG00000275162,,lncRNA,19,956485,958149,1,"novel transcript, sense intronic to ARID3A"
ENSG00000277173,,lncRNA,12,47768529,47769648,1,"novel transcript, sense intronic to SLC48A1"
ENSG00000278283,,unprocessed_pseudogene,X,55044749,55045121,-1,zinc finger protein 273 (ZNF273) pseudogene
ENSG00000279495,,TEC,14,105370418,105372918,1,novel transcript
ENSG00000279990,RPSAP68,processed_pseudogene,21,8603547,8603984,1,ribosomal protein SA pseudogene 68 [Source:HGNC Symbol;Acc:HGNC:51920]
ENSG00000279995,,TEC,5,34124162,34124385,-1,TEC
ENSG00000280440,,TEC,7,90345873,90346218,-1,TEC
ENSG00000099260,PALMD,protein_coding,1,99645499,99695178,1,palmdelphin [Source:HGNC Symbol;Acc:HGNC:15846]
ENSG00000103024,NME3,protein_coding,16,1770317,1771732,-1,NME/NM23 nucleoside diphosphate kinase 3 [Source:HGNC Symbol;Acc:HGNC:7851]
ENSG00000104299,INTS9,protein_coding,8,28767661,28890242,-1,integrator complex subunit 9 [Source:HGNC Symbol;Acc:HGNC:25592]
ENSG00000108176,DNAJC12,protein_coding,10,67796668,67838188,-1,DnaJ heat shock protein family (Hsp40) member C12 [Source:HGNC Symbol;Acc:HGNC:28908]
ENSG00000108599,AKAP10,protein_coding,17,19904302,19978343,-1,A-kinase anchoring protein 10 [Source:HGNC Symbol;Acc:HGNC:368]
ENSG00000109436,TBC1D9,protein_coding,4,140620782,140756982,-1,TBC1 domain family member 9 [Source:HGNC Symbol;Acc:HGNC:21710]
ENSG00000113648,MACROH2A1,protein_coding,5,135333609,135400023,-1,macroH2A.1 histone [Source:HGNC Symbol;Acc:HGNC:4740]
ENSG00000121316,PLBD1,protein_coding,12,14503660,14567913,-1,phospholipase B domain containing 1 [Source:HGNC Symbol;Acc:HGNC:26215]
ENSG00000126705,AHDC1,protein_coding,1,27534035,27604431,-1,AT-hook DNA binding motif containing 1 [Source:HGNC Symbol;Acc:HGNC:25230]
ENSG00000130038,CRACR2A,protein_coding,12,3606633,3764819,-1,calcium release activated channel regulator 2A [Source:HGNC Symbol;Acc:HGNC:28657]
ENSG00000133065,SLC41A1,protein_coding,1,205789091,205813755,-1,solute carrier family 41 member 1 [Source:HGNC Symbol;Acc:HGNC:19429]
ENSG00000136099,PCDH8,protein_coding,13,52842889,52848641,-1,protocadherin 8 [Source:HGNC Symbol;Acc:HGNC:8660]
ENSG00000136541,ERMN,protein_coding,2,157318626,157327713,-1,ermin [Source:HGNC Symbol;Acc:HGNC:29208]
ENSG00000136546,SCN7A,protein_coding,2,166403472,166611482,-1,sodium voltage-gated channel alpha subunit 7 [Source:HGNC Symbol;Acc:HGNC:10594]
ENSG00000142230,SAE1,protein_coding,19,47113274,47210636,1,SUMO1 activating enzyme subunit 1 [Source:HGNC Symbol;Acc:HGNC:30660]
ENSG00000148488,ST8SIA6,protein_coding,10,17315421,17454595,-1,"ST8 alpha-N-acetyl-neuraminide alpha-2,8-sialyltransferase 6 [Source:HGNC Symbol;Acc:HGNC:23317]"
ENSG00000151572,ANO4,protein_coding,12,100717244,101128648,1,anoctamin 4 [Source:HGNC Symbol;Acc:HGNC:23837]
ENSG00000152782,PANK1,protein_coding,10,89579497,89645242,-1,pantothenate kinase 1 [Source:HGNC Symbol;Acc:HGNC:8598]
ENSG00000155508,CNOT8,protein_coding,5,154857529,154876793,1,CCR4-NOT transcription complex subunit 8 [Source:HGNC Symbol;Acc:HGNC:9207]
ENSG00000159860,TCAF2P1,transcribed_unprocessed_pseudogene,7,143800732,143817973,1,TRPM8 channel associated factor 2 pseudogene 1 [Source:HGNC Symbol;Acc:HGNC:33603]
ENSG00000165688,PMPCA,protein_coding,9,136410630,136427992,1,"peptidase, mitochondrial processing subunit alpha [Source:HGNC Symbol;Acc:HGNC:18667]"
ENSG00000168530,MYL1,protein_coding,2,210290150,210315174,-1,myosin light chain 1 [Source:HGNC Symbol;Acc:HGNC:7582]
ENSG00000169213,RAB3B,protein_coding,1,51907956,51990700,-1,"RAB3B, member RAS oncogene family [Source:HGNC Symbol;Acc:HGNC:9778]"
ENSG00000172179,PRL,protein_coding,6,22287244,22302826,-1,prolactin [Source:HGNC Symbol;Acc:HGNC:9445]
ENSG00000172365,OR5B2,protein_coding,11,58421238,58428121,-1,olfactory receptor family 5 subfamily B member 2 [Source:HGNC Symbol;Acc:HGNC:8323]
ENSG00000182534,MXRA7,protein_coding,17,76672551,76711004,-1,matrix remodeling associated 7 [Source:HGNC Symbol;Acc:HGNC:7541]
ENSG00000184612,RPL7P26,processed_pseudogene,6,17530899,17531652,-1,ribosomal protein L7 pseudogene 26 [Source:HGNC Symbol;Acc:HGNC:36630]
ENSG00000185201,IFITM2,protein_coding,11,303655,309397,1,interferon induced transmembrane protein 2 [Source:HGNC Symbol;Acc:HGNC:5413]
ENSG00000185825,BCAP31,protein_coding,X,153698006,153725957,-1,B cell receptor associated protein 31 [Source:HGNC Symbol;Acc:HGNC:16695]
ENSG00000186334,SLC36A3,protein_coding,5,151276358,151303766,-1,solute carrier family 36 member 3 [Source:HGNC Symbol;Acc:HGNC:19659]
ENSG00000196453,ZNF777,protein_coding,7,149431363,149461062,-1,zinc finger protein 777 [Source:HGNC Symbol;Acc:HGNC:22213]
ENSG00000197943,PLCG2,protein_coding,16,81738248,81962685,1,phospholipase C gamma 2 [Source:HGNC Symbol;Acc:HGNC:9066]
ENSG00000199196,,snoRNA,13,34100711,34100838,-1,
ENSG00000200168,RNA5SP350,rRNA_pseudogene,11,111040098,111040208,-1,"RNA, 5S ribosomal pseudogene 350 [Source:HGNC Symbol;Acc:HGNC:43250]"
ENSG00000205220,PSMB10,protein_coding,16,67934506,67936864,-1,proteasome 20S subunit beta 10 [Source:HGNC Symbol;Acc:HGNC:9538]
ENSG00000213424,KRT222,protein_coding,17,40654665,40665181,-1,keratin 222 [Source:HGNC Symbol;Acc:HGNC:28695]
ENSG00000218048,,unprocessed_pseudogene,6,63440766,63443580,1,leucine rich repeat containing 59 (LRRC59) pseudogene
ENSG00000218347,HNRNPA1P1,processed_pseudogene,6,27523076,27524339,1,heterogeneous nuclear ribonucleoprotein A1 pseudogene 1 [Source:HGNC Symbol;Acc:HGNC:13957]
ENSG00000219273,DNAJC2P1,processed_pseudogene,6,38762905,38764694,1,DNAJC2 pseudogene 1 [Source:HGNC Symbol;Acc:HGNC:56928]
ENSG00000221869,CEBPD,protein_coding,8,47736913,47738164,-1,CCAAT enhancer binding protein delta [Source:HGNC Symbol;Acc:HGNC:1835]
ENSG00000222099,RN7SKP32,misc_RNA,8,47068021,47068323,-1,RN7SK pseudogene 32 [Source:HGNC Symbol;Acc:HGNC:45756]
ENSG00000223392,CLDN10-AS1,lncRNA,13,95479444,95533910,-1,CLDN10 antisense RNA 1 [Source:HGNC Symbol;Acc:HGNC:39907]
ENSG00000223501,VPS52,protein_coding,6,33250272,33272047,-1,VPS52 subunit of GARP complex [Source:HGNC Symbol;Acc:HGNC:10518]
ENSG00000223999,,lncRNA,22,22692778,22693312,-1,novel transcript
ENSG00000224190,LINC02667,lncRNA,10,128912797,128916429,1,long intergenic non-protein coding RNA 2667 [Source:HGNC Symbol;Acc:HGNC:54153]
ENSG00000224405,LINC00572,lncRNA,13,29918148,29926654,-1,long intergenic non-protein coding RNA 572 [Source:HGNC Symbol;Acc:HGNC:43722]
ENSG00000224477,,lncRNA,6,160698152,160701965,1,novel transcript
ENSG00000225151,GOLGA2P7,transcribed_unprocessed_pseudogene,15,84203866,84205319,-1,GOLGA2 pseudogene 7 [Source:HGNC Symbol;Acc:HGNC:49516]
ENSG00000225798,,lncRNA,15,58889967,58894082,1,novel transcript
ENSG00000227950,,processed_pseudogene,1,6834333,6834618,-1,ribosomal protein L37 (RPL37) pseudogene
ENSG00000228786,SEPTIN14P23,lncRNA,Y,25377557,25394719,-1,septin 14 pseudogene 23 [Source:HGNC Symbol;Acc:HGNC:51709]
ENSG00000229037,MRPL32P2,processed_pseudogene,X,53807776,53808623,1,MRPL32 pseudogene 2 [Source:HGNC Symbol;Acc:HGNC:54964]
ENSG00000229416,USP9YP8,unprocessed_pseudogene,Y,21677246,21681118,-1,USP9Y pseudogene 8 [Source:HGNC Symbol;Acc:HGNC:38424]
ENSG00000230433,,lncRNA,6,524171,525581,1,novel transcript
ENSG00000231291,,lncRNA,5,4512262,4531874,1,novel transcript
ENSG00000231700,,processed_pseudogene,1,157709086,157709643,1,pseudogene similar to part of SON DNA binding protein (SON)
ENSG00000233821,ENOX1-AS1,lncRNA,13,43543918,43548056,1,ENOX1 antisense RNA 1 [Source:HGNC Symbol;Acc:HGNC:42396]
ENSG00000236012,HIGD1AP12,processed_pseudogene,1,111380291,111380571,1,HIG1 hypoxia inducible domain family member 1A pseudogene 12 [Source:HGNC Symbol;Acc:HGNC:43007]
ENSG00000236303,LINC02646,lncRNA,10,130213488,130483253,1,long intergenic non-protein coding RNA 2646 [Source:HGNC Symbol;Acc:HGNC:54130]
ENSG00000237247,MBD3L5,protein_coding,19,7030578,7033011,1,methyl-CpG binding domain protein 3 like 5 [Source:HGNC Symbol;Acc:HGNC:37204]
ENSG00000237603,HMGB3P12,processed_pseudogene,3,26216322,26216877,1,high mobility group box 3 pseudogene 12 [Source:HGNC Symbol;Acc:HGNC:39304]
ENSG00000238447,RNU7-134P,snRNA,17,57685529,57685592,-1,"RNA, U7 small nuclear 134 pseudogene [Source:HGNC Symbol;Acc:HGNC:45668]"
ENSG00000238500,RNU7-87P,snRNA,13,66630715,66630776,-1,"RNA, U7 small nuclear 87 pseudogene [Source:HGNC Symbol;Acc:HGNC:42616]"
ENSG00000239453,SIDT1-AS1,lncRNA,3,113588748,113590189,-1,SIDT1 antisense RNA 1 [Source:HGNC Symbol;Acc:HGNC:41126]
ENSG00000241334,RPL35AP33,processed_pseudogene,16,68477237,68477570,-1,ribosomal protein L35a pseudogene 33 [Source:HGNC Symbol;Acc:HGNC:36950]
ENSG00000243150,MLF1-DT,lncRNA,3,158545189,158571080,-1,MLF1 divergent transcript [Source:HGNC Symbol;Acc:HGNC:55620]
ENSG00000244389,RN7SL242P,misc_RNA,1,70180144,70180440,-1,"RNA, 7SL, cytoplasmic 242, pseudogene [Source:HGNC Symbol;Acc:HGNC:46258]"
ENSG00000244945,RUFY1-AS1,lncRNA,5,179595904,179603741,-1,RUFY1 antisense RNA 1 [Source:HGNC Symbol;Acc:HGNC:40903]
ENSG00000251563,IARS2P1,processed_pseudogene,8,87598462,87601634,-1,IARS2 pseudogene 1 [Source:HGNC Symbol;Acc:HGNC:50474]
ENSG00000252848,RNA5SP230,rRNA_pseudogene,7,44125752,44125873,-1,"RNA, 5S ribosomal pseudogene 230 [Source:HGNC Symbol;Acc:HGNC:43130]"
ENSG00000254202,,lncRNA,8,83912695,84142463,1,novel transcript
ENSG00000255163,HSPE1P18,processed_pseudogene,11,118208932,118209211,-1,heat shock protein family E (Hsp10) member 1 pseudogene 18 [Source:HGNC Symbol;Acc:HGNC:49337]
ENSG00000255562,UNC93B6,transcribed_processed_pseudogene,11,71603261,71607592,1,unc-93 homolog B6 (pseudogene) [Source:HGNC Symbol;Acc:HGNC:34053]
ENSG00000258438,OR11K2P,unprocessed_pseudogene,14,19733355,19734302,-1,olfactory receptor family 11 subfamily K member 2 pseudogene [Source:HGNC Symbol;Acc:HGNC:19635]
ENSG00000259539,,lncRNA,15,45152664,45167526,-1,novel transcript
ENSG00000260507,,lncRNA,16,90105095,90106316,-1,novel transcript
ENSG00000260948,,lncRNA,1,111431046,111433068,-1,"novel transcript, sense overlapping WDR77 & OVGP1"
ENSG00000263571,,lncRNA,17,34155566,34165736,1,novel transcript
ENSG00000263652,MIR548AX,miRNA,X,11318614,11318686,-1,microRNA 548ax [Source:HGNC Symbol;Acc:HGNC:43528]
ENSG00000265296,FEM1AP2,processed_pseudogene,18,14391913,14393909,-1,fem-1 homolog A pseudogene 2 [Source:HGNC Symbol;Acc:HGNC:39830]
ENSG00000267175,,lncRNA,18,61545786,61749101,-1,novel transcript
ENSG00000267285,,lncRNA,12,1385833,1386987,1,"novel transcript, sense intronic to ERC1"
ENSG00000267524,RPSAP57,processed_pseudogene,18,54744750,54745581,1,ribosomal protein SA pseudogene 57 [Source:HGNC Symbol;Acc:HGNC:35889]
ENSG00000270393,,processed_pseudogene,22,19018043,19018916,-1,POM121 transmembrane nucleoporin (POM121) pseudogene
ENSG00000270791,DPRXP6,processed_pseudogene,X,40758483,40759050,1,divergent-paired related homeobox pseudogene 6 [Source:HGNC Symbol;Acc:HGNC:32172]
ENSG00000271049,,processed_pseudogene,19,34634844,34635717,1,small nuclear ribonucleoprotein polypeptide E (SNRPE) pseudogene
ENSG00000271291,,processed_pseudogene,1,145269604,145269890,-1,"HIG1 hypoxia inducible domain family, member 1C (HIGD1C) pseudogene"
ENSG00000274561,,lncRNA,17,68131462,68131907,1,novel transcript
ENSG00000275842,MIR941-5,miRNA,20,63919868,63919939,1,microRNA 941-5 [Source:HGNC Symbol;Acc:HGNC:50845]
ENSG00000277371,Metazoa_SRP,misc_RNA,10,125869295,125869576,1,Metazoan signal recognition particle RNA [Source:RFAM;Acc:RF00017]
ENSG00000278054,,transcribed_processed_pseudogene,9,41647825,41648035,-1,novel pseudogene
ENSG00000278588,H2BC10,protein_coding,6,26272931,26273412,1,H2B clustered histone 10 [Source:HGNC Symbol;Acc:HGNC:4756]
ENSG00000279470,,TEC,5,51963992,51964445,1,TEC
ENSG00000279630,,TEC,12,109020833,109021240,-1,novel transcript
ENSG00000279714,,lncRNA,22,36091148,36093352,1,novel transcript
ENSG00000280216,,TEC,22,39379610,39380015,1,TEC
ENSG00000281000,SNORD3D,snoRNA,17,19112420,19112636,-1,"small nucleolar RNA, C/D box 3D [Source:HGNC Symbol;Acc:HGNC:33192]"
ENSG00000282815,TEX13C,protein_coding,X,125319871,125325216,1,TEX13 family member C [Source:HGNC Symbol;Acc:HGNC:52277]
ENSG00000283920,MIR6743,miRNA,11,209336,209406,1,microRNA 6743 [Source:HGNC Symbol;Acc:HGNC:50008]
ENSG00000026036,RTEL1-TNFRSF6B,protein_coding,20,63659300,63698684,1,RTEL1-TNFRSF6B readthrough (NMD candidate) [Source:HGNC Symbol;Acc:HGNC:44095]
ENSG00000075336,TIMM21,protein_coding,18,74148512,74160531,1,translocase of inner mitochondrial membrane 21 [Source:HGNC Symbol;Acc:HGNC:25010]
ENSG00000077549,CAPZB,protein_coding,1,19338775,19485600,-1,capping actin protein of muscle Z-line subunit beta [Source:HGNC Symbol;Acc:HGNC:1491]
ENSG00000080854,IGSF9B,protein_coding,11,133896438,133956968,-1,immunoglobulin superfamily member 9B [Source:HGNC Symbol;Acc:HGNC:32326]
ENSG00000100079,LGALS2,protein_coding,22,37570248,37582616,-1,galectin 2 [Source:HGNC Symbol;Acc:HGNC:6562]
ENSG00000110245,APOC3,protein_coding,11,116827019,116833343,1,apolipoprotein C3 [Source:HGNC Symbol;Acc:HGNC:610]
ENSG00000114988,LMAN2L,protein_coding,2,96704993,96740084,-1,"lectin, mannose binding 2 like [Source:HGNC Symbol;Acc:HGNC:19263]"
ENSG00000117395,EBNA1BP2,protein_coding,1,43164175,43270936,-1,EBNA1 binding protein 2 [Source:HGNC Symbol;Acc:HGNC:15531]
ENSG00000119650,IFT43,protein_coding,14,75902136,76084585,1,intraflagellar transport 43 [Source:HGNC Symbol;Acc:HGNC:29669]
ENSG00000119703,ZC2HC1C,protein_coding,14,75064109,75119502,1,zinc finger C2HC-type containing 1C [Source:HGNC Symbol;Acc:HGNC:20354]
ENSG00000131044,TTLL9,protein_coding,20,31870634,31945000,1,tubulin tyrosine ligase like 9 [Source:HGNC Symbol;Acc:HGNC:16118]
ENSG00000138744,NAAA,protein_coding,4,75910655,75941013,-1,N-acylethanolamine acid amidase [Source:HGNC Symbol;Acc:HGNC:736]
ENSG00000140526,ABHD2,protein_coding,15,89087459,89202355,1,"abhydrolase domain containing 2, acylglycerol lipase [Source:HGNC Symbol;Acc:HGNC:18717]"
ENSG00000146143,PRIM2,protein_coding,6,57314805,57646855,1,DNA primase subunit 2 [Source:HGNC Symbol;Acc:HGNC:9370]
ENSG00000157456,CCNB2,protein_coding,15,59105078,59125045,1,cyclin B2 [Source:HGNC Symbol;Acc:HGNC:1580]
ENSG00000158639,PAGE5,protein_coding,X,55220346,55224108,1,PAGE family member 5 [Source:HGNC Symbol;Acc:HGNC:29992]
ENSG00000159197,KCNE2,protein_coding,21,34180729,34371381,1,potassium voltage-gated channel subfamily E regulatory subunit 2 [Source:HGNC Symbol;Acc:HGNC:6242]
ENSG00000159247,TUBBP5,transcribed_unprocessed_pseudogene,9,138175045,138177264,1,tubulin beta pseudogene 5 [Source:HGNC Symbol;Acc:HGNC:23674]
ENSG00000160180,TFF3,protein_coding,21,42311667,42315409,-1,trefoil factor 3 [Source:HGNC Symbol;Acc:HGNC:11757]
ENSG00000161671,EMC10,protein_coding,19,50476400,50490871,1,ER membrane protein complex subunit 10 [Source:HGNC Symbol;Acc:HGNC:27609]
ENSG00000170325,PRDM10,protein_coding,11,129899706,130002853,-1,PR/SET domain 10 [Source:HGNC Symbol;Acc:HGNC:13995]
ENSG00000172208,OR4X2,protein_coding,11,48245104,48246015,1,olfactory receptor family 4 subfamily X member 2 [Source:HGNC Symbol;Acc:HGNC:15184]
ENSG00000174792,ODAPH,protein_coding,4,75556048,75565871,1,odontogenesis associated phosphoprotein [Source:HGNC Symbol;Acc:HGNC:26300]
ENSG00000176748,OR52Z1P,unprocessed_pseudogene,11,5177714,5178664,-1,olfactory receptor family 52 subfamily Z member 1 pseudogene [Source:HGNC Symbol;Acc:HGNC:19596]
ENSG00000177885,GRB2,protein_coding,17,75318076,75405709,-1,growth factor receptor bound protein 2 [Source:HGNC Symbol;Acc:HGNC:4566]
ENSG00000180105,ACER2P1,processed_pseudogene,2,206410087,206410909,-1,ACER2 pseudogene 1 [Source:HGNC Symbol;Acc:HGNC:54674]
ENSG00000180433,OR6K6,protein_coding,1,158754720,158755891,1,olfactory receptor family 6 subfamily K member 6 [Source:HGNC Symbol;Acc:HGNC:15033]
ENSG00000180822,PSMG4,protein_coding,6,3231403,3304020,1,proteasome assembly chaperone 4 [Source:HGNC Symbol;Acc:HGNC:21108]
ENSG00000183831,ANKRD45,protein_coding,1,173608336,173669851,-1,ankyrin repeat domain 45 [Source:HGNC Symbol;Acc:HGNC:24786]
ENSG00000185296,,processed_pseudogene,5,17306381,17306960,1,aurora kinase A interacting protein 1 (AURKAIP1) pseudogene
ENSG00000186184,POLR1D,protein_coding,13,27620742,27744237,1,RNA polymerase I and III subunit D [Source:HGNC Symbol;Acc:HGNC:20422]
ENSG00000200138,RNY1P10,misc_RNA,16,28183318,28183430,1,RNY1 pseudogene 10 [Source:HGNC Symbol;Acc:HGNC:50873]
ENSG00000201077,RNU6-188P,snRNA,15,42427591,42427697,-1,"RNA, U6 small nuclear 188, pseudogene [Source:HGNC Symbol;Acc:HGNC:47151]"
ENSG00000201216,Y_RNA,misc_RNA,8,102950467,102950564,-1,Y RNA [Source:RFAM;Acc:RF00019]
ENSG00000201415,RNA5SP204,rRNA_pseudogene,6,17721786,17721903,-1,"RNA, 5S ribosomal pseudogene 204 [Source:HGNC Symbol;Acc:HGNC:43104]"
ENSG00000206844,Y_RNA,misc_RNA,X,9874601,9874701,-1,Y RNA [Source:RFAM;Acc:RF00019]
ENSG00000207644,MIR512-2,miRNA,19,53669157,53669254,1,microRNA 512-2 [Source:HGNC Symbol;Acc:HGNC:32091]
ENSG00000213347,MXD3,protein_coding,5,177301461,177312757,-1,MAX dimerization protein 3 [Source:HGNC Symbol;Acc:HGNC:14008]
ENSG00000213979,RPL7AP14,processed_pseudogene,20,37444733,37445534,-1,ribosomal protein L7a pseudogene 14 [Source:HGNC Symbol;Acc:HGNC:16590]
ENSG00000221548,MIR1283-2,miRNA,19,53758232,53758318,1,microRNA 1283-2 [Source:HGNC Symbol;Acc:HGNC:35361]
ENSG00000223015,RNU6-1135P,snRNA,11,87606783,87606885,1,"RNA, U6 small nuclear 1135, pseudogene [Source:HGNC Symbol;Acc:HGNC:48098]"
ENSG00000223749,MIR503HG,lncRNA,X,134543118,134549644,-1,MIR503 host gene [Source:HGNC Symbol;Acc:HGNC:28258]
ENSG00000224208,ZCRB1P1,processed_pseudogene,X,71314912,71315879,-1,ZCRB1 pseudogene 1 [Source:HGNC Symbol;Acc:HGNC:54987]
ENSG00000224589,ORC1P1,processed_pseudogene,X,27893348,27894059,-1,ORC1 pseudogene 1 [Source:HGNC Symbol;Acc:HGNC:54921]
ENSG00000224649,,lncRNA,21,29181923,29230145,-1,"novel transcript, antisense to BACH1"
ENSG00000225275,NUP210P2,unprocessed_pseudogene,3,11900011,11901245,1,nucleoporin 210 pseudogene 2 [Source:HGNC Symbol;Acc:HGNC:42707]
ENSG00000225963,,lncRNA,2,230121370,230174223,1,"novel transcript, antisense to SP110"
ENSG00000226933,NRBF2P2,processed_pseudogene,3,46023296,46024156,1,nuclear receptor binding factor 2 pseudogene 2 [Source:HGNC Symbol;Acc:HGNC:44605]
ENSG00000227584,MTND4P5,unprocessed_pseudogene,7,57192695,57194068,1,MT-ND4 pseudogene 5 [Source:HGNC Symbol;Acc:HGNC:42192]
ENSG00000227799,CDPF1P1,processed_pseudogene,2,55224280,55225908,1,CDPF1 pseudogene 1 [Source:HGNC Symbol;Acc:HGNC:54763]
ENSG00000228437,LINC02474,lncRNA,1,221966341,221984964,1,long intergenic non-protein coding RNA 2474 [Source:HGNC Symbol;Acc:HGNC:53417]
ENSG00000229229,,lncRNA,2,70402934,70422678,1,novel transcript
ENSG00000229294,DNAJC6-AS1,lncRNA,1,65279456,65306521,-1,DNAJC6 antisense RNA 1 [Source:HGNC Symbol;Acc:HGNC:58071]
ENSG00000232381,OR52U1P,unprocessed_pseudogene,11,5719290,5720212,1,olfactory receptor family 52 subfamily U member 1 pseudogene [Source:HGNC Symbol;Acc:HGNC:15237]
ENSG00000233445,RPL17P11,processed_pseudogene,2,233721522,233722065,-1,ribosomal protein L17 pseudogene 11 [Source:HGNC Symbol;Acc:HGNC:36509]
ENSG00000234323,LINC01505,lncRNA,9,105993247,106771335,1,long intergenic non-protein coding RNA 1505 [Source:HGNC Symbol;Acc:HGNC:51186]
ENSG00000234769,WASH4P,transcribed_unprocessed_pseudogene,16,14381,18068,-1,"WASP family homolog 4, pseudogene [Source:HGNC Symbol;Acc:HGNC:14126]"
ENSG00000234973,LINC02658,lncRNA,10,43777555,43778939,-1,long intergenic non-protein coding RNA 2658 [Source:HGNC Symbol;Acc:HGNC:54144]
ENSG00000235323,COTL1P2,transcribed_processed_pseudogene,17,20564538,20564889,1,COTL1 pseudogene 2 [Source:HGNC Symbol;Acc:HGNC:24322]
ENSG00000236185,HNRNPDLP3,processed_pseudogene,X,95610578,95610957,1,HNRNPDL pseudogene 3 [Source:HGNC Symbol;Acc:HGNC:48754]
ENSG00000237619,OR3B1P,unprocessed_pseudogene,X,154658741,154659643,-1,olfactory receptor family 3 subfamily B member 1 pseudogene [Source:HGNC Symbol;Acc:HGNC:14839]
ENSG00000237928,NFIA-AS2,lncRNA,1,60912675,61056885,-1,NFIA antisense RNA 2 [Source:HGNC Symbol;Acc:HGNC:40401]
ENSG00000239797,RPL21P39,processed_pseudogene,3,145824257,145824739,-1,ribosomal protein L21 pseudogene 39 [Source:HGNC Symbol;Acc:HGNC:36127]
ENSG00000240752,RPS12P6,processed_pseudogene,3,78758974,78759374,1,ribosomal protein S12 pseudogene 6 [Source:HGNC Symbol;Acc:HGNC:35790]
ENSG00000242199,RPS26P22,processed_pseudogene,3,124733418,124733754,-1,ribosomal protein S26 pseudogene 22 [Source:HGNC Symbol;Acc:HGNC:36261]
ENSG00000242214,MTND3P6,unprocessed_pseudogene,3,106896483,106896821,-1,MT-ND3 pseudogene 6 [Source:HGNC Symbol;Acc:HGNC:42146]
ENSG00000243008,,lncRNA,13,24541120,24597681,1,novel transcript
ENSG00000243402,RPL15P12,processed_pseudogene,8,129864478,129865052,1,ribosomal protein L15 pseudogene 12 [Source:HGNC Symbol;Acc:HGNC:35529]
ENSG00000244493,SLC9A9-AS2,lncRNA,3,143381338,143382161,1,SLC9A9 antisense RNA 2 [Source:HGNC Symbol;Acc:HGNC:40929]
ENSG00000250742,LINC02381,lncRNA,12,54126019,54147485,1,long intergenic non-protein coding RNA 2381 [Source:HGNC Symbol;Acc:HGNC:53304]
ENSG00000251002,TRD-AS1,lncRNA,14,22197446,22484462,-1,TRD antisense RNA 1 [Source:HGNC Symbol;Acc:HGNC:56197]
ENSG00000251619,LINC02508,lncRNA,4,188721162,188785968,1,long intergenic non-protein coding RNA 2508 [Source:HGNC Symbol;Acc:HGNC:53497]
ENSG00000253471,,lncRNA,8,23706681,23789487,1,novel transcript
ENSG00000254760,SIGLEC10-AS2,lncRNA,19,51414298,51414965,1,SIGLEC10 antisense RNA 2 [Source:HGNC Symbol;Acc:HGNC:40718]
ENSG00000257284,,lncRNA,2,143162078,143172172,-1,"novel transcript, antisense to ARHGAP15"
ENSG00000257616,,processed_pseudogene,12,52730425,52732865,1,DEAD (Asp-Glu-Ala-Asp) box polypeptide 23 (DDX23) pseudogene
ENSG00000258942,,lncRNA,14,51333204,51385603,-1,novel transcript
ENSG00000259230,LINC02323,lncRNA,14,102545223,102591269,1,long intergenic non-protein coding RNA 2323 [Source:HGNC Symbol;Acc:HGNC:53242]
ENSG00000259281,LINGO1-AS2,lncRNA,15,77659994,77668074,1,LINGO1 antisense RNA 2 [Source:HGNC Symbol;Acc:HGNC:51423]
ENSG00000259393,,processed_pseudogene,15,58967046,58967808,-1,ribosome binding factor A (putative) (RBFA) pseudogene
ENSG00000260277,,lncRNA,16,22075900,22092485,-1,"novel transcript, antisense to C16orf52 and VWA3A"
ENSG00000260279,,lncRNA,16,89296128,89298317,1,"novel transcript, antisense to ANKRD11"
ENSG00000260519,ATP8A1-DT,lncRNA,4,42656320,42689620,1,ATP8A1 divergent transcript [Source:HGNC Symbol;Acc:HGNC:55392]
ENSG00000262000,,processed_pseudogene,17,80515215,80515389,1,REV1 homolog (S. cerevisiae) (REV1) pseudogene
ENSG00000263618,,lncRNA,18,14903580,14915628,1,novel transcript
ENSG00000264644,KRT18P8,processed_pseudogene,18,9678248,9679493,-1,keratin 18 pseudogene 8 [Source:HGNC Symbol;Acc:HGNC:31093]
ENSG00000266043,MIR3649,miRNA,12,1660315,1660380,-1,microRNA 3649 [Source:HGNC Symbol;Acc:HGNC:38948]
ENSG00000270445,COPS5P2,processed_pseudogene,12,123441517,123441852,-1,COP9 signalosome subunit 5 pseudogene 2 [Source:HGNC Symbol;Acc:HGNC:45266]
ENSG00000270614,UBXN2AP1,processed_pseudogene,19,9348106,9348703,-1,UBXN2A pseudogene 1 [Source:HGNC Symbol;Acc:HGNC:57001]
ENSG00000271100,,processed_pseudogene,11,63698596,63698764,-1,"ATPase, H+ transporting, lysosomal 56/58kDa, V1 subunit B2, pseudogene"
ENSG00000271555,,lncRNA,8,52722903,52723141,1,"novel transcript, sense intronic KANK1"
ENSG00000272068,BCAN-AS1,lncRNA,1,156637783,156641004,-1,BCAN antisense RNA 1 [Source:HGNC Symbol;Acc:HGNC:55233]
ENSG00000273180,,lncRNA,4,183075480,183076033,-1,novel transcript
ENSG00000274988,MIR6876,miRNA,8,25345402,25345474,1,microRNA 6876 [Source:HGNC Symbol;Acc:HGNC:50181]
ENSG00000275465,,lncRNA,9,96068561,96150747,-1,novel transcript
ENSG00000276829,,unprocessed_pseudogene,Y,22861112,22861834,-1,tripartite motif containing 60 (TRIM60) pseudogene
ENSG00000279962,,TEC,18,13710249,13710484,-1,TEC
ENSG00000280412,,TEC,19,16019719,16020290,1,TEC
ENSG00000033170,FUT8,protein_coding,14,65410592,65744125,1,fucosyltransferase 8 [Source:HGNC Symbol;Acc:HGNC:4019]
ENSG00000042445,RETSAT,protein_coding,2,85341954,85354655,-1,retinol saturase [Source:HGNC Symbol;Acc:HGNC:25991]
ENSG00000062038,CDH3,protein_coding,16,68636189,68727468,1,cadherin 3 [Source:HGNC Symbol;Acc:HGNC:1762]
ENSG00000065923,SLC9A7,protein_coding,X,46599251,46759193,-1,solute carrier family 9 member A7 [Source:HGNC Symbol;Acc:HGNC:17123]
ENSG00000068001,HYAL2,protein_coding,3,50315845,50324687,-1,hyaluronidase 2 [Source:HGNC Symbol;Acc:HGNC:5321]
ENSG00000077458,FAM76B,protein_coding,11,95768953,95790409,-1,family with sequence similarity 76 member B [Source:HGNC Symbol;Acc:HGNC:28492]
ENSG00000099256,PRTFDC1,protein_coding,10,24848614,24952606,-1,phosphoribosyl transferase domain containing 1 [Source:HGNC Symbol;Acc:HGNC:23333]
ENSG00000099812,MISP,protein_coding,19,748404,764363,1,mitotic spindle positioning [Source:HGNC Symbol;Acc:HGNC:27000]
ENSG00000101276,SLC52A3,protein_coding,20,758695,776015,-1,solute carrier family 52 member 3 [Source:HGNC Symbol;Acc:HGNC:16187]
ENSG00000110958,PTGES3,protein_coding,12,56663338,56688408,-1,prostaglandin E synthase 3 [Source:HGNC Symbol;Acc:HGNC:16049]
ENSG00000111906,HDDC2,protein_coding,6,125219962,125302128,-1,HD domain containing 2 [Source:HGNC Symbol;Acc:HGNC:21078]
ENSG00000114026,OGG1,protein_coding,3,9749944,9788219,1,8-oxoguanine DNA glycosylase [Source:HGNC Symbol;Acc:HGNC:8125]
ENSG00000115282,TTC31,protein_coding,2,74483061,74494999,1,tetratricopeptide repeat domain 31 [Source:HGNC Symbol;Acc:HGNC:25759]
ENSG00000115421,PAPOLG,protein_coding,2,60756232,60802086,1,poly(A) polymerase gamma [Source:HGNC Symbol;Acc:HGNC:14982]
ENSG00000115423,DNAH6,protein_coding,2,84516455,84819589,1,dynein axonemal heavy chain 6 [Source:HGNC Symbol;Acc:HGNC:2951]
ENSG00000125046,SSUH2,protein_coding,3,8619386,8745040,-1,ssu-2 homolog [Source:HGNC Symbol;Acc:HGNC:24809]
ENSG00000127318,IL22,protein_coding,12,68248242,68253604,-1,interleukin 22 [Source:HGNC Symbol;Acc:HGNC:14900]
ENSG00000134851,TMEM165,protein_coding,4,55395652,55453397,1,transmembrane protein 165 [Source:HGNC Symbol;Acc:HGNC:30760]
ENSG00000149930,TAOK2,protein_coding,16,29973868,29992261,1,TAO kinase 2 [Source:HGNC Symbol;Acc:HGNC:16835]
ENSG00000150048,CLEC1A,protein_coding,12,10069554,10111627,-1,C-type lectin domain family 1 member A [Source:HGNC Symbol;Acc:HGNC:24355]
ENSG00000167106,EEIG1,protein_coding,9,127940582,127981068,-1,estrogen-induced osteoclastogenesis regulator 1 [Source:HGNC Symbol;Acc:HGNC:31419]
ENSG00000167139,TBC1D21,protein_coding,15,73873564,73889214,1,TBC1 domain family member 21 [Source:HGNC Symbol;Acc:HGNC:28536]
ENSG00000170615,SLC26A5,protein_coding,7,103352730,103446207,-1,solute carrier family 26 member 5 [Source:HGNC Symbol;Acc:HGNC:9359]
ENSG00000172845,SP3,protein_coding,2,173880850,173965373,-1,Sp3 transcription factor [Source:HGNC Symbol;Acc:HGNC:11208]
ENSG00000174156,GSTA3,protein_coding,6,52896639,52909701,-1,glutathione S-transferase alpha 3 [Source:HGNC Symbol;Acc:HGNC:4628]
ENSG00000178125,PPP1R42,protein_coding,8,66964099,67056604,-1,protein phosphatase 1 regulatory subunit 42 [Source:HGNC Symbol;Acc:HGNC:33732]
ENSG00000180425,C11orf71,protein_coding,11,114391443,114400511,-1,chromosome 11 open reading frame 71 [Source:HGNC Symbol;Acc:HGNC:25937]
ENSG00000183340,JRKL,protein_coding,11,96389989,96507574,1,JRK like [Source:HGNC Symbol;Acc:HGNC:6200]
ENSG00000184108,TRIML1,protein_coding,4,188139441,188147743,1,tripartite motif family like 1 [Source:HGNC Symbol;Acc:HGNC:26698]
ENSG00000184906,,transcribed_unprocessed_pseudogene,9,40500651,40503283,1,methylenetetrahydrofolate dehydrogenase (NADP+ dependent) 1-like (MTHFD1L) pseudogene
ENSG00000186268,OR10D4P,unprocessed_pseudogene,11,124093592,124094532,-1,olfactory receptor family 10 subfamily D member 4 pseudogene [Source:HGNC Symbol;Acc:HGNC:14770]
ENSG00000200340,RNU1-105P,snRNA,6,47823390,47823550,1,"RNA, U1 small nuclear 105, pseudogene [Source:HGNC Symbol;Acc:HGNC:48447]"
ENSG00000201027,RN7SKP107,misc_RNA,14,89621918,89622207,1,RN7SK pseudogene 107 [Source:HGNC Symbol;Acc:HGNC:45831]
ENSG00000201217,Y_RNA,misc_RNA,3,152449272,152449384,1,Y RNA [Source:RFAM;Acc:RF00019]
ENSG00000201496,RN7SKP275,misc_RNA,4,5458581,5458881,-1,RN7SK pseudogene 275 [Source:HGNC Symbol;Acc:HGNC:45999]
ENSG00000206595,RNU6-877P,snRNA,1,51382308,51382414,1,"RNA, U6 small nuclear 877, pseudogene [Source:HGNC Symbol;Acc:HGNC:47840]"
ENSG00000206712,RNU6-26P,snRNA,3,98804978,98805084,-1,"RNA, U6 small nuclear 26, pseudogene [Source:HGNC Symbol;Acc:HGNC:34252]"
ENSG00000213107,AHCYP5,processed_pseudogene,2,195582794,195584031,-1,adenosylhomocysteinase pseudogene 5 [Source:HGNC Symbol;Acc:HGNC:44997]
ENSG00000213759,UGT2B11,protein_coding,4,69199951,69214748,-1,UDP glucuronosyltransferase family 2 member B11 [Source:HGNC Symbol;Acc:HGNC:12545]
ENSG00000223917,,unprocessed_pseudogene,2,95486480,95488627,-1,pseudogene similar to part of tripartite motif-containing 43 (TRIM43)
ENSG00000224033,CDY8P,unprocessed_pseudogene,Y,18022299,18023908,1,chromodomain Y-linked 8 pseudogene [Source:HGNC Symbol;Acc:HGNC:23855]
ENSG00000224094,RPS24P8,processed_pseudogene,3,45159774,45160175,-1,ribosomal protein S24 pseudogene 8 [Source:HGNC Symbol;Acc:HGNC:37016]
ENSG00000224614,TNK2-AS1,lncRNA,3,195908076,195913986,1,TNK2 antisense RNA 1 [Source:HGNC Symbol;Acc:HGNC:49093]
ENSG00000225027,IFNWP4,processed_pseudogene,9,21106543,21106836,1,interferon omega 1 pseudogene 4 [Source:HGNC Symbol;Acc:HGNC:5453]
ENSG00000226004,SIMALR,lncRNA,6,137941029,137957702,-1,suppressor of inflammatory macrophage apoptosis lncRNA [Source:HGNC Symbol;Acc:HGNC:53554]
ENSG00000226262,PHKBP1,processed_pseudogene,20,8097824,8099774,-1,phosphorylase kinase regulatory subunit beta pseudogene 1 [Source:HGNC Symbol;Acc:HGNC:8928]
ENSG00000226752,CUTALP,transcribed_unitary_pseudogene,9,120847294,120851339,1,"cutA divalent cation tolerance like, pseudogene [Source:HGNC Symbol;Acc:HGNC:27367]"
ENSG00000227789,MTCYBP7,processed_pseudogene,2,82818131,82819264,1,MT-CYB pseudogene 7 [Source:HGNC Symbol;Acc:HGNC:51964]
ENSG00000228315,GUSBP11,lncRNA,22,23630618,23717423,-1,GUSB pseudogene 11 [Source:HGNC Symbol;Acc:HGNC:42325]
ENSG00000228868,MYLKP1,unprocessed_pseudogene,3,75328549,75339071,-1,myosin light chain kinase pseudogene 1 [Source:HGNC Symbol;Acc:HGNC:7591]
ENSG00000229239,EEF1A1P48,unprocessed_pseudogene,1,23670294,23680259,1,eukaryotic translation elongation factor 1 alpha 1 pseudogene 48 [Source:HGNC Symbol;Acc:HGNC:56205]
ENSG00000233915,UBE2Q2P10,processed_pseudogene,8,86660525,86661922,-1,UBE2Q2 pseudogene 10 [Source:HGNC Symbol;Acc:HGNC:49518]
ENSG00000234387,,lncRNA,7,63393670,63422053,1,novel transcript
ENSG00000234467,SLC25A1P2,processed_pseudogene,7,63398046,63398957,1,solute carrier family 25 member 1 pseudogene 2 [Source:HGNC Symbol;Acc:HGNC:43847]
ENSG00000234892,,lncRNA,22,43232141,43239010,1,novel transcript
ENSG00000235724,PSMD14-DT,lncRNA,2,161222782,161308389,-1,PSMD14 divergent transcript [Source:HGNC Symbol;Acc:HGNC:56104]
ENSG00000236529,LINC03129,lncRNA,7,65840055,65842396,1,long intergenic non-protein coding RNA 3129 [Source:HGNC Symbol;Acc:HGNC:57044]
ENSG00000237225,OR13K1P,unprocessed_pseudogene,X,131562729,131563846,1,olfactory receptor family 13 subfamily K member 1 pseudogene [Source:HGNC Symbol;Acc:HGNC:14721]
ENSG00000241353,PPP1R2P4,processed_pseudogene,13,46437394,46437988,-1,protein phosphatase 1 regulatory inhibitor subunit 2 pseudogene 4 [Source:HGNC Symbol;Acc:HGNC:16319]
ENSG00000242041,RPL35AP28,processed_pseudogene,12,49863173,49863503,1,ribosomal protein L35a pseudogene 28 [Source:HGNC Symbol;Acc:HGNC:36480]
ENSG00000248801,C8orf34-AS1,lncRNA,8,68302228,68331689,-1,C8orf34 antisense RNA 1 [Source:HGNC Symbol;Acc:HGNC:27840]
ENSG00000249400,HMGB3P17,transcribed_processed_pseudogene,5,123468781,123469429,-1,high mobility group box 3 pseudogene 17 [Source:HGNC Symbol;Acc:HGNC:39309]
ENSG00000249562,,processed_pseudogene,5,24578294,24578561,-1,FERM domain containing 7 (FRMD7) pseudogene
ENSG00000250197,HMGN1P15,processed_pseudogene,5,115289036,115289330,-1,high mobility group nucleosome binding domain 1 pseudogene 15 [Source:HGNC Symbol;Acc:HGNC:39359]
ENSG00000250213,,processed_pseudogene,4,131112748,131113255,1,COX17 cytochrome c oxidase assembly homolog (S. cerevisiae) (COX17) pseudogene
ENSG00000251434,,lncRNA,4,31350284,31351725,1,novel transcript
ENSG00000251704,,snoRNA,2,16199203,16199295,1,
ENSG00000253763,IGHV3-6,IG_V_pseudogene,14,106055549,106055998,-1,immunoglobulin heavy variable 3-6 (pseudogene) [Source:HGNC Symbol;Acc:HGNC:5613]
ENSG00000253913,IGLV3-26,IG_V_pseudogene,22,22673152,22673602,1,immunoglobulin lambda variable 3-26 (pseudogene) [Source:HGNC Symbol;Acc:HGNC:5909]
ENSG00000255062,TIRAP-AS1,lncRNA,11,126294295,126304336,-1,TIRAP antisense RNA 1 [Source:HGNC Symbol;Acc:HGNC:56069]
ENSG00000255097,,lncRNA,11,9242448,9245509,-1,novel transcript
ENSG00000255494,LINC00681,lncRNA,8,12794231,12819280,1,long intergenic non-protein coding RNA 681 [Source:HGNC Symbol;Acc:HGNC:44423]
ENSG00000256540,IQSEC3-AS1,lncRNA,12,164608,182508,-1,IQSEC3 antisense RNA 1 [Source:HGNC Symbol;Acc:HGNC:56002]
ENSG00000258016,HIGD1AP1,processed_pseudogene,12,53142053,53142327,1,HIG1 hypoxia inducible domain family member 1A pseudogene 1 [Source:HGNC Symbol;Acc:HGNC:22804]
ENSG00000258497,,lncRNA,14,101257332,101278318,1,novel transcript
ENSG00000258674,,protein_coding,19,19516227,19536076,1,novel protein
ENSG00000258698,,lncRNA,14,52792712,52820034,-1,novel transcript
ENSG00000260371,,protein_coding,16,69335091,69356306,-1,novel protein
ENSG00000260909,,unprocessed_pseudogene,16,46649126,46649849,1,histamine receptor H3 (HRH3) pseudogene
ENSG00000263189,,processed_pseudogene,17,53952936,53955324,1,Zinc finger protein pseudogene
ENSG00000264172,PDLIM1P3,processed_pseudogene,17,27002661,27003259,-1,PDZ and LIM domain 1 pseudogene 3 [Source:HGNC Symbol;Acc:HGNC:48946]
ENSG00000267032,,processed_pseudogene,18,13151637,13152689,-1,WD repeat domain 89 (WDR89) pseudogene
ENSG00000269807,,lncRNA,19,4347244,4354057,-1,"novel transcript, antisense to MPND"
ENSG00000270412,COL15A1-AS1,lncRNA,9,98943337,98944316,-1,COL15A1 antisense RNA 1 [Source:HGNC Symbol;Acc:HGNC:58152]
ENSG00000271136,,processed_pseudogene,X,34516920,34517358,1,Opa interacting protein 5 (OIP5) pseudogene
ENSG00000272597,,lncRNA,3,107329430,107329962,1,novel transcript
ENSG00000273299,,lncRNA,7,90403434,90513391,1,novel transcript
ENSG00000275001,,misc_RNA,10,16767235,16767416,1,
ENSG00000276753,MIR6821,miRNA,22,49962866,49962939,1,microRNA 6821 [Source:HGNC Symbol;Acc:HGNC:49980]
ENSG00000276958,,unprocessed_pseudogene,13,25017766,25017903,-1,ankyrin repeat domain 36C (ANKRD36C) pseudogene
ENSG00000277413,,misc_RNA,15,60677109,60677272,-1,
ENSG00000277916,,misc_RNA,1,29171285,29171453,-1,
ENSG00000279764,,TEC,16,56306845,56308335,1,TEC
ENSG00000280081,LINC01667,transcribed_processed_pseudogene,21,9810381,9810503,-1,long intergenic non-protein coding RNA 1667 [Source:HGNC Symbol;Acc:HGNC:52455]
ENSG00000280208,GGT4P,transcribed_unprocessed_pseudogene,13,18253526,18270822,-1,gamma-glutamyltransferase 4 pseudogene [Source:HGNC Symbol;Acc:HGNC:33207]
ENSG00000280402,,TEC,16,2578395,2579963,1,tec
ENSG00000283436,LINC01958,lncRNA,2,156655220,156695659,1,long intergenic non-protein coding RNA 1958 [Source:HGNC Symbol;Acc:HGNC:52784]
ENSG00000283608,,lncRNA,6,149246095,149255415,1,novel transcript
ENSG00000283679,,processed_pseudogene,19,7011884,7012679,1,MAP/microtubule affinity-regulating kinase 1 pseudogene
ENSG00000049618,ARID1B,protein_coding,6,156776020,157210779,1,AT-rich interaction domain 1B [Source:HGNC Symbol;Acc:HGNC:18040]
ENSG00000053372,MRTO4,protein_coding,1,19251796,19260128,1,"MRT4 homolog, ribosome maturation factor [Source:HGNC Symbol;Acc:HGNC:18477]"
ENSG00000064012,CASP8,protein_coding,2,201233443,201361836,1,caspase 8 [Source:HGNC Symbol;Acc:HGNC:1509]
ENSG00000101003,GINS1,protein_coding,20,25391008,25452700,1,GINS complex subunit 1 [Source:HGNC Symbol;Acc:HGNC:28980]
ENSG00000102384,CENPI,protein_coding,X,101098167,101166126,1,centromere protein I [Source:HGNC Symbol;Acc:HGNC:3968]
ENSG00000117280,RAB29,protein_coding,1,205767986,205775482,-1,"RAB29, member RAS oncogene family [Source:HGNC Symbol;Acc:HGNC:9789]"
ENSG00000123106,CCDC91,protein_coding,12,28133249,28581511,1,coiled-coil domain containing 91 [Source:HGNC Symbol;Acc:HGNC:24855]
ENSG00000135472,FAIM2,protein_coding,12,49866896,49904217,-1,Fas apoptotic inhibitory molecule 2 [Source:HGNC Symbol;Acc:HGNC:17067]
ENSG00000137699,TRIM29,protein_coding,11,120111286,120185529,-1,tripartite motif containing 29 [Source:HGNC Symbol;Acc:HGNC:17274]
ENSG00000139197,PEX5,protein_coding,12,7188653,7218574,1,peroxisomal biogenesis factor 5 [Source:HGNC Symbol;Acc:HGNC:9719]
ENSG00000146090,RASGEF1C,protein_coding,5,180100795,180209225,-1,RasGEF domain family member 1C [Source:HGNC Symbol;Acc:HGNC:27400]
ENSG00000146802,TMEM168,protein_coding,7,112762377,112790715,-1,transmembrane protein 168 [Source:HGNC Symbol;Acc:HGNC:25826]
ENSG00000148444,COMMD3,protein_coding,10,22315980,22320430,1,COMM domain containing 3 [Source:HGNC Symbol;Acc:HGNC:23332]
ENSG00000149646,CNBD2,protein_coding,20,35954564,36030700,1,cyclic nucleotide binding domain containing 2 [Source:HGNC Symbol;Acc:HGNC:16145]
ENSG00000149972,CNTN5,protein_coding,11,99020949,100358885,1,contactin 5 [Source:HGNC Symbol;Acc:HGNC:2175]
ENSG00000151353,TMEM18,protein_coding,2,663877,677470,-1,transmembrane protein 18 [Source:HGNC Symbol;Acc:HGNC:25257]
ENSG00000160058,BSDC1,protein_coding,1,32364633,32394731,-1,BSD domain containing 1 [Source:HGNC Symbol;Acc:HGNC:25501]
ENSG00000162949,CAPN13,protein_coding,2,30722771,30820542,-1,calpain 13 [Source:HGNC Symbol;Acc:HGNC:16663]
ENSG00000163364,LINC01116,lncRNA,2,176611437,176637931,-1,long intergenic non-protein coding RNA 1116 [Source:HGNC Symbol;Acc:HGNC:49259]
ENSG00000163449,TMEM169,protein_coding,2,216081866,216102783,1,transmembrane protein 169 [Source:HGNC Symbol;Acc:HGNC:25130]
ENSG00000164125,GASK1B,protein_coding,4,158124474,158174249,-1,golgi associated kinase 1B [Source:HGNC Symbol;Acc:HGNC:25312]
ENSG00000164209,SLC25A46,protein_coding,5,110738136,110765161,1,solute carrier family 25 member 46 [Source:HGNC Symbol;Acc:HGNC:25198]
ENSG00000171459,OR1L6,protein_coding,9,122742303,122750783,1,olfactory receptor family 1 subfamily L member 6 [Source:HGNC Symbol;Acc:HGNC:8218]
ENSG00000174944,P2RY14,protein_coding,3,151212115,151278811,-1,purinergic receptor P2Y14 [Source:HGNC Symbol;Acc:HGNC:16442]
ENSG00000175267,VWA3A,protein_coding,16,22092528,22156964,1,von Willebrand factor A domain containing 3A [Source:HGNC Symbol;Acc:HGNC:27088]
ENSG00000175928,LRRN1,protein_coding,3,3799378,3849834,1,leucine rich repeat neuronal 1 [Source:HGNC Symbol;Acc:HGNC:20980]
ENSG00000179761,PIPOX,protein_coding,17,28950513,29057583,1,pipecolic acid and sarcosine oxidase [Source:HGNC Symbol;Acc:HGNC:17804]
ENSG00000197724,PHF2,protein_coding,9,93576584,93679599,1,PHD finger protein 2 [Source:HGNC Symbol;Acc:HGNC:8920]
ENSG00000197746,PSAP,protein_coding,10,71816289,71851330,-1,prosaposin [Source:HGNC Symbol;Acc:HGNC:9498]
ENSG00000200484,RNU6-1244P,snRNA,10,32394558,32394665,-1,"RNA, U6 small nuclear 1244, pseudogene [Source:HGNC Symbol;Acc:HGNC:48207]"
ENSG00000201109,RNA5SP245,rRNA_pseudogene,7,130027277,130027397,1,"RNA, 5S ribosomal pseudogene 245 [Source:HGNC Symbol;Acc:HGNC:43145]"
ENSG00000202160,RNU5E-7P,snRNA,2,15864935,15865051,1,"RNA, U5E small nuclear 7, pseudogene [Source:HGNC Symbol;Acc:HGNC:42526]"
ENSG00000216425,PIMREGP2,processed_pseudogene,4,105526596,105527397,-1,PIMREG pseudogene 2 [Source:HGNC Symbol;Acc:HGNC:54613]
ENSG00000221023,RNU6ATAC19P,snRNA,2,181738606,181738715,1,"RNA, U6atac small nuclear 19, pseudogene [Source:HGNC Symbol;Acc:HGNC:46918]"
ENSG00000224935,,lncRNA,9,12098650,12159148,-1,novel transcript
ENSG00000225003,OR51A5P,unprocessed_pseudogene,11,4972943,4973884,-1,olfactory receptor family 51 subfamily A member 5 pseudogene [Source:HGNC Symbol;Acc:HGNC:14801]
ENSG00000226125,LINC01907,lncRNA,2,230690065,230711470,-1,long intergenic non-protein coding RNA 1907 [Source:HGNC Symbol;Acc:HGNC:52726]
ENSG00000226734,SNRPGP12,processed_pseudogene,10,110139214,110139426,-1,small nuclear ribonucleoprotein polypeptide G pseudogene 12 [Source:HGNC Symbol;Acc:HGNC:39331]
ENSG00000227374,,lncRNA,10,129768844,129769435,1,novel transcript
ENSG00000227393,,processed_pseudogene,X,29369001,29369845,-1,pseudogene similar to part of transcription factor (p38 interacting protein) (P38IP)
ENSG00000227597,WASF1P1,processed_pseudogene,2,108276812,108277942,1,WASF1 pseudogene 1 [Source:HGNC Symbol;Acc:HGNC:51533]
ENSG00000228850,CDY12P,unprocessed_pseudogene,Y,22064698,22065712,1,chromodomain Y-linked 12 pseudogene [Source:HGNC Symbol;Acc:HGNC:23856]
ENSG00000229305,,processed_pseudogene,1,8189824,8192770,1,52kDa eukaryotic translation initiation factor 2 subunit 3 gamma (EIF2S3) pseudogene
ENSG00000229436,,transcribed_processed_pseudogene,7,80662331,80662585,-1,pseudogene similar to part of transcription factor Dp-1 TFDP1
ENSG00000232369,PPIAP35,processed_pseudogene,1,44988234,44988725,-1,peptidylprolyl isomerase A pseudogene 35 [Source:HGNC Symbol;Acc:HGNC:53659]
ENSG00000233134,MTND3P17,unprocessed_pseudogene,2,202617284,202617627,1,MT-ND3 pseudogene 17 [Source:HGNC Symbol;Acc:HGNC:52077]
ENSG00000233605,LINC01851,lncRNA,2,77915870,77918013,1,long intergenic non-protein coding RNA 1851 [Source:HGNC Symbol;Acc:HGNC:52667]
ENSG00000233607,LINC01392,lncRNA,7,115061537,115231355,-1,long intergenic non-protein coding RNA 1392 [Source:HGNC Symbol;Acc:HGNC:50668]
ENSG00000234911,TEX21P,transcribed_unitary_pseudogene,14,64346171,64374666,-1,"testis expressed 21, pseudogene [Source:HGNC Symbol;Acc:HGNC:35455]"
ENSG00000235483,GYG2-AS1,lncRNA,X,2852740,2853760,-1,GYG2 antisense RNA 1 [Source:HGNC Symbol;Acc:HGNC:40270]
ENSG00000236083,OR13E1P,unitary_pseudogene,9,35859055,35859980,-1,olfactory receptor family 13 subfamily E member 1 pseudogene [Source:HGNC Symbol;Acc:HGNC:15107]
ENSG00000236853,OR2R1P,unitary_pseudogene,7,143488462,143489402,-1,"olfactory receptor family 2 subfamily R member 1, pseudogene [Source:HGNC Symbol;Acc:HGNC:8274]"
ENSG00000237914,SIRPG-AS1,lncRNA,20,1633508,1648472,1,SIRPG antisense RNA 1 [Source:HGNC Symbol;Acc:HGNC:51229]
ENSG00000238057,ZEB2-AS1,lncRNA,2,144517978,144521477,1,ZEB2 antisense RNA 1 [Source:HGNC Symbol;Acc:HGNC:37149]
ENSG00000238195,,lncRNA,22,27195232,27205126,1,novel transcript
ENSG00000240138,EEF1GP4,processed_pseudogene,3,161324913,161326219,-1,eukaryotic translation elongation factor 1 gamma pseudogene 4 [Source:HGNC Symbol;Acc:HGNC:44559]
ENSG00000243856,RN7SL551P,misc_RNA,18,74227506,74227803,1,"RNA, 7SL, cytoplasmic 551, pseudogene [Source:HGNC Symbol;Acc:HGNC:46567]"
ENSG00000244668,SNRPCP3,processed_pseudogene,3,150719997,150720836,-1,small nuclear ribonucleoprotein polypeptide C pseudogene 3 [Source:HGNC Symbol;Acc:HGNC:49818]
ENSG00000245330,DEPTOR-AS1,lncRNA,8,119867419,119874582,-1,DEPTOR antisense RNA 1 [Source:HGNC Symbol;Acc:HGNC:55602]
ENSG00000249106,GPM6A-DT,lncRNA,4,175790307,175812189,1,GPM6A divergent transcript [Source:HGNC Symbol;Acc:HGNC:55577]
ENSG00000250643,,lncRNA,3,129946209,130003557,-1,novel transcript
ENSG00000251372,LINC00499,lncRNA,4,138309613,138663403,1,long intergenic non-protein coding RNA 499 [Source:HGNC Symbol;Acc:HGNC:43436]
ENSG00000251838,,snoRNA,11,37702125,37702220,-1,
ENSG00000252714,RNA5SP392,rRNA_pseudogene,15,40331537,40331648,-1,"RNA, 5S ribosomal pseudogene 392 [Source:HGNC Symbol;Acc:HGNC:43292]"
ENSG00000253064,RNU6-711P,snRNA,17,29424762,29424867,-1,"RNA, U6 small nuclear 711, pseudogene [Source:HGNC Symbol;Acc:HGNC:47674]"
ENSG00000253327,RAD21-AS1,lncRNA,8,116874424,116876868,1,RAD21 antisense RNA 1 [Source:HGNC Symbol;Acc:HGNC:32158]
ENSG00000253352,TUG1,protein_coding,22,30969245,30979395,1,taurine up-regulated 1 [Source:HGNC Symbol;Acc:HGNC:26066]
ENSG00000253501,IGKV3D-34,IG_V_pseudogene,2,89906757,89907246,1,immunoglobulin kappa variable 3D-34 (pseudogene) [Source:HGNC Symbol;Acc:HGNC:5828]
ENSG00000254266,PKIA-AS1,lncRNA,8,78167633,78558507,-1,PKIA antisense RNA 1 [Source:HGNC Symbol;Acc:HGNC:51659]
ENSG00000255416,OR10AF1P,unprocessed_pseudogene,11,55948120,55948924,-1,olfactory receptor family 10 subfamily AF member 1 pseudogene [Source:HGNC Symbol;Acc:HGNC:19606]
ENSG00000256465,,processed_pseudogene,12,31893370,31893702,1,Impact homolog (mouse) (IMPACT) pseudogene
ENSG00000257476,LINC02459,lncRNA,12,114238473,114241954,-1,long intergenic non-protein coding RNA 2459 [Source:HGNC Symbol;Acc:HGNC:53395]
ENSG00000258325,ITFG2-AS1,lncRNA,12,2668500,2812944,-1,ITFG2 antisense RNA 1 [Source:HGNC Symbol;Acc:HGNC:53128]
ENSG00000258566,H1-8P2,processed_pseudogene,14,76690139,76690742,-1,H1-8 pseudogene 2 [Source:HGNC Symbol;Acc:HGNC:56428]
ENSG00000259151,CAP2P1,transcribed_processed_pseudogene,14,89290205,89291594,-1,cyclase associated actin cytoskeleton regulatory protein 2 pseudogene 1 [Source:HGNC Symbol;Acc:HGNC:20142]
ENSG00000259157,,unprocessed_pseudogene,14,51787461,51787743,1,protein kinase-like protein SgK196 (SGK196) pseudogene
ENSG00000259397,,processed_pseudogene,15,35092481,35093210,1,U2 small nuclear RNA auxiliary factor 1 (U2AF1) pseudogene
ENSG00000259732,,lncRNA,15,59121034,59133250,1,"novel transcript, sense overlapping to CCNB2"
ENSG00000260190,,lncRNA,9,136937169,136937988,-1,"novel transcript, overlapping FBXW5"
ENSG00000260763,,lncRNA,5,4436850,4440259,-1,novel transcript
ENSG00000260853,NFATC2IP-AS1,lncRNA,16,28952816,28966883,-1,NFATC2IP antisense RNA 1 [Source:HGNC Symbol;Acc:HGNC:56085]
ENSG00000262920,,lncRNA,17,321260,322457,1,"novel transcript, antisense to RPH3AL"
ENSG00000263731,,lncRNA,17,81878425,81881106,-1,novel transcript
ENSG00000264169,RN7SL665P,misc_RNA,9,130400266,130400565,1,"RNA, 7SL, cytoplasmic 665, pseudogene [Source:HGNC Symbol;Acc:HGNC:46681]"
ENSG00000265444,MIR4733,miRNA,17,31094350,31094425,-1,microRNA 4733 [Source:HGNC Symbol;Acc:HGNC:41638]
ENSG00000266703,MIR4490,miRNA,11,90555774,90555857,-1,microRNA 4490 [Source:HGNC Symbol;Acc:HGNC:41871]
ENSG00000267231,,lncRNA,19,3558015,3558486,1,novel transcript
ENSG00000272994,C2orf49-DT,lncRNA,2,105333935,105337509,-1,C2orf49 divergent transcript [Source:HGNC Symbol;Acc:HGNC:55178]
ENSG00000273746,,unprocessed_pseudogene,X,102259043,102261692,1,preferentially expressed antigen in melanoma (PRAME) pseudogene
ENSG00000273860,,processed_pseudogene,5,67855735,67855986,1,"dicer 1, ribonuclease type III (DICER1) pseudogene"
ENSG00000274378,,transcribed_unprocessed_pseudogene,17,60025859,60030746,1,"double C2-like domains, beta (DOC2B) pseudogene"
ENSG00000274841,Metazoa_SRP,misc_RNA,9,137638128,137638408,-1,Metazoan signal recognition particle RNA [Source:RFAM;Acc:RF00017]
ENSG00000277047,,lncRNA,13,54799248,54986720,1,novel transcript
ENSG00000277067,,lncRNA,21,7048748,7116635,1,novel transcript
ENSG00000280348,,TEC,13,73800074,73802203,1,TEC
ENSG00000280799,DUX4L5,unprocessed_pseudogene,4,190077818,190079092,1,double homeobox 4 like 5 (pseudogene) [Source:HGNC Symbol;Acc:HGNC:38689]
ENSG00000282668,,processed_pseudogene,X,9407861,9408638,1,"chromodomain protein, Y chromosome-like (CDYL) pseudogene"
ENSG00000282973,,processed_pseudogene,16,33345182,33345396,1,double homeobox protein (DUX) pseudogene
ENSG00000283291,5_8S_rRNA,rRNA,20,29741510,29741661,-1,5.8S ribosomal RNA [Source:RFAM;Acc:RF00002]
ENSG00000006025,OSBPL7,protein_coding,17,47807367,47821803,-1,oxysterol binding protein like 7 [Source:HGNC Symbol;Acc:HGNC:16387]
ENSG00000021826,CPS1,protein_coding,2,210477682,210679107,1,carbamoyl-phosphate synthase 1 [Source:HGNC Symbol;Acc:HGNC:2323]
ENSG00000068305,MEF2A,protein_coding,15,99565404,99716488,1,myocyte enhancer factor 2A [Source:HGNC Symbol;Acc:HGNC:6993]
ENSG00000070748,CHAT,protein_coding,10,49609095,49667942,1,choline O-acetyltransferase [Source:HGNC Symbol;Acc:HGNC:1912]
ENSG00000083838,ZNF446,protein_coding,19,58474017,58481233,1,zinc finger protein 446 [Source:HGNC Symbol;Acc:HGNC:21036]
ENSG00000088367,EPB41L1,protein_coding,20,36091504,36232799,1,erythrocyte membrane protein band 4.1 like 1 [Source:HGNC Symbol;Acc:HGNC:3378]
ENSG00000100100,PIK3IP1,protein_coding,22,31281594,31292534,-1,phosphoinositide-3-kinase interacting protein 1 [Source:HGNC Symbol;Acc:HGNC:24942]
ENSG00000101391,CDK5RAP1,protein_coding,20,33358437,33401561,-1,CDK5RAP1 mitochondrial tRNA methylthiotransferase [Source:HGNC Symbol;Acc:HGNC:15880]
ENSG00000104936,DMPK,protein_coding,19,45769709,45782552,-1,DM1 protein kinase [Source:HGNC Symbol;Acc:HGNC:2933]
ENSG00000124733,MEA1,protein_coding,6,43011143,43016868,-1,male-enhanced antigen 1 [Source:HGNC Symbol;Acc:HGNC:6986]
ENSG00000126247,CAPNS1,protein_coding,19,36139953,36150356,1,calpain small subunit 1 [Source:HGNC Symbol;Acc:HGNC:1481]
ENSG00000129048,ACKR4,protein_coding,3,132597270,132618967,1,atypical chemokine receptor 4 [Source:HGNC Symbol;Acc:HGNC:1611]
ENSG00000131504,DIAPH1,protein_coding,5,141515016,141619055,-1,diaphanous related formin 1 [Source:HGNC Symbol;Acc:HGNC:2876]
ENSG00000133687,TMTC1,protein_coding,12,29500840,29784759,-1,transmembrane O-mannosyltransferase targeting cadherins 1 [Source:HGNC Symbol;Acc:HGNC:24099]
ENSG00000135077,HAVCR2,protein_coding,5,157085422,157142869,-1,hepatitis A virus cellular receptor 2 [Source:HGNC Symbol;Acc:HGNC:18437]
ENSG00000136897,MRPL50,protein_coding,9,101387633,101398618,-1,mitochondrial ribosomal protein L50 [Source:HGNC Symbol;Acc:HGNC:16654]
ENSG00000138430,OLA1,protein_coding,2,174072447,174248608,-1,Obg like ATPase 1 [Source:HGNC Symbol;Acc:HGNC:28833]
ENSG00000142327,RNPEPL1,protein_coding,2,240565804,240581372,1,arginyl aminopeptidase like 1 [Source:HGNC Symbol;Acc:HGNC:10079]
ENSG00000143367,TUFT1,protein_coding,1,151540305,151583583,1,tuftelin 1 [Source:HGNC Symbol;Acc:HGNC:12422]
ENSG00000147533,GOLGA7,protein_coding,8,41488200,41511095,1,golgin A7 [Source:HGNC Symbol;Acc:HGNC:24876]
ENSG00000148156,ACTL7B,protein_coding,9,108854588,108855986,-1,actin like 7B [Source:HGNC Symbol;Acc:HGNC:162]
ENSG00000166337,TAF10,protein_coding,11,6606294,6612539,-1,TATA-box binding protein associated factor 10 [Source:HGNC Symbol;Acc:HGNC:11543]
ENSG00000168461,RAB31,protein_coding,18,9708246,9862551,1,"RAB31, member RAS oncogene family [Source:HGNC Symbol;Acc:HGNC:9771]"
ENSG00000168958,MFF,protein_coding,2,227325151,227361188,1,mitochondrial fission factor [Source:HGNC Symbol;Acc:HGNC:24858]
ENSG00000169314,C22orf15,protein_coding,22,23762990,23765863,1,chromosome 22 open reading frame 15 [Source:HGNC Symbol;Acc:HGNC:15558]
ENSG00000173917,HOXB2,protein_coding,17,48540894,48545109,-1,homeobox B2 [Source:HGNC Symbol;Acc:HGNC:5113]
ENSG00000174276,ZNHIT2,protein_coding,11,65116403,65117701,-1,zinc finger HIT-type containing 2 [Source:HGNC Symbol;Acc:HGNC:1177]
ENSG00000174957,OR5J2,protein_coding,11,56176618,56177556,1,olfactory receptor family 5 subfamily J member 2 [Source:HGNC Symbol;Acc:HGNC:19612]
ENSG00000175505,CLCF1,protein_coding,11,67364168,67374177,-1,cardiotrophin like cytokine factor 1 [Source:HGNC Symbol;Acc:HGNC:17412]
ENSG00000177693,OR4F4,protein_coding,15,101922042,101923113,-1,olfactory receptor family 4 subfamily F member 4 [Source:HGNC Symbol;Acc:HGNC:8301]
ENSG00000177993,ZNRF3-AS1,lncRNA,22,29024999,29031533,-1,ZNRF3 antisense RNA 1 [Source:HGNC Symbol;Acc:HGNC:41927]
ENSG00000179097,HTR1F,protein_coding,3,87792704,87993839,1,5-hydroxytryptamine receptor 1F [Source:HGNC Symbol;Acc:HGNC:5292]
ENSG00000182521,TBPL2,protein_coding,14,55414210,55456726,-1,TATA-box binding protein like 2 [Source:HGNC Symbol;Acc:HGNC:19841]
ENSG00000184708,EIF4ENIF1,protein_coding,22,31436977,31497047,-1,eukaryotic translation initiation factor 4E nuclear import factor 1 [Source:HGNC Symbol;Acc:HGNC:16687]
ENSG00000184856,LINC00308,lncRNA,21,22098616,22116605,1,long intergenic non-protein coding RNA 308 [Source:HGNC Symbol;Acc:HGNC:16023]
ENSG00000196553,CCDC196,protein_coding,14,66411704,66498677,1,coiled-coil domain containing 196 [Source:HGNC Symbol;Acc:HGNC:20100]
ENSG00000196589,MBD3L2B,protein_coding,19,7018969,7021431,-1,methyl-CpG binding domain protein 3 like 2B [Source:HGNC Symbol;Acc:HGNC:53435]
ENSG00000200616,Y_RNA,misc_RNA,3,179097731,179097840,1,Y RNA [Source:RFAM;Acc:RF00019]
ENSG00000200665,RNU6-1188P,snRNA,12,116082570,116082676,1,"RNA, U6 small nuclear 1188, pseudogene [Source:HGNC Symbol;Acc:HGNC:48151]"
ENSG00000200917,RNU6-553P,snRNA,4,105406997,105407092,1,"RNA, U6 small nuclear 553, pseudogene [Source:HGNC Symbol;Acc:HGNC:47516]"
ENSG00000201549,Y_RNA,misc_RNA,12,7784403,7784511,-1,Y RNA [Source:RFAM;Acc:RF00019]
ENSG00000202187,RNA5SP355,rRNA_pseudogene,12,28505394,28505528,1,"RNA, 5S ribosomal pseudogene 355 [Source:HGNC Symbol;Acc:HGNC:43255]"
ENSG00000204176,SYT15,protein_coding,10,46578217,46594173,1,synaptotagmin 15 [Source:HGNC Symbol;Acc:HGNC:17167]
ENSG00000208004,MIR323B,miRNA,14,101056219,101056300,1,microRNA 323b [Source:HGNC Symbol;Acc:HGNC:38349]
ENSG00000208013,MIR652,miRNA,X,110055329,110055426,1,microRNA 652 [Source:HGNC Symbol;Acc:HGNC:32908]
ENSG00000211870,TRAJ19,TR_J_gene,14,22525263,22525322,1,T cell receptor alpha joining 19 (non-functional) [Source:HGNC Symbol;Acc:HGNC:12047]
ENSG00000211887,TRAJ2,TR_J_gene,14,22544071,22544136,1,T cell receptor alpha joining 2 (non-functional) [Source:HGNC Symbol;Acc:HGNC:12048]
ENSG00000212658,KRTAP29-1,protein_coding,17,41301826,41302851,-1,keratin associated like protein 29-1 [Source:HGNC Symbol;Acc:HGNC:34211]
ENSG00000213047,DENND1B,protein_coding,1,197504748,197775706,-1,DENN domain containing 1B [Source:HGNC Symbol;Acc:HGNC:28404]
ENSG00000219262,OR2E1P,unprocessed_pseudogene,6,28455648,28456141,-1,olfactory receptor family 2 subfamily E member 1 pseudogene [Source:HGNC Symbol;Acc:HGNC:15507]
ENSG00000219666,,processed_pseudogene,6,129783769,129784045,-1,SMT3 suppressor of mif two 3 homolog 1 (S. cerevisiae) (SUMO1) pseudogene
ENSG00000221571,RNU6ATAC35P,lncRNA,1,220825620,220826063,1,"RNA, U6atac small nuclear 35, pseudogene [Source:HGNC Symbol;Acc:HGNC:46934]"
ENSG00000221737,MIR548I1,miRNA,3,125790404,125790552,-1,microRNA 548i-1 [Source:HGNC Symbol;Acc:HGNC:35352]
ENSG00000222451,RN7SKP143,misc_RNA,10,90163651,90163960,-1,RN7SK pseudogene 143 [Source:HGNC Symbol;Acc:HGNC:45867]
ENSG00000225664,YWHAZP8,processed_pseudogene,X,73274785,73275515,1,tyrosine 3-monooxygenase/tryptophan 5-monooxygenase activation protein zeta pseudogene 8 [Source:HGNC Symbol;Acc:HGNC:39029]
ENSG00000227847,PPIAP93,processed_pseudogene,7,125345825,125346197,1,PPIA pseudogene 93 [Source:HGNC Symbol;Acc:HGNC:54634]
ENSG00000228403,,lncRNA,10,48878022,48878649,1,novel transcript
ENSG00000231609,EHBP1-AS1,lncRNA,2,62957316,63048640,-1,EHBP1 antisense RNA 1 [Source:HGNC Symbol;Acc:HGNC:55766]
ENSG00000232144,PSAT1P2,processed_pseudogene,2,62552463,62553434,-1,phosphoserine aminotransferase 1 pseudogene 2 [Source:HGNC Symbol;Acc:HGNC:43988]
ENSG00000234964,FABP5P7,processed_pseudogene,11,59781318,59781722,-1,fatty acid binding protein 5 pseudogene 7 [Source:HGNC Symbol;Acc:HGNC:31070]
ENSG00000236797,SPA17P1,transcribed_processed_pseudogene,10,75382393,75382844,-1,sperm autoantigenic protein 17 pseudogene 1 [Source:HGNC Symbol;Acc:HGNC:23224]
ENSG00000236807,,processed_pseudogene,19,44765148,44765464,1,ribosomal protein L10 (RPL10) pseudogene
ENSG00000238540,RNU7-93P,snRNA,14,36405214,36405274,1,"RNA, U7 small nuclear 93 pseudogene [Source:HGNC Symbol;Acc:HGNC:45627]"
ENSG00000241877,,processed_pseudogene,4,178286695,178287285,1,ribosomal protein L19 (RPL19) pseudogene
ENSG00000242020,RN7SL68P,misc_RNA,5,141479316,141479625,1,"RNA, 7SL, cytoplasmic 68, pseudogene [Source:HGNC Symbol;Acc:HGNC:46084]"
ENSG00000242960,FTH1P23,processed_pseudogene,3,72929044,72929593,1,ferritin heavy chain 1 pseudogene 23 [Source:HGNC Symbol;Acc:HGNC:37641]
ENSG00000243920,RPS26P24,processed_pseudogene,4,57352999,57353329,-1,ribosomal protein S26 pseudogene 24 [Source:HGNC Symbol;Acc:HGNC:36917]
ENSG00000248724,NPHP3-AS1,lncRNA,3,132721750,132895230,1,NPHP3 antisense RNA 1 [Source:HGNC Symbol;Acc:HGNC:24129]
ENSG00000250597,,lncRNA,4,34657606,34669432,1,novel transcript
ENSG00000250790,,lncRNA,12,132911470,132914732,1,novel transcript
ENSG00000251770,RNA5SP486,rRNA_pseudogene,20,47873191,47873273,1,"RNA, 5S ribosomal pseudogene 486 [Source:HGNC Symbol;Acc:HGNC:43386]"
ENSG00000253491,IGHVII-30-1,IG_V_pseudogene,14,106342680,106342980,-1,immunoglobulin heavy variable (II)-30-1 (pseudogene) [Source:HGNC Symbol;Acc:HGNC:5676]
ENSG00000255214,,unprocessed_pseudogene,11,49871826,49874067,-1,tripartite motif-containing pseudogene
ENSG00000257075,RPEP6,processed_pseudogene,11,72131282,72131907,1,ribulose-5-phosphate-3-epimerase pseudogene 6 [Source:HGNC Symbol;Acc:HGNC:44525]
ENSG00000258045,Metazoa_SRP,misc_RNA,12,55731264,55731531,-1,Metazoan signal recognition particle RNA [Source:RFAM;Acc:RF00017]
ENSG00000258727,AP1G2-AS1,lncRNA,14,23561097,23568237,1,AP1G2 antisense RNA 1 [Source:HGNC Symbol;Acc:HGNC:55442]
ENSG00000260062,GOLGA2P11,transcribed_unprocessed_pseudogene,15,62253730,62270680,-1,GOLGA2 pseudogene 11 [Source:HGNC Symbol;Acc:HGNC:26788]
ENSG00000260153,RARRES2P10,processed_pseudogene,16,35485766,35486225,-1,retinoic acid receptor responder 2 pseudogene 10 [Source:HGNC Symbol;Acc:HGNC:51742]
ENSG00000260552,COSMOC,lncRNA,18,36179991,36187475,-1,cell fate and sterol metabolism associated divergent transcript of MOCOS [Source:HGNC Symbol;Acc:HGNC:51610]
ENSG00000260682,RN7SKP176,misc_RNA,16,81961926,81962243,1,RN7SK pseudogene 176 [Source:HGNC Symbol;Acc:HGNC:45900]
ENSG00000260693,,lncRNA,15,30540093,30545969,1,novel transcript
ENSG00000260886,TAT-AS1,lncRNA,16,71564952,71578187,1,TAT antisense RNA 1 [Source:HGNC Symbol;Acc:HGNC:51369]
ENSG00000261349,,unprocessed_pseudogene,1,25266102,25267136,-1,novel pseudogene
ENSG00000261611,,protein_coding,16,71447600,71489311,-1,novel transcript
ENSG00000262106,OR1D3P,unprocessed_pseudogene,17,3265611,3266541,1,olfactory receptor family 1 subfamily D member 3 pseudogene [Source:HGNC Symbol;Acc:HGNC:8184]
ENSG00000266150,MIR4711,miRNA,1,59733227,59733296,-1,microRNA 4711 [Source:HGNC Symbol;Acc:HGNC:41847]
ENSG00000266994,,lncRNA,16,4730115,4752565,-1,novel transcript
ENSG00000267151,MIR2117HG,lncRNA,17,43444707,43451200,1,MIR2117 host gene [Source:HGNC Symbol;Acc:HGNC:51999]
ENSG00000267607,ICAM4-AS1,lncRNA,19,10285797,10289326,-1,ICAM4 antisense RNA 1 [Source:HGNC Symbol;Acc:HGNC:55990]
ENSG00000271952,LINC01954,lncRNA,2,10837758,10901931,1,long intergenic non-protein coding RNA 1954 [Source:HGNC Symbol;Acc:HGNC:52779]
ENSG00000274396,,misc_RNA,7,27099856,27099957,1,
ENSG00000276822,,transcribed_unprocessed_pseudogene,16,74393076,74393183,-1,"phospholipase A2, group X (PLA2G10) pseudogene"
ENSG00000278259,MYO19,protein_coding,17,36495118,36545884,-1,myosin XIX [Source:HGNC Symbol;Acc:HGNC:26234]
ENSG00000278962,,TEC,2,112188364,112190635,1,TEC
ENSG00000279256,,TEC,9,26642697,26644595,-1,tec
ENSG00000279951,,TEC,13,20092632,20094144,1,TEC
ENSG00000282268,IGHD2OR15-2B,IG_D_gene,15,21015048,21015078,-1,immunoglobulin heavy diversity 2/OR15-2B (non-functional) [Source:HGNC Symbol;Acc:HGNC:5494]
ENSG00000029153,BMAL2,protein_coding,12,27332836,27425289,1,basic helix-loop-helix ARNT like 2 [Source:HGNC Symbol;Acc:HGNC:18984]
ENSG00000074803,SLC12A1,protein_coding,15,48178438,48304078,1,solute carrier family 12 member 1 [Source:HGNC Symbol;Acc:HGNC:10910]
ENSG00000087589,CASS4,protein_coding,20,56412049,56460387,1,Cas scaffold protein family member 4 [Source:HGNC Symbol;Acc:HGNC:15878]
ENSG00000104626,ERI1,protein_coding,8,9002147,9116746,1,exoribonuclease 1 [Source:HGNC Symbol;Acc:HGNC:23994]
ENSG00000105662,CRTC1,protein_coding,19,18683640,18782333,1,CREB regulated transcription coactivator 1 [Source:HGNC Symbol;Acc:HGNC:16062]
ENSG00000106536,POU6F2,protein_coding,7,38977909,39493095,1,POU class 6 homeobox 2 [Source:HGNC Symbol;Acc:HGNC:21694]
ENSG00000111276,CDKN1B,protein_coding,12,12685498,12722373,1,cyclin dependent kinase inhibitor 1B [Source:HGNC Symbol;Acc:HGNC:1785]
ENSG00000114439,BBX,protein_coding,3,107522936,107811339,1,BBX high mobility group box domain containing [Source:HGNC Symbol;Acc:HGNC:14422]
ENSG00000124391,IL17C,protein_coding,16,88638572,88640468,1,interleukin 17C [Source:HGNC Symbol;Acc:HGNC:5983]
ENSG00000124564,SLC17A3,protein_coding,6,25833066,25882478,-1,solute carrier family 17 member 3 [Source:HGNC Symbol;Acc:HGNC:10931]
ENSG00000130005,GAMT,protein_coding,19,1397026,1401570,-1,guanidinoacetate N-methyltransferase [Source:HGNC Symbol;Acc:HGNC:4136]
ENSG00000130559,CAMSAP1,protein_coding,9,135808487,135907546,-1,calmodulin regulated spectrin associated protein 1 [Source:HGNC Symbol;Acc:HGNC:19946]
ENSG00000131116,ZNF428,protein_coding,19,43607223,43619639,-1,zinc finger protein 428 [Source:HGNC Symbol;Acc:HGNC:20804]
ENSG00000132680,KHDC4,protein_coding,1,155913043,155934413,-1,"KH domain containing 4, pre-mRNA splicing factor [Source:HGNC Symbol;Acc:HGNC:29145]"
ENSG00000135506,OS9,protein_coding,12,57693841,57728342,1,OS9 endoplasmic reticulum lectin [Source:HGNC Symbol;Acc:HGNC:16994]
ENSG00000135679,MDM2,protein_coding,12,68808175,68845544,1,MDM2 proto-oncogene [Source:HGNC Symbol;Acc:HGNC:6973]
ENSG00000137501,SYTL2,protein_coding,11,85694224,85811182,-1,synaptotagmin like 2 [Source:HGNC Symbol;Acc:HGNC:15585]
ENSG00000146063,TRIM41,protein_coding,5,181222499,181235808,1,tripartite motif containing 41 [Source:HGNC Symbol;Acc:HGNC:19013]
ENSG00000165025,SYK,protein_coding,9,90801579,90898549,1,spleen associated tyrosine kinase [Source:HGNC Symbol;Acc:HGNC:11491]
ENSG00000171621,SPSB1,protein_coding,1,9292101,9369532,1,splA/ryanodine receptor domain and SOCS box containing 1 [Source:HGNC Symbol;Acc:HGNC:30628]
ENSG00000182921,GPATCH11P1,processed_pseudogene,3,73182501,73183291,-1,GPATCH11 pseudogene 1 [Source:HGNC Symbol;Acc:HGNC:42659]
ENSG00000182944,EWSR1,protein_coding,22,29268009,29300530,1,EWS RNA binding protein 1 [Source:HGNC Symbol;Acc:HGNC:3508]
ENSG00000188211,NCR3LG1,protein_coding,11,17351800,17377341,1,natural killer cell cytotoxicity receptor 3 ligand 1 [Source:HGNC Symbol;Acc:HGNC:42400]
ENSG00000188782,CATSPER4,protein_coding,1,26190561,26202968,1,cation channel sperm associated 4 [Source:HGNC Symbol;Acc:HGNC:23220]
ENSG00000189298,ZKSCAN3,protein_coding,6,28349911,28369172,1,zinc finger with KRAB and SCAN domains 3 [Source:HGNC Symbol;Acc:HGNC:13853]
ENSG00000198271,KRTAP4-5,protein_coding,17,41148924,41149825,-1,keratin associated protein 4-5 [Source:HGNC Symbol;Acc:HGNC:18899]
ENSG00000198920,KIAA0753,protein_coding,17,6578147,6640711,-1,KIAA0753 [Source:HGNC Symbol;Acc:HGNC:29110]
ENSG00000199273,Y_RNA,misc_RNA,7,40128121,40128232,-1,Y RNA [Source:RFAM;Acc:RF00019]
ENSG00000201861,RNA5SP298,rRNA_pseudogene,10,282015,282125,-1,"RNA, 5S ribosomal pseudogene 298 [Source:HGNC Symbol;Acc:HGNC:43198]"
ENSG00000202034,RNU6-399P,snRNA,12,62545582,62545679,-1,"RNA, U6 small nuclear 399, pseudogene [Source:HGNC Symbol;Acc:HGNC:47362]"
ENSG00000203705,TATDN3,protein_coding,1,212791828,212816830,1,TatD DNase domain containing 3 [Source:HGNC Symbol;Acc:HGNC:27010]
ENSG00000204054,LINC00963,lncRNA,9,129476946,129513769,1,long intergenic non-protein coding RNA 963 [Source:HGNC Symbol;Acc:HGNC:48716]
ENSG00000205584,FKBP6P1,transcribed_unprocessed_pseudogene,7,72969814,72971727,1,FKBP6 pseudogene 1 [Source:HGNC Symbol;Acc:HGNC:56779]
ENSG00000205864,KRTAP5-6,protein_coding,11,1697195,1697755,1,keratin associated protein 5-6 [Source:HGNC Symbol;Acc:HGNC:23600]
ENSG00000207472,RNU6-41P,snRNA,1,182982212,182982318,-1,"RNA, U6 small nuclear 41, pseudogene [Source:HGNC Symbol;Acc:HGNC:34247]"
ENSG00000213358,NAA50P2,unprocessed_pseudogene,3,196527339,196528791,-1,NAA50 pseudogene 2 [Source:HGNC Symbol;Acc:HGNC:56631]
ENSG00000213729,RPS16P2,processed_pseudogene,2,20155618,20156057,-1,ribosomal protein S16 pseudogene 2 [Source:HGNC Symbol;Acc:HGNC:35928]
ENSG00000219061,TRIM51FP,transcribed_unprocessed_pseudogene,11,49833140,49839320,-1,"tripartite motif-containing 51F, pseudogene [Source:HGNC Symbol;Acc:HGNC:43966]"
ENSG00000219863,RPL31P28,processed_pseudogene,6,53354715,53355065,1,ribosomal protein L31 pseudogene 28 [Source:HGNC Symbol;Acc:HGNC:36253]
ENSG00000221066,SNORD111,snoRNA,16,70538005,70538098,1,"small nucleolar RNA, C/D box 111 [Source:HGNC Symbol;Acc:HGNC:32776]"
ENSG00000222937,SNORD63B,snoRNA,5,138558970,138559039,-1,"small nucleolar RNA, C/D box 63B [Source:HGNC Symbol;Acc:HGNC:52230]"
ENSG00000224593,RPL21P72,transcribed_processed_pseudogene,7,3338126,3338601,1,ribosomal protein L21 pseudogene 72 [Source:HGNC Symbol;Acc:HGNC:37043]
ENSG00000224661,,lncRNA,2,3673778,3704153,-1,novel transcript
ENSG00000224785,,processed_pseudogene,7,23562459,23564261,-1,"ATP-binding cassette, sub-family E (OABP), member 1 (ABCE1) pseudogene"
ENSG00000224903,RNF32-AS1,lncRNA,7,156654185,156659582,-1,RNF32 antisense RNA 1 [Source:HGNC Symbol;Acc:HGNC:40798]
ENSG00000225280,,lncRNA,20,21397258,21400391,1,"novel transcript, antisense to NKX2-4"
ENSG00000225473,ATP13A4-AS1,lncRNA,3,193506780,193555586,1,ATP13A4 antisense RNA 1 [Source:HGNC Symbol;Acc:HGNC:41095]
ENSG00000227417,,processed_pseudogene,1,203805621,203806263,-1,SNF7 domain containing 2 (SNF7DC20) pseudogene
ENSG00000227952,RPL18AP17,processed_pseudogene,13,72460132,72460329,-1,ribosomal protein L18a pseudogene 17 [Source:HGNC Symbol;Acc:HGNC:39850]
ENSG00000228816,AK3P5,processed_pseudogene,10,32944481,32944999,1,AK3 pseudogene 5 [Source:HGNC Symbol;Acc:HGNC:39064]
ENSG00000229030,,processed_pseudogene,X,71848775,71849004,1,"NADH dehydrogenase (ubiquinone) 1 alpha subcomplex, 4, 9kDa (NDUFA4) pseudogene"
ENSG00000229272,LINC03036,lncRNA,10,118784544,119029544,-1,long intergenic non-protein coding RNA 3036 [Source:HGNC Symbol;Acc:HGNC:56220]
ENSG00000231051,USP17L28,protein_coding,4,9348893,9350485,1,ubiquitin specific peptidase 17 like family member 28 [Source:HGNC Symbol;Acc:HGNC:44456]
ENSG00000232809,VDAC1P10,processed_pseudogene,1,215376484,215377374,1,voltage dependent anion channel 1 pseudogene 10 [Source:HGNC Symbol;Acc:HGNC:37479]
ENSG00000232995,,lncRNA,1,163244505,163321894,-1,novel transcript
ENSG00000233273,AMMECR1LP1,processed_pseudogene,13,96573659,96574499,1,AMMECR1 like pseudogene 1 [Source:HGNC Symbol;Acc:HGNC:39809]
ENSG00000233304,LINC01346,lncRNA,1,3940486,3955262,1,long intergenic non-protein coding RNA 1346 [Source:HGNC Symbol;Acc:HGNC:50563]
ENSG00000233518,RPL7P35,processed_pseudogene,10,110550115,110550854,-1,ribosomal protein L7 pseudogene 35 [Source:HGNC Symbol;Acc:HGNC:36153]
ENSG00000234211,,lncRNA,1,161671978,161674824,-1,"novel transcript, antisense to FCGR2B"
ENSG00000236088,COX10-DT,lncRNA,17,13755574,14069508,-1,COX10 divergent transcript [Source:HGNC Symbol;Acc:HGNC:38873]
ENSG00000236434,,lncRNA,1,51264916,51266074,-1,novel transcript
ENSG00000240238,RPL21P117,processed_pseudogene,15,59552615,59553093,-1,ribosomal protein L21 pseudogene 117 [Source:HGNC Symbol;Acc:HGNC:35987]
ENSG00000240294,RN7SKP241,misc_RNA,10,24908522,24908812,-1,RN7SK pseudogene 241 [Source:HGNC Symbol;Acc:HGNC:45965]
ENSG00000242741,LINC02005,lncRNA,3,73805754,73902960,1,long intergenic non-protein coding RNA 2005 [Source:HGNC Symbol;Acc:HGNC:52839]
ENSG00000243304,,processed_pseudogene,5,115264669,115265464,-1,ribosomal protein S2 (RPS2) pseudogene
ENSG00000243686,RPLP1P11,processed_pseudogene,17,16044621,16044961,1,ribosomal protein lateral stalk subunit P1 pseudogene 11 [Source:HGNC Symbol;Acc:HGNC:36196]
ENSG00000243961,PARAL1,lncRNA,20,9986088,10007116,1,PPARG activating RBM14 associated lncRNA 1 [Source:HGNC Symbol;Acc:HGNC:53772]
ENSG00000247228,,lncRNA,16,70137655,70173505,-1,"novel transcript, antisense to PDPR & CLEC18C"
ENSG00000249064,KRT18P25,processed_pseudogene,4,40020240,40021517,1,keratin 18 pseudogene 25 [Source:HGNC Symbol;Acc:HGNC:33394]
ENSG00000249100,,lncRNA,5,82765404,82766333,1,novel transcript
ENSG00000249722,,lncRNA,5,174329612,174330503,1,novel transcript
ENSG00000250892,,unprocessed_pseudogene,4,201409,205009,-1,pseudogene similar to part of WEE1 homolog (WEE1)
ENSG00000250997,,processed_pseudogene,4,160521829,160522311,-1,v-myb myeloblastosis viral oncogene homolog (avian)-like 2 (MYBL2) pseudogene
ENSG00000251687,,lncRNA,4,145833118,145839580,1,novel transcript
ENSG00000253973,NRIP3-DT,lncRNA,11,9004093,9067776,1,NRIP3 divergent transcript [Source:HGNC Symbol;Acc:HGNC:55524]
ENSG00000254972,,lncRNA,11,71701268,71705404,-1,novel transcript
ENSG00000255368,,processed_pseudogene,11,25140533,25141023,-1,N-acetylneuraminic acid phosphatase (NANP) pseudogene
ENSG00000258210,,lncRNA,12,110387463,110445548,-1,novel transcript
ENSG00000259026,,lncRNA,14,97110416,97119247,-1,novel transcript
ENSG00000260133,CA5AP1,transcribed_unprocessed_pseudogene,16,29618785,29636328,-1,carbonic anhydrase 5A pseudogene 1 [Source:HGNC Symbol;Acc:HGNC:1379]
ENSG00000263107,,processed_pseudogene,17,19582116,19582275,-1,"solute carrier family 47, member 1 (SLC47A1) pseudogene"
ENSG00000264404,LINC02675,lncRNA,10,47588678,47622815,-1,long intergenic non-protein coding RNA 2675 [Source:HGNC Symbol;Acc:HGNC:54169]
ENSG00000265693,,transcribed_processed_pseudogene,17,18704640,18704769,1,zinc finger protein 695 (ZNF695) pseudogene
ENSG00000266525,MIR4650-1,miRNA,7,67114322,67114397,-1,microRNA 4650-1 [Source:HGNC Symbol;Acc:HGNC:41755]
ENSG00000266853,ITM2BP1,processed_pseudogene,17,27612588,27613251,-1,integral membrane protein 2B pseudogene 1 [Source:HGNC Symbol;Acc:HGNC:20919]
ENSG00000267395,DM1-AS,lncRNA,19,45767796,45772504,1,DM1 locus antisense RNA [Source:HGNC Symbol;Acc:HGNC:53125]
ENSG00000270855,ATP7BP1,processed_pseudogene,18,22418829,22419294,-1,ATPase copper transporting beta pseudogene 1 [Source:HGNC Symbol;Acc:HGNC:31014]
ENSG00000271408,NAPGP1,processed_pseudogene,10,88699683,88700401,1,"N-ethylmaleimide-sensitive factor attachment protein, gamma pseudogene 1 [Source:HGNC Symbol;Acc:HGNC:45165]"
ENSG00000275071,,misc_RNA,13,55128285,55128444,1,
ENSG00000279029,,TEC,10,24481180,24483034,-1,TEC
ENSG00000279476,,TEC,16,81517824,81520617,1,novel transcript
ENSG00000280376,,TEC,16,46673443,46673927,-1,novel transcript
ENSG00000281131,SCHLAP1,lncRNA,2,180692009,180916939,1,SWI/SNF complex antagonist associated with prostate cancer 1 [Source:HGNC Symbol;Acc:HGNC:48603]
ENSG00000283188,MIR2052,miRNA,8,74705693,74705747,1,microRNA 2052 [Source:HGNC Symbol;Acc:HGNC:37068]
ENSG00000283958,MIR1248,miRNA,3,186786672,186786777,1,microRNA 1248 [Source:HGNC Symbol;Acc:HGNC:35314]
ENSG00000284160,MIR7706,miRNA,15,85380596,85380662,1,microRNA 7706 [Source:HGNC Symbol;Acc:HGNC:50110]
ENSG00000284428,,lncRNA,19,23259906,23274251,-1,novel transcript
ENSG00000037042,TUBG2,protein_coding,17,42659223,42667007,1,tubulin gamma 2 [Source:HGNC Symbol;Acc:HGNC:12419]
ENSG00000061656,SPAG4,protein_coding,20,35615829,35621613,1,sperm associated antigen 4 [Source:HGNC Symbol;Acc:HGNC:11214]
ENSG00000100906,NFKBIA,protein_coding,14,35401079,35404749,-1,NFKB inhibitor alpha [Source:HGNC Symbol;Acc:HGNC:7797]
ENSG00000121053,EPX,protein_coding,17,58192726,58205174,1,eosinophil peroxidase [Source:HGNC Symbol;Acc:HGNC:3423]
ENSG00000122735,DNAI1,protein_coding,9,34457414,34520988,1,dynein axonemal intermediate chain 1 [Source:HGNC Symbol;Acc:HGNC:2954]
ENSG00000125730,C3,protein_coding,19,6677704,6730562,-1,complement C3 [Source:HGNC Symbol;Acc:HGNC:1318]
ENSG00000126218,F10,protein_coding,13,113122788,113149531,1,coagulation factor X [Source:HGNC Symbol;Acc:HGNC:3528]
ENSG00000130303,BST2,protein_coding,19,17402933,17405665,-1,bone marrow stromal cell antigen 2 [Source:HGNC Symbol;Acc:HGNC:1119]
ENSG00000132640,BTBD3,protein_coding,20,11890723,11926609,1,BTB domain containing 3 [Source:HGNC Symbol;Acc:HGNC:15854]
ENSG00000136167,LCP1,protein_coding,13,46125920,46211871,-1,lymphocyte cytosolic protein 1 [Source:HGNC Symbol;Acc:HGNC:6528]
ENSG00000136770,DNAJC1,protein_coding,10,21756538,22003769,-1,DnaJ heat shock protein family (Hsp40) member C1 [Source:HGNC Symbol;Acc:HGNC:20090]
ENSG00000138161,CUZD1,protein_coding,10,122832158,122846175,-1,CUB and zona pellucida like domains 1 [Source:HGNC Symbol;Acc:HGNC:17937]
ENSG00000138413,IDH1,protein_coding,2,208236224,208266095,-1,isocitrate dehydrogenase (NADP(+)) 1 [Source:HGNC Symbol;Acc:HGNC:5382]
ENSG00000139182,CLSTN3,protein_coding,12,7128077,7158945,1,calsyntenin 3 [Source:HGNC Symbol;Acc:HGNC:18371]
ENSG00000141161,UNC45B,protein_coding,17,35146495,35189346,1,unc-45 myosin chaperone B [Source:HGNC Symbol;Acc:HGNC:14304]
ENSG00000147138,GPR174,protein_coding,X,79144678,79175318,1,G protein-coupled receptor 174 [Source:HGNC Symbol;Acc:HGNC:30245]
ENSG00000147166,ITGB1BP2,protein_coding,X,71301747,71305371,1,integrin subunit beta 1 binding protein 2 [Source:HGNC Symbol;Acc:HGNC:6154]
ENSG00000147894,C9orf72,protein_coding,9,27535640,27573895,-1,C9orf72-SMCR8 complex subunit [Source:HGNC Symbol;Acc:HGNC:28337]
ENSG00000156171,DRAM2,protein_coding,1,111115884,111140225,-1,DNA damage regulated autophagy modulator 2 [Source:HGNC Symbol;Acc:HGNC:28769]
ENSG00000157150,TIMP4,protein_coding,3,12153068,12158912,-1,TIMP metallopeptidase inhibitor 4 [Source:HGNC Symbol;Acc:HGNC:11823]
ENSG00000165006,UBAP1,protein_coding,9,34179005,34252523,1,ubiquitin associated protein 1 [Source:HGNC Symbol;Acc:HGNC:12461]
ENSG00000165716,DIPK1B,protein_coding,9,136712468,136724742,1,divergent protein kinase domain 1B [Source:HGNC Symbol;Acc:HGNC:28290]
ENSG00000166689,PLEKHA7,protein_coding,11,16777297,17014420,-1,pleckstrin homology domain containing A7 [Source:HGNC Symbol;Acc:HGNC:27049]
ENSG00000170004,CHD3,protein_coding,17,7884796,7912760,1,chromodomain helicase DNA binding protein 3 [Source:HGNC Symbol;Acc:HGNC:1918]
ENSG00000170684,ZNF296,protein_coding,19,45071500,45076478,-1,zinc finger protein 296 [Source:HGNC Symbol;Acc:HGNC:15981]
ENSG00000171522,PTGER4,protein_coding,5,40679915,40693735,1,prostaglandin E receptor 4 [Source:HGNC Symbol;Acc:HGNC:9596]
ENSG00000171944,OR52A5,protein_coding,11,5128776,5138356,-1,olfactory receptor family 52 subfamily A member 5 [Source:HGNC Symbol;Acc:HGNC:19580]
ENSG00000172186,HMGN1P35,processed_pseudogene,X,69174124,69174717,1,high mobility group nucleosome binding domain 1 pseudogene 35 [Source:HGNC Symbol;Acc:HGNC:39379]
ENSG00000179564,LSMEM2,protein_coding,3,50279030,50288116,1,leucine rich single-pass membrane protein 2 [Source:HGNC Symbol;Acc:HGNC:26781]
ENSG00000180475,OR10Q1,protein_coding,11,58227882,58228918,-1,olfactory receptor family 10 subfamily Q member 1 [Source:HGNC Symbol;Acc:HGNC:15134]
ENSG00000183444,OR7E38P,transcribed_unprocessed_pseudogene,7,97966090,97967074,-1,olfactory receptor family 7 subfamily E member 38 pseudogene [Source:HGNC Symbol;Acc:HGNC:8411]
ENSG00000185792,NLRP9,protein_coding,19,55708438,55738402,-1,NLR family pyrin domain containing 9 [Source:HGNC Symbol;Acc:HGNC:22941]
ENSG00000185842,DNAH14,protein_coding,1,224896262,225399292,1,dynein axonemal heavy chain 14 [Source:HGNC Symbol;Acc:HGNC:2945]
ENSG00000187244,BCAM,protein_coding,19,44809070,44821421,1,basal cell adhesion molecule (Lutheran blood group) [Source:HGNC Symbol;Acc:HGNC:6722]
ENSG00000187860,CCDC157,protein_coding,22,30356635,30378673,1,coiled-coil domain containing 157 [Source:HGNC Symbol;Acc:HGNC:33854]
ENSG00000196267,ZNF836,protein_coding,19,52153864,52171643,-1,zinc finger protein 836 [Source:HGNC Symbol;Acc:HGNC:34333]
ENSG00000196684,HSH2D,protein_coding,19,16134028,16158575,1,hematopoietic SH2 domain containing [Source:HGNC Symbol;Acc:HGNC:24920]
ENSG00000197044,ZNF441,protein_coding,19,11767000,11784078,1,zinc finger protein 441 [Source:HGNC Symbol;Acc:HGNC:20875]
ENSG00000199177,MIR31,miRNA,9,21512115,21512185,-1,microRNA 31 [Source:HGNC Symbol;Acc:HGNC:31630]
ENSG00000199609,RNA5SP124,rRNA_pseudogene,3,14394648,14394757,1,"RNA, 5S ribosomal pseudogene 124 [Source:HGNC Symbol;Acc:HGNC:43024]"
ENSG00000202402,Y_RNA,misc_RNA,14,31244761,31244861,1,Y RNA [Source:RFAM;Acc:RF00019]
ENSG00000202430,RNA5SP88,rRNA_pseudogene,2,24564630,24564738,-1,"RNA, 5S ribosomal pseudogene 88 [Source:HGNC Symbol;Acc:HGNC:42886]"
ENSG00000203733,GJE1,protein_coding,6,142132925,142135358,1,gap junction protein epsilon 1 [Source:HGNC Symbol;Acc:HGNC:33251]
ENSG00000206766,RNU6-435P,snRNA,18,24218300,24218404,1,"RNA, U6 small nuclear 435, pseudogene [Source:HGNC Symbol;Acc:HGNC:47398]"
ENSG00000207271,Y_RNA,misc_RNA,10,36626015,36626138,-1,Y RNA [Source:RFAM;Acc:RF00019]
ENSG00000211574,MIR770,miRNA,14,100852390,100852487,1,microRNA 770 [Source:HGNC Symbol;Acc:HGNC:33143]
ENSG00000212989,,processed_pseudogene,8,72429620,72430112,1,"nucleolar pre-rRNA processing protein, homolog (S. cerevisiae) (ESF1) pseudogene"
ENSG00000220110,RPL21P64,processed_pseudogene,6,128639188,128639653,-1,ribosomal protein L21 pseudogene 64 [Source:HGNC Symbol;Acc:HGNC:36259]
ENSG00000221716,SNORA11,snoRNA,X,54814370,54814497,1,"small nucleolar RNA, H/ACA box 11 [Source:HGNC Symbol;Acc:HGNC:32599]"
ENSG00000223324,RN7SKP273,misc_RNA,11,111683111,111683424,1,RN7SK pseudogene 273 [Source:HGNC Symbol;Acc:HGNC:45997]
ENSG00000223866,,processed_pseudogene,7,20641558,20641948,-1,pseudogene similar to part of pituitary tumor-transforming 1 PTTG1
ENSG00000224606,TGFA-IT1,lncRNA,2,70467385,70468495,-1,TGFA intronic transcript 1 [Source:HGNC Symbol;Acc:HGNC:41389]
ENSG00000226454,,lncRNA,6,40505507,40524852,-1,novel transcript
ENSG00000229831,,transcribed_processed_pseudogene,2,61820208,61820566,1,heterogeneous nuclear ribonucleoprotein A1 (HNRNPA1) pseudogene
ENSG00000230260,,lncRNA,1,197437976,197447469,-1,novel transcript
ENSG00000230629,RPS23P8,processed_pseudogene,X,70962964,70963293,1,ribosomal protein S23 pseudogene 8 [Source:HGNC Symbol;Acc:HGNC:35982]
ENSG00000232148,FMO11P,unprocessed_pseudogene,1,166763334,166792767,1,"flavin containing dimethylaniline monoxygenase 11, pseudogene [Source:HGNC Symbol;Acc:HGNC:32212]"
ENSG00000234910,IL6RP1,processed_pseudogene,9,90081297,90082569,-1,interleukin 6 receptor pseudogene 1 [Source:HGNC Symbol;Acc:HGNC:6020]
ENSG00000236866,TENT5C-DT,lncRNA,1,117596830,117606654,-1,TENT5C divergent transcript [Source:HGNC Symbol;Acc:HGNC:55656]
ENSG00000237159,CNTFR-AS1,lncRNA,9,34568009,34583072,1,CNTFR antisense RNA 1 [Source:HGNC Symbol;Acc:HGNC:48712]
ENSG00000237638,LINC02245,lncRNA,2,64901840,65056233,-1,long intergenic non-protein coding RNA 2245 [Source:HGNC Symbol;Acc:HGNC:53134]
ENSG00000238950,RNU7-173P,snRNA,20,47826969,47827044,-1,"RNA, U7 small nuclear 173 pseudogene [Source:HGNC Symbol;Acc:HGNC:45707]"
ENSG00000241993,RPL38P1,processed_pseudogene,3,148695994,148696204,-1,RPL38 pseudogene 1 [Source:HGNC Symbol;Acc:HGNC:17093]
ENSG00000244242,IFITM10,protein_coding,11,1732406,1750605,-1,interferon induced transmembrane protein 10 [Source:HGNC Symbol;Acc:HGNC:40022]
ENSG00000244342,LINC00698,lncRNA,3,62950384,63148804,1,long intergenic non-protein coding RNA 698 [Source:HGNC Symbol;Acc:HGNC:27720]
ENSG00000247982,LINC00926,lncRNA,15,57300317,57307769,1,long intergenic non-protein coding RNA 926 [Source:HGNC Symbol;Acc:HGNC:27514]
ENSG00000249525,,processed_pseudogene,4,171113789,171114581,1,RWD domain containing 2B (RWDD2B) pseudogene
ENSG00000249926,,lncRNA,12,131661355,131674866,1,novel transcript
ENSG00000249941,,lncRNA,5,4866305,4874759,1,novel transcript
ENSG00000250961,RMEL3,lncRNA,5,57395060,57534504,1,enriched in melanoma 3 [Source:HGNC Symbol;Acc:HGNC:53975]
ENSG00000252491,RNU1-142P,snRNA,X,26790142,26790286,1,"RNA, U1 small nuclear 142, pseudogene [Source:HGNC Symbol;Acc:HGNC:48484]"
ENSG00000252542,SNORD36C,snoRNA,9,133350847,133350912,1,"small nucleolar RNA, C/D box 36C [Source:HGNC Symbol;Acc:HGNC:10165]"
ENSG00000252688,RNU6-579P,snRNA,2,133333829,133333930,1,"RNA, U6 small nuclear 579, pseudogene [Source:HGNC Symbol;Acc:HGNC:47542]"
ENSG00000253578,IGKV1-22,IG_V_pseudogene,2,89170775,89171212,-1,immunoglobulin kappa variable 1-22 (pseudogene) [Source:HGNC Symbol;Acc:HGNC:5734]
ENSG00000253730,,lncRNA,17,50156374,50181256,-1,novel transcript
ENSG00000253986,,lncRNA,8,23491359,23494364,-1,novel transcript
ENSG00000254795,OR5AP1P,unprocessed_pseudogene,11,56633164,56634103,-1,olfactory receptor family 5 subfamily AP member 1 pseudogene [Source:HGNC Symbol;Acc:HGNC:15257]
ENSG00000256064,,lncRNA,12,130419535,130421019,-1,novel transcript
ENSG00000256596,,lncRNA,12,124206228,124209018,1,novel transcript
ENSG00000256777,PDCL3P7,processed_pseudogene,12,66275940,66276651,-1,PDCL3 pseudogene 7 [Source:HGNC Symbol;Acc:HGNC:44508]
ENSG00000257756,LINC02386,lncRNA,12,30199339,30296729,-1,long intergenic non-protein coding RNA 2386 [Source:HGNC Symbol;Acc:HGNC:53312]
ENSG00000259083,PNN-AS1,lncRNA,14,39174875,39175880,-1,PNN antisense RNA 1 [Source:HGNC Symbol;Acc:HGNC:55974]
ENSG00000259471,LINC01169,lncRNA,15,66582190,66685798,1,long intergenic non-protein coding RNA 1169 [Source:HGNC Symbol;Acc:HGNC:49541]
ENSG00000259821,,lncRNA,16,47004513,47035819,1,novel transcript
ENSG00000259856,RAB43P1,processed_pseudogene,16,46626404,46626992,-1,RAB43 pseudogene 1 [Source:HGNC Symbol;Acc:HGNC:33153]
ENSG00000260264,LINC02194,lncRNA,16,24236073,24252863,1,long intergenic non-protein coding RNA 2194 [Source:HGNC Symbol;Acc:HGNC:53057]
ENSG00000260414,,processed_pseudogene,16,33154352,33154475,-1,glypican 5 (GPC5) pseudogene
ENSG00000261267,,lncRNA,16,48559661,48587403,1,"novel transcript, antisense to N4BP1"
ENSG00000264105,MIR3688-1,miRNA,4,159128802,159128894,-1,microRNA 3688-1 [Source:HGNC Symbol;Acc:HGNC:38986]
ENSG00000264515,VSTM2B-DT,lncRNA,19,29286592,29529156,-1,VSTM2B divergent transcript [Source:HGNC Symbol;Acc:HGNC:27615]
ENSG00000270822,,processed_pseudogene,7,5009164,5009328,-1,"solute carrier family 25 (mitochondrial carrier; adenine nucleotide translocator), member 6 (SLC25A6) pseudogene"
ENSG00000272205,POU2F1-DT,lncRNA,1,167203894,167222321,-1,POU2F1 divergent transcript [Source:HGNC Symbol;Acc:HGNC:55222]
ENSG00000274261,,lncRNA,20,48406777,48410716,1,novel transcript
ENSG00000278441,,processed_pseudogene,5,178842028,178842235,-1,coiled-coil domain containing 86 (CCDC86) pseudogene
ENSG00000279006,,lncRNA,22,25048967,25051966,-1,novel transcript
ENSG00000279255,,TEC,16,707650,709816,1,TEC
ENSG00000281113,,lncRNA,15,21702988,21705627,-1,novel transcript
ENSG00000281347,NF1P9,transcribed_unprocessed_pseudogene,15,21490354,21509404,-1,neurofibromin 1 pseudogene 9 [Source:HGNC Symbol;Acc:HGNC:51736]
ENSG00000067533,RRP15,protein_coding,1,218285290,218337983,1,ribosomal RNA processing 15 homolog [Source:HGNC Symbol;Acc:HGNC:24255]
ENSG00000101350,KIF3B,protein_coding,20,32277651,32335011,1,kinesin family member 3B [Source:HGNC Symbol;Acc:HGNC:6320]
ENSG00000105610,KLF1,protein_coding,19,12884422,12887201,-1,KLF transcription factor 1 [Source:HGNC Symbol;Acc:HGNC:6345]
ENSG00000105953,OGDH,protein_coding,7,44606549,44709070,1,oxoglutarate dehydrogenase [Source:HGNC Symbol;Acc:HGNC:8124]
ENSG00000108405,P2RX1,protein_coding,17,3896592,3916500,-1,purinergic receptor P2X 1 [Source:HGNC Symbol;Acc:HGNC:8533]
ENSG00000111640,GAPDH,protein_coding,12,6534012,6538930,1,glyceraldehyde-3-phosphate dehydrogenase [Source:HGNC Symbol;Acc:HGNC:4141]
ENSG00000111911,HINT3,protein_coding,6,125956733,125980244,1,histidine triad nucleotide binding protein 3 [Source:HGNC Symbol;Acc:HGNC:18468]
ENSG00000123454,DBH,protein_coding,9,133636314,133659329,1,dopamine beta-hydroxylase [Source:HGNC Symbol;Acc:HGNC:2689]
ENSG00000124164,VAPB,protein_coding,20,58389119,58451101,1,VAMP associated protein B and C [Source:HGNC Symbol;Acc:HGNC:12649]
ENSG00000124587,PEX6,protein_coding,6,42959717,42979243,-1,peroxisomal biogenesis factor 6 [Source:HGNC Symbol;Acc:HGNC:8859]
ENSG00000127528,KLF2,protein_coding,19,16324826,16328685,1,KLF transcription factor 2 [Source:HGNC Symbol;Acc:HGNC:6347]
ENSG00000128641,MYO1B,protein_coding,2,191245064,191425820,1,myosin IB [Source:HGNC Symbol;Acc:HGNC:7596]
ENSG00000134247,PTGFRN,protein_coding,1,116909894,116990358,1,prostaglandin F2 receptor inhibitor [Source:HGNC Symbol;Acc:HGNC:9601]
ENSG00000141098,GFOD2,protein_coding,16,67674531,67719339,-1,Gfo/Idh/MocA-like oxidoreductase domain containing 2 [Source:HGNC Symbol;Acc:HGNC:28159]
ENSG00000144504,ANKMY1,protein_coding,2,240479422,240569209,-1,ankyrin repeat and MYND domain containing 1 [Source:HGNC Symbol;Acc:HGNC:20987]
ENSG00000157593,SLC35B2,protein_coding,6,44254096,44257890,-1,solute carrier family 35 member B2 [Source:HGNC Symbol;Acc:HGNC:16872]
ENSG00000162510,MATN1,protein_coding,1,30711277,30723585,-1,matrilin 1 [Source:HGNC Symbol;Acc:HGNC:6907]
ENSG00000162613,FUBP1,protein_coding,1,77944055,77979527,-1,far upstream element binding protein 1 [Source:HGNC Symbol;Acc:HGNC:4004]
ENSG00000169249,ZRSR2,protein_coding,X,15790106,15830694,1,"zinc finger CCCH-type, RNA binding motif and serine/arginine rich 2 [Source:HGNC Symbol;Acc:HGNC:23019]"
ENSG00000170255,MRGPRX1,protein_coding,11,18933499,18939414,-1,MAS related GPR family member X1 [Source:HGNC Symbol;Acc:HGNC:17962]
ENSG00000175604,,lncRNA,16,12086746,12090302,-1,"novel transcript, antisense to SNX29"
ENSG00000178038,ALS2CL,protein_coding,3,46668994,46694071,-1,ALS2 C-terminal like [Source:HGNC Symbol;Acc:HGNC:20605]
ENSG00000179304,FAM156B,protein_coding,X,52891306,52908560,1,family with sequence similarity 156 member B [Source:HGNC Symbol;Acc:HGNC:31962]
ENSG00000184110,EIF3C,protein_coding,16,28688558,28735730,1,eukaryotic translation initiation factor 3 subunit C [Source:HGNC Symbol;Acc:HGNC:3279]
ENSG00000187082,DEFB106B,protein_coding,8,7482504,7486400,-1,defensin beta 106B [Source:HGNC Symbol;Acc:HGNC:28879]
ENSG00000196189,SEMA4A,protein_coding,1,156147366,156178869,1,semaphorin 4A [Source:HGNC Symbol;Acc:HGNC:10729]
ENSG00000199782,SNORD115-9,snoRNA,15,25185631,25185712,1,"small nucleolar RNA, C/D box 115-9 [Source:HGNC Symbol;Acc:HGNC:33028]"
ENSG00000208797,SNORD73A,snoRNA,4,151103827,151103891,1,"small nucleolar RNA, C/D box 73A [Source:HGNC Symbol;Acc:HGNC:10235]"
ENSG00000212534,SNORD70,snoRNA,2,202276431,202276518,1,"small nucleolar RNA, C/D box 70 [Source:HGNC Symbol;Acc:HGNC:32731]"
ENSG00000212609,RNU1-139P,snRNA,21,19345148,19345312,1,"RNA, U1 small nuclear 139, pseudogene [Source:HGNC Symbol;Acc:HGNC:48481]"
ENSG00000214255,RPS2P6,processed_pseudogene,18,70430231,70431125,1,ribosomal protein S2 pseudogene 6 [Source:HGNC Symbol;Acc:HGNC:25485]
ENSG00000214283,RAD51AP1P1,processed_pseudogene,3,136899076,136900076,-1,RAD51AP1 pseudogene 1 [Source:HGNC Symbol;Acc:HGNC:49646]
ENSG00000216378,,processed_pseudogene,6,100177209,100178192,1,"arginase, type II (ARG2) pseudogene"
ENSG00000216671,CCNYL3,unprocessed_pseudogene,16,35032940,35084313,1,cyclin Y like 3 (pseudogene) [Source:HGNC Symbol;Acc:HGNC:33206]
ENSG00000220418,TUBB3P1,processed_pseudogene,6,89301783,89303114,1,tubulin beta 3 class III pseudogene 1 [Source:HGNC Symbol;Acc:HGNC:42339]
ENSG00000222581,RNU2-47P,snRNA,9,12300266,12300451,-1,"RNA, U2 small nuclear 47, pseudogene [Source:HGNC Symbol;Acc:HGNC:48540]"
ENSG00000223756,TSSC2,transcribed_unprocessed_pseudogene,11,3401759,3408810,1,tumor suppressing subtransferable candidate 2 (pseudogene) [Source:HGNC Symbol;Acc:HGNC:12384]
ENSG00000224721,FLVCR2-AS1,lncRNA,14,75561588,75579657,-1,FLVCR2 antisense RNA 1 [Source:HGNC Symbol;Acc:HGNC:55854]
ENSG00000225096,,lncRNA,6,57961438,58438364,1,novel transcript
ENSG00000226332,,lncRNA,20,62305432,62306325,-1,novel transcript
ENSG00000227170,TRPS1-AS1,lncRNA,8,115509602,115511325,1,TRPS1 antisense RNA 1 [Source:HGNC Symbol;Acc:HGNC:56224]
ENSG00000227361,RPS24P7,processed_pseudogene,2,61803143,61803388,1,ribosomal protein S24 pseudogene 7 [Source:HGNC Symbol;Acc:HGNC:35737]
ENSG00000227958,,lncRNA,9,135204722,135237681,-1,novel transcript
ENSG00000229021,,lncRNA,1,151994531,152078445,1,novel transcript
ENSG00000229309,,lncRNA,13,81250360,81383257,1,novel transcript
ENSG00000231234,SKP1P1,transcribed_processed_pseudogene,7,66423405,66423893,-1,S-phase kinase associated protein 1 pseudogene 1 [Source:HGNC Symbol;Acc:HGNC:33696]
ENSG00000232093,DCST1-AS1,lncRNA,1,155045191,155051172,-1,DCST1 antisense RNA 1 [Source:HGNC Symbol;Acc:HGNC:41147]
ENSG00000233417,,lncRNA,7,120141016,120227428,-1,novel transcript
ENSG00000233848,,lncRNA,6,20756103,20800694,-1,novel transcript
ENSG00000233932,CTXN2,protein_coding,15,48177875,48203758,1,cortexin 2 [Source:HGNC Symbol;Acc:HGNC:31109]
ENSG00000234859,,lncRNA,17,41397086,41449675,1,novel transcript
ENSG00000235004,USP9YP30,unprocessed_pseudogene,Y,25723016,25724186,1,USP9Y pseudogene 30 [Source:HGNC Symbol;Acc:HGNC:38766]
ENSG00000236460,SNX2P2,processed_pseudogene,7,31941261,31941583,1,sorting nexin 2 pseudogene 2 [Source:HGNC Symbol;Acc:HGNC:41515]
ENSG00000239393,,processed_pseudogene,5,177346073,177346426,1,ribosomal protein S20 (RPS20) pseudogene
ENSG00000239825,RN7SL549P,misc_RNA,7,100906291,100906572,-1,"RNA, 7SL, cytoplasmic 549, pseudogene [Source:HGNC Symbol;Acc:HGNC:46565]"
ENSG00000240613,RN7SL98P,misc_RNA,9,15525782,15526081,-1,"RNA, 7SL, cytoplasmic 98, pseudogene [Source:HGNC Symbol;Acc:HGNC:46114]"
ENSG00000241921,,lncRNA,7,126378970,126424185,1,novel transcript
ENSG00000242121,RN7SL267P,misc_RNA,2,182314284,182314544,1,"RNA, 7SL, cytoplasmic 267, pseudogene [Source:HGNC Symbol;Acc:HGNC:46283]"
ENSG00000243049,RN7SL33P,misc_RNA,17,2557753,2558094,-1,"RNA, 7SL, cytoplasmic 33, pseudogene [Source:HGNC Symbol;Acc:HGNC:46049]"
ENSG00000243107,,lncRNA,7,92200014,92206857,-1,novel transcript
ENSG00000243861,,lncRNA,3,154511535,154539309,-1,novel transcript
ENSG00000247416,NCAM1-AS2,lncRNA,11,112959275,112963488,-1,NCAM1 antisense RNA 2 [Source:HGNC Symbol;Acc:HGNC:58155]
ENSG00000249072,,processed_pseudogene,4,78008512,78008688,-1,novel pseudogene
ENSG00000249729,,processed_pseudogene,4,44840380,44841402,-1,"tubulin, alpha 1b (TUBA1B) pseudogene"
ENSG00000250056,LINC01018,lncRNA,5,6582135,6613722,1,long intergenic non-protein coding RNA 1018 [Source:HGNC Symbol;Acc:HGNC:27394]
ENSG00000250365,HEATR5A-DT,lncRNA,14,31420140,31452883,1,HEATR5A divergent transcript [Source:HGNC Symbol;Acc:HGNC:55552]
ENSG00000250822,LINC02111,lncRNA,5,17359274,17387350,-1,long intergenic non-protein coding RNA 2111 [Source:HGNC Symbol;Acc:HGNC:52966]
ENSG00000250921,LINC02063,lncRNA,5,4135638,4147429,1,long intergenic non-protein coding RNA 2063 [Source:HGNC Symbol;Acc:HGNC:52908]
ENSG00000251426,,lncRNA,5,4967656,5049524,-1,novel transcript
ENSG00000251629,LINC02241,lncRNA,5,20611804,20937800,1,long intergenic non-protein coding RNA 2241 [Source:HGNC Symbol;Acc:HGNC:53126]
ENSG00000252627,RNU6-122P,snRNA,X,123874459,123874565,1,"RNA, U6 small nuclear 122, pseudogene [Source:HGNC Symbol;Acc:HGNC:47085]"
ENSG00000252787,,snoRNA,3,52688890,52688962,1,
ENSG00000253655,JCHAINP1,processed_pseudogene,8,84980073,84980547,-1,joining chain of multimeric IgA and IgM pseudogene 1 [Source:HGNC Symbol;Acc:HGNC:5714]
ENSG00000254380,,lncRNA,8,85495693,85540511,1,novel transcript
ENSG00000255258,LINC02743,lncRNA,11,133636519,133832878,-1,long intergenic non-protein coding RNA 2743 [Source:HGNC Symbol;Acc:HGNC:54261]
ENSG00000255807,PTP4A1P2,processed_pseudogene,12,133033503,133033956,1,PTP4A1 pseudogene 2 [Source:HGNC Symbol;Acc:HGNC:41929]
ENSG00000258011,HMGA1P3,processed_pseudogene,12,110429959,110430282,-1,high mobility group AT-hook 1 pseudogene 3 [Source:HGNC Symbol;Acc:HGNC:13323]
ENSG00000258494,OR11J5P,unprocessed_pseudogene,15,20969282,20970215,-1,olfactory receptor family 11 subfamily J member 5 pseudogene [Source:HGNC Symbol;Acc:HGNC:31238]
ENSG00000259146,SIPA1L1-AS1,lncRNA,14,71292719,71321892,-1,SIPA1L1 antisense RNA 1 [Source:HGNC Symbol;Acc:HGNC:55432]
ENSG00000259269,,lncRNA,15,39472703,39497074,1,novel transcript
ENSG00000259925,,lncRNA,16,19343647,19401693,-1,novel transcript
ENSG00000260001,TGFBR3L,protein_coding,19,7914803,7919097,1,transforming growth factor beta receptor 3 like [Source:HGNC Symbol;Acc:HGNC:44152]
ENSG00000261795,,lncRNA,7,161765,164972,-1,novel transcript
ENSG00000267480,LINC02979,lncRNA,18,12031178,12032181,-1,long intergenic non-protein coding RNA 2979 [Source:HGNC Symbol;Acc:HGNC:56043]
ENSG00000268870,,protein_coding,19,12391949,12441082,-1,novel zinc finger protein
ENSG00000269961,ERBIN-DT,lncRNA,5,65924629,65925591,-1,ERBIN divergent transcript [Source:HGNC Symbol;Acc:HGNC:55270]
ENSG00000271380,PYGO2-AS1,lncRNA,1,154961825,154962623,1,PYGO2 and SHC1 antisense RNA 1 [Source:HGNC Symbol;Acc:HGNC:55250]
ENSG00000271913,TAGAP-AS1,lncRNA,6,158988178,159088114,1,TAGAP antisense RNA 1 [Source:HGNC Symbol;Acc:HGNC:55239]
ENSG00000275640,MIR6793,miRNA,19,10828973,10829035,1,microRNA 6793 [Source:HGNC Symbol;Acc:HGNC:50251]
ENSG00000277218,,lncRNA,10,130104569,130104998,-1,novel transcript
ENSG00000277938,,lncRNA,20,25229150,25231933,1,novel transcript
ENSG00000278797,,unprocessed_pseudogene,19,46533669,46534351,1,paraneoplastic Ma antigen family-like 2 (PNMAL2) pseudogene
ENSG00000279390,,TEC,21,15050189,15052379,1,TEC
ENSG00000279394,,TEC,15,79875920,79878179,-1,TEC
ENSG00000283166,,processed_pseudogene,1,237941452,237942492,-1,mitochondrially encoded NADH dehydrogenase 2 (MT-ND2) pseudogene
ENSG00000081307,UBA5,protein_coding,3,132654446,132679794,1,ubiquitin like modifier activating enzyme 5 [Source:HGNC Symbol;Acc:HGNC:23230]
ENSG00000083520,DIS3,protein_coding,13,72752169,72782096,-1,"DIS3 homolog, exosome endoribonuclease and 3'-5' exoribonuclease [Source:HGNC Symbol;Acc:HGNC:20604]"
ENSG00000101158,NELFCD,protein_coding,20,58981208,58995133,1,negative elongation factor complex member C/D [Source:HGNC Symbol;Acc:HGNC:15934]
ENSG00000102935,ZNF423,protein_coding,16,49487524,49857919,-1,zinc finger protein 423 [Source:HGNC Symbol;Acc:HGNC:16762]
ENSG00000103485,QPRT,protein_coding,16,29663279,29698704,1,quinolinate phosphoribosyltransferase [Source:HGNC Symbol;Acc:HGNC:9755]
ENSG00000104343,UBE2W,protein_coding,8,73780097,73878910,-1,ubiquitin conjugating enzyme E2 W [Source:HGNC Symbol;Acc:HGNC:25616]
ENSG00000113073,SLC4A9,protein_coding,5,140360188,140375143,1,solute carrier family 4 member 9 [Source:HGNC Symbol;Acc:HGNC:11035]
ENSG00000122299,ZC3H7A,protein_coding,16,11750586,11797258,-1,zinc finger CCCH-type containing 7A [Source:HGNC Symbol;Acc:HGNC:30959]
ENSG00000122574,WIPF3,protein_coding,7,29806486,29917061,1,WAS/WASL interacting protein family member 3 [Source:HGNC Symbol;Acc:HGNC:22004]
ENSG00000124233,SEMG1,protein_coding,20,45207033,45210605,1,semenogelin 1 [Source:HGNC Symbol;Acc:HGNC:10742]
ENSG00000138032,PPM1B,protein_coding,2,44167969,44244384,1,"protein phosphatase, Mg2+/Mn2+ dependent 1B [Source:HGNC Symbol;Acc:HGNC:9276]"
ENSG00000138172,CALHM2,protein_coding,10,103446784,103452780,-1,calcium homeostasis modulator family member 2 [Source:HGNC Symbol;Acc:HGNC:23493]
ENSG00000139044,B4GALNT3,protein_coding,12,459923,563509,1,"beta-1,4-N-acetyl-galactosaminyltransferase 3 [Source:HGNC Symbol;Acc:HGNC:24137]"
ENSG00000144010,TRIM43B,protein_coding,2,95477008,95484754,-1,tripartite motif containing 43B [Source:HGNC Symbol;Acc:HGNC:37146]
ENSG00000146535,GNA12,protein_coding,7,2721822,2870786,-1,G protein subunit alpha 12 [Source:HGNC Symbol;Acc:HGNC:4380]
ENSG00000150938,CRIM1,protein_coding,2,36355731,36551135,1,cysteine rich transmembrane BMP regulator 1 [Source:HGNC Symbol;Acc:HGNC:2359]
ENSG00000155561,NUP205,protein_coding,7,135557726,135648757,1,nucleoporin 205 [Source:HGNC Symbol;Acc:HGNC:18658]
ENSG00000160752,FDPS,protein_coding,1,155304786,155320666,1,farnesyl diphosphate synthase [Source:HGNC Symbol;Acc:HGNC:3631]
ENSG00000164938,TP53INP1,protein_coding,8,94925972,94949395,-1,tumor protein p53 inducible nuclear protein 1 [Source:HGNC Symbol;Acc:HGNC:18022]
ENSG00000167114,SLC27A4,protein_coding,9,128340506,128363283,1,solute carrier family 27 member 4 [Source:HGNC Symbol;Acc:HGNC:10998]
ENSG00000167191,GPRC5B,protein_coding,16,19856691,19886173,-1,G protein-coupled receptor class C group 5 member B [Source:HGNC Symbol;Acc:HGNC:13308]
ENSG00000169627,BOLA2B,protein_coding,16,30192930,30194306,-1,bolA family member 2B [Source:HGNC Symbol;Acc:HGNC:32479]
ENSG00000171608,PIK3CD,protein_coding,1,9629889,9730117,1,"phosphatidylinositol-4,5-bisphosphate 3-kinase catalytic subunit delta [Source:HGNC Symbol;Acc:HGNC:8977]"
ENSG00000173213,TUBB8B,protein_coding,18,47221,73545,-1,tubulin beta 8B [Source:HGNC Symbol;Acc:HGNC:24983]
ENSG00000177553,C1orf167-AS1,lncRNA,1,11777077,11779619,-1,C1orf167 antisense RNA 1 [Source:HGNC Symbol;Acc:HGNC:41091]
ENSG00000178403,NEUROG2,protein_coding,4,112513516,112516180,-1,neurogenin 2 [Source:HGNC Symbol;Acc:HGNC:13805]
ENSG00000178531,CTXN1,protein_coding,19,7924491,7926135,-1,cortexin 1 [Source:HGNC Symbol;Acc:HGNC:31108]
ENSG00000180155,LYNX1,protein_coding,8,142771197,142777859,-1,Ly6/neurotoxin 1 [Source:HGNC Symbol;Acc:HGNC:29604]
ENSG00000183148,ANKRD20A2P,transcribed_unprocessed_pseudogene,9,40223397,40292345,1,"ankyrin repeat domain 20 family member A2, pseudogene [Source:HGNC Symbol;Acc:HGNC:31979]"
ENSG00000186567,CEACAM19,protein_coding,19,44662278,44684360,1,CEA cell adhesion molecule 19 [Source:HGNC Symbol;Acc:HGNC:31951]
ENSG00000187758,ADH1A,protein_coding,4,99276365,99291552,-1,"alcohol dehydrogenase 1A (class I), alpha polypeptide [Source:HGNC Symbol;Acc:HGNC:249]"
ENSG00000199773,RNU1-76P,snRNA,5,7980146,7980304,1,"RNA, U1 small nuclear 76, pseudogene [Source:HGNC Symbol;Acc:HGNC:48418]"
ENSG00000199879,RNVU1-22,snRNA,1,148263476,148263632,1,"RNA, variant U1 small nuclear 22 [Source:HGNC Symbol;Acc:HGNC:48462]"
ENSG00000200754,Y_RNA,misc_RNA,21,17527140,17527247,-1,Y RNA [Source:RFAM;Acc:RF00019]
ENSG00000201420,RNA5SP512,rRNA_pseudogene,X,111669829,111669948,-1,"RNA, 5S ribosomal pseudogene 512 [Source:HGNC Symbol;Acc:HGNC:43412]"
ENSG00000206751,Y_RNA,misc_RNA,14,72853224,72853331,-1,Y RNA [Source:RFAM;Acc:RF00019]
ENSG00000207086,Y_RNA,misc_RNA,2,9615267,9615373,1,Y RNA [Source:RFAM;Acc:RF00019]
ENSG00000212747,RTL8B,protein_coding,X,135020513,135022542,-1,retrotransposon Gag like 8B [Source:HGNC Symbol;Acc:HGNC:33156]
ENSG00000213935,RPL22P16,processed_pseudogene,7,4865432,4865804,-1,ribosomal protein L22 pseudogene 16 [Source:HGNC Symbol;Acc:HGNC:36536]
ENSG00000214617,SLC6A10P,transcribed_unprocessed_pseudogene,16,32878706,32885501,-1,"solute carrier family 6 member 10, pseudogene [Source:HGNC Symbol;Acc:HGNC:11043]"
ENSG00000215961,MIR297,miRNA,4,110860582,110860647,-1,microRNA 297 [Source:HGNC Symbol;Acc:HGNC:33691]
ENSG00000221740,SNORD93,snoRNA,7,22856613,22856686,1,"small nucleolar RNA, C/D box 93 [Source:HGNC Symbol;Acc:HGNC:32755]"
ENSG00000223485,LINC01615,lncRNA,6,169157162,169182878,-1,long intergenic non-protein coding RNA 1615 [Source:HGNC Symbol;Acc:HGNC:51898]
ENSG00000223626,LINC01044,lncRNA,13,112322567,112331225,-1,long intergenic non-protein coding RNA 1044 [Source:HGNC Symbol;Acc:HGNC:49032]
ENSG00000224087,POTEF-AS1,lncRNA,2,130107684,130109741,1,POTEF antisense RNA 1 [Source:HGNC Symbol;Acc:HGNC:41294]
ENSG00000225195,,lncRNA,12,64628344,64629976,1,novel transcript
ENSG00000226024,COX5BP7,processed_pseudogene,22,39120293,39120566,-1,cytochrome c oxidase subunit 5B pseudogene 7 [Source:HGNC Symbol;Acc:HGNC:2276]
ENSG00000226341,MTCYBP39,processed_pseudogene,2,116751158,116751648,1,MT-CYB pseudogene 39 [Source:HGNC Symbol;Acc:HGNC:52307]
ENSG00000226592,,processed_pseudogene,7,145269514,145270384,1,cytoskeleton-associated protein 4 (CKAP4) pseudogene
ENSG00000229647,MYOSLID,lncRNA,2,207165961,207253323,1,"myocardin-induced smooth muscle lncRNA, inducer of differentiation [Source:HGNC Symbol;Acc:HGNC:51821]"
ENSG00000230224,PHB1P9,processed_pseudogene,10,100248271,100249095,1,PHB1 pseudogene 9 [Source:HGNC Symbol;Acc:HGNC:39288]
ENSG00000230920,,lncRNA,9,9799395,9803807,1,novel transcript
ENSG00000231153,,processed_pseudogene,7,95018407,95018554,1,histidine triad nucleotide binding protein 1 (HINT1) pseudogene
ENSG00000231222,ARF4P4,processed_pseudogene,13,80888348,80888867,1,ARF GTPase 4 pseudogene 4 [Source:HGNC Symbol;Acc:HGNC:37628]
ENSG00000231553,MRM3P1,processed_pseudogene,10,21394033,21394592,1,MRM3 pseudogene 1 [Source:HGNC Symbol;Acc:HGNC:44905]
ENSG00000232952,,processed_pseudogene,1,105891739,105893517,1,matrin 3 (MATR3) pseudogene
ENSG00000233078,,lncRNA,1,16006160,16006671,-1,novel transcript
ENSG00000234043,NUDT9P1,processed_pseudogene,10,91152605,91153349,-1,nudix hydrolase 9 pseudogene 1 [Source:HGNC Symbol;Acc:HGNC:28523]
ENSG00000235407,CYMP-AS1,lncRNA,1,110487680,110490281,-1,CYMP antisense RNA 1 [Source:HGNC Symbol;Acc:HGNC:52509]
ENSG00000236348,PSMC1P10,processed_pseudogene,2,17385091,17386417,1,"proteasome 26S subunit, ATPase 1 pseudogene 10 [Source:HGNC Symbol;Acc:HGNC:39785]"
ENSG00000237590,LINC03089,lncRNA,10,44259602,44261813,-1,long intergenic non-protein coding RNA 3089 [Source:HGNC Symbol;Acc:HGNC:56717]
ENSG00000239351,NPM1P29,processed_pseudogene,3,149938997,149939799,-1,nucleophosmin 1 pseudogene 29 [Source:HGNC Symbol;Acc:HGNC:45208]
ENSG00000240837,RN7SL77P,misc_RNA,14,70610086,70610379,1,"RNA, 7SL, cytoplasmic 77, pseudogene [Source:HGNC Symbol;Acc:HGNC:46093]"
ENSG00000241838,,processed_pseudogene,22,15721486,15722608,1,"actin, beta (ACTB) pseudogene"
ENSG00000241941,RPL32P26,processed_pseudogene,12,62658823,62659225,1,ribosomal protein L32 pseudogene 26 [Source:HGNC Symbol;Acc:HGNC:36027]
ENSG00000242364,PRDX5P1,processed_pseudogene,3,73648399,73648807,-1,PRDX5 pseudogene 1 [Source:HGNC Symbol;Acc:HGNC:56432]
ENSG00000242759,LINC00882,lncRNA,3,106630469,107240671,-1,long intergenic non-protein coding RNA 882 [Source:HGNC Symbol;Acc:HGNC:48568]
ENSG00000249830,LINC02162,lncRNA,5,3452816,3462326,1,long intergenic non-protein coding RNA 2162 [Source:HGNC Symbol;Acc:HGNC:53023]
ENSG00000249831,,lncRNA,4,57720035,57724655,1,novel transcript
ENSG00000253595,LINC01300,lncRNA,8,141340505,141344623,1,long intergenic non-protein coding RNA 1300 [Source:HGNC Symbol;Acc:HGNC:50460]
ENSG00000253755,IGHGP,IG_C_pseudogene,14,105664633,105669843,-1,immunoglobulin heavy constant gamma P (non-functional) [Source:HGNC Symbol;Acc:HGNC:5529]
ENSG00000253836,,lncRNA,8,82862779,82958696,-1,novel transcript
ENSG00000254333,NDST1-AS1,lncRNA,5,150475517,150486187,-1,NDST1 antisense RNA 1 [Source:HGNC Symbol;Acc:HGNC:52899]
ENSG00000254705,,lncRNA,11,92400191,92408176,-1,novel transcript
ENSG00000255078,OR4A6P,unprocessed_pseudogene,11,54724847,54725816,1,olfactory receptor family 4 subfamily A member 6 pseudogene [Source:HGNC Symbol;Acc:HGNC:15163]
ENSG00000256569,,lncRNA,12,120721507,120723639,-1,"novel transcript, antisense to UNC119B"
ENSG00000256658,,lncRNA,12,12720890,12725661,-1,novel transcript
ENSG00000257530,BICD1-AS1,lncRNA,12,32079817,32107528,-1,BICD1 antisense RNA 1 [Source:HGNC Symbol;Acc:HGNC:55475]
ENSG00000258422,,lncRNA,14,70187122,70251688,1,"novel transcript, antisense to SLC8A3"
ENSG00000263761,GDF2,protein_coding,10,47322454,47327588,1,growth differentiation factor 2 [Source:HGNC Symbol;Acc:HGNC:4217]
ENSG00000264538,SUZ12P1,transcribed_unprocessed_pseudogene,17,30731886,30776402,1,SUZ12 pseudogene 1 [Source:HGNC Symbol;Acc:HGNC:32421]
ENSG00000267534,S1PR2,protein_coding,19,10221433,10231331,-1,sphingosine-1-phosphate receptor 2 [Source:HGNC Symbol;Acc:HGNC:3169]
ENSG00000270708,,processed_pseudogene,1,220220291,220220593,1,GABA(A) receptor-associated protein-like 2 (GABARAPL2) pseudogene
ENSG00000272043,,lncRNA,8,122780145,122781162,1,novel transcript
ENSG00000273975,Metazoa_SRP,misc_RNA,2,201097744,201098091,1,Metazoan signal recognition particle RNA [Source:RFAM;Acc:RF00017]
ENSG00000275128,RN7SL203P,misc_RNA,8,70480192,70480487,-1,"RNA, 7SL, cytoplasmic 203, pseudogene [Source:HGNC Symbol;Acc:HGNC:46219]"
ENSG00000275504,U7,snRNA,16,68926894,68926957,-1,U7 small nuclear RNA [Source:RFAM;Acc:RF00066]
ENSG00000275976,SPDYE11,protein_coding,7,73047862,73057911,-1,speedy/RINGO cell cycle regulator family member E11 [Source:HGNC Symbol;Acc:HGNC:51507]
ENSG00000276953,TRBV12-4,TR_V_gene,7,142563740,142564245,1,T cell receptor beta variable 12-4 [Source:HGNC Symbol;Acc:HGNC:12186]
ENSG00000277693,,lncRNA,21,10327672,10342757,-1,novel transcript
ENSG00000278991,,TEC,15,77063397,77064910,-1,TEC
ENSG00000280096,,TEC,18,35082009,35082242,1,TEC
ENSG00000283251,,transcribed_unprocessed_pseudogene,19,49056269,49058745,-1,novel pseudogene
ENSG00000283439,SPEM3,protein_coding,17,7428857,7432820,1,SPEM family member 3 [Source:HGNC Symbol;Acc:HGNC:53651]
ENSG00000283663,,protein_coding,19,49055793,49065076,-1,novel transcript
ENSG00000284008,MIR6511B1,miRNA,16,2106669,2106753,-1,microRNA 6511b-1 [Source:HGNC Symbol;Acc:HGNC:50228]
ENSG00000284448,MIR6501,miRNA,21,33550662,33550728,1,microRNA 6501 [Source:HGNC Symbol;Acc:HGNC:50033]
ENSG00000024048,UBR2,protein_coding,6,42563995,42693505,1,ubiquitin protein ligase E3 component n-recognin 2 [Source:HGNC Symbol;Acc:HGNC:21289]
ENSG00000033800,PIAS1,protein_coding,15,68054301,68198603,1,protein inhibitor of activated STAT 1 [Source:HGNC Symbol;Acc:HGNC:2752]
ENSG00000058866,DGKG,protein_coding,3,186105668,186362261,-1,diacylglycerol kinase gamma [Source:HGNC Symbol;Acc:HGNC:2853]
ENSG00000070526,ST6GALNAC1,protein_coding,17,76624756,76643812,-1,"ST6 N-acetylgalactosaminide alpha-2,6-sialyltransferase 1 [Source:HGNC Symbol;Acc:HGNC:23614]"
ENSG00000099875,MKNK2,protein_coding,19,2037465,2061220,-1,MAPK interacting serine/threonine kinase 2 [Source:HGNC Symbol;Acc:HGNC:7111]
ENSG00000099995,SF3A1,protein_coding,22,30331988,30356919,-1,splicing factor 3a subunit 1 [Source:HGNC Symbol;Acc:HGNC:10765]
ENSG00000103047,TANGO6,protein_coding,16,68843531,69086515,1,transport and golgi organization 6 homolog [Source:HGNC Symbol;Acc:HGNC:25749]
ENSG00000104731,KLHDC4,protein_coding,16,87696485,87765998,-1,kelch domain containing 4 [Source:HGNC Symbol;Acc:HGNC:25272]
ENSG00000106692,FKTN,protein_coding,9,105558122,105653820,1,fukutin [Source:HGNC Symbol;Acc:HGNC:3622]
ENSG00000113851,CRBN,protein_coding,3,3144628,3179727,-1,cereblon [Source:HGNC Symbol;Acc:HGNC:30185]
ENSG00000117222,RBBP5,protein_coding,1,205086142,205122015,-1,"RB binding protein 5, histone lysine methyltransferase complex subunit [Source:HGNC Symbol;Acc:HGNC:9888]"
ENSG00000119139,TJP2,protein_coding,9,69121264,69274615,1,tight junction protein 2 [Source:HGNC Symbol;Acc:HGNC:11828]
ENSG00000120896,SORBS3,protein_coding,8,22544986,22575788,1,sorbin and SH3 domain containing 3 [Source:HGNC Symbol;Acc:HGNC:30907]
ENSG00000128191,DGCR8,protein_coding,22,20080035,20111877,1,DGCR8 microprocessor complex subunit [Source:HGNC Symbol;Acc:HGNC:2847]
ENSG00000130816,DNMT1,protein_coding,19,10133342,10231286,-1,DNA methyltransferase 1 [Source:HGNC Symbol;Acc:HGNC:2976]
ENSG00000132530,XAF1,protein_coding,17,6755377,6775647,1,XIAP associated factor 1 [Source:HGNC Symbol;Acc:HGNC:30932]
ENSG00000132773,TOE1,protein_coding,1,45340012,45343976,1,"target of EGR1, exonuclease [Source:HGNC Symbol;Acc:HGNC:15954]"
ENSG00000143434,SEMA6C,protein_coding,1,151131685,151147813,-1,semaphorin 6C [Source:HGNC Symbol;Acc:HGNC:10740]
ENSG00000145604,SKP2,protein_coding,5,36151989,36196849,1,S-phase kinase associated protein 2 [Source:HGNC Symbol;Acc:HGNC:10901]
ENSG00000149090,PAMR1,protein_coding,11,35431823,35530300,-1,peptidase domain containing associated with muscle regeneration 1 [Source:HGNC Symbol;Acc:HGNC:24554]
ENSG00000161217,PCYT1A,protein_coding,3,196214222,196287957,-1,"phosphate cytidylyltransferase 1A, choline [Source:HGNC Symbol;Acc:HGNC:8754]"
ENSG00000166135,HIF1AN,protein_coding,10,100529072,100559998,1,hypoxia inducible factor 1 subunit alpha inhibitor [Source:HGNC Symbol;Acc:HGNC:17113]
ENSG00000166828,SCNN1G,protein_coding,16,23182677,23216883,1,sodium channel epithelial 1 subunit gamma [Source:HGNC Symbol;Acc:HGNC:10602]
ENSG00000168124,OR1F1,protein_coding,16,3188204,3224779,1,olfactory receptor family 1 subfamily F member 1 [Source:HGNC Symbol;Acc:HGNC:8194]
ENSG00000168395,ING5,protein_coding,2,241687085,241729481,1,inhibitor of growth family member 5 [Source:HGNC Symbol;Acc:HGNC:19421]
ENSG00000169877,AHSP,protein_coding,16,31527876,31528803,1,alpha hemoglobin stabilizing protein [Source:HGNC Symbol;Acc:HGNC:18075]
ENSG00000172331,BPGM,protein_coding,7,134646811,134679816,1,bisphosphoglycerate mutase [Source:HGNC Symbol;Acc:HGNC:1093]
ENSG00000176978,DPP7,protein_coding,9,137110540,137118309,-1,dipeptidyl peptidase 7 [Source:HGNC Symbol;Acc:HGNC:14892]
ENSG00000177688,SUMO4,protein_coding,6,149400262,149401278,1,small ubiquitin like modifier 4 [Source:HGNC Symbol;Acc:HGNC:21181]
ENSG00000181544,FANCB,protein_coding,X,14690388,14873255,-1,FA complementation group B [Source:HGNC Symbol;Acc:HGNC:3583]
ENSG00000181722,ZBTB20,protein_coding,3,114314500,115147356,-1,zinc finger and BTB domain containing 20 [Source:HGNC Symbol;Acc:HGNC:13503]
ENSG00000181924,COA4,protein_coding,11,73869846,73876982,-1,cytochrome c oxidase assembly factor 4 homolog [Source:HGNC Symbol;Acc:HGNC:24604]
ENSG00000184139,RPL7AP28,transcribed_processed_pseudogene,4,131857343,131857913,-1,ribosomal protein L7a pseudogene 28 [Source:HGNC Symbol;Acc:HGNC:35656]
ENSG00000186148,,transcribed_unprocessed_pseudogene,2,109947672,109974085,1,two-pore calcium channel 3 (TPCN3) pseudogene
ENSG00000197214,TCEA1P1,processed_pseudogene,9,97067749,97068628,1,transcription elongation factor A1 pseudogene 1 [Source:HGNC Symbol;Acc:HGNC:11613]
ENSG00000199395,RNA5SP93,rRNA_pseudogene,2,56235217,56235330,-1,"RNA, 5S ribosomal pseudogene 93 [Source:HGNC Symbol;Acc:HGNC:42891]"
ENSG00000199627,RNU6-1010P,snRNA,7,131054886,131054992,-1,"RNA, U6 small nuclear 1010, pseudogene [Source:HGNC Symbol;Acc:HGNC:47973]"
ENSG00000200852,RNA5SP499,rRNA_pseudogene,X,9133828,9133946,1,"RNA, 5S ribosomal pseudogene 499 [Source:HGNC Symbol;Acc:HGNC:43399]"
ENSG00000202265,RNU6-596P,snRNA,8,57289552,57289649,1,"RNA, U6 small nuclear 596, pseudogene [Source:HGNC Symbol;Acc:HGNC:47559]"
ENSG00000204816,FGF7P5,transcribed_unprocessed_pseudogene,9,42625436,42626813,1,fibroblast growth factor 7 pseudogene 5 [Source:HGNC Symbol;Acc:HGNC:33588]
ENSG00000206804,RNU6-1293P,snRNA,9,64880369,64880475,-1,"RNA, U6 small nuclear 1293, pseudogene [Source:HGNC Symbol;Acc:HGNC:48256]"
ENSG00000207451,RNU6-291P,snRNA,1,11226254,11226360,1,"RNA, U6 small nuclear 291, pseudogene [Source:HGNC Symbol;Acc:HGNC:47254]"
ENSG00000207503,,snoRNA,21,41539206,41539326,1,
ENSG00000207630,MIR7-3,miRNA,19,4770670,4770779,1,microRNA 7-3 [Source:HGNC Symbol;Acc:HGNC:31640]
ENSG00000213280,,processed_pseudogene,7,128570241,128570688,-1,ribosomal protein S10 (RPS10) pseudogene
ENSG00000218049,RPL31P33,processed_pseudogene,6,53368670,53369009,1,ribosomal protein L31 pseudogene 33 [Source:HGNC Symbol;Acc:HGNC:36886]
ENSG00000222051,RNU6-1165P,snRNA,10,101622859,101622965,1,"RNA, U6 small nuclear 1165, pseudogene [Source:HGNC Symbol;Acc:HGNC:48128]"
ENSG00000223800,,lncRNA,10,55468327,55469222,1,novel transcript
ENSG00000226473,PPIAP62,processed_pseudogene,2,47939738,47940218,-1,peptidylprolyl isomerase A pseudogene 62 [Source:HGNC Symbol;Acc:HGNC:53686]
ENSG00000226803,ZNF451-AS1,lncRNA,6,57114894,57174236,-1,ZNF451 regulatory antisense RNA 1 [Source:HGNC Symbol;Acc:HGNC:53824]
ENSG00000228140,EFHD2-AS1,lncRNA,1,15316844,15411229,-1,EFHD2 antisense RNA 1 [Source:HGNC Symbol;Acc:HGNC:55801]
ENSG00000230499,,lncRNA,2,111195963,111206494,1,novel transcript
ENSG00000230589,IMP3P1,processed_pseudogene,9,10829752,10830308,-1,IMP3 pseudogene 1 [Source:HGNC Symbol;Acc:HGNC:49385]
ENSG00000232354,VIPR1-AS1,lncRNA,3,42506465,42533258,-1,VIPR1 antisense RNA 1 [Source:HGNC Symbol;Acc:HGNC:40610]
ENSG00000232629,HLA-DQB2,protein_coding,6,32756094,32763543,-1,"major histocompatibility complex, class II, DQ beta 2 [Source:HGNC Symbol;Acc:HGNC:4945]"
ENSG00000235746,CTBP2P2,processed_pseudogene,10,94646364,94647996,-1,CTBP2 pseudogene 2 [Source:HGNC Symbol;Acc:HGNC:45194]
ENSG00000236281,NDUFB9P2,processed_pseudogene,7,131753746,131754252,-1,NADH:ubiquinone oxidoreductase subunit B9 pseudogene 2 [Source:HGNC Symbol;Acc:HGNC:52270]
ENSG00000236610,SOCS5P1,processed_pseudogene,7,86216785,86217733,-1,suppressor of cytokine signaling 5 pseudogene 1 [Source:HGNC Symbol;Acc:HGNC:44597]
ENSG00000237970,TMEM161BP1,processed_pseudogene,10,37337415,37338871,1,transmembrane protein 161B pseudogene 1 [Source:HGNC Symbol;Acc:HGNC:44973]
ENSG00000240870,RPL19P14,processed_pseudogene,8,98782055,98782628,1,ribosomal protein L19 pseudogene 14 [Source:HGNC Symbol;Acc:HGNC:35684]
ENSG00000248391,LINC02064,lncRNA,5,29304305,29396095,-1,long intergenic non-protein coding RNA 2064 [Source:HGNC Symbol;Acc:HGNC:52909]
ENSG00000248816,,lncRNA,4,182697902,182708042,-1,novel transcript
ENSG00000249379,GCLC-AS1,lncRNA,6,53418454,53522561,1,GCLC antisense RNA 1 [Source:HGNC Symbol;Acc:HGNC:56649]
ENSG00000249994,,lncRNA,5,4033713,4041764,-1,novel transcript
ENSG00000250547,,processed_pseudogene,4,163265575,163266583,-1,mitochondrial ribosomal protein S5 (MRPS5) pseudogene
ENSG00000250575,,unprocessed_pseudogene,1,491225,493241,-1,novel pseudogene
ENSG00000250945,,lncRNA,4,127043430,127077762,-1,novel transcript
ENSG00000251074,,unprocessed_pseudogene,4,68626847,68628899,-1,UDP glucuronosyltransferase 2 family pseudogene
ENSG00000251172,TPTE2P7,processed_pseudogene,3,97481177,97481506,-1,TPTE2 pseudogene 7 [Source:HGNC Symbol;Acc:HGNC:56459]
ENSG00000251859,RNU6-1288P,snRNA,2,14274622,14274725,-1,"RNA, U6 small nuclear 1288, pseudogene [Source:HGNC Symbol;Acc:HGNC:48251]"
ENSG00000252068,RNU6-390P,snRNA,5,157579497,157579599,1,"RNA, U6 small nuclear 390, pseudogene [Source:HGNC Symbol;Acc:HGNC:47353]"
ENSG00000254240,IGLVI-20,IG_V_pseudogene,22,22715290,22715419,1,immunoglobulin lambda variable (I)-20 (pseudogene) [Source:HGNC Symbol;Acc:HGNC:5934]
ENSG00000254342,,processed_pseudogene,8,43372559,43372677,1,"POTE ankyrin domain family, member A (POTEA) pseudogene"
ENSG00000254433,AASDHPPT-AS1,lncRNA,11,106085990,106101975,-1,AASDHPPT antisense RNA 1 [Source:HGNC Symbol;Acc:HGNC:58262]
ENSG00000255741,,lncRNA,11,68941503,68942852,-1,novel transcript
ENSG00000257883,LINC03088,lncRNA,12,116659030,116703298,1,long intergenic non-protein coding RNA 3088 [Source:HGNC Symbol;Acc:HGNC:56710]
ENSG00000258235,,lncRNA,12,72727915,72824160,-1,novel transcript
ENSG00000258288,NENFP2,processed_pseudogene,12,101963901,101964340,1,neudesin neurotrophic factor pseudogene 2 [Source:HGNC Symbol;Acc:HGNC:50299]
ENSG00000259330,INAFM2,protein_coding,15,40323692,40326715,1,InaF motif containing 2 [Source:HGNC Symbol;Acc:HGNC:35165]
ENSG00000259485,LINC02253,lncRNA,15,96984430,97501740,1,long intergenic non-protein coding RNA 2253 [Source:HGNC Symbol;Acc:HGNC:53151]
ENSG00000261717,,protein_coding,16,75412684,75464706,-1,novel TMEM170A-CFDP1 readthrough protein
ENSG00000263963,,miRNA,5,134928039,134928112,1,
ENSG00000264251,RN7SL819P,misc_RNA,17,44718861,44719130,-1,"RNA, 7SL, cytoplasmic 819, pseudogene [Source:HGNC Symbol;Acc:HGNC:46835]"
ENSG00000264316,MTCO3P13,unprocessed_pseudogene,17,22530612,22531392,1,MT-CO3 pseudogene 13 [Source:HGNC Symbol;Acc:HGNC:52043]
ENSG00000267053,CYKILR,lncRNA,19,36257608,36321294,1,cyclin dependent kinase inhibitor 2A regulated lncRNA [Source:HGNC Symbol;Acc:HGNC:58085]
ENSG00000269776,DPPA5P1,processed_pseudogene,19,52425863,52426202,-1,developmental pluripotency associated 5 pseudogene 1 [Source:HGNC Symbol;Acc:HGNC:43752]
ENSG00000269885,VN1R79P,unprocessed_pseudogene,19,20758440,20758952,1,vomeronasal 1 receptor 79 pseudogene [Source:HGNC Symbol;Acc:HGNC:37400]
ENSG00000271696,,processed_pseudogene,7,57835309,57836251,-1,abhydrolase domain containing 15 (ABHD15) pseudogene
ENSG00000272825,,lncRNA,21,44936303,44936954,1,novel transcript
ENSG00000273044,,lncRNA,22,35526932,35527415,1,novel transcript
ENSG00000273568,,lncRNA,12,131934642,131934928,1,"novel transcript, sense intronic to PUS1"
ENSG00000276362,,unprocessed_pseudogene,2,84850711,84851148,1,"family with sequence similarity 71, member B (Fam71b) pseudogene"
ENSG00000278001,,processed_pseudogene,9,41700682,41701096,1,"family with sequence similarity 27, member D1 (FAM27D1) pseudogene"
ENSG00000278589,ZACNP1,unprocessed_pseudogene,4,108415220,108416639,1,zinc activated ion channel pseudogene 1 [Source:HGNC Symbol;Acc:HGNC:51915]
ENSG00000279711,,TEC,11,133064697,133068129,1,novel transcript
ENSG00000021574,SPAST,protein_coding,2,32063530,32157637,1,spastin [Source:HGNC Symbol;Acc:HGNC:11233]
ENSG00000052841,TTC17,protein_coding,11,43358920,43494933,1,tetratricopeptide repeat domain 17 [Source:HGNC Symbol;Acc:HGNC:25596]
ENSG00000070269,TMEM260,protein_coding,14,56488354,56650606,1,transmembrane protein 260 [Source:HGNC Symbol;Acc:HGNC:20185]
ENSG00000096746,HNRNPH3,protein_coding,10,68331174,68344002,1,heterogeneous nuclear ribonucleoprotein H3 [Source:HGNC Symbol;Acc:HGNC:5043]
ENSG00000100379,KCTD17,protein_coding,22,37051739,37063390,1,potassium channel tetramerization domain containing 17 [Source:HGNC Symbol;Acc:HGNC:25705]
ENSG00000104447,TRPS1,protein_coding,8,115408496,115809673,-1,transcriptional repressor GATA binding 1 [Source:HGNC Symbol;Acc:HGNC:12340]
ENSG00000105289,TJP3,protein_coding,19,3708356,3750813,1,tight junction protein 3 [Source:HGNC Symbol;Acc:HGNC:11829]
ENSG00000111786,SRSF9,protein_coding,12,120456138,120495946,-1,serine and arginine rich splicing factor 9 [Source:HGNC Symbol;Acc:HGNC:10791]
ENSG00000126890,CTAG2,protein_coding,X,154651972,154653579,-1,cancer/testis antigen 2 [Source:HGNC Symbol;Acc:HGNC:2492]
ENSG00000133800,LYVE1,protein_coding,11,10556966,10611689,-1,lymphatic vessel endothelial hyaluronan receptor 1 [Source:HGNC Symbol;Acc:HGNC:14687]
ENSG00000149651,SPINT4,protein_coding,20,45722347,45725830,1,"serine peptidase inhibitor, Kunitz type 4 [Source:HGNC Symbol;Acc:HGNC:16130]"
ENSG00000150337,FCGR1A,protein_coding,1,149782650,149792526,1,Fc gamma receptor Ia [Source:HGNC Symbol;Acc:HGNC:3613]
ENSG00000153823,PID1,protein_coding,2,228850526,229271867,-1,phosphotyrosine interaction domain containing 1 [Source:HGNC Symbol;Acc:HGNC:26084]
ENSG00000154928,EPHB1,protein_coding,3,134795260,135260467,1,EPH receptor B1 [Source:HGNC Symbol;Acc:HGNC:3392]
ENSG00000158292,GPR153,protein_coding,1,6247347,6261098,-1,G protein-coupled receptor 153 [Source:HGNC Symbol;Acc:HGNC:23618]
ENSG00000163530,DPPA2,protein_coding,3,109293788,109316517,-1,developmental pluripotency associated 2 [Source:HGNC Symbol;Acc:HGNC:19197]
ENSG00000167880,EVPL,protein_coding,17,76004502,76027438,-1,envoplakin [Source:HGNC Symbol;Acc:HGNC:3503]
ENSG00000171777,RASGRP4,protein_coding,19,38409051,38426305,-1,RAS guanyl releasing protein 4 [Source:HGNC Symbol;Acc:HGNC:18958]
ENSG00000172188,OR4C11,protein_coding,11,55602360,55607645,-1,olfactory receptor family 4 subfamily C member 11 [Source:HGNC Symbol;Acc:HGNC:15167]
ENSG00000172974,VDAC2P5,processed_pseudogene,2,65205108,65205988,1,VDAC2 pseudogene 5 [Source:HGNC Symbol;Acc:HGNC:54753]
ENSG00000173372,C1QA,protein_coding,1,22635057,22639681,1,complement C1q A chain [Source:HGNC Symbol;Acc:HGNC:1241]
ENSG00000174912,METTL15P1,transcribed_processed_pseudogene,3,156713884,156714928,-1,methyltransferase like 15 pseudogene 1 [Source:HGNC Symbol;Acc:HGNC:31926]
ENSG00000178538,CA8,protein_coding,8,60185412,60281573,-1,carbonic anhydrase 8 [Source:HGNC Symbol;Acc:HGNC:1382]
ENSG00000178732,GP5,protein_coding,3,194394821,194399266,-1,glycoprotein V platelet [Source:HGNC Symbol;Acc:HGNC:4443]
ENSG00000180071,ANKRD18A,protein_coding,9,38540567,38620596,-1,ankyrin repeat domain 18A [Source:HGNC Symbol;Acc:HGNC:23643]
ENSG00000181804,SLC9A9,protein_coding,3,143265222,143848485,-1,solute carrier family 9 member A9 [Source:HGNC Symbol;Acc:HGNC:20653]
ENSG00000196872,CRACDL,protein_coding,2,98793845,98936259,-1,CRACD like [Source:HGNC Symbol;Acc:HGNC:33454]
ENSG00000199337,RNA5S3,rRNA,1,228614750,228614868,-1,"RNA, 5S ribosomal 3 [Source:HGNC Symbol;Acc:HGNC:34364]"
ENSG00000203734,ECT2L,protein_coding,6,138795911,138904070,1,epithelial cell transforming 2 like [Source:HGNC Symbol;Acc:HGNC:21118]
ENSG00000204584,TAC4-AS1,lncRNA,17,49845910,49848837,1,TAC4 antisense RNA 1 [Source:HGNC Symbol;Acc:HGNC:58214]
ENSG00000204956,PCDHGA1,protein_coding,5,141330514,141512975,1,"protocadherin gamma subfamily A, 1 [Source:HGNC Symbol;Acc:HGNC:8696]"
ENSG00000204979,MS4A13,protein_coding,11,60515392,60542721,1,membrane spanning 4-domains A13 [Source:HGNC Symbol;Acc:HGNC:16674]
ENSG00000207148,Y_RNA,misc_RNA,4,121329069,121329170,-1,Y RNA [Source:RFAM;Acc:RF00019]
ENSG00000207217,SNORA80D,snoRNA,7,6016877,6017011,1,"small nucleolar RNA, H/ACA box 80D [Source:HGNC Symbol;Acc:HGNC:50435]"
ENSG00000207971,MIR125B1,miRNA,11,122099757,122099844,-1,microRNA 125b-1 [Source:HGNC Symbol;Acc:HGNC:31506]
ENSG00000211644,IGLV1-51,IG_V_gene,22,22322472,22322969,1,immunoglobulin lambda variable 1-51 [Source:HGNC Symbol;Acc:HGNC:5882]
ENSG00000212348,RNU6-1300P,snRNA,8,74048677,74048784,1,"RNA, U6 small nuclear 1300, pseudogene [Source:HGNC Symbol;Acc:HGNC:48263]"
ENSG00000213439,OR5AC1,protein_coding,3,98064472,98065396,1,olfactory receptor family 5 subfamily AC member 1 (gene/pseudogene) [Source:HGNC Symbol;Acc:HGNC:15047]
ENSG00000214226,C17orf67,protein_coding,17,56791913,56838773,-1,chromosome 17 open reading frame 67 [Source:HGNC Symbol;Acc:HGNC:27900]
ENSG00000222004,LINC02860,lncRNA,7,26637865,26647305,1,long intergenic non-protein coding RNA 2860 [Source:HGNC Symbol;Acc:HGNC:22364]
ENSG00000224402,OR6D1P,transcribed_unitary_pseudogene,10,45258185,45259123,1,olfactory receptor family 6 subfamily D member 1 pseudogene [Source:HGNC Symbol;Acc:HGNC:14849]
ENSG00000225787,LSM3P3,processed_pseudogene,2,85102389,85102694,-1,"LSM3 homolog, U6 small nuclear RNA and mRNA degradation associated pseudogene 3 [Source:HGNC Symbol;Acc:HGNC:44348]"
ENSG00000225801,RABEPKP1,processed_pseudogene,13,71296210,71297235,1,Rab9 effector protein with kelch motifs pseudogene 1 [Source:HGNC Symbol;Acc:HGNC:39791]
ENSG00000226759,DAB1-AS1,lncRNA,1,57860532,57880907,1,DAB1 antisense RNA 1 [Source:HGNC Symbol;Acc:HGNC:49443]
ENSG00000227234,SPANXB1,protein_coding,X,141002594,141003706,1,SPANX family member B1 [Source:HGNC Symbol;Acc:HGNC:14329]
ENSG00000227443,H3P30,processed_pseudogene,9,21638285,21638676,1,H3 histone pseudogene 30 [Source:HGNC Symbol;Acc:HGNC:54463]
ENSG00000231473,RB1-DT,lncRNA,13,48291549,48303723,-1,RB1 divergent transcript [Source:HGNC Symbol;Acc:HGNC:42778]
ENSG00000232522,ZNF886P,unprocessed_pseudogene,Y,20001185,20012204,-1,"zinc finger protein 886, pseudogene [Source:HGNC Symbol;Acc:HGNC:38420]"
ENSG00000232881,RPS10P21,processed_pseudogene,13,71913704,71914178,-1,ribosomal protein S10 pseudogene 21 [Source:HGNC Symbol;Acc:HGNC:35906]
ENSG00000233485,FHAD1-AS1,lncRNA,1,15326680,15343890,-1,FHAD1 antisense RNA 1 [Source:HGNC Symbol;Acc:HGNC:41241]
ENSG00000233645,,lncRNA,1,8218190,8220529,-1,novel transcript
ENSG00000234667,ACTL11P,unitary_pseudogene,3,49873347,49877305,-1,"actin like 11, pseudogene [Source:HGNC Symbol;Acc:HGNC:44626]"
ENSG00000235700,CYCSP52,processed_pseudogene,1,157128362,157128671,1,CYCS pseudogene 52 [Source:HGNC Symbol;Acc:HGNC:24393]
ENSG00000238632,RNU7-126P,snRNA,4,25598564,25598625,-1,"RNA, U7 small nuclear 126 pseudogene [Source:HGNC Symbol;Acc:HGNC:45660]"
ENSG00000238709,RNU7-56P,snRNA,X,16767844,16767905,1,"RNA, U7 small nuclear 56 pseudogene [Source:HGNC Symbol;Acc:HGNC:34152]"
ENSG00000239282,CASTOR1,protein_coding,22,30285114,30289694,-1,cytosolic arginine sensor for mTORC1 subunit 1 [Source:HGNC Symbol;Acc:HGNC:34423]
ENSG00000240121,RPS27P20,processed_pseudogene,11,129537869,129538114,1,ribosomal protein S27 pseudogene 20 [Source:HGNC Symbol;Acc:HGNC:36333]
ENSG00000240404,,processed_pseudogene,3,81612790,81613075,1,SET nuclear oncogene (SET) pseudogene
ENSG00000240616,RPS6P25,processed_pseudogene,19,12894133,12894880,1,ribosomal protein S6 pseudogene 25 [Source:HGNC Symbol;Acc:HGNC:35948]
ENSG00000242104,LRRC78P,transcribed_unitary_pseudogene,3,141663092,141729405,1,"leucine rich repeat containing 78, pseudogene [Source:HGNC Symbol;Acc:HGNC:54091]"
ENSG00000242483,RN7SL293P,misc_RNA,8,11379395,11379675,1,"RNA, 7SL, cytoplasmic 293, pseudogene [Source:HGNC Symbol;Acc:HGNC:46309]"
ENSG00000248155,,unprocessed_pseudogene,4,2607870,2608146,-1,novel pseudogene
ENSG00000248340,PIMREGP4,processed_pseudogene,4,26873561,26874349,-1,PIMREG pseudogene 4 [Source:HGNC Symbol;Acc:HGNC:54615]
ENSG00000251745,RNU7-124P,snRNA,9,37936707,37936768,-1,"RNA, U7 small nuclear 124 pseudogene [Source:HGNC Symbol;Acc:HGNC:45658]"
ENSG00000253596,,lncRNA,8,74347634,74350316,-1,novel transcript
ENSG00000253921,ATOX1-AS1,lncRNA,5,151753054,151767247,1,ATOX1 antisense RNA 1 [Source:HGNC Symbol;Acc:HGNC:55528]
ENSG00000254076,,processed_pseudogene,8,137696724,137698467,1,nucleolar and coiled-body phosphoprotein 1 (NOLC1) pseudogene
ENSG00000254518,LINC02750,lncRNA,11,50298546,50364741,1,long intergenic non-protein coding RNA 2750 [Source:HGNC Symbol;Acc:HGNC:54269]
ENSG00000256802,LCIIAR,lncRNA,15,29664498,29705804,1,lung cancer immune cell infiltration associated lncRNA [Source:HGNC Symbol;Acc:HGNC:56346]
ENSG00000261143,ADAMTS7P3,transcribed_unprocessed_pseudogene,15,77976042,77993057,1,ADAMTS7 pseudogene 3 [Source:HGNC Symbol;Acc:HGNC:49409]
ENSG00000261150,EPPK1,protein_coding,8,143857324,143878467,-1,epiplakin 1 [Source:HGNC Symbol;Acc:HGNC:15577]
ENSG00000261572,,lncRNA,3,32236687,32238629,-1,"novel transcript, intronic to CMTM8"
ENSG00000262759,MRPS21P9,processed_pseudogene,17,50450179,50450725,-1,mitochondrial ribosomal protein S21 pseudogene 9 [Source:HGNC Symbol;Acc:HGNC:29756]
ENSG00000264061,FGF7P1,transcribed_unprocessed_pseudogene,18,14888709,14890086,-1,fibroblast growth factor 7 pseudogene 1 [Source:HGNC Symbol;Acc:HGNC:21455]
ENSG00000264266,MIR4322,miRNA,19,10230413,10230485,1,microRNA 4322 [Source:HGNC Symbol;Acc:HGNC:38261]
ENSG00000264634,,lncRNA,18,67940949,67956426,1,novel transcript
ENSG00000265526,MIR4304,miRNA,12,123010667,123010728,-1,microRNA 4304 [Source:HGNC Symbol;Acc:HGNC:38276]
ENSG00000266149,,lncRNA,18,8360818,8367300,-1,"novel transcript, antisense to PTPRM"
ENSG00000267132,HMGB3P27,processed_pseudogene,17,42648178,42648738,1,high mobility group box 3 pseudogene 27 [Source:HGNC Symbol;Acc:HGNC:39319]
ENSG00000267433,,unprocessed_pseudogene,19,29901696,29901869,-1,microtubule associated serine/threonine kinase 2 (MAST2) pseudogene
ENSG00000268375,,lncRNA,19,50792685,50793584,-1,"novel transcript, antisense to ACPT"
ENSG00000270268,CORO1CP1,processed_pseudogene,X,79369364,79370165,-1,CORO1C pseudogene 1 [Source:HGNC Symbol;Acc:HGNC:55002]
ENSG00000271180,COX5AP1,processed_pseudogene,14,55240622,55241080,-1,cytochrome c oxidase subunit 5A pseudogene 1 [Source:HGNC Symbol;Acc:HGNC:2268]
ENSG00000271398,,lncRNA,1,28247144,28247568,1,novel transcript
ENSG00000272104,,protein_coding,3,50350892,50367923,1,novel protein
ENSG00000273145,,lncRNA,22,46013240,46015503,1,novel transcript
ENSG00000274420,,misc_RNA,3,47818005,47818128,1,
ENSG00000274569,,unitary_pseudogene,12,56413647,56414045,-1,apolipoprotein N (APON) pseudogene
ENSG00000276085,CCL3L3,protein_coding,17,36194869,36196758,-1,C-C motif chemokine ligand 3 like 3 [Source:HGNC Symbol;Acc:HGNC:30554]
ENSG00000277320,,misc_RNA,9,76785782,76786190,1,
ENSG00000278569,Metazoa_SRP,misc_RNA,7,17205652,17205928,1,Metazoan signal recognition particle RNA [Source:RFAM;Acc:RF00017]
ENSG00000279444,,TEC,12,63151065,63154006,1,TEC
ENSG00000279656,,TEC,14,23023083,23024217,-1,TEC
ENSG00000280053,,TEC,3,126973065,126976426,1,TEC
ENSG00000280266,,TEC,7,157525783,157527325,1,TEC
ENSG00000283051,LINC01668,lncRNA,21,42777798,42781958,-1,long intergenic non-protein coding RNA 1668 [Source:HGNC Symbol;Acc:HGNC:52456]
ENSG00000284065,MIR6887,miRNA,19,35122700,35122764,1,microRNA 6887 [Source:HGNC Symbol;Acc:HGNC:50065]
ENSG00000284098,,unprocessed_pseudogene,7,57190300,57190460,1,mitochondrially encoded ATP synthase 8 (MT-ATP8) pseudogene
ENSG00000055211,GINM1,protein_coding,6,149566206,149591748,1,glycosylated integral membrane protein 1 [Source:HGNC Symbol;Acc:HGNC:21074]
ENSG00000077097,TOP2B,protein_coding,3,25597978,25664973,-1,DNA topoisomerase II beta [Source:HGNC Symbol;Acc:HGNC:11990]
ENSG00000081189,MEF2C,protein_coding,5,88717117,88904257,-1,myocyte enhancer factor 2C [Source:HGNC Symbol;Acc:HGNC:6996]
ENSG00000105694,ELOCP28,processed_pseudogene,19,2538112,2538754,1,elongin C pseudogene 28 [Source:HGNC Symbol;Acc:HGNC:49169]
ENSG00000107821,KAZALD1,protein_coding,10,101061171,101068179,1,Kazal type serine peptidase inhibitor domain 1 [Source:HGNC Symbol;Acc:HGNC:25460]
ENSG00000111644,ACRBP,protein_coding,12,6638075,6647433,-1,acrosin binding protein [Source:HGNC Symbol;Acc:HGNC:17195]
ENSG00000112486,CCR6,protein_coding,6,167111795,167139141,1,C-C motif chemokine receptor 6 [Source:HGNC Symbol;Acc:HGNC:1607]
ENSG00000113712,CSNK1A1,protein_coding,5,149492982,149551471,-1,casein kinase 1 alpha 1 [Source:HGNC Symbol;Acc:HGNC:2451]
ENSG00000116455,WDR77,protein_coding,1,111439890,111449256,-1,WD repeat domain 77 [Source:HGNC Symbol;Acc:HGNC:29652]
ENSG00000122008,POLK,protein_coding,5,75511782,75609991,1,DNA polymerase kappa [Source:HGNC Symbol;Acc:HGNC:9183]
ENSG00000122304,PRM2,protein_coding,16,11275639,11276480,-1,protamine 2 [Source:HGNC Symbol;Acc:HGNC:9448]
ENSG00000124155,PIGT,protein_coding,20,45416084,45456934,1,phosphatidylinositol glycan anchor biosynthesis class T [Source:HGNC Symbol;Acc:HGNC:14938]
ENSG00000124657,OR2B6,protein_coding,6,27957241,27958182,1,olfactory receptor family 2 subfamily B member 6 [Source:HGNC Symbol;Acc:HGNC:8241]
ENSG00000141391,PRELID3A,protein_coding,18,12407896,12432238,1,PRELI domain containing 3A [Source:HGNC Symbol;Acc:HGNC:24639]
ENSG00000155438,NIFK,protein_coding,2,121726945,121736912,-1,nucleolar protein interacting with the FHA domain of MKI67 [Source:HGNC Symbol;Acc:HGNC:17838]
ENSG00000156050,FAM161B,protein_coding,14,73931501,73950414,-1,FAM161 centrosomal protein B [Source:HGNC Symbol;Acc:HGNC:19854]
ENSG00000163923,RPL39L,protein_coding,3,187120927,187180972,-1,ribosomal protein L39 like [Source:HGNC Symbol;Acc:HGNC:17094]
ENSG00000165156,ZHX1,protein_coding,8,123248451,123275541,-1,zinc fingers and homeoboxes 1 [Source:HGNC Symbol;Acc:HGNC:12871]
ENSG00000168938,PPIC,protein_coding,5,123022052,123036725,-1,peptidylprolyl isomerase C [Source:HGNC Symbol;Acc:HGNC:9256]
ENSG00000170917,NUDT6,protein_coding,4,122888697,122922968,-1,nudix hydrolase 6 [Source:HGNC Symbol;Acc:HGNC:8053]
ENSG00000171931,FBXW10,protein_coding,17,18744026,18779349,1,F-box and WD repeat domain containing 10 [Source:HGNC Symbol;Acc:HGNC:1211]
ENSG00000174599,TRAM1L1,protein_coding,4,117083554,117085576,-1,translocation associated membrane protein 1 like 1 [Source:HGNC Symbol;Acc:HGNC:28371]
ENSG00000176731,RBIS,protein_coding,8,85214048,85220793,-1,ribosomal biogenesis factor [Source:HGNC Symbol;Acc:HGNC:32235]
ENSG00000180900,SCRIB,protein_coding,8,143790920,143815773,-1,scribble planar cell polarity protein [Source:HGNC Symbol;Acc:HGNC:30377]
ENSG00000185885,IFITM1,protein_coding,11,310041,315273,1,interferon induced transmembrane protein 1 [Source:HGNC Symbol;Acc:HGNC:5412]
ENSG00000188155,KRTAP10-6,protein_coding,21,44591268,44592505,-1,keratin associated protein 10-6 [Source:HGNC Symbol;Acc:HGNC:20523]
ENSG00000196550,FAM72A,protein_coding,1,206186179,206204414,-1,family with sequence similarity 72 member A [Source:HGNC Symbol;Acc:HGNC:24044]
ENSG00000201749,Y_RNA,misc_RNA,9,114615455,114615568,-1,Y RNA [Source:RFAM;Acc:RF00019]
ENSG00000203757,OR6K3,protein_coding,1,158716327,158720720,-1,olfactory receptor family 6 subfamily K member 3 [Source:HGNC Symbol;Acc:HGNC:15030]
ENSG00000205929,EPCIP,protein_coding,21,32790673,32813743,-1,exosomal polycystin 1 interacting protein [Source:HGNC Symbol;Acc:HGNC:1305]
ENSG00000206644,RNU6-1279P,snRNA,3,196393710,196393812,-1,"RNA, U6 small nuclear 1279, pseudogene [Source:HGNC Symbol;Acc:HGNC:48242]"
ENSG00000206838,SNORA5A,snoRNA,7,45104349,45104482,-1,"small nucleolar RNA, H/ACA box 5A [Source:HGNC Symbol;Acc:HGNC:32588]"
ENSG00000206852,RNU6-895P,snRNA,8,41298163,41298265,1,"RNA, U6 small nuclear 895, pseudogene [Source:HGNC Symbol;Acc:HGNC:47858]"
ENSG00000215198,,processed_pseudogene,9,35147410,35149184,-1,zinc finger protein pseudogene
ENSG00000217231,,processed_pseudogene,6,144036618,144037704,1,FK506 binding protein 7 (FKBP7) pseudogene
ENSG00000221662,MIR1290,miRNA,1,18897071,18897148,-1,microRNA 1290 [Source:HGNC Symbol;Acc:HGNC:35283]
ENSG00000221938,OR2A14,protein_coding,7,144123176,144131188,1,olfactory receptor family 2 subfamily A member 14 [Source:HGNC Symbol;Acc:HGNC:15084]
ENSG00000222148,RNY4P30,misc_RNA,13,49889634,49889728,-1,RNY4 pseudogene 30 [Source:HGNC Symbol;Acc:HGNC:42498]
ENSG00000223404,LINC00397,lncRNA,13,87691093,87810719,-1,long intergenic non-protein coding RNA 397 [Source:HGNC Symbol;Acc:HGNC:42725]
ENSG00000223561,LINC03007,lncRNA,7,25569406,25777199,-1,long intergenic non-protein coding RNA 3007 [Source:HGNC Symbol;Acc:HGNC:56132]
ENSG00000226016,RPL36AP55,processed_pseudogene,10,27904209,27905162,1,ribosomal protein L36a pseudogene 55 [Source:HGNC Symbol;Acc:HGNC:44939]
ENSG00000228081,,processed_pseudogene,1,209173014,209173375,1,GRB2-related adaptor protein (GRAP) pseudogene
ENSG00000229020,AKR7A2P1,processed_pseudogene,1,112923423,112924337,1,AKR7A2 pseudogene 1 [Source:HGNC Symbol;Acc:HGNC:24062]
ENSG00000229108,LINC02587,lncRNA,7,15688186,15725306,1,long intergenic non-protein coding RNA 2587 [Source:HGNC Symbol;Acc:HGNC:50672]
ENSG00000230100,,lncRNA,X,48333675,48334439,-1,novel transcript
ENSG00000230328,,processed_pseudogene,9,101358932,101361242,1,zinc finger and BTB domain containing protein (ZBTB) pseudogene
ENSG00000231699,,processed_pseudogene,2,197533803,197533965,1,ribosomal protein L39 (RPL39) pseudogene
ENSG00000232003,ZNF736P12Y,processed_pseudogene,Y,24500263,24501505,-1,"zinc finger protein 736 pseudogene 12, Y-linked [Source:HGNC Symbol;Acc:HGNC:38431]"
ENSG00000232640,,lncRNA,6,169725091,169725854,-1,novel transcript
ENSG00000233146,BPIFB5P,unitary_pseudogene,20,33316869,33329969,1,"BPI fold containing family B member 5, pseudogene [Source:HGNC Symbol;Acc:HGNC:42177]"
ENSG00000233173,VN1R34P,unitary_pseudogene,7,63934449,63935331,-1,vomeronasal 1 receptor 34 pseudogene [Source:HGNC Symbol;Acc:HGNC:37354]
ENSG00000234580,,lncRNA,10,44591208,44602104,-1,novel transcript
ENSG00000236054,SYN3-AS1,lncRNA,22,32580121,32584204,1,SYN3 antisense RNA 1 [Source:HGNC Symbol;Acc:HGNC:40569]
ENSG00000236395,,processed_pseudogene,7,131702269,131702653,-1,ribosomal protein S15a (RPS15A) pseudogene
ENSG00000236626,MTND5P17,processed_pseudogene,10,36432882,36434484,-1,MT-ND5 pseudogene 17 [Source:HGNC Symbol;Acc:HGNC:42279]
ENSG00000237999,ACTG1P19,processed_pseudogene,9,100731240,100732355,1,actin gamma 1 pseudogene 19 [Source:HGNC Symbol;Acc:HGNC:51499]
ENSG00000238427,RNU7-136P,snRNA,3,160472348,160472416,-1,"RNA, U7 small nuclear 136 pseudogene [Source:HGNC Symbol;Acc:HGNC:45670]"
ENSG00000238924,RNU7-82P,snRNA,3,163470205,163470266,-1,"RNA, U7 small nuclear 82 pseudogene [Source:HGNC Symbol;Acc:HGNC:34178]"
ENSG00000239096,,snoRNA,3,179614775,179614878,-1,
ENSG00000239932,RN7SL606P,misc_RNA,17,60696313,60696605,1,"RNA, 7SL, cytoplasmic 606, pseudogene [Source:HGNC Symbol;Acc:HGNC:46622]"
ENSG00000241469,LINC00635,lncRNA,3,107840228,107882250,-1,long intergenic non-protein coding RNA 635 [Source:HGNC Symbol;Acc:HGNC:27184]
ENSG00000241741,RPL7AP30,processed_pseudogene,4,112788083,112788878,-1,ribosomal protein L7a pseudogene 30 [Source:HGNC Symbol;Acc:HGNC:35757]
ENSG00000244130,UBE2Q2P9,processed_pseudogene,3,72006774,72006975,1,UBE2Q2 pseudogene 9 [Source:HGNC Symbol;Acc:HGNC:49517]
ENSG00000249240,,protein_coding,15,64841883,64930920,1,novel protein
ENSG00000249795,,processed_pseudogene,4,127498327,127498807,1,spermidine/spermine N1-acetyltransferase 1 (SAT1) pseudogene
ENSG00000250696,,lncRNA,4,69166605,69216767,1,"novel transcript, antisense to UGT2B11"
ENSG00000251247,ZNF345,protein_coding,19,36850338,36913029,1,zinc finger protein 345 [Source:HGNC Symbol;Acc:HGNC:16367]
ENSG00000251324,LINC01386,lncRNA,5,73454187,73472896,-1,long intergenic non-protein coding RNA 1386 [Source:HGNC Symbol;Acc:HGNC:50659]
ENSG00000251907,RNU6-240P,snRNA,14,73659564,73659660,-1,"RNA, U6 small nuclear 240, pseudogene [Source:HGNC Symbol;Acc:HGNC:47203]"
ENSG00000252686,RNU6-1234P,snRNA,14,29811916,29812018,1,"RNA, U6 small nuclear 1234, pseudogene [Source:HGNC Symbol;Acc:HGNC:48197]"
ENSG00000252758,RNU6-445P,snRNA,9,74857675,74857781,1,"RNA, U6 small nuclear 445, pseudogene [Source:HGNC Symbol;Acc:HGNC:47408]"
ENSG00000253047,,snoRNA,1,150600539,150600659,-1,
ENSG00000253593,,lncRNA,8,133886322,133902433,1,novel transcript
ENSG00000254583,,processed_pseudogene,11,13478333,13479037,1,tripartite motif-containing 4 (TRIM4) pseudogene
ENSG00000254817,,unprocessed_pseudogene,8,12033646,12034612,-1,"olfactory receptor, family 7, subfamily E, member 160 pseudogene"
ENSG00000257167,TMPO-AS1,lncRNA,12,98512791,98516422,-1,TMPO antisense RNA 1 [Source:HGNC Symbol;Acc:HGNC:44158]
ENSG00000258694,LINC02319,lncRNA,14,52101631,52129852,-1,long intergenic non-protein coding RNA 2319 [Source:HGNC Symbol;Acc:HGNC:53238]
ENSG00000258978,HIF1AP1,processed_pseudogene,14,75116426,75116600,-1,HIF1AP pseudogene 1 [Source:HGNC Symbol;Acc:HGNC:43016]
ENSG00000259030,FPGT-TNNI3K,protein_coding,1,74198235,74544393,1,FPGT-TNNI3K readthrough [Source:HGNC Symbol;Acc:HGNC:42952]
ENSG00000259100,COILP1,processed_pseudogene,14,39385404,39387102,-1,coilin pseudogene 1 [Source:HGNC Symbol;Acc:HGNC:19927]
ENSG00000259558,MESTP2,processed_pseudogene,15,60053204,60054092,-1,mesoderm specific transcript pseudogene 2 [Source:HGNC Symbol;Acc:HGNC:18208]
ENSG00000260345,,lncRNA,16,57461055,57462737,1,novel transcript
ENSG00000261632,,lncRNA,15,71972181,72046533,1,"novel transcript, antisense to MYO9A"
ENSG00000265850,MIR4797,miRNA,3,197293878,197293948,-1,microRNA 4797 [Source:HGNC Symbol;Acc:HGNC:41758]
ENSG00000269904,MAP2K4P1,transcribed_processed_pseudogene,X,73524961,73526155,-1,mitogen-activated protein kinase kinase 4 pseudogene 1 [Source:HGNC Symbol;Acc:HGNC:43837]
ENSG00000269949,,lncRNA,4,56960927,56961373,-1,novel transcript
ENSG00000273901,,lncRNA,19,58500505,58501137,1,"novel transcript, antisense to SLC27A5"
ENSG00000275350,,processed_pseudogene,1,38383838,38384422,-1,"tubulin, beta 3 class III (TUBB3) pseudogene"
ENSG00000276597,TRBV11-3,TR_V_gene,7,142554836,142555318,1,T cell receptor beta variable 11-3 [Source:HGNC Symbol;Acc:HGNC:12182]
ENSG00000279439,,TEC,18,25200976,25202837,-1,TEC
ENSG00000279683,,TEC,15,56795382,56795522,1,novel transcript
ENSG00000279782,PPIAL4F,protein_coding,1,144592893,144593652,1,peptidylprolyl isomerase A like 4F [Source:HGNC Symbol;Acc:HGNC:33999]
ENSG00000279876,,TEC,2,145874520,145874845,-1,TEC
ENSG00000280161,,TEC,5,180810401,180811384,1,TEC
ENSG00000281159,,scaRNA,2,130929762,130929883,-1,
ENSG00000282034,,protein_coding,16,30704067,30745169,1,novel transcript
ENSG00000005238,ATOSB,protein_coding,9,35104112,35116357,-1,atos homolog B [Source:HGNC Symbol;Acc:HGNC:25666]
ENSG00000025770,NCAPH2,protein_coding,22,50508213,50524780,1,non-SMC condensin II complex subunit H2 [Source:HGNC Symbol;Acc:HGNC:25071]
ENSG00000074855,ANO8,protein_coding,19,17323223,17334855,-1,anoctamin 8 [Source:HGNC Symbol;Acc:HGNC:29329]
ENSG00000099960,SLC7A4,protein_coding,22,21028718,21032933,-1,solute carrier family 7 member 4 [Source:HGNC Symbol;Acc:HGNC:11062]
ENSG00000111981,ULBP1,protein_coding,6,149963943,149973715,1,UL16 binding protein 1 [Source:HGNC Symbol;Acc:HGNC:14893]
ENSG00000112210,RAB23,protein_coding,6,57186992,57222848,-1,"RAB23, member RAS oncogene family [Source:HGNC Symbol;Acc:HGNC:14263]"
ENSG00000114631,PODXL2,protein_coding,3,127629143,127672810,1,podocalyxin like 2 [Source:HGNC Symbol;Acc:HGNC:17936]
ENSG00000121454,LHX4,protein_coding,1,180230188,180278984,1,LIM homeobox 4 [Source:HGNC Symbol;Acc:HGNC:21734]
ENSG00000125363,AMELX,protein_coding,X,11293413,11300761,1,amelogenin X-linked [Source:HGNC Symbol;Acc:HGNC:461]
ENSG00000135723,FHOD1,protein_coding,16,67229387,67247539,-1,formin homology 2 domain containing 1 [Source:HGNC Symbol;Acc:HGNC:17905]
ENSG00000141316,SPACA3,protein_coding,17,32970376,32997877,1,sperm acrosome associated 3 [Source:HGNC Symbol;Acc:HGNC:16260]
ENSG00000155330,C16orf87,protein_coding,16,46796603,46831180,-1,chromosome 16 open reading frame 87 [Source:HGNC Symbol;Acc:HGNC:33754]
ENSG00000159231,CBR3,protein_coding,21,36135079,36146566,1,carbonyl reductase 3 [Source:HGNC Symbol;Acc:HGNC:1549]
ENSG00000159842,ABR,protein_coding,17,1003519,1229738,-1,ABR activator of RhoGEF and GTPase [Source:HGNC Symbol;Acc:HGNC:81]
ENSG00000160200,CBS,protein_coding,21,43050900,43076943,-1,cystathionine beta-synthase [Source:HGNC Symbol;Acc:HGNC:1550]
ENSG00000161036,LRWD1,protein_coding,7,102464939,102473507,1,leucine rich repeats and WD repeat domain containing 1 [Source:HGNC Symbol;Acc:HGNC:21769]
ENSG00000161981,SNRNP25,protein_coding,16,53828,57669,1,small nuclear ribonucleoprotein U11/U12 subunit 25 [Source:HGNC Symbol;Acc:HGNC:14161]
ENSG00000162517,PEF1,protein_coding,1,31629866,31644896,-1,penta-EF-hand domain containing 1 [Source:HGNC Symbol;Acc:HGNC:30009]
ENSG00000163382,NAXE,protein_coding,1,156591743,156609507,1,NAD(P)HX epimerase [Source:HGNC Symbol;Acc:HGNC:18453]
ENSG00000171502,COL24A1,protein_coding,1,85729233,86156943,-1,collagen type XXIV alpha 1 chain [Source:HGNC Symbol;Acc:HGNC:20821]
ENSG00000175806,MSRA,protein_coding,8,10054278,10428897,1,methionine sulfoxide reductase A [Source:HGNC Symbol;Acc:HGNC:7377]
ENSG00000178150,ZNF114,protein_coding,19,48270041,48287743,1,zinc finger protein 114 [Source:HGNC Symbol;Acc:HGNC:12894]
ENSG00000184489,PTP4A3,protein_coding,8,141391497,141432456,1,protein tyrosine phosphatase 4A3 [Source:HGNC Symbol;Acc:HGNC:9636]
ENSG00000184992,BRI3BP,protein_coding,12,124993645,125031231,1,BRI3 binding protein [Source:HGNC Symbol;Acc:HGNC:14251]
ENSG00000186481,ANKRD20A5P,transcribed_unprocessed_pseudogene,18,14179395,14244811,1,"ankyrin repeat domain 20 family member A5, pseudogene [Source:HGNC Symbol;Acc:HGNC:33833]"
ENSG00000186970,KRTAP15-1,protein_coding,21,30440275,30440869,1,keratin associated protein 15-1 [Source:HGNC Symbol;Acc:HGNC:18927]
ENSG00000187049,TMEM216,protein_coding,11,61392393,61398866,1,transmembrane protein 216 [Source:HGNC Symbol;Acc:HGNC:25018]
ENSG00000198746,GPATCH3,protein_coding,1,26890488,26900467,-1,G-patch domain containing 3 [Source:HGNC Symbol;Acc:HGNC:25720]
ENSG00000198987,MIR16-2,miRNA,3,160404745,160404825,1,microRNA 16-2 [Source:HGNC Symbol;Acc:HGNC:31546]
ENSG00000204427,ABHD16A,protein_coding,6,31686954,31703356,-1,"abhydrolase domain containing 16A, phospholipase [Source:HGNC Symbol;Acc:HGNC:13921]"
ENSG00000205045,SLFN12L,protein_coding,17,35464249,35537683,-1,schlafen family member 12 like [Source:HGNC Symbol;Acc:HGNC:33920]
ENSG00000211580,MIR769,miRNA,19,46018932,46019049,1,microRNA 769 [Source:HGNC Symbol;Acc:HGNC:33138]
ENSG00000211679,IGLC3,IG_C_gene,22,22906342,22906803,1,immunoglobulin lambda constant 3 (Kern-Oz+ marker) [Source:HGNC Symbol;Acc:HGNC:5857]
ENSG00000213409,C1QBPP2,processed_pseudogene,11,66761575,66762399,-1,complement C1q binding protein pseudogene 2 [Source:HGNC Symbol;Acc:HGNC:51618]
ENSG00000217896,ZNF839P1,processed_pseudogene,Y,18985175,18986398,1,zinc finger protein 839 pseudogene 1 [Source:HGNC Symbol;Acc:HGNC:38455]
ENSG00000223984,HNRNPRP1,processed_pseudogene,10,21624592,21626286,-1,heterogeneous nuclear ribonucleoprotein R pseudogene 1 [Source:HGNC Symbol;Acc:HGNC:44907]
ENSG00000224469,,processed_pseudogene,7,137164043,137164612,1,ribosomal protein L18 (RPL18) pseudogene
ENSG00000224497,RPL36P4,processed_pseudogene,20,35544430,35544747,-1,ribosomal protein L36 pseudogene 4 [Source:HGNC Symbol;Acc:HGNC:16569]
ENSG00000226291,,lncRNA,7,1080863,1082178,1,novel transcript
ENSG00000226440,LAMA4-AS1,lncRNA,6,112236093,112307009,1,LAMA4 antisense RNA 1 [Source:HGNC Symbol;Acc:HGNC:40333]
ENSG00000227270,,unprocessed_pseudogene,2,107903964,107904241,1,pseudogene similar to part of anaphase promoting complex subunit 1 (ANAPC1)
ENSG00000227303,,lncRNA,X,143284977,143516803,1,"novel transcript, antisense to SPANXN3"
ENSG00000228215,LINC02770,lncRNA,1,191823432,192011260,1,long intergenic non-protein coding RNA 2770 [Source:HGNC Symbol;Acc:HGNC:54290]
ENSG00000229753,RPS27AP15,processed_pseudogene,9,72741152,72741617,-1,RPS27A pseudogene 15 [Source:HGNC Symbol;Acc:HGNC:35817]
ENSG00000230157,ATP5MC1P1,transcribed_processed_pseudogene,14,105536861,105537239,-1,ATP synthase membrane subunit c locus 1 pseudogene 1 [Source:HGNC Symbol;Acc:HGNC:19815]
ENSG00000230746,,lncRNA,7,145615778,145681560,-1,novel transcript
ENSG00000232766,KIAA1143P2,processed_pseudogene,3,27703129,27703568,-1,KIAA1143 pseudogene 2 [Source:HGNC Symbol;Acc:HGNC:54594]
ENSG00000233114,COX7BP4,processed_pseudogene,1,46104950,46105175,1,COX7B pseudogene 4 [Source:HGNC Symbol;Acc:HGNC:56508]
ENSG00000233979,RPL22P21,processed_pseudogene,17,16084042,16084381,1,ribosomal protein L22 pseudogene 21 [Source:HGNC Symbol;Acc:HGNC:35547]
ENSG00000234446,,lncRNA,2,221581215,221739393,1,novel transcript
ENSG00000235610,,lncRNA,2,223489090,223528308,1,novel transcript
ENSG00000237205,RPL7P34,processed_pseudogene,10,88618223,88618934,-1,ribosomal protein L7 pseudogene 34 [Source:HGNC Symbol;Acc:HGNC:36181]
ENSG00000237549,RPS6P3,processed_pseudogene,2,101509530,101510222,-1,ribosomal protein S6 pseudogene 3 [Source:HGNC Symbol;Acc:HGNC:36943]
ENSG00000237623,NICN2P,processed_pseudogene,X,47273366,47274390,-1,"nicolin 2, pseudogene [Source:HGNC Symbol;Acc:HGNC:18322]"
ENSG00000237700,PRAMEF33,protein_coding,1,13303539,13308907,1,PRAME family member 33 [Source:HGNC Symbol;Acc:HGNC:49193]
ENSG00000237842,SMU1P1,processed_pseudogene,1,157059232,157060762,-1,SMU1 pseudogene 1 [Source:HGNC Symbol;Acc:HGNC:54527]
ENSG00000239269,RPSAP4,processed_pseudogene,14,94726288,94727175,1,ribosomal protein SA pseudogene 4 [Source:HGNC Symbol;Acc:HGNC:20018]
ENSG00000241562,RPL7P5,processed_pseudogene,15,99551382,99552117,-1,ribosomal protein L7 pseudogene 5 [Source:HGNC Symbol;Acc:HGNC:28886]
ENSG00000242371,IGKV1-39,IG_V_gene,2,89319625,89320146,-1,immunoglobulin kappa variable 1-39 [Source:HGNC Symbol;Acc:HGNC:5740]
ENSG00000248550,OTX2-AS1,lncRNA,14,56813183,57152177,1,OTX2 antisense RNA 1 (head to head) [Source:HGNC Symbol;Acc:HGNC:43906]
ENSG00000248651,GCSHP1,processed_pseudogene,5,39888576,39889059,-1,GCSH pseudogene 1 [Source:HGNC Symbol;Acc:HGNC:43922]
ENSG00000249811,USP17L21,protein_coding,4,9262872,9264464,1,ubiquitin specific peptidase 17 like family member 21 [Source:HGNC Symbol;Acc:HGNC:44449]
ENSG00000249955,,lncRNA,4,169981609,169994510,1,novel transcript
ENSG00000250447,LINC02105,lncRNA,5,53761035,53819722,-1,long intergenic non-protein coding RNA 2105 [Source:HGNC Symbol;Acc:HGNC:52960]
ENSG00000252481,SCARNA13,scaRNA,14,95533355,95533629,-1,small Cajal body-specific RNA 13 [Source:HGNC Symbol;Acc:HGNC:32570]
ENSG00000252722,,scaRNA,15,75121536,75121666,-1,
ENSG00000253130,,lncRNA,8,8555264,8574057,1,novel transcript
ENSG00000253423,,processed_pseudogene,8,83200952,83202431,-1,sulfite oxidase (SUOX) pseudogene
ENSG00000253692,IGHEP1,IG_C_pseudogene,14,105721794,105722527,-1,immunoglobulin heavy constant epsilon P1 (pseudogene) [Source:HGNC Symbol;Acc:HGNC:5523]
ENSG00000253799,LINC01030,lncRNA,8,90198389,90620077,-1,long intergenic non-protein coding RNA 1030 [Source:HGNC Symbol;Acc:HGNC:49016]
ENSG00000253943,KRT18P37,processed_pseudogene,8,41511240,41512521,1,keratin 18 pseudogene 37 [Source:HGNC Symbol;Acc:HGNC:33406]
ENSG00000254122,PCDHGB7,protein_coding,5,141417645,141512975,1,"protocadherin gamma subfamily B, 7 [Source:HGNC Symbol;Acc:HGNC:8714]"
ENSG00000254614,CAPN1-AS1,lncRNA,11,65177606,65181834,-1,CAPN1 antisense RNA 1 [Source:HGNC Symbol;Acc:HGNC:56068]
ENSG00000254713,HNRNPA1P72,processed_pseudogene,11,84545131,84546846,-1,heterogeneous nuclear ribonucleoprotein A1 pseudogene 72 [Source:HGNC Symbol;Acc:HGNC:48802]
ENSG00000255980,LINC02953,lncRNA,11,69425655,69429621,1,long intergenic non-protein coding RNA 2953 [Source:HGNC Symbol;Acc:HGNC:55970]
ENSG00000256734,,processed_pseudogene,11,18450112,18450868,-1,WW domain binding protein 2 (WBP2) pseudogene
ENSG00000257456,,lncRNA,12,29519731,29529974,1,novel transcript
ENSG00000258231,,lncRNA,12,58514134,58813060,1,novel transcript
ENSG00000258893,SETP2,processed_pseudogene,14,51436038,51436963,1,SET pseudogene 2 [Source:HGNC Symbol;Acc:HGNC:20032]
ENSG00000258965,,processed_pseudogene,15,25928146,25928575,-1,mitochondrial ribosomal protein S18C (MRPS18C) pseudogene
ENSG00000259118,MAX-AS1,lncRNA,14,65082034,65101628,1,MAX antisense RNA 1 [Source:HGNC Symbol;Acc:HGNC:58293]
ENSG00000260366,,lncRNA,19,48926171,48926444,1,"novel transcript, overlapping NUCB1"
ENSG00000260457,,lncRNA,18,71837039,71870788,1,novel transcript
ENSG00000260715,,lncRNA,16,64155169,64156574,1,novel transcript
ENSG00000264304,,lncRNA,17,28892469,28893342,1,"novel transcript, antisense to FLOT2"
ENSG00000265470,MIR548AQ,miRNA,3,185767847,185767904,-1,microRNA 548aq [Source:HGNC Symbol;Acc:HGNC:43488]
ENSG00000265786,LINC01906,lncRNA,18,14877611,14884052,1,long intergenic non-protein coding RNA 1906 [Source:HGNC Symbol;Acc:HGNC:52725]
ENSG00000268678,,lncRNA,19,57350848,57352023,-1,"novel transcript, antisense to ZNF304"
ENSG00000270110,,lncRNA,1,228295549,228303002,-1,"novel transcript, antisense to OBSCN"
ENSG00000273586,OR10G1P,unprocessed_pseudogene,14,21601882,21602825,-1,olfactory receptor family 10 subfamily G member 1 pseudogene [Source:HGNC Symbol;Acc:HGNC:8169]
ENSG00000275693,,misc_RNA,10,88992370,88992539,1,
ENSG00000277283,RAB35-AS1,lncRNA,12,120116907,120119003,1,RAB35 antisense RNA 1 [Source:HGNC Symbol;Acc:HGNC:56348]
ENSG00000278590,RN7SL113P,misc_RNA,2,85368282,85368580,1,"RNA, 7SL, cytoplasmic 113, pseudogene [Source:HGNC Symbol;Acc:HGNC:46129]"
ENSG00000279310,,TEC,12,67065018,67065278,-1,TEC
ENSG00000280010,,TEC,11,58627435,58628528,1,TEC
ENSG00000283047,FRG1FP,transcribed_unprocessed_pseudogene,22,10939388,10961338,-1,"FSHD region gene 1 family member F, pseudogene [Source:HGNC Symbol;Acc:HGNC:51765]"
ENSG00000283564,U6,snRNA,16,72376704,72376760,1,U6 spliceosomal RNA [Source:RFAM;Acc:RF00026]
ENSG00000007264,MATK,protein_coding,19,3777969,3802129,-1,megakaryocyte-associated tyrosine kinase [Source:HGNC Symbol;Acc:HGNC:6906]
ENSG00000049323,LTBP1,protein_coding,2,32946472,33399509,1,latent transforming growth factor beta binding protein 1 [Source:HGNC Symbol;Acc:HGNC:6714]
ENSG00000072080,SPP2,protein_coding,2,234050617,234079344,1,secreted phosphoprotein 2 [Source:HGNC Symbol;Acc:HGNC:11256]
ENSG00000075340,ADD2,protein_coding,2,70607618,70768499,-1,adducin 2 [Source:HGNC Symbol;Acc:HGNC:244]
ENSG00000080824,HSP90AA1,protein_coding,14,102080738,102139699,-1,heat shock protein 90 alpha family class A member 1 [Source:HGNC Symbol;Acc:HGNC:5253]
ENSG00000104814,MAP4K1,protein_coding,19,38587641,38619161,-1,mitogen-activated protein kinase kinase kinase kinase 1 [Source:HGNC Symbol;Acc:HGNC:6863]
ENSG00000110717,NDUFS8,protein_coding,11,68030617,68036647,1,NADH:ubiquinone oxidoreductase core subunit S8 [Source:HGNC Symbol;Acc:HGNC:7715]
ENSG00000110955,ATP5F1B,protein_coding,12,56638171,56646079,-1,ATP synthase F1 subunit beta [Source:HGNC Symbol;Acc:HGNC:830]
ENSG00000122756,CNTFR,protein_coding,9,34551423,34593478,-1,ciliary neurotrophic factor receptor [Source:HGNC Symbol;Acc:HGNC:2170]
ENSG00000125492,BARHL1,protein_coding,9,132582606,132590252,1,BarH like homeobox 1 [Source:HGNC Symbol;Acc:HGNC:953]
ENSG00000131080,EDA2R,protein_coding,X,66594384,66639298,-1,ectodysplasin A2 receptor [Source:HGNC Symbol;Acc:HGNC:17756]
ENSG00000131634,TMEM204,protein_coding,16,1528688,1555580,1,transmembrane protein 204 [Source:HGNC Symbol;Acc:HGNC:14158]
ENSG00000134184,GSTM1,protein_coding,1,109687340,109709039,1,glutathione S-transferase mu 1 [Source:HGNC Symbol;Acc:HGNC:4632]
ENSG00000134709,HOOK1,protein_coding,1,59814786,59876369,1,hook microtubule tethering protein 1 [Source:HGNC Symbol;Acc:HGNC:19884]
ENSG00000137497,NUMA1,protein_coding,11,72002860,72080693,-1,nuclear mitotic apparatus protein 1 [Source:HGNC Symbol;Acc:HGNC:8059]
ENSG00000143363,PRUNE1,protein_coding,1,151008420,151035713,1,prune exopolyphosphatase 1 [Source:HGNC Symbol;Acc:HGNC:13420]
ENSG00000143727,ACP1,protein_coding,2,264140,279100,1,acid phosphatase 1 [Source:HGNC Symbol;Acc:HGNC:122]
ENSG00000149124,GLYAT,protein_coding,11,58640426,58731974,-1,glycine-N-acyltransferase [Source:HGNC Symbol;Acc:HGNC:13734]
ENSG00000158467,AHCYL2,protein_coding,7,129225021,129430211,1,adenosylhomocysteinase like 2 [Source:HGNC Symbol;Acc:HGNC:22204]
ENSG00000164626,KCNK5,protein_coding,6,39188128,39229559,-1,potassium two pore domain channel subfamily K member 5 [Source:HGNC Symbol;Acc:HGNC:6280]
ENSG00000165588,OTX2,protein_coding,14,56799905,56816693,-1,orthodenticle homeobox 2 [Source:HGNC Symbol;Acc:HGNC:8522]
ENSG00000167332,OR51E2,protein_coding,11,4680171,4697854,-1,olfactory receptor family 51 subfamily E member 2 [Source:HGNC Symbol;Acc:HGNC:15195]
ENSG00000167895,TMC8,protein_coding,17,78130770,78142968,1,transmembrane channel like 8 [Source:HGNC Symbol;Acc:HGNC:20474]
ENSG00000168658,VWA3B,protein_coding,2,98087116,98313299,1,von Willebrand factor A domain containing 3B [Source:HGNC Symbol;Acc:HGNC:28385]
ENSG00000168890,TMEM150A,protein_coding,2,85598547,85603201,-1,transmembrane protein 150A [Source:HGNC Symbol;Acc:HGNC:24677]
ENSG00000171044,XKR6,protein_coding,8,10896045,11201833,-1,XK related 6 [Source:HGNC Symbol;Acc:HGNC:27806]
ENSG00000171759,PAH,protein_coding,12,102836889,102958410,-1,phenylalanine hydroxylase [Source:HGNC Symbol;Acc:HGNC:8582]
ENSG00000172780,RAB43,protein_coding,3,129087569,129123694,-1,"RAB43, member RAS oncogene family [Source:HGNC Symbol;Acc:HGNC:19983]"
ENSG00000175305,CCNE2,protein_coding,8,94879641,94896678,-1,cyclin E2 [Source:HGNC Symbol;Acc:HGNC:1590]
ENSG00000175946,KLHL38,protein_coding,8,123644442,123653801,-1,kelch like family member 38 [Source:HGNC Symbol;Acc:HGNC:34435]
ENSG00000176971,FIBIN,protein_coding,11,26994112,26997087,1,fin bud initiation factor homolog [Source:HGNC Symbol;Acc:HGNC:33747]
ENSG00000178163,ZNF518B,protein_coding,4,10439873,10461381,-1,zinc finger protein 518B [Source:HGNC Symbol;Acc:HGNC:29365]
ENSG00000180178,FAR2P1,transcribed_unprocessed_pseudogene,2,130028309,130040560,-1,fatty acyl-CoA reductase 2 pseudogene 1 [Source:HGNC Symbol;Acc:HGNC:49284]
ENSG00000181458,TMEM45A,protein_coding,3,100492219,100579281,1,transmembrane protein 45A [Source:HGNC Symbol;Acc:HGNC:25480]
ENSG00000182600,SNORC,protein_coding,2,232857270,232878708,1,secondary ossification center associated regulator of chondrocyte maturation [Source:HGNC Symbol;Acc:HGNC:33763]
ENSG00000186777,ZNF732,protein_coding,4,270675,305474,-1,zinc finger protein 732 [Source:HGNC Symbol;Acc:HGNC:37138]
ENSG00000198838,RYR3,protein_coding,15,33310962,33866121,1,ryanodine receptor 3 [Source:HGNC Symbol;Acc:HGNC:10485]
ENSG00000199347,RNU5E-1,snRNA,1,11908152,11908272,1,"RNA, U5E small nuclear 1 [Source:HGNC Symbol;Acc:HGNC:10215]"
ENSG00000199469,RNU1-62P,snRNA,3,72576691,72576854,1,"RNA, U1 small nuclear 62, pseudogene [Source:HGNC Symbol;Acc:HGNC:48404]"
ENSG00000203573,Metazoa_SRP,misc_RNA,15,40585454,40585751,-1,Metazoan signal recognition particle RNA [Source:RFAM;Acc:RF00017]
ENSG00000206931,RNU6-1042P,snRNA,1,150701866,150701972,1,"RNA, U6 small nuclear 1042, pseudogene [Source:HGNC Symbol;Acc:HGNC:48005]"
ENSG00000207952,MIR624,miRNA,14,31014646,31014742,-1,microRNA 624 [Source:HGNC Symbol;Acc:HGNC:32880]
ENSG00000213471,TTLL13,protein_coding,15,90249530,90265482,1,tubulin tyrosine ligase like 13 [Source:HGNC Symbol;Acc:HGNC:32484]
ENSG00000214188,ST7-OT4,lncRNA,7,116953899,117098806,1,ST7 overlapping transcript 4 [Source:HGNC Symbol;Acc:HGNC:18835]
ENSG00000214381,LINC00488,lncRNA,3,109178060,109216965,1,long intergenic non-protein coding RNA 488 [Source:HGNC Symbol;Acc:HGNC:32675]
ENSG00000215586,SRSF10P2,processed_pseudogene,20,7831798,7832322,-1,serine and arginine rich splicing factor 10 pseudogene 2 [Source:HGNC Symbol;Acc:HGNC:24823]
ENSG00000216306,KRT19P2,transcribed_processed_pseudogene,12,94834147,94835158,1,keratin 19 pseudogene 2 [Source:HGNC Symbol;Acc:HGNC:33423]
ENSG00000223634,,lncRNA,2,23357444,23360376,-1,novel transcript
ENSG00000223825,DAZAP2P1,transcribed_processed_pseudogene,2,202201384,202201886,-1,DAZ associated protein 2 pseudogene 1 [Source:HGNC Symbol;Acc:HGNC:43869]
ENSG00000224095,LINC01935,lncRNA,2,102967408,102984429,-1,long intergenic non-protein coding RNA 1935 [Source:HGNC Symbol;Acc:HGNC:52758]
ENSG00000224904,SBF1P2,processed_pseudogene,1,11877770,11880406,1,SBF1 pseudogene 2 [Source:HGNC Symbol;Acc:HGNC:54552]
ENSG00000226204,,lncRNA,21,18953264,18967058,-1,novel transcript
ENSG00000228781,RPL21P84,processed_pseudogene,9,78180214,78180693,-1,ribosomal protein L21 pseudogene 84 [Source:HGNC Symbol;Acc:HGNC:36612]
ENSG00000229087,RPS26P18,processed_pseudogene,2,15397435,15397782,-1,ribosomal protein S26 pseudogene 18 [Source:HGNC Symbol;Acc:HGNC:35782]
ENSG00000231586,RPS23P9,unprocessed_pseudogene,1,161617992,161619585,-1,ribosomal protein S23 pseudogene 9 [Source:HGNC Symbol;Acc:HGNC:48341]
ENSG00000231681,,lncRNA,7,50202001,50262994,-1,novel transcript
ENSG00000231811,,lncRNA,6,4341751,4347162,-1,novel transcript
ENSG00000233998,SETP5,processed_pseudogene,9,137640986,137641547,-1,SET pseudogene 5 [Source:HGNC Symbol;Acc:HGNC:42924]
ENSG00000235397,EPN2-AS1,lncRNA,17,19296596,19306261,-1,EPN2 antisense RNA 1 [Source:HGNC Symbol;Acc:HGNC:40849]
ENSG00000236028,EYA2-AS1,lncRNA,20,46900378,46901764,-1,EYA2 antisense RNA 1 [Source:HGNC Symbol;Acc:HGNC:56333]
ENSG00000236130,PTCSC2,lncRNA,9,97699625,97853116,-1,papillary thyroid carcinoma susceptibility candidate 2 [Source:HGNC Symbol;Acc:HGNC:44086]
ENSG00000236592,S100A11P2,processed_pseudogene,7,35169224,35169535,1,S100A11 pseudogene 2 [Source:HGNC Symbol;Acc:HGNC:37840]
ENSG00000238082,NUDCP2,processed_pseudogene,2,178454716,178455428,1,nuclear distribution C pseudogene 2 [Source:HGNC Symbol;Acc:HGNC:8047]
ENSG00000239924,RPL29P22,processed_pseudogene,11,63115880,63116338,-1,ribosomal protein L29 pseudogene 22 [Source:HGNC Symbol;Acc:HGNC:35675]
ENSG00000241098,LINC01994,lncRNA,3,182215209,182618285,-1,long intergenic non-protein coding RNA 1994 [Source:HGNC Symbol;Acc:HGNC:52827]
ENSG00000241746,RPL13AP18,processed_pseudogene,8,80265528,80266155,-1,ribosomal protein L13a pseudogene 18 [Source:HGNC Symbol;Acc:HGNC:36593]
ENSG00000242550,SERPINB10,protein_coding,18,63907958,63936111,1,serpin family B member 10 [Source:HGNC Symbol;Acc:HGNC:8942]
ENSG00000244080,RN7SL833P,misc_RNA,19,11516047,11516330,-1,"RNA, 7SL, cytoplasmic 833, pseudogene [Source:HGNC Symbol;Acc:HGNC:46849]"
ENSG00000245651,,lncRNA,12,57869832,57896482,-1,novel transcript
ENSG00000248231,KRT8P4,processed_pseudogene,8,89412621,89415071,-1,keratin 8 pseudogene 4 [Source:HGNC Symbol;Acc:HGNC:31057]
ENSG00000250501,,lncRNA,4,138773537,138803567,1,novel transcript
ENSG00000252001,RNA5SP303,rRNA_pseudogene,10,19633683,19633812,-1,"RNA, 5S ribosomal pseudogene 303 [Source:HGNC Symbol;Acc:HGNC:43203]"
ENSG00000252965,Y_RNA,misc_RNA,3,125528244,125528349,-1,Y RNA [Source:RFAM;Acc:RF00019]
ENSG00000253274,IGHV1-67,IG_V_pseudogene,14,106680603,106681042,-1,immunoglobulin heavy variable 1-67 (pseudogene) [Source:HGNC Symbol;Acc:HGNC:5556]
ENSG00000254339,,lncRNA,8,114281894,114321122,1,novel transcript
ENSG00000254648,,lncRNA,11,134035832,134037107,-1,novel transcript
ENSG00000255900,,processed_pseudogene,12,126616344,126616554,-1,riboflavin kinase (RFK) pseudogene
ENSG00000257405,,processed_pseudogene,12,42636815,42637111,-1,CDGSH iron sulfur domain pseudogene
ENSG00000257803,PIGAP1,processed_pseudogene,12,100578744,100580197,1,phosphatidylinositol glycan anchor biosynthesis class A pseudogene 1 [Source:HGNC Symbol;Acc:HGNC:8958]
ENSG00000259239,,processed_pseudogene,15,40133768,40135214,-1,mitochondrially encoded NADH dehydrogenase 5 (iMT-ND5) pseudogene
ENSG00000259683,,transcribed_unprocessed_pseudogene,15,84389729,84395903,1,golgin A6 family-like 9 (GOLGA6L9) pseudogene
ENSG00000261076,,lncRNA,10,58325614,58327030,-1,novel transcript
ENSG00000261714,,processed_pseudogene,15,75415249,75416020,1,high mobility group nucleosomal binding domain 2 (HMGN2) pseudogene
ENSG00000261782,,processed_pseudogene,16,35879036,35879498,-1,WD repeat domain phosphoinositide-interacting protein 2 (WIPI2) pseudogene
ENSG00000262587,,transcribed_unprocessed_pseudogene,16,25031881,25058109,1,leucine carboxyl methyltransferase 1 (LCMT1) pseudogene
ENSG00000263529,RN7SL122P,misc_RNA,1,32457835,32458135,1,"RNA, 7SL, cytoplasmic 122, pseudogene [Source:HGNC Symbol;Acc:HGNC:46138]"
ENSG00000264345,LINC01894,lncRNA,18,24932060,25016751,-1,long intergenic non-protein coding RNA 1894 [Source:HGNC Symbol;Acc:HGNC:52713]
ENSG00000266042,,processed_pseudogene,17,20526102,20526210,1,"tyrosine 3-monooxygenase/tryptophan 5-monooxygenase activation protein, theta polypeptide (YWHAQ) pseudogene"
ENSG00000271635,DBF4P2,processed_pseudogene,2,111558413,111559937,-1,DBF4 pseudogene 2 [Source:HGNC Symbol;Acc:HGNC:45060]
ENSG00000273898,MIR6798,miRNA,19,49009906,49009972,1,microRNA 6798 [Source:HGNC Symbol;Acc:HGNC:50013]
ENSG00000274156,,lncRNA,12,50934942,50935464,-1,novel transcript
ENSG00000274605,PCCA-DT,lncRNA,13,100053074,100089111,-1,PCCA divergent transcript [Source:HGNC Symbol;Acc:HGNC:53266]
ENSG00000277133,,processed_pseudogene,10,38617255,38617344,1,CDGSH iron sulfur domain 2 (CISD2) pseudogene
ENSG00000277846,SNORD30,snoRNA,11,62853663,62853732,-1,"small nucleolar RNA, C/D box 30 [Source:HGNC Symbol;Acc:HGNC:10157]"
ENSG00000279488,,TEC,19,1372238,1374364,-1,TEC
ENSG00000281160,,lncRNA,3,42264914,42273254,1,"novel transcript, antisense to CCK"
ENSG00000283005,CDC27P3,processed_pseudogene,20,29746181,29748090,1,cell division cycle 27 pseudogene 3 [Source:HGNC Symbol;Acc:HGNC:51754]
ENSG00000008324,SS18L2,protein_coding,3,42581840,42596934,1,SS18 like 2 [Source:HGNC Symbol;Acc:HGNC:15593]
ENSG00000012963,UBR7,protein_coding,14,93207241,93229215,1,ubiquitin protein ligase E3 component n-recognin 7 [Source:HGNC Symbol;Acc:HGNC:20344]
ENSG00000060558,GNA15,protein_coding,19,3136033,3163749,1,G protein subunit alpha 15 [Source:HGNC Symbol;Acc:HGNC:4383]
ENSG00000101152,DNAJC5,protein_coding,20,63894641,63936031,1,DnaJ heat shock protein family (Hsp40) member C5 [Source:HGNC Symbol;Acc:HGNC:16235]
ENSG00000101898,MCTS2,protein_coding,20,31547379,31569541,1,MCTS family member 2 [Source:HGNC Symbol;Acc:HGNC:49760]
ENSG00000105339,DENND3,protein_coding,8,141117278,141195808,1,DENN domain containing 3 [Source:HGNC Symbol;Acc:HGNC:29134]
ENSG00000115138,POMC,protein_coding,2,25160853,25168903,-1,proopiomelanocortin [Source:HGNC Symbol;Acc:HGNC:9201]
ENSG00000126458,RRAS,protein_coding,19,49635292,49640143,-1,RAS related [Source:HGNC Symbol;Acc:HGNC:10447]
ENSG00000127863,TNFRSF19,protein_coding,13,23570370,23676104,1,TNF receptor superfamily member 19 [Source:HGNC Symbol;Acc:HGNC:11915]
ENSG00000131697,NPHP4,protein_coding,1,5862804,5993455,-1,nephrocystin 4 [Source:HGNC Symbol;Acc:HGNC:19104]
ENSG00000131746,TNS4,protein_coding,17,40475828,40501627,-1,tensin 4 [Source:HGNC Symbol;Acc:HGNC:24352]
ENSG00000133561,GIMAP6,protein_coding,7,150625375,150632648,-1,"GTPase, IMAP family member 6 [Source:HGNC Symbol;Acc:HGNC:21918]"
ENSG00000135636,DYSF,protein_coding,2,71453561,71686763,1,dysferlin [Source:HGNC Symbol;Acc:HGNC:3097]
ENSG00000139053,PDE6H,protein_coding,12,14973042,14981865,1,phosphodiesterase 6H [Source:HGNC Symbol;Acc:HGNC:8790]
ENSG00000148082,SHC3,protein_coding,9,89005771,89178818,-1,SHC adaptor protein 3 [Source:HGNC Symbol;Acc:HGNC:18181]
ENSG00000151033,LYZL2,protein_coding,10,30611779,30629762,-1,lysozyme like 2 [Source:HGNC Symbol;Acc:HGNC:29613]
ENSG00000171314,PGAM1,protein_coding,10,97426124,97433444,1,phosphoglycerate mutase 1 [Source:HGNC Symbol;Acc:HGNC:8888]
ENSG00000176253,OR4K13,protein_coding,14,20029399,20036038,-1,olfactory receptor family 4 subfamily K member 13 [Source:HGNC Symbol;Acc:HGNC:15351]
ENSG00000177335,LY6S-AS1,lncRNA,8,143039209,143060684,1,LY6S antisense RNA 1 [Source:HGNC Symbol;Acc:HGNC:26731]
ENSG00000179151,EDC3,protein_coding,15,74630557,74696292,-1,enhancer of mRNA decapping 3 [Source:HGNC Symbol;Acc:HGNC:26114]
ENSG00000181826,RELL1,protein_coding,4,37590800,37686413,-1,RELT like 1 [Source:HGNC Symbol;Acc:HGNC:27379]
ENSG00000182698,RESP18,protein_coding,2,219327407,219335552,-1,regulated endocrine specific protein 18 [Source:HGNC Symbol;Acc:HGNC:33762]
ENSG00000185019,UBOX5,protein_coding,20,3107573,3160196,-1,U-box domain containing 5 [Source:HGNC Symbol;Acc:HGNC:17777]
ENSG00000185475,TMEM179B,protein_coding,11,62787387,62790403,1,transmembrane protein 179B [Source:HGNC Symbol;Acc:HGNC:33744]
ENSG00000185787,MORF4L1,protein_coding,15,78810487,78903078,1,mortality factor 4 like 1 [Source:HGNC Symbol;Acc:HGNC:16989]
ENSG00000188460,ACTBP11,processed_pseudogene,1,223863726,223864851,-1,ACTB pseudogene 11 [Source:HGNC Symbol;Acc:HGNC:33971]
ENSG00000189401,OTUD6A,protein_coding,X,70062457,70064179,1,OTU deubiquitinase 6A [Source:HGNC Symbol;Acc:HGNC:32312]
ENSG00000196098,OR5K4,protein_coding,3,98353854,98354819,1,olfactory receptor family 5 subfamily K member 4 [Source:HGNC Symbol;Acc:HGNC:31291]
ENSG00000196993,NPIPB9,protein_coding,16,28751787,28772864,1,nuclear pore complex interacting protein family member B9 [Source:HGNC Symbol;Acc:HGNC:41987]
ENSG00000198576,ARC,protein_coding,8,142611049,142614479,-1,activity regulated cytoskeleton associated protein [Source:HGNC Symbol;Acc:HGNC:648]
ENSG00000198898,CAPZA2,protein_coding,7,116811070,116922049,1,capping actin protein of muscle Z-line subunit alpha 2 [Source:HGNC Symbol;Acc:HGNC:1490]
ENSG00000199520,RNU6-386P,snRNA,3,77092057,77092163,1,"RNA, U6 small nuclear 386, pseudogene [Source:HGNC Symbol;Acc:HGNC:47349]"
ENSG00000199643,RNU4-90P,snRNA,5,91270727,91270867,1,"RNA, U4 small nuclear 90, pseudogene [Source:HGNC Symbol;Acc:HGNC:47026]"
ENSG00000201811,SNORA71,snoRNA,20,38442036,38442169,1,Small nucleolar RNA SNORA71 [Source:RFAM;Acc:RF00056]
ENSG00000203498,,lncRNA,6,6993191,6995727,1,novel transcript
ENSG00000207214,RNU6-102P,snRNA,7,124647719,124647822,1,"RNA, U6 small nuclear 102, pseudogene [Source:HGNC Symbol;Acc:HGNC:47065]"
ENSG00000212807,OR2A42,protein_coding,7,144228244,144239605,-1,olfactory receptor family 2 subfamily A member 42 [Source:HGNC Symbol;Acc:HGNC:31230]
ENSG00000213399,RPS2P17,processed_pseudogene,2,84915868,84916660,1,ribosomal protein S2 pseudogene 17 [Source:HGNC Symbol;Acc:HGNC:35764]
ENSG00000213886,UBD,protein_coding,6,29555515,29559732,-1,ubiquitin D [Source:HGNC Symbol;Acc:HGNC:18795]
ENSG00000213908,CYP2A7P1,transcribed_unprocessed_pseudogene,19,41024268,41027720,-1,cytochrome P450 family 2 subfamily A member 7 pseudogene 1 [Source:HGNC Symbol;Acc:HGNC:2612]
ENSG00000222293,RNU2-36P,snRNA,9,86422938,86423128,-1,"RNA, U2 small nuclear 36, pseudogene [Source:HGNC Symbol;Acc:HGNC:48529]"
ENSG00000222778,RNA5SP144,rRNA_pseudogene,3,144186905,144187020,-1,"RNA, 5S ribosomal pseudogene 144 [Source:HGNC Symbol;Acc:HGNC:43044]"
ENSG00000223169,RNA5SP209,rRNA_pseudogene,6,75865239,75865335,-1,"RNA, 5S ribosomal pseudogene 209 [Source:HGNC Symbol;Acc:HGNC:43109]"
ENSG00000226234,KRT18P24,processed_pseudogene,9,79036413,79037568,-1,keratin 18 pseudogene 24 [Source:HGNC Symbol;Acc:HGNC:33393]
ENSG00000226992,,lncRNA,2,238788399,238789741,-1,novel transcript
ENSG00000227173,MYL6P3,processed_pseudogene,10,65169438,65169869,-1,MYL6 pseudogene 3 [Source:HGNC Symbol;Acc:HGNC:37812]
ENSG00000227338,,lncRNA,10,3263346,3267216,1,novel transcript
ENSG00000227562,,lncRNA,7,151946928,151954985,-1,novel transcript
ENSG00000229057,RPS3AP54,processed_pseudogene,9,6662424,6663792,1,RPS3A pseudogene 54 [Source:HGNC Symbol;Acc:HGNC:49750]
ENSG00000231739,GAPDHP59,transcribed_processed_pseudogene,2,187415552,187415818,1,glyceraldehyde-3-phosphate dehydrogenase pseudogene 59 [Source:HGNC Symbol;Acc:HGNC:4152]
ENSG00000232162,USP12-AS1,lncRNA,13,27110354,27183514,1,USP12 antisense RNA 1 [Source:HGNC Symbol;Acc:HGNC:39961]
ENSG00000232905,,processed_pseudogene,9,113850687,113851632,-1,programmed cell death 2 (PDCD2) pseudogene
ENSG00000236154,,lncRNA,10,69570513,69577168,1,novel transcript
ENSG00000236463,LINC00427,lncRNA,13,30316360,30319903,-1,long intergenic non-protein coding RNA 427 [Source:HGNC Symbol;Acc:HGNC:42762]
ENSG00000236880,RPS26P57,processed_pseudogene,X,124688504,124688838,-1,ribosomal protein S26 pseudogene 57 [Source:HGNC Symbol;Acc:HGNC:36537]
ENSG00000237119,LINC01056,lncRNA,20,63038011,63053863,1,long intergenic non-protein coding RNA 1056 [Source:HGNC Symbol;Acc:HGNC:49050]
ENSG00000239670,,transcribed_unprocessed_pseudogene,1,32986952,32988233,1,ribosomal protein S2 (RPS2) pseudogene
ENSG00000239690,RN7SL668P,misc_RNA,1,234904186,234904488,1,"RNA, 7SL, cytoplasmic 668, pseudogene [Source:HGNC Symbol;Acc:HGNC:46684]"
ENSG00000240486,RPL23AP54,processed_pseudogene,8,5476548,5476966,1,ribosomal protein L23a pseudogene 54 [Source:HGNC Symbol;Acc:HGNC:36689]
ENSG00000242296,DEFB109A,transcribed_unprocessed_pseudogene,8,12393209,12400365,-1,defensin beta 109A (pseudogene) [Source:HGNC Symbol;Acc:HGNC:18090]
ENSG00000243725,TTC4,protein_coding,1,54715835,54742657,1,tetratricopeptide repeat domain 4 [Source:HGNC Symbol;Acc:HGNC:12394]
ENSG00000244313,,processed_pseudogene,11,46428653,46429150,-1,ribosomal protein S10 (RPS10) pseudogene
ENSG00000248994,,lncRNA,5,1927877,2119926,1,novel transcript
ENSG00000250282,PDK2-AS1,lncRNA,17,50100704,50101920,-1,PDK2 antisense RNA 1 [Source:HGNC Symbol;Acc:HGNC:58250]
ENSG00000250347,,processed_pseudogene,5,142036707,142037125,-1,mitochondrial ribosomal protein L11 (MRPL11) pseudogene
ENSG00000250472,TRIM36-IT1,lncRNA,5,115148764,115149644,-1,TRIM36 intronic transcript 1 [Source:HGNC Symbol;Acc:HGNC:41422]
ENSG00000251188,,processed_pseudogene,4,268982,269531,-1,novel zinc finger protein pseudogene
ENSG00000251819,RNU6-322P,snRNA,15,100551820,100551922,-1,"RNA, U6 small nuclear 322, pseudogene [Source:HGNC Symbol;Acc:HGNC:47285]"
ENSG00000252591,RNA5SP468,rRNA_pseudogene,19,17972025,17972117,1,"RNA, 5S ribosomal pseudogene 468 [Source:HGNC Symbol;Acc:HGNC:43368]"
ENSG00000252692,,snoRNA,1,206080239,206080324,1,
ENSG00000253357,,lncRNA,5,167721363,167729124,1,novel transcript
ENSG00000253887,,lncRNA,8,9225279,9260308,-1,novel transcript
ENSG00000254965,C1DP5,transcribed_processed_pseudogene,11,83111060,83111442,-1,C1D nuclear receptor corepressor pseudogene 5 [Source:HGNC Symbol;Acc:HGNC:51613]
ENSG00000259934,,processed_pseudogene,16,32845964,32846180,-1,kinase suppressor of ras 1 (KSR1) pseudogene
ENSG00000260903,XKR7,protein_coding,20,31968151,32003387,1,XK related 7 [Source:HGNC Symbol;Acc:HGNC:23062]
ENSG00000261512,,lncRNA,16,46622861,46624451,-1,novel transcript
ENSG00000261586,,lncRNA,12,51817899,51820150,1,novel transcript
ENSG00000264032,MIR4491,miRNA,11,111347757,111347824,1,microRNA 4491 [Source:HGNC Symbol;Acc:HGNC:41808]
ENSG00000265673,MIR4508,miRNA,15,23562062,23562131,-1,microRNA 4508 [Source:HGNC Symbol;Acc:HGNC:41659]
ENSG00000267154,OR1M4P,unprocessed_pseudogene,19,9083112,9083398,-1,olfactory receptor family 1 subfamily M member 4 pseudogene [Source:HGNC Symbol;Acc:HGNC:31244]
ENSG00000267723,,lncRNA,19,14232621,14293954,-1,novel transcript
ENSG00000267938,EIF1P6,unprocessed_pseudogene,19,4347780,4349061,-1,eukaryotic translation initiation factor 1 pseudogene 6 [Source:HGNC Symbol;Acc:HGNC:49619]
ENSG00000268222,EEF1A1P7,processed_pseudogene,19,35382172,35384052,1,eukaryotic translation elongation factor 1 alpha 1 pseudogene 7 [Source:HGNC Symbol;Acc:HGNC:3202]
ENSG00000270815,,processed_pseudogene,2,124778454,124778640,-1,"heat shock protein 90kDa alpha (cytosolic), class A member 1 (HSP90AA1) pseudogene"
ENSG00000271134,IFITM3P9,transcribed_processed_pseudogene,2,60682873,60683244,-1,IFITM3 pseudogene 9 [Source:HGNC Symbol;Acc:HGNC:54548]
ENSG00000272324,DAP-DT,lncRNA,5,10757714,10770295,1,DAP divergent transcript [Source:HGNC Symbol;Acc:HGNC:55214]
ENSG00000272617,,protein_coding,16,69328644,69334871,-1,"novel protein, COG8-PDF readthrough"
ENSG00000274111,MIR6777,miRNA,17,17813480,17813545,-1,microRNA 6777 [Source:HGNC Symbol;Acc:HGNC:50173]
ENSG00000275339,,processed_pseudogene,6,122454358,122454612,1,mitogen-activated protein kinase 6 (MAPK6) pseudogene
ENSG00000276118,,transcribed_unprocessed_pseudogene,1,143343180,143343275,1,transmembrane protein 128 (TMEM128) pseudogene
ENSG00000278045,,misc_RNA,11,32436797,32437030,1,
ENSG00000278338,VWA8-AS1,lncRNA,13,41955808,41981577,1,VWA8 antisense RNA 1 (head to head) [Source:HGNC Symbol;Acc:HGNC:44270]
ENSG00000279584,,TEC,5,131797415,131797929,1,TEC
ENSG00000284300,,unprocessed_pseudogene,17,22531463,22531797,1,mitochondrially encoded NADH dehydrogenase 3 (MT-ND3) pseudogene
ENSG00000011677,GABRA3,protein_coding,X,152166234,152451425,-1,gamma-aminobutyric acid type A receptor subunit alpha3 [Source:HGNC Symbol;Acc:HGNC:4077]
ENSG00000041880,PARP3,protein_coding,3,51942252,51948871,1,poly(ADP-ribose) polymerase family member 3 [Source:HGNC Symbol;Acc:HGNC:273]
ENSG00000059377,TBXAS1,protein_coding,7,139777051,140020325,1,thromboxane A synthase 1 [Source:HGNC Symbol;Acc:HGNC:11609]
ENSG00000070423,RNF126,protein_coding,19,647526,663233,-1,ring finger protein 126 [Source:HGNC Symbol;Acc:HGNC:21151]
ENSG00000081154,PCNP,protein_coding,3,101574180,101594465,1,PEST proteolytic signal containing nuclear protein [Source:HGNC Symbol;Acc:HGNC:30023]
ENSG00000090889,KIF4A,protein_coding,X,70290067,70420886,1,kinesin family member 4A [Source:HGNC Symbol;Acc:HGNC:13339]
ENSG00000092853,CLSPN,protein_coding,1,35720218,35770002,-1,claspin [Source:HGNC Symbol;Acc:HGNC:19715]
ENSG00000100353,EIF3D,protein_coding,22,36510850,36529245,-1,eukaryotic translation initiation factor 3 subunit D [Source:HGNC Symbol;Acc:HGNC:3278]
ENSG00000102057,KCND1,protein_coding,X,48960982,48971866,-1,potassium voltage-gated channel subfamily D member 1 [Source:HGNC Symbol;Acc:HGNC:6237]
ENSG00000105617,LENG1,protein_coding,19,54155161,54159721,-1,leukocyte receptor cluster member 1 [Source:HGNC Symbol;Acc:HGNC:15502]
ENSG00000108387,SEPTIN4,protein_coding,17,58520250,58544368,-1,septin 4 [Source:HGNC Symbol;Acc:HGNC:9165]
ENSG00000113407,TARS1,protein_coding,5,33440696,33469531,1,threonyl-tRNA synthetase 1 [Source:HGNC Symbol;Acc:HGNC:11572]
ENSG00000119771,KLHL29,protein_coding,2,23385179,23708611,1,kelch like family member 29 [Source:HGNC Symbol;Acc:HGNC:29404]
ENSG00000122126,OCRL,protein_coding,X,129539849,129592561,1,OCRL inositol polyphosphate-5-phosphatase [Source:HGNC Symbol;Acc:HGNC:8108]
ENSG00000123472,ATPAF1,protein_coding,1,46632071,46673867,-1,ATP synthase mitochondrial F1 complex assembly factor 1 [Source:HGNC Symbol;Acc:HGNC:18803]
ENSG00000135226,UGT2B28,protein_coding,4,69280475,69295050,1,UDP glucuronosyltransferase family 2 member B28 [Source:HGNC Symbol;Acc:HGNC:13479]
ENSG00000135547,HEY2,protein_coding,6,125747664,125761269,1,hes related family bHLH transcription factor with YRPW motif 2 [Source:HGNC Symbol;Acc:HGNC:4881]
ENSG00000144426,NBEAL1,protein_coding,2,203014608,203226378,1,neurobeachin like 1 [Source:HGNC Symbol;Acc:HGNC:20681]
ENSG00000149289,ZC3H12C,protein_coding,11,110093392,110171841,1,zinc finger CCCH-type containing 12C [Source:HGNC Symbol;Acc:HGNC:29362]
ENSG00000152689,RASGRP3,protein_coding,2,33436272,33586669,1,RAS guanyl releasing protein 3 [Source:HGNC Symbol;Acc:HGNC:14545]
ENSG00000153684,GOLGA8F,protein_coding,15,28378621,28392021,1,golgin A8 family member F [Source:HGNC Symbol;Acc:HGNC:32378]
ENSG00000163251,FZD5,protein_coding,2,207762598,207769914,-1,frizzled class receptor 5 [Source:HGNC Symbol;Acc:HGNC:4043]
ENSG00000164151,ICE1,protein_coding,5,5420664,5490220,1,interactor of little elongation complex ELL subunit 1 [Source:HGNC Symbol;Acc:HGNC:29154]
ENSG00000164393,ADGRF2P,transcribed_unitary_pseudogene,6,47673420,47693719,1,"adhesion G protein-coupled receptor F2, pseudogene [Source:HGNC Symbol;Acc:HGNC:18991]"
ENSG00000165105,RASEF,protein_coding,9,82979590,83063255,-1,RAS and EF-hand domain containing [Source:HGNC Symbol;Acc:HGNC:26464]
ENSG00000165280,VCP,protein_coding,9,35053928,35072671,-1,valosin containing protein [Source:HGNC Symbol;Acc:HGNC:12666]
ENSG00000170044,ZPLD1,protein_coding,3,102099244,102479841,1,zona pellucida like domain containing 1 [Source:HGNC Symbol;Acc:HGNC:27022]
ENSG00000172789,HOXC5,protein_coding,12,54033050,54035361,1,homeobox C5 [Source:HGNC Symbol;Acc:HGNC:5127]
ENSG00000173320,STOX2,protein_coding,4,183797692,184023526,1,storkhead box 2 [Source:HGNC Symbol;Acc:HGNC:25450]
ENSG00000176728,TTTY14,lncRNA,Y,18772706,19077555,-1,"testis expressed transcript, Y-linked 14 [Source:HGNC Symbol;Acc:HGNC:18495]"
ENSG00000179051,RCC2,protein_coding,1,17406755,17439772,-1,regulator of chromosome condensation 2 [Source:HGNC Symbol;Acc:HGNC:30297]
ENSG00000179630,LACC1,protein_coding,13,43878917,43895091,1,laccase domain containing 1 [Source:HGNC Symbol;Acc:HGNC:26789]
ENSG00000180730,SHISA2,protein_coding,13,26044597,26052016,-1,shisa family member 2 [Source:HGNC Symbol;Acc:HGNC:20366]
ENSG00000185800,DMWD,protein_coding,19,45782947,45792845,-1,"DM1 locus, WD repeat containing [Source:HGNC Symbol;Acc:HGNC:2936]"
ENSG00000187607,ZNF286A,protein_coding,17,15699577,15720787,1,zinc finger protein 286A [Source:HGNC Symbol;Acc:HGNC:13501]
ENSG00000188060,RAB42,protein_coding,1,28592200,28595449,1,"RAB42, member RAS oncogene family [Source:HGNC Symbol;Acc:HGNC:28702]"
ENSG00000197646,PDCD1LG2,protein_coding,9,5510491,5571282,1,programmed cell death 1 ligand 2 [Source:HGNC Symbol;Acc:HGNC:18731]
ENSG00000200184,RNU1-20P,snRNA,3,192729555,192729716,-1,"RNA, U1 small nuclear 20, pseudogene [Source:HGNC Symbol;Acc:HGNC:41946]"
ENSG00000200674,RN7SKP160,misc_RNA,1,173791548,173791887,1,RN7SK pseudogene 160 [Source:HGNC Symbol;Acc:HGNC:45884]
ENSG00000200969,,snoRNA,9,81888918,81888985,1,
ENSG00000202276,Y_RNA,misc_RNA,11,8877417,8877518,-1,Y RNA [Source:RFAM;Acc:RF00019]
ENSG00000204193,TXNDC8,protein_coding,9,110303476,110337891,-1,thioredoxin domain containing 8 [Source:HGNC Symbol;Acc:HGNC:31454]
ENSG00000207428,RNU6-95P,snRNA,4,68003895,68004001,1,"RNA, U6 small nuclear 95, pseudogene [Source:HGNC Symbol;Acc:HGNC:47058]"
ENSG00000214776,,transcribed_unprocessed_pseudogene,12,9480608,9575695,1,alpha-2-macroglobulin like 1 pseudogene
ENSG00000215206,TRBV24OR9-2,TR_V_pseudogene,9,33649047,33649614,1,T cell receptor beta variable 24/OR9-2 (pseudogene) [Source:HGNC Symbol;Acc:HGNC:12204]
ENSG00000223306,RNU6-1304P,snRNA,1,225741275,225741380,1,"RNA, U6 small nuclear 1304, pseudogene [Source:HGNC Symbol;Acc:HGNC:48267]"
ENSG00000223979,SMCR2,lncRNA,17,17674026,17677688,-1,"Smith-Magenis syndrome chromosome region, candidate 2 [Source:HGNC Symbol;Acc:HGNC:17914]"
ENSG00000227261,YWHAZP7,processed_pseudogene,X,64612632,64613262,-1,tyrosine 3-monooxygenase/tryptophan 5-monooxygenase activation protein zeta pseudogene 7 [Source:HGNC Symbol;Acc:HGNC:39028]
ENSG00000230986,DDX3P2,processed_pseudogene,X,74133004,74133114,-1,DEAD-box helicase 3 pseudogene 2 [Source:HGNC Symbol;Acc:HGNC:42172]
ENSG00000231510,LINC02782,lncRNA,1,5086459,5090899,-1,long intergenic non-protein coding RNA 2782 [Source:HGNC Symbol;Acc:HGNC:54302]
ENSG00000233129,,processed_pseudogene,1,93934479,93935244,-1,pseudogene similar to part of NADH dehydrogenase 2 (MTND2)
ENSG00000234170,LINC02645,lncRNA,10,2368561,2502200,-1,long intergenic non-protein coding RNA 2645 [Source:HGNC Symbol;Acc:HGNC:54129]
ENSG00000234202,H3P3,processed_pseudogene,1,92749175,92749330,-1,H3 histone pseudogene 3 [Source:HGNC Symbol;Acc:HGNC:43796]
ENSG00000234585,CCT6P3,transcribed_unprocessed_pseudogene,7,65064999,65073848,1,chaperonin containing TCP1 subunit 6 pseudogene 3 [Source:HGNC Symbol;Acc:HGNC:35137]
ENSG00000234700,MTCO1P8,unprocessed_pseudogene,7,64108625,64110147,-1,MT-CO1 pseudogene 8 [Source:HGNC Symbol;Acc:HGNC:52010]
ENSG00000234900,,lncRNA,20,10753278,10765286,-1,novel transcript
ENSG00000235613,NSRP1P1,processed_pseudogene,1,77847110,77848802,1,nuclear speckle splicing regulatory protein 1 pseudogene 1 [Source:HGNC Symbol;Acc:HGNC:38087]
ENSG00000235775,,unprocessed_pseudogene,5,132163603,132163765,-1,Chediak-Higashi syndrome 1 (CHS10) pseudogene
ENSG00000236009,,lncRNA,1,21415898,21417492,1,novel transcript
ENSG00000240247,DEFA1B,protein_coding,8,6996766,6999202,-1,defensin alpha 1B [Source:HGNC Symbol;Acc:HGNC:33596]
ENSG00000241945,PWP2,protein_coding,21,44107358,44131181,1,PWP2 small subunit processome component [Source:HGNC Symbol;Acc:HGNC:9711]
ENSG00000248285,,lncRNA,5,63957893,63981043,-1,"novel transcript, sense overlapping HTR1A"
ENSG00000250899,,lncRNA,12,3041437,3044950,1,novel transcript
ENSG00000251113,,processed_pseudogene,4,29465701,29467850,-1,"protein inhibitor of activated STAT, 2 (PIAS2) pseudogene"
ENSG00000252533,RNU6-572P,snRNA,5,139221758,139221837,1,"RNA, U6 small nuclear 572, pseudogene [Source:HGNC Symbol;Acc:HGNC:47535]"
ENSG00000254735,HMGB1P42,processed_pseudogene,11,120936102,120936654,-1,high mobility group box 1 pseudogene 42 [Source:HGNC Symbol;Acc:HGNC:39189]
ENSG00000254940,OR4A19P,unprocessed_pseudogene,11,49920312,49921414,-1,olfactory receptor family 4 subfamily A member 19 pseudogene [Source:HGNC Symbol;Acc:HGNC:15156]
ENSG00000255217,OR5J7P,unprocessed_pseudogene,11,56165500,56165921,1,olfactory receptor family 5 subfamily J member 7 pseudogene [Source:HGNC Symbol;Acc:HGNC:31289]
ENSG00000255482,,lncRNA,11,102467255,102498809,1,"novel transcript, antisense to TMEM123"
ENSG00000257296,,processed_pseudogene,12,84671598,84672026,1,cytochrome c oxidase subunit Va (COX5A) pseudogene
ENSG00000257624,,processed_pseudogene,12,112000739,112000985,-1,immediate early response 3 interacting protein 1 (IR3IP) pseudogene
ENSG00000261587,TMEM249,protein_coding,8,144352219,144354954,-1,transmembrane protein 249 [Source:HGNC Symbol;Acc:HGNC:44155]
ENSG00000261763,,lncRNA,3,139678620,139682564,-1,novel transcript
ENSG00000262209,PCDHGB3,protein_coding,5,141370242,141512975,1,"protocadherin gamma subfamily B, 3 [Source:HGNC Symbol;Acc:HGNC:8710]"
ENSG00000264260,LINC01893,lncRNA,18,76209422,76221725,1,long intergenic non-protein coding RNA 1893 [Source:HGNC Symbol;Acc:HGNC:52712]
ENSG00000265118,,protein_coding,17,31305213,31318831,-1,novel protein
ENSG00000265164,MIR2681,miRNA,13,101967642,101967746,-1,microRNA 2681 [Source:HGNC Symbol;Acc:HGNC:41532]
ENSG00000265777,RN7SL624P,misc_RNA,17,2199762,2200039,1,"RNA, 7SL, cytoplasmic 624, pseudogene [Source:HGNC Symbol;Acc:HGNC:46640]"
ENSG00000266965,,lncRNA,18,35595901,35597599,1,novel transcript
ENSG00000267107,PCAT19,lncRNA,19,41449520,41502015,-1,prostate cancer associated transcript 19 [Source:HGNC Symbol;Acc:HGNC:49593]
ENSG00000268267,SIGLEC29P,unprocessed_pseudogene,19,51563797,51564910,-1,"sialic acid binding Ig like lectin 29, pseudogene [Source:HGNC Symbol;Acc:HGNC:15619]"
ENSG00000269971,,lncRNA,1,27773858,27774041,1,"novel transcript, sense intronic to STX12"
ENSG00000270071,,lncRNA,21,16291077,16310484,-1,novel transcript
ENSG00000270992,,processed_pseudogene,7,130255902,130262770,1,"ribosomal protein L29, pseudogene"
ENSG00000271219,,processed_pseudogene,8,121113358,121113919,-1,glucosamine-phosphate N-acetyltransferase 1 (GNPNAT1) pseudogene
ENSG00000272249,,lncRNA,8,97132835,97133379,-1,"novel transcript, antisense to CPQ"
ENSG00000272269,NUP153-AS1,lncRNA,6,17706083,17711324,1,NUP153 antisense RNA 1 [Source:HGNC Symbol;Acc:HGNC:55217]
ENSG00000272839,,lncRNA,7,157868538,157869154,1,"novel transcript, antisense to PTPRN2"
ENSG00000273175,,lncRNA,1,244863764,244865907,1,novel transcript
ENSG00000276763,,processed_pseudogene,3,108574683,108575064,1,ribosomal protein L10 (RPL10) pseudogene
ENSG00000277017,,lncRNA,22,18486999,18491247,-1,novel transcript
ENSG00000278030,TRBV7-9,TR_V_gene,7,142529290,142529762,1,T cell receptor beta variable 7-9 [Source:HGNC Symbol;Acc:HGNC:12243]
ENSG00000278175,GLIDR,lncRNA,9,39705825,39810128,-1,glioblastoma down-regulated RNA [Source:HGNC Symbol;Acc:HGNC:48823]
ENSG00000279918,,TEC,4,19098199,19098740,1,TEC
ENSG00000279965,LINC03032,lncRNA,13,110123208,110125235,1,long intergenic non-protein coding RNA 3032 [Source:HGNC Symbol;Acc:HGNC:56192]
ENSG00000281477,LINC01955,lncRNA,2,87249072,87253833,-1,long intergenic non-protein coding RNA 1955 [Source:HGNC Symbol;Acc:HGNC:52780]
ENSG00000283840,MIR6764,miRNA,14,100277357,100277417,1,microRNA 6764 [Source:HGNC Symbol;Acc:HGNC:49994]
ENSG00000284060,,transcribed_unprocessed_pseudogene,22,21002895,21009453,-1,"pseudogene similar to part of tubulin, alpha 3c (TUBA3C)"
ENSG00000284085,MIR4732,miRNA,17,28861655,28861730,-1,microRNA 4732 [Source:HGNC Symbol;Acc:HGNC:41639]
ENSG00000012124,CD22,protein_coding,19,35319261,35347361,1,CD22 molecule [Source:HGNC Symbol;Acc:HGNC:1643]
ENSG00000013293,SLC7A14,protein_coding,3,170459548,170586075,-1,solute carrier family 7 member 14 [Source:HGNC Symbol;Acc:HGNC:29326]
ENSG00000070669,ASNS,protein_coding,7,97851677,97872542,-1,asparagine synthetase (glutamine-hydrolyzing) [Source:HGNC Symbol;Acc:HGNC:753]
ENSG00000074696,HACD3,protein_coding,15,65530418,65578349,1,3-hydroxyacyl-CoA dehydratase 3 [Source:HGNC Symbol;Acc:HGNC:24175]
ENSG00000088451,TGDS,protein_coding,13,94574054,94596276,-1,"TDP-glucose 4,6-dehydratase [Source:HGNC Symbol;Acc:HGNC:20324]"
ENSG00000095383,TBC1D2,protein_coding,9,98199011,98255649,-1,TBC1 domain family member 2 [Source:HGNC Symbol;Acc:HGNC:18026]
ENSG00000100271,TTLL1,protein_coding,22,43039516,43089427,-1,TTL family tubulin polyglutamylase complex subunit L1 [Source:HGNC Symbol;Acc:HGNC:1312]
ENSG00000100294,MCAT,protein_coding,22,43132209,43143398,-1,malonyl-CoA-acyl carrier protein transacylase [Source:HGNC Symbol;Acc:HGNC:29622]
ENSG00000105443,CYTH2,protein_coding,19,48469208,48482314,1,cytohesin 2 [Source:HGNC Symbol;Acc:HGNC:9502]
ENSG00000106608,URGCP,protein_coding,7,43875894,43926411,-1,upregulator of cell proliferation [Source:HGNC Symbol;Acc:HGNC:30890]
ENSG00000109089,CDR2L,protein_coding,17,74987583,75005800,1,cerebellar degeneration related protein 2 like [Source:HGNC Symbol;Acc:HGNC:29999]
ENSG00000119457,SLC46A2,protein_coding,9,112878920,112890876,-1,solute carrier family 46 member 2 [Source:HGNC Symbol;Acc:HGNC:16055]
ENSG00000121207,LRAT,protein_coding,4,154626945,154753120,1,lecithin retinol acyltransferase [Source:HGNC Symbol;Acc:HGNC:6685]
ENSG00000125945,ZNF436,protein_coding,1,23359448,23369836,-1,zinc finger protein 436 [Source:HGNC Symbol;Acc:HGNC:20814]
ENSG00000126264,HCST,protein_coding,19,35900635,35904377,1,hematopoietic cell signal transducer [Source:HGNC Symbol;Acc:HGNC:16977]
ENSG00000131068,DEFB118,protein_coding,20,31368601,31373923,1,defensin beta 118 [Source:HGNC Symbol;Acc:HGNC:16196]
ENSG00000134265,NAPG,protein_coding,18,10525905,10552766,1,NSF attachment protein gamma [Source:HGNC Symbol;Acc:HGNC:7642]
ENSG00000134317,GRHL1,protein_coding,2,9951693,10002277,1,grainyhead like transcription factor 1 [Source:HGNC Symbol;Acc:HGNC:17923]
ENSG00000138356,AOX1,protein_coding,2,200585864,200677064,1,aldehyde oxidase 1 [Source:HGNC Symbol;Acc:HGNC:553]
ENSG00000143179,UCK2,protein_coding,1,165827586,165911618,1,uridine-cytidine kinase 2 [Source:HGNC Symbol;Acc:HGNC:12562]
ENSG00000146555,SDK1,protein_coding,7,3301252,4269000,1,sidekick cell adhesion molecule 1 [Source:HGNC Symbol;Acc:HGNC:19307]
ENSG00000154330,PGM5,protein_coding,9,68328308,68535009,1,phosphoglucomutase 5 [Source:HGNC Symbol;Acc:HGNC:8908]
ENSG00000155052,CNTNAP5,protein_coding,2,124025287,124921219,1,contactin associated protein family member 5 [Source:HGNC Symbol;Acc:HGNC:18748]
ENSG00000158428,CATIP,protein_coding,2,218356857,218369962,1,ciliogenesis associated TTC17 interacting protein [Source:HGNC Symbol;Acc:HGNC:25062]
ENSG00000160813,PPP1R35,protein_coding,7,100435282,100436497,-1,protein phosphatase 1 regulatory subunit 35 [Source:HGNC Symbol;Acc:HGNC:28320]
ENSG00000164850,GPER1,protein_coding,7,1082208,1094511,1,G protein-coupled estrogen receptor 1 [Source:HGNC Symbol;Acc:HGNC:4485]
ENSG00000164967,RPP25L,protein_coding,9,34610486,34612605,-1,ribonuclease P/MRP subunit p25 like [Source:HGNC Symbol;Acc:HGNC:19909]
ENSG00000165246,NLGN4Y,protein_coding,Y,14522573,14845654,1,neuroligin 4 Y-linked [Source:HGNC Symbol;Acc:HGNC:15529]
ENSG00000165802,NSMF,protein_coding,9,137447570,137459576,-1,NMDA receptor synaptonuclear signaling and neuronal migration factor [Source:HGNC Symbol;Acc:HGNC:29843]
ENSG00000174456,C12orf76,protein_coding,12,110027028,110073636,-1,chromosome 12 open reading frame 76 [Source:HGNC Symbol;Acc:HGNC:33790]
ENSG00000177800,TMEM78,lncRNA,1,229249636,229251810,1,transmembrane protein 78 [Source:HGNC Symbol;Acc:HGNC:32307]
ENSG00000178381,ZFAND2A,protein_coding,7,1151903,1160771,-1,zinc finger AN1-type containing 2A [Source:HGNC Symbol;Acc:HGNC:28073]
ENSG00000178913,TAF7,protein_coding,5,141259884,141320784,-1,TATA-box binding protein associated factor 7 [Source:HGNC Symbol;Acc:HGNC:11541]
ENSG00000181061,HIGD1A,protein_coding,3,42782908,42804527,-1,HIG1 hypoxia inducible domain family member 1A [Source:HGNC Symbol;Acc:HGNC:29527]
ENSG00000183607,GKN2,protein_coding,2,68945232,68952955,-1,gastrokine 2 [Source:HGNC Symbol;Acc:HGNC:24588]
ENSG00000184897,H1-10,protein_coding,3,129314771,129316286,-1,H1.10 linker histone [Source:HGNC Symbol;Acc:HGNC:4722]
ENSG00000196268,ZNF493,protein_coding,19,21397119,21427577,1,zinc finger protein 493 [Source:HGNC Symbol;Acc:HGNC:23708]
ENSG00000199556,RNA5SP361,rRNA_pseudogene,12,45117771,45117888,1,"RNA, 5S ribosomal pseudogene 361 [Source:HGNC Symbol;Acc:HGNC:43261]"
ENSG00000199855,RNU6-490P,snRNA,10,27088321,27088427,-1,"RNA, U6 small nuclear 490, pseudogene [Source:HGNC Symbol;Acc:HGNC:47453]"
ENSG00000200750,Y_RNA,misc_RNA,18,21724119,21724229,1,Y RNA [Source:RFAM;Acc:RF00019]
ENSG00000204334,ERICH2,protein_coding,2,170766878,170798977,1,glutamate rich 2 [Source:HGNC Symbol;Acc:HGNC:44395]
ENSG00000206675,RNU6-32P,snRNA,4,39297605,39297711,-1,"RNA, U6 small nuclear 32, pseudogene [Source:HGNC Symbol;Acc:HGNC:34276]"
ENSG00000207994,MIR100,miRNA,11,122152229,122152308,-1,microRNA 100 [Source:HGNC Symbol;Acc:HGNC:31487]
ENSG00000213279,,lncRNA,22,49572264,49575427,-1,novel transcript
ENSG00000216436,H2AC2P,transcribed_unprocessed_pseudogene,6,25732497,25732827,1,"H2A clustered histone 2, pseudogene [Source:HGNC Symbol;Acc:HGNC:18720]"
ENSG00000219669,BECN1P2,processed_pseudogene,6,71075564,71076375,1,beclin 1 pseudogene 2 [Source:HGNC Symbol;Acc:HGNC:51330]
ENSG00000222017,,lncRNA,2,197640289,197774823,1,"novel transcript, antisense to BOLL"
ENSG00000222042,,lncRNA,21,25169427,25362494,-1,novel transcript
ENSG00000223982,SNRPD2P2,processed_pseudogene,1,231475956,231476288,-1,small nuclear ribonucleoprotein D2 pseudogene 2 [Source:HGNC Symbol;Acc:HGNC:38598]
ENSG00000226048,YBX1P8,processed_pseudogene,X,46684765,46685707,-1,Y-box binding protein 1 pseudogene 8 [Source:HGNC Symbol;Acc:HGNC:42429]
ENSG00000226973,,unprocessed_pseudogene,1,115471941,115476027,1,renin (REN) pseudogene
ENSG00000227432,ASIC4-AS1,lncRNA,2,219482073,219516877,-1,ASIC4 antisense RNA 1 [Source:HGNC Symbol;Acc:HGNC:40960]
ENSG00000227658,,lncRNA,7,40775558,40785217,1,novel transcript
ENSG00000229273,,processed_pseudogene,9,39809562,39810019,1,novel pseudogene
ENSG00000230927,TMBIM7P,transcribed_unitary_pseudogene,7,92412979,92433431,-1,"transmembrane BAX inhibitor motif containing 7, pseudogene [Source:HGNC Symbol;Acc:HGNC:49212]"
ENSG00000231927,,lncRNA,7,1508655,1509427,-1,novel transcript
ENSG00000233661,SPIN4-AS1,lncRNA,X,63349646,63352178,1,SPIN4 antisense RNA 1 [Source:HGNC Symbol;Acc:HGNC:41177]
ENSG00000233934,RPL21P38,processed_pseudogene,2,171587093,171587259,1,ribosomal protein L21 pseudogene 38 [Source:HGNC Symbol;Acc:HGNC:36349]
ENSG00000234213,FHP1,processed_pseudogene,13,42255873,42256575,1,fumarate hydratase pseudogene 1 [Source:HGNC Symbol;Acc:HGNC:39442]
ENSG00000235699,CXorf51B,protein_coding,X,146809771,146810411,1,chromosome X open reading frame 51B [Source:HGNC Symbol;Acc:HGNC:42787]
ENSG00000236733,,lncRNA,9,68822403,68843275,-1,novel transcript
ENSG00000237164,SLC25A15P2,unprocessed_pseudogene,13,19411231,19416188,1,solute carrier family 25 member 15 pseudogene 2 [Source:HGNC Symbol;Acc:HGNC:39843]
ENSG00000237475,RPL7P53,processed_pseudogene,X,73535503,73536241,1,ribosomal protein L7 pseudogene 53 [Source:HGNC Symbol;Acc:HGNC:36831]
ENSG00000237906,MUPP,transcribed_unprocessed_pseudogene,9,112959134,112962261,-1,"major urinary protein, pseudogene [Source:HGNC Symbol;Acc:HGNC:49202]"
ENSG00000240759,RPS27P21,processed_pseudogene,12,42678873,42679124,-1,ribosomal protein S27 pseudogene 21 [Source:HGNC Symbol;Acc:HGNC:35826]
ENSG00000249742,,lncRNA,4,186979487,187027451,-1,novel transcript
ENSG00000249876,,processed_pseudogene,5,179939457,179940132,-1,"DnaJ (Hsp40) homolog, subfamily B, member 6 (DNAJB6) pseudogene"
ENSG00000250523,,processed_pseudogene,4,188630924,188631747,1,pseudogene similar to part of cleavage and polyadenylation specific factor 4-like (CPSF4L)
ENSG00000251614,HSPA8P19,processed_pseudogene,3,132645831,132650383,1,heat shock protein family A (Hsp70) member pseudogene 19 [Source:HGNC Symbol;Acc:HGNC:44935]
ENSG00000251858,,snoRNA,14,41594463,41594591,1,
ENSG00000252744,Y_RNA,misc_RNA,1,148330271,148330394,1,Y RNA [Source:RFAM;Acc:RF00019]
ENSG00000252959,RNA5SP170,rRNA_pseudogene,4,166053187,166053287,-1,"RNA, 5S ribosomal pseudogene 170 [Source:HGNC Symbol;Acc:HGNC:43070]"
ENSG00000253087,RNU6-1174P,snRNA,3,134780527,134780627,-1,"RNA, U6 small nuclear 1174, pseudogene [Source:HGNC Symbol;Acc:HGNC:48137]"
ENSG00000253980,,lncRNA,5,157199242,157224380,-1,novel transcript
ENSG00000254361,,lncRNA,8,137851826,138077589,1,novel transcript
ENSG00000254548,,lncRNA,8,143718246,143718891,-1,novel transcript
ENSG00000254894,NAV2-AS1,lncRNA,11,20119684,20120632,-1,NAV2 antisense RNA 1 [Source:HGNC Symbol;Acc:HGNC:40744]
ENSG00000255156,RNY1P9,misc_RNA,22,20475203,20475311,-1,RNY1 pseudogene 9 [Source:HGNC Symbol;Acc:HGNC:41481]
ENSG00000256085,,lncRNA,12,129521303,129522763,-1,novel transcript
ENSG00000256285,OSBPL9P5,processed_pseudogene,12,66563524,66563694,1,oxysterol binding protein like 9 pseudogene 5 [Source:HGNC Symbol;Acc:HGNC:48735]
ENSG00000256480,,processed_pseudogene,12,7237432,7240986,1,chromosome 10 open reading frame 129 (C10orf129) pseudogene
ENSG00000259150,LINC00929,lncRNA,15,26115726,26134001,1,long intergenic non-protein coding RNA 929 [Source:HGNC Symbol;Acc:HGNC:48615]
ENSG00000259754,,lncRNA,15,47812669,48050507,1,novel transcript
ENSG00000261056,,transcribed_processed_pseudogene,16,53298224,53299792,1,thyroid hormone receptor interactor 13 (TRIP13) pseudogene
ENSG00000261147,,protein_coding,15,90249556,90272208,1,novel protein
ENSG00000262904,TMPOP2,processed_pseudogene,16,74667506,74668706,1,thymopoietin pseudogene 2 [Source:HGNC Symbol;Acc:HGNC:50860]
ENSG00000263613,,lncRNA,17,29009798,29012700,-1,"novel transcript, antisense to PIPOX"
ENSG00000264167,,lncRNA,17,17777781,17779094,1,novel transcript
ENSG00000265496,,lncRNA,18,49487339,49491878,1,microRNA 1539
ENSG00000267766,,lncRNA,18,63151114,63151320,-1,"novel transcript, sense intronic to BCL2"
ENSG00000268988,SPANXN2,protein_coding,X,143711955,143720752,-1,SPANX family member N2 [Source:HGNC Symbol;Acc:HGNC:33175]
ENSG00000270314,,processed_pseudogene,7,7735743,7736851,-1,5-azacytidine induced 2 (AZI2) pseudogene
ENSG00000270824,IGHD5OR15-5B,IG_D_gene,15,21010494,21010516,-1,immunoglobulin heavy diversity 5/OR15-5B (non-functional) [Source:HGNC Symbol;Acc:HGNC:5513]
ENSG00000272076,,lncRNA,8,51810110,51810681,-1,novel transcript
ENSG00000273456,,lncRNA,2,202374769,202376944,-1,novel transcript
ENSG00000274303,7SK,misc_RNA,11,120365666,120365963,1,7SK RNA [Source:RFAM;Acc:RF00100]
ENSG00000278135,U2,snRNA,4,25250545,25250639,1,U2 spliceosomal RNA [Source:RFAM;Acc:RF00004]
ENSG00000281859,SNORD38B,snoRNA,1,44778390,44778458,1,"small nucleolar RNA, C/D box 38B [Source:HGNC Symbol;Acc:HGNC:30356]"
ENSG00000284517,MIR6873,miRNA,6,33287227,33287289,-1,microRNA 6873 [Source:HGNC Symbol;Acc:HGNC:50231]
ENSG00000284543,LINC01226,lncRNA,1,31506209,31583306,1,long intergenic non-protein coding RNA 1226 [Source:HGNC Symbol;Acc:HGNC:49678]
ENSG00000053770,AP5M1,protein_coding,14,57268504,57298742,1,adaptor related protein complex 5 subunit mu 1 [Source:HGNC Symbol;Acc:HGNC:20192]
ENSG00000070814,TCOF1,protein_coding,5,150357629,150400491,1,treacle ribosome biogenesis factor 1 [Source:HGNC Symbol;Acc:HGNC:11654]
ENSG00000089057,SLC23A2,protein_coding,20,4851729,5010293,-1,solute carrier family 23 member 2 [Source:HGNC Symbol;Acc:HGNC:10973]
ENSG00000107185,RGP1,protein_coding,9,35748613,35758600,1,"RGP1 homolog, RAB6A GEF complex partner 1 [Source:HGNC Symbol;Acc:HGNC:21965]"
ENSG00000110107,PRPF19,protein_coding,11,60890547,60906603,-1,pre-mRNA processing factor 19 [Source:HGNC Symbol;Acc:HGNC:17896]
ENSG00000110435,PDHX,protein_coding,11,34915829,35020591,1,pyruvate dehydrogenase complex component X [Source:HGNC Symbol;Acc:HGNC:21350]
ENSG00000112541,PDE10A,protein_coding,6,165327287,165988117,-1,phosphodiesterase 10A [Source:HGNC Symbol;Acc:HGNC:8772]
ENSG00000117308,GALE,protein_coding,1,23795599,23800781,-1,UDP-galactose-4-epimerase [Source:HGNC Symbol;Acc:HGNC:4116]
ENSG00000120963,ZNF706,protein_coding,8,101177720,101207085,-1,zinc finger protein 706 [Source:HGNC Symbol;Acc:HGNC:24992]
ENSG00000129317,PUS7L,protein_coding,12,43718992,43759193,-1,pseudouridine synthase 7 like [Source:HGNC Symbol;Acc:HGNC:25276]
ENSG00000129460,NGDN,protein_coding,14,23469679,23509862,1,neuroguidin [Source:HGNC Symbol;Acc:HGNC:20271]
ENSG00000132874,SLC14A2,protein_coding,18,45212995,45683688,1,solute carrier family 14 member 2 [Source:HGNC Symbol;Acc:HGNC:10919]
ENSG00000135736,CCDC102A,protein_coding,16,57511999,57537163,-1,coiled-coil domain containing 102A [Source:HGNC Symbol;Acc:HGNC:28097]
ENSG00000136146,MED4,protein_coding,13,48053323,48095131,-1,mediator complex subunit 4 [Source:HGNC Symbol;Acc:HGNC:17903]
ENSG00000137817,PARP6,protein_coding,15,72241176,72272999,-1,poly(ADP-ribose) polymerase family member 6 [Source:HGNC Symbol;Acc:HGNC:26921]
ENSG00000143847,PPFIA4,protein_coding,1,203026491,203078740,1,PTPRF interacting protein alpha 4 [Source:HGNC Symbol;Acc:HGNC:9248]
ENSG00000152117,SMPD4BP,transcribed_unprocessed_pseudogene,2,131492813,131520421,1,"sphingomyelin phosphodiesterase 4B, pseudogene [Source:HGNC Symbol;Acc:HGNC:24761]"
ENSG00000158092,NCK1,protein_coding,3,136862177,136951606,1,NCK adaptor protein 1 [Source:HGNC Symbol;Acc:HGNC:7664]
ENSG00000160613,PCSK7,protein_coding,11,117204337,117232528,-1,proprotein convertase subtilisin/kexin type 7 [Source:HGNC Symbol;Acc:HGNC:8748]
ENSG00000162621,LRRC53,protein_coding,1,74469376,74512611,-1,leucine rich repeat containing 53 [Source:HGNC Symbol;Acc:HGNC:25255]
ENSG00000165272,AQP3,protein_coding,9,33441156,33447596,-1,aquaporin 3 (Gill blood group) [Source:HGNC Symbol;Acc:HGNC:636]
ENSG00000169299,PGM2,protein_coding,4,37826660,37863028,1,phosphoglucomutase 2 [Source:HGNC Symbol;Acc:HGNC:8906]
ENSG00000174970,OR10AG1,protein_coding,11,55965755,55969945,-1,olfactory receptor family 10 subfamily AG member 1 [Source:HGNC Symbol;Acc:HGNC:19607]
ENSG00000177151,OR2T35,protein_coding,1,248636356,248645278,-1,olfactory receptor family 2 subfamily T member 35 (gene/pseudogene) [Source:HGNC Symbol;Acc:HGNC:31257]
ENSG00000179862,CITED4,protein_coding,1,40861054,40862363,-1,Cbp/p300 interacting transactivator with Glu/Asp rich carboxy-terminal domain 4 [Source:HGNC Symbol;Acc:HGNC:18696]
ENSG00000181904,C5orf24,protein_coding,5,134845680,134859735,1,chromosome 5 open reading frame 24 [Source:HGNC Symbol;Acc:HGNC:26746]
ENSG00000182601,HS3ST4,protein_coding,16,25691959,26137685,1,heparan sulfate-glucosamine 3-sulfotransferase 4 [Source:HGNC Symbol;Acc:HGNC:5200]
ENSG00000197081,IGF2R,protein_coding,6,159969082,160113507,1,insulin like growth factor 2 receptor [Source:HGNC Symbol;Acc:HGNC:5467]
ENSG00000197776,KLHDC1,protein_coding,14,49693105,49753636,1,kelch domain containing 1 [Source:HGNC Symbol;Acc:HGNC:19836]
ENSG00000200003,RNU6-986P,snRNA,2,27475494,27475595,-1,"RNA, U6 small nuclear 986, pseudogene [Source:HGNC Symbol;Acc:HGNC:47949]"
ENSG00000200688,Y_RNA,misc_RNA,12,112069104,112069209,1,Y RNA [Source:RFAM;Acc:RF00019]
ENSG00000202050,RNU6-391P,snRNA,6,24365651,24365754,1,"RNA, U6 small nuclear 391, pseudogene [Source:HGNC Symbol;Acc:HGNC:47354]"
ENSG00000203784,LELP1,protein_coding,1,153203430,153205120,1,late cornified envelope like proline rich 1 [Source:HGNC Symbol;Acc:HGNC:32046]
ENSG00000204959,ARHGEF34P,transcribed_unprocessed_pseudogene,7,144272445,144286966,-1,"Rho guanine nucleotide exchange factor 34, pseudogene [Source:HGNC Symbol;Acc:HGNC:38086]"
ENSG00000204991,SPIRE2,protein_coding,16,89818179,89871319,1,spire type actin nucleation factor 2 [Source:HGNC Symbol;Acc:HGNC:30623]
ENSG00000205936,PPP1R12BP2,transcribed_unprocessed_pseudogene,Y,23379484,23392697,1,protein phosphatase 1 regulatory subunit 12B pseudogene 2 [Source:HGNC Symbol;Acc:HGNC:23970]
ENSG00000213747,WASHC3P1,processed_pseudogene,X,70857163,70857502,1,WASHC3 pseudogene 1 [Source:HGNC Symbol;Acc:HGNC:54983]
ENSG00000221263,MIR548P,miRNA,5,100816482,100816565,-1,microRNA 548p [Source:HGNC Symbol;Acc:HGNC:35351]
ENSG00000222037,IGLC6,IG_C_pseudogene,22,22919535,22919851,1,immunoglobulin lambda constant 6 [Source:HGNC Symbol;Acc:HGNC:5860]
ENSG00000223342,,lncRNA,6,6901022,6918715,-1,novel transcript
ENSG00000223487,FRMPD4-AS1,lncRNA,X,12373167,12375133,-1,FRMPD4 antisense RNA 1 [Source:HGNC Symbol;Acc:HGNC:41222]
ENSG00000223676,RPL34P26,processed_pseudogene,13,50361410,50361763,-1,ribosomal protein L34 pseudogene 26 [Source:HGNC Symbol;Acc:HGNC:36100]
ENSG00000225292,LINC02935,lncRNA,10,112888727,112949401,1,long intergenic non-protein coding RNA 2935 [Source:HGNC Symbol;Acc:HGNC:55939]
ENSG00000226233,RPL39P41,processed_pseudogene,22,37215738,37215891,-1,ribosomal protein L39 pseudogene 41 [Source:HGNC Symbol;Acc:HGNC:35941]
ENSG00000226310,,lncRNA,X,57121554,57224805,1,novel transcript
ENSG00000227252,COPS8-DT,lncRNA,2,236910771,237085841,-1,COPS8 divergent transcript [Source:HGNC Symbol;Acc:HGNC:55816]
ENSG00000228352,DCAF12-AS1,lncRNA,9,34049563,34110065,1,DCAF12 antisense RNA 1 [Source:HGNC Symbol;Acc:HGNC:58097]
ENSG00000230180,RPL12P49,processed_pseudogene,X,16803233,16803353,1,ribosomal protein L12 pseudogene 49 [Source:HGNC Symbol;Acc:HGNC:51941]
ENSG00000230507,RPL7AP8,processed_pseudogene,10,86630825,86631628,-1,ribosomal protein L7a pseudogene 8 [Source:HGNC Symbol;Acc:HGNC:23738]
ENSG00000231788,RPL31P50,processed_pseudogene,12,31597114,31597409,-1,ribosomal protein L31 pseudogene 50 [Source:HGNC Symbol;Acc:HGNC:36799]
ENSG00000232467,TMA16P2,processed_pseudogene,1,45846994,45847594,-1,translation machinery associated 16 homolog pseudogene 2 [Source:HGNC Symbol;Acc:HGNC:43781]
ENSG00000232496,RPL3P12,processed_pseudogene,X,122538253,122539460,1,ribosomal protein L3 pseudogene 12 [Source:HGNC Symbol;Acc:HGNC:36298]
ENSG00000233866,,lncRNA,22,15914721,15915800,-1,novel transcript
ENSG00000236175,SSU72P6,processed_pseudogene,11,4278705,4279192,1,SSU72 pseudogene 6 [Source:HGNC Symbol;Acc:HGNC:43625]
ENSG00000241346,SNRPCP11,processed_pseudogene,3,125816082,125816286,-1,small nuclear ribonucleoprotein polypeptide C pseudogene 11 [Source:HGNC Symbol;Acc:HGNC:49826]
ENSG00000243081,,lncRNA,3,112346706,112423062,-1,novel transcript
ENSG00000244372,RN7SL423P,misc_RNA,2,160877547,160877850,1,"RNA, 7SL, cytoplasmic 423, pseudogene [Source:HGNC Symbol;Acc:HGNC:46439]"
ENSG00000247872,SPCS2P3,processed_pseudogene,5,816346,817001,1,signal peptidase complex subunit 2 pseudogene 3 [Source:HGNC Symbol;Acc:HGNC:45236]
ENSG00000250420,AACSP1,transcribed_unprocessed_pseudogene,5,178767204,178797611,-1,acetoacetyl-CoA synthetase pseudogene 1 [Source:HGNC Symbol;Acc:HGNC:18226]
ENSG00000251750,RNU5F-8P,snRNA,1,240653367,240653477,1,"RNA, U5F small nuclear 8, pseudogene [Source:HGNC Symbol;Acc:HGNC:42531]"
ENSG00000251768,RNA5SP217,rRNA_pseudogene,6,127317883,127317973,-1,"RNA, 5S ribosomal pseudogene 217 [Source:HGNC Symbol;Acc:HGNC:43117]"
ENSG00000253105,,lncRNA,8,96370800,96387438,-1,novel transcript
ENSG00000253427,,lncRNA,8,126474121,126492725,1,novel transcript
ENSG00000253437,RNU6-988P,snRNA,8,38122374,38122480,1,"RNA, U6 small nuclear 988, pseudogene [Source:HGNC Symbol;Acc:HGNC:47951]"
ENSG00000255468,B4GAT1-DT,lncRNA,11,66347845,66364804,1,B4GAT1 divergent transcript [Source:HGNC Symbol;Acc:HGNC:56070]
ENSG00000256944,TMEM109-DT,lncRNA,11,60913166,60914095,-1,TMEM109 divergent transcript [Source:HGNC Symbol;Acc:HGNC:55487]
ENSG00000258278,CLUHP8,unprocessed_pseudogene,12,38082046,38087392,1,clustered mitochondria homolog pseudogene 8 [Source:HGNC Symbol;Acc:HGNC:51573]
ENSG00000258332,LINC02394,lncRNA,12,74039024,74049981,1,long intergenic non-protein coding RNA 2394 [Source:HGNC Symbol;Acc:HGNC:53321]
ENSG00000258716,,lncRNA,14,90697333,90699374,1,"novel transcript, antisense to TTC7B"
ENSG00000259043,BRD7P1,processed_pseudogene,14,23749236,23751150,1,bromodomain containing 7 pseudogene 1 [Source:HGNC Symbol;Acc:HGNC:19923]
ENSG00000259374,NDUFB4P11,transcribed_processed_pseudogene,14,103139675,103140069,1,NADH:ubiquinone oxidoreductase subunit B4 pseudogene 11 [Source:HGNC Symbol;Acc:HGNC:45259]
ENSG00000260360,,lncRNA,1,179953184,179954722,-1,novel transcript
ENSG00000260871,,lncRNA,5,90388468,90389363,-1,"novel transcript, overlapping CETN3"
ENSG00000261332,ITGAL-AS1,lncRNA,16,30498766,30499554,-1,ITGAL antisense RNA 1 [Source:HGNC Symbol;Acc:HGNC:56737]
ENSG00000261455,LINC01003,lncRNA,7,152463786,152465551,1,long intergenic non-protein coding RNA 1003 [Source:HGNC Symbol;Acc:HGNC:48957]
ENSG00000262155,LINC02175,lncRNA,16,25066891,25088618,1,long intergenic non-protein coding RNA 2175 [Source:HGNC Symbol;Acc:HGNC:27550]
ENSG00000263620,,protein_coding,17,8150816,8162975,-1,novel protein
ENSG00000264262,,lncRNA,17,22676674,22692682,-1,novel transcript
ENSG00000264482,MIR4705,miRNA,13,102045934,102046004,-1,microRNA 4705 [Source:HGNC Symbol;Acc:HGNC:41567]
ENSG00000266984,POLR3GP2,processed_pseudogene,18,48478561,48479228,1,RNA polymerase III subunit G pseudogene 2 [Source:HGNC Symbol;Acc:HGNC:50691]
ENSG00000267127,,protein_coding,18,80034346,80097088,1,novel protein
ENSG00000267398,RPL35AP38,processed_pseudogene,19,2874950,2875592,-1,ribosomal protein L35a pseudogene 38 [Source:HGNC Symbol;Acc:HGNC:56996]
ENSG00000268030,,lncRNA,19,18557775,18561560,-1,"novel transcript, antisense to KXD1"
ENSG00000269546,CLIC4P2,processed_pseudogene,19,6562123,6563848,-1,chloride intracellular channel 4 pseudogene 2 [Source:HGNC Symbol;Acc:HGNC:49798]
ENSG00000270282,,processed_pseudogene,1,8512653,8513021,1,"ferritin, light polypeptide (FTL) pseudogene"
ENSG00000270287,,processed_pseudogene,1,226411615,226412135,-1,SP100 nuclear antigen (SP100) pseudogene
ENSG00000270818,,processed_pseudogene,1,242882066,242883475,-1,regulator of chromosome condensation 2 (RCC2) pseudogene
ENSG00000271661,BNIP3P36,processed_pseudogene,19,22994968,22995847,1,BCL2 interacting protein 3 pseudogene 36 [Source:HGNC Symbol;Acc:HGNC:49716]
ENSG00000275381,,processed_pseudogene,2,69844509,69844933,-1,Zinc finger protein 607 (ZNF607) pseudogene
ENSG00000276730,,misc_RNA,9,36072686,36072762,1,
ENSG00000277806,,lncRNA,19,43976815,43977448,1,"novel transcript, sense intronic to ZNF155"
ENSG00000278110,SUSD2P2,unprocessed_pseudogene,22,18623339,18625289,-1,sushi domain containing 2 pseudogene 2 [Source:HGNC Symbol;Acc:HGNC:35197]
ENSG00000280270,,TEC,3,187383101,187384849,1,TEC
ENSG00000282921,CFTRP2,processed_pseudogene,20,29641778,29641976,1,CFTR pseudogene 2 [Source:HGNC Symbol;Acc:HGNC:51351]
ENSG00000283549,,lncRNA,7,7640752,8004053,1,novel transcript
ENSG00000284095,,TEC,3,130868004,130869357,-1,TEC
ENSG00000284353,MIR142,miRNA,17,58331232,58331318,-1,microRNA 142 [Source:HGNC Symbol;Acc:HGNC:31529]
ENSG00000065427,KARS1,protein_coding,16,75627472,75648663,-1,lysyl-tRNA synthetase 1 [Source:HGNC Symbol;Acc:HGNC:6215]
ENSG00000071537,SEL1L,protein_coding,14,81471547,81533863,-1,SEL1L adaptor subunit of SYVN1 ubiquitin ligase [Source:HGNC Symbol;Acc:HGNC:10717]
ENSG00000078549,ADCYAP1R1,protein_coding,7,31052308,31111475,1,ADCYAP receptor type I [Source:HGNC Symbol;Acc:HGNC:242]
ENSG00000087116,ADAMTS2,protein_coding,5,179110853,179345461,-1,ADAM metallopeptidase with thrombospondin type 1 motif 2 [Source:HGNC Symbol;Acc:HGNC:218]
ENSG00000088782,DEFB127,protein_coding,20,157454,159163,1,defensin beta 127 [Source:HGNC Symbol;Acc:HGNC:16206]
ENSG00000090512,FETUB,protein_coding,3,186634558,186653778,1,fetuin B [Source:HGNC Symbol;Acc:HGNC:3658]
ENSG00000100796,PPP4R3A,protein_coding,14,91457139,91510556,-1,protein phosphatase 4 regulatory subunit 3A [Source:HGNC Symbol;Acc:HGNC:20219]
ENSG00000101639,CEP192,protein_coding,18,12991315,13125053,1,centrosomal protein 192 [Source:HGNC Symbol;Acc:HGNC:25515]
ENSG00000107731,UNC5B,protein_coding,10,71212523,71302885,1,unc-5 netrin receptor B [Source:HGNC Symbol;Acc:HGNC:12568]
ENSG00000110436,SLC1A2,protein_coding,11,35251205,35420063,-1,solute carrier family 1 member 2 [Source:HGNC Symbol;Acc:HGNC:10940]
ENSG00000118804,STBD1,protein_coding,4,76306733,76311130,1,starch binding domain 1 [Source:HGNC Symbol;Acc:HGNC:24854]
ENSG00000118960,HS1BP3,protein_coding,2,20560448,20651152,-1,HCLS1 binding protein 3 [Source:HGNC Symbol;Acc:HGNC:24979]
ENSG00000124721,DNAH8,protein_coding,6,38715311,39030792,1,dynein axonemal heavy chain 8 [Source:HGNC Symbol;Acc:HGNC:2952]
ENSG00000137103,TMEM8B,protein_coding,9,35814451,35865518,1,transmembrane protein 8B [Source:HGNC Symbol;Acc:HGNC:21427]
ENSG00000141433,ADCYAP1,protein_coding,18,904871,912172,1,adenylate cyclase activating polypeptide 1 [Source:HGNC Symbol;Acc:HGNC:241]
ENSG00000145780,FEM1C,protein_coding,5,115520908,115544775,-1,fem-1 homolog C [Source:HGNC Symbol;Acc:HGNC:16933]
ENSG00000149968,MMP3,protein_coding,11,102835801,102843609,-1,matrix metallopeptidase 3 [Source:HGNC Symbol;Acc:HGNC:7173]
ENSG00000151834,GABRA2,protein_coding,4,46243548,46475230,-1,gamma-aminobutyric acid type A receptor subunit alpha2 [Source:HGNC Symbol;Acc:HGNC:4076]
ENSG00000152583,SPARCL1,protein_coding,4,87473329,87531118,-1,SPARC like 1 [Source:HGNC Symbol;Acc:HGNC:11220]
ENSG00000162607,USP1,protein_coding,1,62436041,62451804,1,ubiquitin specific peptidase 1 [Source:HGNC Symbol;Acc:HGNC:12607]
ENSG00000164715,LMTK2,protein_coding,7,98106860,98209638,1,lemur tyrosine kinase 2 [Source:HGNC Symbol;Acc:HGNC:17880]
ENSG00000167619,TMEM145,protein_coding,19,42313309,42325064,1,transmembrane protein 145 [Source:HGNC Symbol;Acc:HGNC:26912]
ENSG00000167778,SPRYD3,protein_coding,12,53064316,53079414,-1,SPRY domain containing 3 [Source:HGNC Symbol;Acc:HGNC:25920]
ENSG00000170860,LSM3,protein_coding,3,14178801,14201122,1,"LSM3 homolog, U6 small nuclear RNA and mRNA degradation associated [Source:HGNC Symbol;Acc:HGNC:17874]"
ENSG00000171858,RPS21,protein_coding,20,62385948,62388534,1,ribosomal protein S21 [Source:HGNC Symbol;Acc:HGNC:10409]
ENSG00000173868,PHOSPHO1,protein_coding,17,49223366,49230787,-1,phosphoethanolamine/phosphocholine phosphatase 1 [Source:HGNC Symbol;Acc:HGNC:16815]
ENSG00000177192,PUS1,protein_coding,12,131929200,131945896,1,pseudouridine synthase 1 [Source:HGNC Symbol;Acc:HGNC:15508]
ENSG00000179111,HES7,protein_coding,17,8120592,8124106,-1,hes family bHLH transcription factor 7 [Source:HGNC Symbol;Acc:HGNC:15977]
ENSG00000186532,SMYD4,protein_coding,17,1779485,1830634,-1,SET and MYND domain containing 4 [Source:HGNC Symbol;Acc:HGNC:21067]
ENSG00000187446,CHP1,protein_coding,15,41230824,41281888,1,calcineurin like EF-hand protein 1 [Source:HGNC Symbol;Acc:HGNC:17433]
ENSG00000200708,RN7SKP93,misc_RNA,2,133596091,133596399,1,RN7SK pseudogene 93 [Source:HGNC Symbol;Acc:HGNC:45817]
ENSG00000202225,RNA5SP240,rRNA_pseudogene,7,120981426,120981553,-1,"RNA, 5S ribosomal pseudogene 240 [Source:HGNC Symbol;Acc:HGNC:43140]"
ENSG00000204368,SSX20P,processed_pseudogene,X,48212791,48218010,1,"SSX family member 20, pseudogene [Source:HGNC Symbol;Acc:HGNC:56825]"
ENSG00000207220,RNU1-57P,snRNA,X,113949917,113950082,1,"RNA, U1 small nuclear 57, pseudogene [Source:HGNC Symbol;Acc:HGNC:48399]"
ENSG00000207369,RNU6-665P,snRNA,8,47667771,47667877,1,"RNA, U6 small nuclear 665, pseudogene [Source:HGNC Symbol;Acc:HGNC:47628]"
ENSG00000207635,MIR499A,miRNA,20,34990376,34990497,1,microRNA 499a [Source:HGNC Symbol;Acc:HGNC:32133]
ENSG00000211790,TRAV8-4,TR_V_gene,14,21894433,21895030,1,T cell receptor alpha variable 8-4 [Source:HGNC Symbol;Acc:HGNC:12149]
ENSG00000211938,IGHV3-7,IG_V_gene,14,106062151,106062683,-1,immunoglobulin heavy variable 3-7 [Source:HGNC Symbol;Acc:HGNC:5620]
ENSG00000213480,KIAA1191P1,processed_pseudogene,4,121369433,121370345,-1,KIAA1191 pseudogene 1 [Source:HGNC Symbol;Acc:HGNC:56785]
ENSG00000214282,KRT8P14,processed_pseudogene,X,45632292,45633733,-1,keratin 8 pseudogene 14 [Source:HGNC Symbol;Acc:HGNC:33366]
ENSG00000215014,SSU72-AS1,lncRNA,1,1574102,1577075,1,SSU72 antisense RNA 1 [Source:HGNC Symbol;Acc:HGNC:57014]
ENSG00000216368,RPL7AP36,processed_pseudogene,6,10118452,10119253,1,ribosomal protein L7a pseudogene 36 [Source:HGNC Symbol;Acc:HGNC:36356]
ENSG00000221052,MIR1266,miRNA,15,52277117,52277200,-1,microRNA 1266 [Source:HGNC Symbol;Acc:HGNC:35334]
ENSG00000224188,UBE2D3P4,processed_pseudogene,13,84020327,84020762,1,ubiquitin conjugating enzyme E2 D3 pseudogene 4 [Source:HGNC Symbol;Acc:HGNC:39391]
ENSG00000224192,SEZ6L-AS1,lncRNA,22,26241331,26254092,-1,SEZ6L antisense RNA 1 [Source:HGNC Symbol;Acc:HGNC:40521]
ENSG00000224660,SH3BP5-AS1,lncRNA,3,15254184,15264515,1,SH3BP5 antisense RNA 1 [Source:HGNC Symbol;Acc:HGNC:44501]
ENSG00000224731,,lncRNA,2,80028012,80030551,-1,novel transcript
ENSG00000225486,,processed_pseudogene,1,233836080,233836432,-1,"acid phosphatase 1, soluble (ACP1) pseudogene"
ENSG00000226186,ELOCP21,processed_pseudogene,2,70955899,70956234,-1,elongin C pseudogene 21 [Source:HGNC Symbol;Acc:HGNC:38157]
ENSG00000226193,,lncRNA,6,152402155,152404967,1,novel transcript
ENSG00000226742,HSBP1L1,protein_coding,18,79964582,79970823,1,heat shock factor binding protein 1 like 1 [Source:HGNC Symbol;Acc:HGNC:37243]
ENSG00000226798,,lncRNA,9,80868848,80922695,-1,putatitive novel transcript
ENSG00000228089,PNKDP1,processed_pseudogene,X,131803312,131803741,-1,PNKD pseudogene 1 [Source:HGNC Symbol;Acc:HGNC:49628]
ENSG00000229017,LINC01277,lncRNA,6,142966293,143060770,-1,long intergenic non-protein coding RNA 1277 [Source:HGNC Symbol;Acc:HGNC:50334]
ENSG00000229785,SLC25A38P1,processed_pseudogene,1,172748560,172749502,1,SLC25A38 pseudogene 1 [Source:HGNC Symbol;Acc:HGNC:43858]
ENSG00000229800,ATP8A2P2,processed_pseudogene,13,32477274,32478841,1,ATPase phospholipid transporting 8A2 pseudogene 2 [Source:HGNC Symbol;Acc:HGNC:39663]
ENSG00000233354,LINC00028,lncRNA,20,31485695,31487603,1,long intergenic non-protein coding RNA 28 [Source:HGNC Symbol;Acc:HGNC:16224]
ENSG00000233571,,lncRNA,X,34206725,34415537,-1,novel transcript
ENSG00000234586,,processed_pseudogene,9,13021694,13022892,-1,Sjogren syndrome antigen B (autoantigen La) (SSB) pseudogene
ENSG00000234777,LINC02529,lncRNA,6,159381699,159401147,1,long intergenic non-protein coding RNA 2529 [Source:HGNC Symbol;Acc:HGNC:53555]
ENSG00000235027,PRADX,lncRNA,11,1760348,1762486,1,PRC2 and DDX5 associated lncRNA [Source:HGNC Symbol;Acc:HGNC:40168]
ENSG00000237174,FILIP1-AS1,lncRNA,6,75357214,75399350,1,FILIP1 antisense RNA 1 [Source:HGNC Symbol;Acc:HGNC:40946]
ENSG00000238059,HSPE1P21,processed_pseudogene,6,133510386,133510693,-1,heat shock protein family E (Hsp10) member 1 pseudogene 21 [Source:HGNC Symbol;Acc:HGNC:49340]
ENSG00000242539,,lncRNA,3,179396961,179399191,1,novel transcript
ENSG00000242618,,lncRNA,3,72202944,72209914,-1,novel transcript
ENSG00000244405,ETV5,protein_coding,3,186046314,186110318,-1,ETS variant transcription factor 5 [Source:HGNC Symbol;Acc:HGNC:3494]
ENSG00000249752,,lncRNA,4,149027445,149062522,-1,novel transcript
ENSG00000250412,KLHL2P1,transcribed_unprocessed_pseudogene,4,119334329,119378233,1,kelch like family member 2 pseudogene 1 [Source:HGNC Symbol;Acc:HGNC:44046]
ENSG00000250546,LINC02994,lncRNA,4,83796421,84299240,-1,long intergenic non-protein coding RNA 2994 [Source:HGNC Symbol;Acc:HGNC:56109]
ENSG00000251527,,lncRNA,4,65858761,65860204,1,novel transcript
ENSG00000252115,Y_RNA,misc_RNA,7,116909877,116909964,-1,Y RNA [Source:RFAM;Acc:RF00019]
ENSG00000252366,RNA5SP367,rRNA_pseudogene,12,101472339,101472456,1,"RNA, 5S ribosomal pseudogene 367 [Source:HGNC Symbol;Acc:HGNC:43267]"
ENSG00000253803,,processed_pseudogene,8,46870902,46872045,-1,similar to zinc finger protein 682 (ZNF682) pseudogene
ENSG00000253861,SLC2A3P1,processed_pseudogene,5,168552277,168553727,-1,solute carrier family 2 member 3 pseudogene 1 [Source:HGNC Symbol;Acc:HGNC:11008]
ENSG00000254535,PABPC4L,protein_coding,4,134196333,134201885,-1,poly(A) binding protein cytoplasmic 4 like [Source:HGNC Symbol;Acc:HGNC:31955]
ENSG00000257159,,processed_pseudogene,12,57967058,57968399,1,zinc finger protein pseudogene
ENSG00000258455,,lncRNA,14,55325834,55339501,-1,novel transcript
ENSG00000259542,,lncRNA,15,96393145,96415047,-1,novel transcript
ENSG00000259575,,lncRNA,15,61211913,61214231,1,"novel transcript, antisense to RORA"
ENSG00000259907,,lncRNA,14,71181422,71182106,1,novel transcript
ENSG00000261014,LINC02165,lncRNA,16,63730170,63755884,1,long intergenic non-protein coding RNA 2165 [Source:HGNC Symbol;Acc:HGNC:53026]
ENSG00000261117,,lncRNA,2,12715415,12716227,1,novel transcript
ENSG00000261804,,lncRNA,16,53373436,53415927,1,novel transcript
ENSG00000262098,,lncRNA,17,81023545,81025503,-1,novel transcript
ENSG00000264422,,lncRNA,17,20575479,20579613,-1,novel transcript
ENSG00000267302,RNFT1-DT,lncRNA,17,59964832,59996972,1,RNFT1 divergent transcript [Source:HGNC Symbol;Acc:HGNC:51346]
ENSG00000267490,,unprocessed_pseudogene,19,9724008,9725086,-1,zinc finger protein 562 (ZNF562) pseudogene
ENSG00000267704,FRG2LP,processed_pseudogene,18,14137710,14139272,1,"FSHD region gene 2 family member L, pseudogene [Source:HGNC Symbol;Acc:HGNC:51798]"
ENSG00000272145,NFYC-AS1,lncRNA,1,40669089,40692086,-1,NFYC antisense RNA 1 [Source:HGNC Symbol;Acc:HGNC:49451]
ENSG00000272664,OR51C4P,unprocessed_pseudogene,11,4718612,4719559,1,olfactory receptor family 51 subfamily C member 4 pseudogene [Source:HGNC Symbol;Acc:HGNC:31280]
ENSG00000273257,LINC02928,lncRNA,4,55373637,55388497,1,long intergenic non-protein coding RNA 2928 [Source:HGNC Symbol;Acc:HGNC:55799]
ENSG00000273399,,lncRNA,9,14586766,14587326,-1,novel transcript
ENSG00000274259,SYNGAP1-AS1,lncRNA,6,33436829,33454470,-1,SYNGAP1 antisense RNA 1 [Source:HGNC Symbol;Acc:HGNC:53831]
ENSG00000274331,,lncRNA,13,109984858,109986565,-1,novel transcript
ENSG00000277744,,lncRNA,19,41373971,41374419,1,"novel transcript, sense intronic TMEM91"
ENSG00000279391,,TEC,11,8075573,8077781,-1,TEC
ENSG00000282949,PCMTD1P7,unprocessed_pseudogene,20,29321310,29321666,-1,protein-L-isoaspartate (D-aspartate) O-methyltransferase domain containing 1 pseudogene 7 [Source:HGNC Symbol;Acc:HGNC:51751]
ENSG00000283329,FAM240B,protein_coding,9,38694266,38720133,-1,family with sequence similarity 240 member B [Source:HGNC Symbol;Acc:HGNC:53430]
