ensembl_gene_id,external_gene_name,gene_biotype,chromosome_name,description
ENSG00000078808,SDF4,protein_coding,1,stromal cell derived factor 4 [Source:HGNC Symbol;Acc:HGNC:24188]
ENSG00000127054,INTS11,protein_coding,1,integrator complex subunit 11 [Source:HGNC Symbol;Acc:HGNC:26052]
ENSG00000131584,ACAP3,protein_coding,1,"ArfGAP with coiled-coil, ankyrin repeat and PH domains 3 [Source:HGNC Symbol;Acc:HGNC:16754]"
ENSG00000131591,C1orf159,protein_coding,1,chromosome 1 open reading frame 159 [Source:HGNC Symbol;Acc:HGNC:26062]
ENSG00000160087,UBE2J2,protein_coding,1,ubiquitin conjugating enzyme E2 J2 [Source:HGNC Symbol;Acc:HGNC:19268]
ENSG00000162571,TTLL10,protein_coding,1,tubulin tyrosine ligase like 10 [Source:HGNC Symbol;Acc:HGNC:26693]
ENSG00000162572,SCNN1D,protein_coding,1,sodium channel epithelial 1 subunit delta [Source:HGNC Symbol;Acc:HGNC:10601]
ENSG00000169972,PUSL1,protein_coding,1,pseudouridine synthase like 1 [Source:HGNC Symbol;Acc:HGNC:26914]
ENSG00000176022,B3GALT6,protein_coding,1,"beta-1,3-galactosyltransferase 6 [Source:HGNC Symbol;Acc:HGNC:17978]"
ENSG00000177757,FAM87B,lncRNA,1,family with sequence similarity 87 member B [Source:HGNC Symbol;Acc:HGNC:32236]
ENSG00000184163,C1QTNF12,protein_coding,1,C1q and TNF related 12 [Source:HGNC Symbol;Acc:HGNC:32308]
ENSG00000186092,OR4F5,protein_coding,1,olfactory receptor family 4 subfamily F member 5 [Source:HGNC Symbol;Acc:HGNC:14825]
ENSG00000186827,TNFRSF4,protein_coding,1,TNF receptor superfamily member 4 [Source:HGNC Symbol;Acc:HGNC:11918]
ENSG00000186891,TNFRSF18,protein_coding,1,TNF receptor superfamily member 18 [Source:HGNC Symbol;Acc:HGNC:11914]
ENSG00000187583,PLEKHN1,protein_coding,1,pleckstrin homology domain containing N1 [Source:HGNC Symbol;Acc:HGNC:25284]
ENSG00000187608,ISG15,protein_coding,1,ISG15 ubiquitin like modifier [Source:HGNC Symbol;Acc:HGNC:4053]
ENSG00000187634,SAMD11,protein_coding,1,sterile alpha motif domain containing 11 [Source:HGNC Symbol;Acc:HGNC:28706]
ENSG00000187642,PERM1,protein_coding,1,"PPARGC1 and ESRR induced regulator, muscle 1 [Source:HGNC Symbol;Acc:HGNC:28208]"
ENSG00000187961,KLHL17,protein_coding,1,kelch like family member 17 [Source:HGNC Symbol;Acc:HGNC:24023]
ENSG00000188157,AGRN,protein_coding,1,agrin [Source:HGNC Symbol;Acc:HGNC:329]
ENSG00000188290,HES4,protein_coding,1,hes family bHLH transcription factor 4 [Source:HGNC Symbol;Acc:HGNC:24149]
ENSG00000188976,NOC2L,protein_coding,1,NOC2 like nucleolar associated transcriptional repressor [Source:HGNC Symbol;Acc:HGNC:24517]
ENSG00000198744,MTCO3P12,unprocessed_pseudogene,1,MT-CO3 pseudogene 12 [Source:HGNC Symbol;Acc:HGNC:52042]
ENSG00000198976,MIR429,miRNA,1,microRNA 429 [Source:HGNC Symbol;Acc:HGNC:13784]
ENSG00000205231,TTLL10-AS1,lncRNA,1,TTLL10 antisense RNA 1 [Source:HGNC Symbol;Acc:HGNC:41159]
ENSG00000207607,MIR200A,miRNA,1,microRNA 200a [Source:HGNC Symbol;Acc:HGNC:31578]
ENSG00000207730,MIR200B,miRNA,1,microRNA 200b [Source:HGNC Symbol;Acc:HGNC:31579]
ENSG00000217801,PTPN11BP,transcribed_unprocessed_pseudogene,1,"protein tyrosine phosphatase non-receptor type 11B, pseudogene [Source:HGNC Symbol;Acc:HGNC:58112]"
ENSG00000222623,RNU6-1100P,snRNA,1,"RNA, U6 small nuclear 1100, pseudogene [Source:HGNC Symbol;Acc:HGNC:48063]"
ENSG00000223181,RNU6-1199P,snRNA,1,"RNA, U6 small nuclear 1199, pseudogene [Source:HGNC Symbol;Acc:HGNC:48162]"
ENSG00000223764,LINC02593,lncRNA,1,long intergenic non-protein coding RNA 2593 [Source:HGNC Symbol;Acc:HGNC:53933]
ENSG00000223823,LINC01342,lncRNA,1,long intergenic non-protein coding RNA 1342 [Source:HGNC Symbol;Acc:HGNC:50551]
ENSG00000223972,DDX11L1,transcribed_unprocessed_pseudogene,1,DEAD/H-box helicase 11 like 1 (pseudogene) [Source:HGNC Symbol;Acc:HGNC:37102]
ENSG00000224969,,lncRNA,1,novel transcript
ENSG00000225630,MTND2P28,unprocessed_pseudogene,1,MT-ND2 pseudogene 28 [Source:HGNC Symbol;Acc:HGNC:42129]
ENSG00000225880,LINC00115,lncRNA,1,long intergenic non-protein coding RNA 115 [Source:HGNC Symbol;Acc:HGNC:26211]
ENSG00000225972,MTND1P23,unprocessed_pseudogene,1,MT-ND1 pseudogene 23 [Source:HGNC Symbol;Acc:HGNC:42092]
ENSG00000227232,WASH7P,transcribed_unprocessed_pseudogene,1,"WASP family homolog 7, pseudogene [Source:HGNC Symbol;Acc:HGNC:38034]"
ENSG00000228327,,transcribed_unprocessed_pseudogene,1,general transcription factor IIi (GTF2I) pseudogene
ENSG00000228463,,transcribed_processed_pseudogene,1,ribosomal protein L23a (RPL23A) pseudogene
ENSG00000228794,LINC01128,lncRNA,1,long intergenic non-protein coding RNA 1128 [Source:HGNC Symbol;Acc:HGNC:49377]
ENSG00000229344,MTCO2P12,unprocessed_pseudogene,1,MT-CO2 pseudogene 12 [Source:HGNC Symbol;Acc:HGNC:52028]
ENSG00000229376,CICP3,processed_pseudogene,1,capicua transcriptional repressor pseudogene 3 [Source:HGNC Symbol;Acc:HGNC:37742]
ENSG00000229905,,lncRNA,1,novel transcript
ENSG00000230021,,transcribed_processed_pseudogene,1,septin 14 (SEPT14) pseudogene
ENSG00000230092,,transcribed_unprocessed_pseudogene,1,F-box only protein 25 (FBXO25) pseudogene
ENSG00000230368,FAM41C,lncRNA,1,family with sequence similarity 41 member C [Source:HGNC Symbol;Acc:HGNC:27635]
ENSG00000230415,LINC01786,lncRNA,1,long intergenic non-protein coding RNA 1786 [Source:HGNC Symbol;Acc:HGNC:52575]
ENSG00000231702,,processed_pseudogene,1,ribosomal protein L39 (RPL39) pseudogene
ENSG00000233653,CICP7,transcribed_processed_pseudogene,1,capicua transcriptional repressor pseudogene 7 [Source:HGNC Symbol;Acc:HGNC:37756]
ENSG00000233750,CICP27,processed_pseudogene,1,capicua transcriptional repressor pseudogene 27 [Source:HGNC Symbol;Acc:HGNC:48835]
ENSG00000234711,TUBB8P11,unprocessed_pseudogene,1,tubulin beta 8 class VIII pseudogene 11 [Source:HGNC Symbol;Acc:HGNC:32337]
ENSG00000235146,,lncRNA,1,novel transcript
ENSG00000236601,,lncRNA,1,novel transcript
ENSG00000236679,RPL23AP24,transcribed_processed_pseudogene,1,ribosomal protein L23a pseudogene 24 [Source:HGNC Symbol;Acc:HGNC:36176]
ENSG00000237094,,transcribed_unprocessed_pseudogene,1,pseudogene similar to part of septin 14 SEPT14
ENSG00000237330,RNF223,protein_coding,1,ring finger protein 223 [Source:HGNC Symbol;Acc:HGNC:40020]
ENSG00000237491,LINC01409,lncRNA,1,long intergenic non-protein coding RNA 1409 [Source:HGNC Symbol;Acc:HGNC:50701]
ENSG00000237613,FAM138A,lncRNA,1,family with sequence similarity 138 member A [Source:HGNC Symbol;Acc:HGNC:32334]
ENSG00000237973,MTCO1P12,unprocessed_pseudogene,1,MT-CO1 pseudogene 12 [Source:HGNC Symbol;Acc:HGNC:52014]
ENSG00000239906,,lncRNA,1,novel transcript
ENSG00000239945,,lncRNA,1,novel transcript
ENSG00000240361,OR4G11P,transcribed_unprocessed_pseudogene,1,olfactory receptor family 4 subfamily G member 11 pseudogene [Source:HGNC Symbol;Acc:HGNC:31276]
ENSG00000240409,MTATP8P1,unprocessed_pseudogene,1,MT-ATP8 pseudogene 1 [Source:HGNC Symbol;Acc:HGNC:44571]
ENSG00000240731,,lncRNA,1,novel transcript
ENSG00000241599,,lncRNA,1,novel transcript
ENSG00000241860,,lncRNA,1,novel transcript
ENSG00000242590,,lncRNA,1,novel transcript
ENSG00000243485,MIR1302-2HG,lncRNA,1,MIR1302-2 host gene [Source:HGNC Symbol;Acc:HGNC:52482]
ENSG00000248527,MTATP6P1,unprocessed_pseudogene,1,MT-ATP6 pseudogene 1 [Source:HGNC Symbol;Acc:HGNC:44575]
ENSG00000250575,,unprocessed_pseudogene,1,novel pseudogene
ENSG00000260179,,lncRNA,1,novel transcript
ENSG00000268020,OR4G4P,transcribed_unprocessed_pseudogene,1,olfactory receptor family 4 subfamily G member 4 pseudogene [Source:HGNC Symbol;Acc:HGNC:14822]
ENSG00000268663,WBP1LP6,processed_pseudogene,1,WBP1L pseudogene 6 [Source:HGNC Symbol;Acc:HGNC:43956]
ENSG00000268903,,transcribed_processed_pseudogene,1,novel pseudogene
ENSG00000269732,WBP1LP7,processed_pseudogene,1,WBP1L pseudogene 7 [Source:HGNC Symbol;Acc:HGNC:43955]
ENSG00000269981,,transcribed_processed_pseudogene,1,novel pseudogene
ENSG00000272141,,lncRNA,1,novel transcript
ENSG00000272438,,lncRNA,1,novel transcript
ENSG00000272512,,lncRNA,1,novel transcript
ENSG00000273443,,lncRNA,1,novel transcript
ENSG00000273874,MIR6859-2,miRNA,1,microRNA 6859-2 [Source:HGNC Symbol;Acc:HGNC:49954]
ENSG00000278073,MIR6726,miRNA,1,microRNA 6726 [Source:HGNC Symbol;Acc:HGNC:50009]
ENSG00000278267,MIR6859-1,miRNA,1,microRNA 6859-1 [Source:HGNC Symbol;Acc:HGNC:50039]
ENSG00000278757,U6,snRNA,1,U6 spliceosomal RNA [Source:RFAM;Acc:RF00026]
ENSG00000278791,,miRNA,1,
ENSG00000279457,WASH9P,transcribed_unprocessed_pseudogene,1,"WAS protein family homolog 9, pseudogene [Source:HGNC Symbol;Acc:HGNC:53981]"
ENSG00000279928,DDX11L17,transcribed_unprocessed_pseudogene,1,DEAD/H-box helicase 11 like 17 (pseudogene) [Source:HGNC Symbol;Acc:HGNC:55080]
ENSG00000283040,,transcribed_unprocessed_pseudogene,1,"FAM166A, pseudogene P3"
ENSG00000283712,MIR6727,miRNA,1,microRNA 6727 [Source:HGNC Symbol;Acc:HGNC:50171]
ENSG00000284332,MIR1302-2,miRNA,1,microRNA 1302-2 [Source:HGNC Symbol;Acc:HGNC:35294]
ENSG00000008128,CDK11A,protein_coding,1,cyclin dependent kinase 11A [Source:HGNC Symbol;Acc:HGNC:1730]
ENSG00000008130,NADK,protein_coding,1,NAD kinase [Source:HGNC Symbol;Acc:HGNC:29831]
ENSG00000067606,PRKCZ,protein_coding,1,protein kinase C zeta [Source:HGNC Symbol;Acc:HGNC:9412]
ENSG00000078369,GNB1,protein_coding,1,G protein subunit beta 1 [Source:HGNC Symbol;Acc:HGNC:4396]
ENSG00000078900,TP73,protein_coding,1,tumor protein p73 [Source:HGNC Symbol;Acc:HGNC:12003]
ENSG00000107404,DVL1,protein_coding,1,dishevelled segment polarity protein 1 [Source:HGNC Symbol;Acc:HGNC:3084]
ENSG00000116151,MORN1,protein_coding,1,MORN repeat containing 1 [Source:HGNC Symbol;Acc:HGNC:25852]
ENSG00000116198,CEP104,protein_coding,1,centrosomal protein 104 [Source:HGNC Symbol;Acc:HGNC:24866]
ENSG00000116213,WRAP73,protein_coding,1,"WD repeat containing, antisense to TP73 [Source:HGNC Symbol;Acc:HGNC:12759]"
ENSG00000130762,ARHGEF16,protein_coding,1,Rho guanine nucleotide exchange factor 16 [Source:HGNC Symbol;Acc:HGNC:15515]
ENSG00000130764,LRRC47,protein_coding,1,leucine rich repeat containing 47 [Source:HGNC Symbol;Acc:HGNC:29207]
ENSG00000142606,MMEL1,protein_coding,1,membrane metalloendopeptidase like 1 [Source:HGNC Symbol;Acc:HGNC:14668]
ENSG00000142609,CFAP74,protein_coding,1,cilia and flagella associated protein 74 [Source:HGNC Symbol;Acc:HGNC:29368]
ENSG00000142611,PRDM16,protein_coding,1,PR/SET domain 16 [Source:HGNC Symbol;Acc:HGNC:14000]
ENSG00000149527,PLCH2,protein_coding,1,phospholipase C eta 2 [Source:HGNC Symbol;Acc:HGNC:29037]
ENSG00000157870,PRXL2B,protein_coding,1,peroxiredoxin like 2B [Source:HGNC Symbol;Acc:HGNC:28390]
ENSG00000157873,TNFRSF14,protein_coding,1,TNF receptor superfamily member 14 [Source:HGNC Symbol;Acc:HGNC:11912]
ENSG00000157881,PANK4,protein_coding,1,pantothenate kinase 4 (inactive) [Source:HGNC Symbol;Acc:HGNC:19366]
ENSG00000157911,PEX10,protein_coding,1,peroxisomal biogenesis factor 10 [Source:HGNC Symbol;Acc:HGNC:8851]
ENSG00000157916,RER1,protein_coding,1,retention in endoplasmic reticulum sorting receptor 1 [Source:HGNC Symbol;Acc:HGNC:30309]
ENSG00000157933,SKI,protein_coding,1,SKI proto-oncogene [Source:HGNC Symbol;Acc:HGNC:10896]
ENSG00000158109,TPRG1L,protein_coding,1,tumor protein p63 regulated 1 like [Source:HGNC Symbol;Acc:HGNC:27007]
ENSG00000160072,ATAD3B,protein_coding,1,ATPase family AAA domain containing 3B [Source:HGNC Symbol;Acc:HGNC:24007]
ENSG00000160075,SSU72,protein_coding,1,"SSU72 homolog, RNA polymerase II CTD phosphatase [Source:HGNC Symbol;Acc:HGNC:25016]"
ENSG00000162576,MXRA8,protein_coding,1,matrix remodeling associated 8 [Source:HGNC Symbol;Acc:HGNC:7542]
ENSG00000162585,FAAP20,protein_coding,1,FA core complex associated protein 20 [Source:HGNC Symbol;Acc:HGNC:26428]
ENSG00000162591,MEGF6,protein_coding,1,multiple EGF like domains 6 [Source:HGNC Symbol;Acc:HGNC:3232]
ENSG00000162592,CCDC27,protein_coding,1,coiled-coil domain containing 27 [Source:HGNC Symbol;Acc:HGNC:26546]
ENSG00000169717,ACTRT2,protein_coding,1,actin related protein T2 [Source:HGNC Symbol;Acc:HGNC:24026]
ENSG00000169885,CALML6,protein_coding,1,calmodulin like 6 [Source:HGNC Symbol;Acc:HGNC:24193]
ENSG00000169962,TAS1R3,protein_coding,1,taste 1 receptor member 3 [Source:HGNC Symbol;Acc:HGNC:15661]
ENSG00000175756,AURKAIP1,protein_coding,1,aurora kinase A interacting protein 1 [Source:HGNC Symbol;Acc:HGNC:24114]
ENSG00000177133,PRDM16-DT,lncRNA,1,PRDM16 divergent transcript [Source:HGNC Symbol;Acc:HGNC:48664]
ENSG00000178821,TMEM52,protein_coding,1,transmembrane protein 52 [Source:HGNC Symbol;Acc:HGNC:27916]
ENSG00000179403,VWA1,protein_coding,1,von Willebrand factor A domain containing 1 [Source:HGNC Symbol;Acc:HGNC:30910]
ENSG00000182873,PRKCZ-AS1,lncRNA,1,PRKCZ antisense RNA 1 [Source:HGNC Symbol;Acc:HGNC:40477]
ENSG00000187730,GABRD,protein_coding,1,gamma-aminobutyric acid type A receptor subunit delta [Source:HGNC Symbol;Acc:HGNC:4084]
ENSG00000189339,SLC35E2B,protein_coding,1,solute carrier family 35 member E2B [Source:HGNC Symbol;Acc:HGNC:33941]
ENSG00000189409,MMP23B,protein_coding,1,matrix metallopeptidase 23B [Source:HGNC Symbol;Acc:HGNC:7171]
ENSG00000197530,MIB2,protein_coding,1,MIB E3 ubiquitin protein ligase 2 [Source:HGNC Symbol;Acc:HGNC:30577]
ENSG00000197785,ATAD3A,protein_coding,1,ATPase family AAA domain containing 3A [Source:HGNC Symbol;Acc:HGNC:25567]
ENSG00000197921,HES5,protein_coding,1,hes family bHLH transcription factor 5 [Source:HGNC Symbol;Acc:HGNC:19764]
ENSG00000205090,TMEM240,protein_coding,1,transmembrane protein 240 [Source:HGNC Symbol;Acc:HGNC:25186]
ENSG00000205116,TMEM88B,protein_coding,1,transmembrane protein 88B [Source:HGNC Symbol;Acc:HGNC:37099]
ENSG00000207776,MIR551A,miRNA,1,microRNA 551a [Source:HGNC Symbol;Acc:HGNC:32806]
ENSG00000215014,SSU72-AS1,lncRNA,1,SSU72 antisense RNA 1 [Source:HGNC Symbol;Acc:HGNC:57014]
ENSG00000215790,SLC35E2A,transcribed_unprocessed_pseudogene,1,solute carrier family 35 member E2A (pseudogene) [Source:HGNC Symbol;Acc:HGNC:20863]
ENSG00000215912,TTC34,protein_coding,1,tetratricopeptide repeat domain 34 [Source:HGNC Symbol;Acc:HGNC:34297]
ENSG00000215914,MMP23A,transcribed_unprocessed_pseudogene,1,matrix metallopeptidase 23A (pseudogene) [Source:HGNC Symbol;Acc:HGNC:7170]
ENSG00000215915,ATAD3C,protein_coding,1,ATPase family AAA domain containing 3C [Source:HGNC Symbol;Acc:HGNC:32151]
ENSG00000221978,CCNL2,protein_coding,1,cyclin L2 [Source:HGNC Symbol;Acc:HGNC:20570]
ENSG00000223663,NDUFB4P8,processed_pseudogene,1,NADH:ubiquinone oxidoreductase subunit B4 pseudogene 8 [Source:HGNC Symbol;Acc:HGNC:45256]
ENSG00000224051,CPTP,protein_coding,1,ceramide-1-phosphate transfer protein [Source:HGNC Symbol;Acc:HGNC:28116]
ENSG00000224387,,lncRNA,1,novel transcript
ENSG00000224870,MRPL20-AS1,lncRNA,1,MRPL20 antisense RNA 1 [Source:HGNC Symbol;Acc:HGNC:27125]
ENSG00000225285,LINC01770,lncRNA,1,long intergenic non-protein coding RNA 1770 [Source:HGNC Symbol;Acc:HGNC:52560]
ENSG00000225905,ANKRD65-AS1,lncRNA,1,ANKRD65 antisense RNA 1 [Source:HGNC Symbol;Acc:HGNC:55844]
ENSG00000225931,,TEC,1,novel transcript
ENSG00000226286,,lncRNA,1,novel transcript
ENSG00000226969,PRKCZ-DT,lncRNA,1,PRKCZ divergent transcript [Source:HGNC Symbol;Acc:HGNC:55824]
ENSG00000227372,GFOD3P,transcribed_unitary_pseudogene,1,"Gfo/Idh/MocA-like oxidoreductase domain containing 3, pseudogene [Source:HGNC Symbol;Acc:HGNC:29052]"
ENSG00000227589,TP73-AS3,lncRNA,1,TP73 antisense RNA 3 [Source:HGNC Symbol;Acc:HGNC:40590]
ENSG00000227775,,transcribed_processed_pseudogene,1,ribosomal protein S7 (RPS7) pseudogene
ENSG00000228037,,lncRNA,1,novel transcript
ENSG00000228594,FNDC10,protein_coding,1,fibronectin type III domain containing 10 [Source:HGNC Symbol;Acc:HGNC:42951]
ENSG00000229393,,lncRNA,1,novel transcript
ENSG00000231050,GNB1-DT,lncRNA,1,GNB1 divergent transcript [Source:HGNC Symbol;Acc:HGNC:55772]
ENSG00000231630,,lncRNA,1,novel transcript
ENSG00000233234,,lncRNA,1,novel transcript
ENSG00000233542,,lncRNA,1,novel transcript
ENSG00000234396,,lncRNA,1,novel transcript
ENSG00000235098,ANKRD65,protein_coding,1,ankyrin repeat domain 65 [Source:HGNC Symbol;Acc:HGNC:42950]
ENSG00000235131,TP73-AS2,lncRNA,1,TP73 antisense RNA 2 [Source:HGNC Symbol;Acc:HGNC:40591]
ENSG00000235169,SMIM1,protein_coding,1,small integral membrane protein 1 (Vel blood group) [Source:HGNC Symbol;Acc:HGNC:44204]
ENSG00000237058,MMEL1-AS1,lncRNA,1,MMEL1 antisense RNA 1 [Source:HGNC Symbol;Acc:HGNC:40695]
ENSG00000238164,TNFRSF14-AS1,lncRNA,1,TNFRSF14 antisense RNA 1 [Source:HGNC Symbol;Acc:HGNC:26966]
ENSG00000238260,,lncRNA,1,novel transcript
ENSG00000242485,MRPL20,protein_coding,1,mitochondrial ribosomal protein L20 [Source:HGNC Symbol;Acc:HGNC:14478]
ENSG00000248333,CDK11B,protein_coding,1,cyclin dependent kinase 11B [Source:HGNC Symbol;Acc:HGNC:1729]
ENSG00000264293,RN7SL657P,misc_RNA,1,"RNA, 7SL, cytoplasmic 657, pseudogene [Source:HGNC Symbol;Acc:HGNC:46673]"
ENSG00000266075,RN7SL574P,misc_RNA,1,"RNA, 7SL, cytoplasmic 574, pseudogene [Source:HGNC Symbol;Acc:HGNC:46590]"
ENSG00000268575,,lncRNA,1,"novel transcript, readthrough between SLC35E2 and CDK11A"
ENSG00000269737,,transcribed_processed_pseudogene,1,ribosomal protein S7 (RPS7) pseudogene
ENSG00000269896,,transcribed_processed_pseudogene,1,small nuclear ribonucleoprotein N (SNRPN) pseudogene
ENSG00000271806,,lncRNA,1,"novel transcript, antisense PRKCZ"
ENSG00000272004,,lncRNA,1,"novel transcript, antisense to SLC35E2B"
ENSG00000272088,,lncRNA,1,novel transcript
ENSG00000272106,,lncRNA,1,artifact
ENSG00000272153,,lncRNA,1,"novel transcript, antisense to LRRC47"
ENSG00000272161,,lncRNA,1,"novel transcript, sense intronic to MORN1"
ENSG00000272235,,lncRNA,1,novel transcript
ENSG00000272420,,lncRNA,1,"novel transcript, sense intronic to MORN1"
ENSG00000272449,,lncRNA,1,novel transcript
ENSG00000272455,MRPL20-DT,lncRNA,1,MRPL20 divergent transcript [Source:HGNC Symbol;Acc:HGNC:54814]
ENSG00000274481,,processed_pseudogene,1,sulfiredoxin 1 (SRXN1) pseudogene
ENSG00000276189,,misc_RNA,1,
ENSG00000279839,,TEC,1,TEC
ENSG00000283259,,lncRNA,1,"novel transcript, antisense to TTC34"
ENSG00000283572,MIR4251,miRNA,1,microRNA 4251 [Source:HGNC Symbol;Acc:HGNC:38370]
ENSG00000284372,MIR6808,miRNA,1,microRNA 6808 [Source:HGNC Symbol;Acc:HGNC:50046]
ENSG00000007923,DNAJC11,protein_coding,1,DnaJ heat shock protein family (Hsp40) member C11 [Source:HGNC Symbol;Acc:HGNC:25570]
ENSG00000041988,THAP3,protein_coding,1,THAP domain containing 3 [Source:HGNC Symbol;Acc:HGNC:20855]
ENSG00000049245,VAMP3,protein_coding,1,vesicle associated membrane protein 3 [Source:HGNC Symbol;Acc:HGNC:12644]
ENSG00000049246,PER3,protein_coding,1,period circadian regulator 3 [Source:HGNC Symbol;Acc:HGNC:8847]
ENSG00000049247,UTS2,protein_coding,1,urotensin 2 [Source:HGNC Symbol;Acc:HGNC:12636]
ENSG00000049249,TNFRSF9,protein_coding,1,TNF receptor superfamily member 9 [Source:HGNC Symbol;Acc:HGNC:11924]
ENSG00000069424,KCNAB2,protein_coding,1,potassium voltage-gated channel subfamily A regulatory beta subunit 2 [Source:HGNC Symbol;Acc:HGNC:6229]
ENSG00000069812,HES2,protein_coding,1,hes family bHLH transcription factor 2 [Source:HGNC Symbol;Acc:HGNC:16005]
ENSG00000074800,ENO1,protein_coding,1,enolase 1 [Source:HGNC Symbol;Acc:HGNC:3350]
ENSG00000097021,ACOT7,protein_coding,1,acyl-CoA thioesterase 7 [Source:HGNC Symbol;Acc:HGNC:24157]
ENSG00000116237,ICMT,protein_coding,1,isoprenylcysteine carboxyl methyltransferase [Source:HGNC Symbol;Acc:HGNC:5350]
ENSG00000116251,RPL22,protein_coding,1,ribosomal protein L22 [Source:HGNC Symbol;Acc:HGNC:10315]
ENSG00000116254,CHD5,protein_coding,1,chromodomain helicase DNA binding protein 5 [Source:HGNC Symbol;Acc:HGNC:16816]
ENSG00000116273,PHF13,protein_coding,1,PHD finger protein 13 [Source:HGNC Symbol;Acc:HGNC:22983]
ENSG00000116285,ERRFI1,protein_coding,1,ERBB receptor feedback inhibitor 1 [Source:HGNC Symbol;Acc:HGNC:18185]
ENSG00000116288,PARK7,protein_coding,1,Parkinsonism associated deglycase [Source:HGNC Symbol;Acc:HGNC:16369]
ENSG00000131686,CA6,protein_coding,1,carbonic anhydrase 6 [Source:HGNC Symbol;Acc:HGNC:1380]
ENSG00000131697,NPHP4,protein_coding,1,nephrocystin 4 [Source:HGNC Symbol;Acc:HGNC:19104]
ENSG00000142583,SLC2A5,protein_coding,1,solute carrier family 2 member 5 [Source:HGNC Symbol;Acc:HGNC:11010]
ENSG00000142599,RERE,protein_coding,1,arginine-glutamic acid dipeptide repeats [Source:HGNC Symbol;Acc:HGNC:9965]
ENSG00000158286,RNF207,protein_coding,1,ring finger protein 207 [Source:HGNC Symbol;Acc:HGNC:32947]
ENSG00000158292,GPR153,protein_coding,1,G protein-coupled receptor 153 [Source:HGNC Symbol;Acc:HGNC:23618]
ENSG00000162408,NOL9,protein_coding,1,nucleolar protein 9 [Source:HGNC Symbol;Acc:HGNC:26265]
ENSG00000162413,KLHL21,protein_coding,1,kelch like family member 21 [Source:HGNC Symbol;Acc:HGNC:29041]
ENSG00000162426,SLC45A1,protein_coding,1,solute carrier family 45 member 1 [Source:HGNC Symbol;Acc:HGNC:17939]
ENSG00000169598,DFFB,protein_coding,1,DNA fragmentation factor subunit beta [Source:HGNC Symbol;Acc:HGNC:2773]
ENSG00000171680,PLEKHG5,protein_coding,1,pleckstrin homology and RhoGEF domain containing G5 [Source:HGNC Symbol;Acc:HGNC:29105]
ENSG00000171735,CAMTA1,protein_coding,1,calmodulin binding transcription activator 1 [Source:HGNC Symbol;Acc:HGNC:18806]
ENSG00000173662,TAS1R1,protein_coding,1,taste 1 receptor member 1 [Source:HGNC Symbol;Acc:HGNC:14448]
ENSG00000173673,HES3,protein_coding,1,hes family bHLH transcription factor 3 [Source:HGNC Symbol;Acc:HGNC:26226]
ENSG00000180758,GPR157,protein_coding,1,G protein-coupled receptor 157 [Source:HGNC Symbol;Acc:HGNC:23687]
ENSG00000187017,ESPN,protein_coding,1,espin [Source:HGNC Symbol;Acc:HGNC:13281]
ENSG00000196581,AJAP1,protein_coding,1,adherens junctions associated protein 1 [Source:HGNC Symbol;Acc:HGNC:30801]
ENSG00000197241,SLC2A7,protein_coding,1,solute carrier family 2 member 7 [Source:HGNC Symbol;Acc:HGNC:13445]
ENSG00000198912,C1orf174,protein_coding,1,chromosome 1 open reading frame 174 [Source:HGNC Symbol;Acc:HGNC:27915]
ENSG00000200344,Y_RNA,misc_RNA,1,Y RNA [Source:RFAM;Acc:RF00019]
ENSG00000200975,RNU1-7P,snRNA,1,"RNA, U1 small nuclear 7, pseudogene [Source:HGNC Symbol;Acc:HGNC:48306]"
ENSG00000201725,RNU6-304P,snRNA,1,"RNA, U6 small nuclear 304, pseudogene [Source:HGNC Symbol;Acc:HGNC:47267]"
ENSG00000204859,ZBTB48,protein_coding,1,zinc finger and BTB domain containing 48 [Source:HGNC Symbol;Acc:HGNC:4930]
ENSG00000207056,RNU1-8P,snRNA,1,"RNA, U1 small nuclear 8, pseudogene [Source:HGNC Symbol;Acc:HGNC:48307]"
ENSG00000215788,TNFRSF25,protein_coding,1,TNF receptor superfamily member 25 [Source:HGNC Symbol;Acc:HGNC:11910]
ENSG00000221083,,snoRNA,1,
ENSG00000222511,Y_RNA,misc_RNA,1,Y RNA [Source:RFAM;Acc:RF00019]
ENSG00000224315,RPL7P7,processed_pseudogene,1,ribosomal protein L7 pseudogene 7 [Source:HGNC Symbol;Acc:HGNC:36895]
ENSG00000225077,ICMT-DT,lncRNA,1,ICMT divergent transcript [Source:HGNC Symbol;Acc:HGNC:28620]
ENSG00000225126,CAMTA1-AS1,lncRNA,1,CAMTA1 antisense RNA 1 [Source:HGNC Symbol;Acc:HGNC:40856]
ENSG00000226374,LINC01345,lncRNA,1,long intergenic non-protein coding RNA 1345 [Source:HGNC Symbol;Acc:HGNC:50564]
ENSG00000226545,,unprocessed_pseudogene,1,ribosomal protein L27 (RPL27) pseudogene
ENSG00000226944,RNF207-AS1,lncRNA,1,RNF207 antisense RNA 1 [Source:HGNC Symbol;Acc:HGNC:41286]
ENSG00000227169,,lncRNA,1,novel transcript
ENSG00000227634,LINC01714,lncRNA,1,long intergenic non-protein coding RNA 1714 [Source:HGNC Symbol;Acc:HGNC:52501]
ENSG00000227950,,processed_pseudogene,1,ribosomal protein L37 (RPL37) pseudogene
ENSG00000228423,,lncRNA,1,novel transcript
ENSG00000228526,MIR34AHG,lncRNA,1,MIR34A host gene [Source:HGNC Symbol;Acc:HGNC:51913]
ENSG00000228750,LINC01672,lncRNA,1,long intergenic non-protein coding RNA 1672 [Source:HGNC Symbol;Acc:HGNC:52460]
ENSG00000229280,EEF1DP6,processed_pseudogene,1,eukaryotic translation elongation factor 1 delta pseudogene 6 [Source:HGNC Symbol;Acc:HGNC:51456]
ENSG00000229305,,processed_pseudogene,1,52kDa eukaryotic translation initiation factor 2 subunit 3 gamma (EIF2S3) pseudogene
ENSG00000229519,,processed_pseudogene,1,ribosomal protein L34 (RPL34) pseudogene
ENSG00000229716,RPL23AP19,processed_pseudogene,1,ribosomal protein L23a pseudogene 19 [Source:HGNC Symbol;Acc:HGNC:36708]
ENSG00000230679,ENO1-AS1,lncRNA,1,ENO1 antisense RNA 1 [Source:HGNC Symbol;Acc:HGNC:40214]
ENSG00000231510,LINC02782,lncRNA,1,long intergenic non-protein coding RNA 2782 [Source:HGNC Symbol;Acc:HGNC:54302]
ENSG00000231868,,lncRNA,1,"novel transcript, antisense to ESPN"
ENSG00000232208,,transcribed_processed_pseudogene,1,zinc finger protein 271 (ZNF) pseudogene
ENSG00000232596,LINC01646,lncRNA,1,long intergenic non-protein coding RNA 1646 [Source:HGNC Symbol;Acc:HGNC:52433]
ENSG00000232663,,processed_pseudogene,1,pseudogene similar to part of cytochrome oxidase subunit II
ENSG00000232848,RPL7AP18,processed_pseudogene,1,ribosomal protein L7a pseudogene 18 [Source:HGNC Symbol;Acc:HGNC:35613]
ENSG00000232912,RERE-AS1,lncRNA,1,RERE antisense RNA 1 [Source:HGNC Symbol;Acc:HGNC:40501]
ENSG00000233304,LINC01346,lncRNA,1,long intergenic non-protein coding RNA 1346 [Source:HGNC Symbol;Acc:HGNC:50563]
ENSG00000233645,,lncRNA,1,novel transcript
ENSG00000234619,RPL7P11,processed_pseudogene,1,ribosomal protein L7 pseudogene 11 [Source:HGNC Symbol;Acc:HGNC:35667]
ENSG00000235054,LINC01777,lncRNA,1,long intergenic non-protein coding RNA 1777 [Source:HGNC Symbol;Acc:HGNC:52567]
ENSG00000236266,,lncRNA,1,novel transcript
ENSG00000236423,LINC01134,lncRNA,1,long intergenic non-protein coding RNA 1134 [Source:HGNC Symbol;Acc:HGNC:49449]
ENSG00000237365,CAMTA1-AS3,lncRNA,1,CAMTA1 antisense RNA 3 [Source:HGNC Symbol;Acc:HGNC:40854]
ENSG00000237402,CAMTA1-IT1,lncRNA,1,CAMTA1 intronic transcript 1 [Source:HGNC Symbol;Acc:HGNC:41446]
ENSG00000237436,CAMTA1-DT,lncRNA,1,CAMTA1 divergent transcript [Source:HGNC Symbol;Acc:HGNC:53020]
ENSG00000237728,CAMTA1-AS2,lncRNA,1,CAMTA1 antisense RNA 2 [Source:HGNC Symbol;Acc:HGNC:40855]
ENSG00000238249,HMGN2P17,processed_pseudogene,1,high mobility group nucleosomal binding domain 2 pseudogene 17 [Source:HGNC Symbol;Acc:HGNC:39381]
ENSG00000238290,ERRFI1-DT,lncRNA,1,ERRFI1 divergent transcript [Source:HGNC Symbol;Acc:HGNC:55646]
ENSG00000251977,RNU6-991P,snRNA,1,"RNA, U6 small nuclear 991, pseudogene [Source:HGNC Symbol;Acc:HGNC:47954]"
ENSG00000252254,Y_RNA,misc_RNA,1,Y RNA [Source:RFAM;Acc:RF00019]
ENSG00000252404,,scaRNA,1,
ENSG00000253022,RNU6-731P,snRNA,1,"RNA, U6 small nuclear 731, pseudogene [Source:HGNC Symbol;Acc:HGNC:47694]"
ENSG00000260972,,lncRNA,1,novel transcript
ENSG00000264101,MIR4689,miRNA,1,microRNA 4689 [Source:HGNC Symbol;Acc:HGNC:41895]
ENSG00000264341,,miRNA,1,
ENSG00000265141,RN7SL451P,misc_RNA,1,"RNA, 7SL, cytoplasmic 451, pseudogene [Source:HGNC Symbol;Acc:HGNC:46467]"
ENSG00000265392,MIR4252,miRNA,1,microRNA 4252 [Source:HGNC Symbol;Acc:HGNC:38384]
ENSG00000269925,,lncRNA,1,"novel transcript, sense intronic to VAMP3"
ENSG00000269978,,lncRNA,1,novel transcript
ENSG00000270035,,lncRNA,1,novel transcript
ENSG00000270171,,lncRNA,1,novel transcript
ENSG00000270282,,processed_pseudogene,1,"ferritin, light polypeptide (FTL) pseudogene"
ENSG00000270330,,processed_pseudogene,1,small EDRK-rich factor 2 (SERF2) pseudogene
ENSG00000271746,,lncRNA,1,"novel transcript, antisense to ACOT7"
ENSG00000274258,MIR6728,miRNA,1,microRNA 6728 [Source:HGNC Symbol;Acc:HGNC:49961]
ENSG00000283356,,unprocessed_pseudogene,1,mitochondrially encoded cytochrome c oxidase III (MT-CO3) pseudogene
ENSG00000284357,MIR34A,miRNA,1,microRNA 34a [Source:HGNC Symbol;Acc:HGNC:31635]
ENSG00000009724,MASP2,protein_coding,1,MBL associated serine protease 2 [Source:HGNC Symbol;Acc:HGNC:6902]
ENSG00000011021,CLCN6,protein_coding,1,chloride voltage-gated channel 6 [Source:HGNC Symbol;Acc:HGNC:2024]
ENSG00000028137,TNFRSF1B,protein_coding,1,TNF receptor superfamily member 1B [Source:HGNC Symbol;Acc:HGNC:11917]
ENSG00000049239,H6PD,protein_coding,1,hexose-6-phosphate dehydrogenase/glucose 1-dehydrogenase [Source:HGNC Symbol;Acc:HGNC:4795]
ENSG00000054523,KIF1B,protein_coding,1,kinesin family member 1B [Source:HGNC Symbol;Acc:HGNC:16636]
ENSG00000083444,PLOD1,protein_coding,1,"procollagen-lysine,2-oxoglutarate 5-dioxygenase 1 [Source:HGNC Symbol;Acc:HGNC:9081]"
ENSG00000116649,SRM,protein_coding,1,spermidine synthase [Source:HGNC Symbol;Acc:HGNC:11296]
ENSG00000116661,FBXO2,protein_coding,1,F-box protein 2 [Source:HGNC Symbol;Acc:HGNC:13581]
ENSG00000116663,FBXO6,protein_coding,1,F-box protein 6 [Source:HGNC Symbol;Acc:HGNC:13585]
ENSG00000116670,MAD2L2,protein_coding,1,mitotic arrest deficient 2 like 2 [Source:HGNC Symbol;Acc:HGNC:6764]
ENSG00000116685,KIAA2013,protein_coding,1,KIAA2013 [Source:HGNC Symbol;Acc:HGNC:28513]
ENSG00000116688,MFN2,protein_coding,1,mitofusin 2 [Source:HGNC Symbol;Acc:HGNC:16877]
ENSG00000116691,MIIP,protein_coding,1,migration and invasion inhibitory protein [Source:HGNC Symbol;Acc:HGNC:25715]
ENSG00000120937,NPPB,protein_coding,1,natriuretic peptide B [Source:HGNC Symbol;Acc:HGNC:7940]
ENSG00000120942,UBIAD1,protein_coding,1,UbiA prenyltransferase domain containing 1 [Source:HGNC Symbol;Acc:HGNC:30791]
ENSG00000120948,TARDBP,protein_coding,1,TAR DNA binding protein [Source:HGNC Symbol;Acc:HGNC:11571]
ENSG00000120949,TNFRSF8,protein_coding,1,TNF receptor superfamily member 8 [Source:HGNC Symbol;Acc:HGNC:11923]
ENSG00000130939,UBE4B,protein_coding,1,ubiquitination factor E4B [Source:HGNC Symbol;Acc:HGNC:12500]
ENSG00000130940,CASZ1,protein_coding,1,castor zinc finger 1 [Source:HGNC Symbol;Acc:HGNC:26002]
ENSG00000132879,FBXO44,protein_coding,1,F-box protein 44 [Source:HGNC Symbol;Acc:HGNC:24847]
ENSG00000142655,PEX14,protein_coding,1,peroxisomal biogenesis factor 14 [Source:HGNC Symbol;Acc:HGNC:8856]
ENSG00000142657,PGD,protein_coding,1,phosphogluconate dehydrogenase [Source:HGNC Symbol;Acc:HGNC:8891]
ENSG00000160049,DFFA,protein_coding,1,DNA fragmentation factor subunit alpha [Source:HGNC Symbol;Acc:HGNC:2772]
ENSG00000162441,LZIC,protein_coding,1,leucine zipper and CTNNBIP1 domain containing [Source:HGNC Symbol;Acc:HGNC:17497]
ENSG00000162444,RBP7,protein_coding,1,retinol binding protein 7 [Source:HGNC Symbol;Acc:HGNC:30316]
ENSG00000162490,DRAXIN,protein_coding,1,dorsal inhibitory axon guidance protein [Source:HGNC Symbol;Acc:HGNC:25054]
ENSG00000171603,CLSTN1,protein_coding,1,calsyntenin 1 [Source:HGNC Symbol;Acc:HGNC:17447]
ENSG00000171608,PIK3CD,protein_coding,1,"phosphatidylinositol-4,5-bisphosphate 3-kinase catalytic subunit delta [Source:HGNC Symbol;Acc:HGNC:8977]"
ENSG00000171612,SLC25A33,protein_coding,1,solute carrier family 25 member 33 [Source:HGNC Symbol;Acc:HGNC:29681]
ENSG00000171621,SPSB1,protein_coding,1,splA/ryanodine receptor domain and SOCS box containing 1 [Source:HGNC Symbol;Acc:HGNC:30628]
ENSG00000171819,ANGPTL7,protein_coding,1,angiopoietin like 7 [Source:HGNC Symbol;Acc:HGNC:24078]
ENSG00000171824,EXOSC10,protein_coding,1,exosome component 10 [Source:HGNC Symbol;Acc:HGNC:9138]
ENSG00000173614,NMNAT1,protein_coding,1,nicotinamide nucleotide adenylyltransferase 1 [Source:HGNC Symbol;Acc:HGNC:17877]
ENSG00000175206,NPPA,protein_coding,1,natriuretic peptide A [Source:HGNC Symbol;Acc:HGNC:7939]
ENSG00000175262,CIROZ,protein_coding,1,ciliated left-right organizer protein containing ZP-N domains [Source:HGNC Symbol;Acc:HGNC:26730]
ENSG00000175279,CENPS,protein_coding,1,centromere protein S [Source:HGNC Symbol;Acc:HGNC:23163]
ENSG00000177000,MTHFR,protein_coding,1,methylenetetrahydrofolate reductase [Source:HGNC Symbol;Acc:HGNC:7436]
ENSG00000177553,C1orf167-AS1,lncRNA,1,C1orf167 antisense RNA 1 [Source:HGNC Symbol;Acc:HGNC:41091]
ENSG00000177674,AGTRAP,protein_coding,1,angiotensin II receptor associated protein [Source:HGNC Symbol;Acc:HGNC:13539]
ENSG00000178585,CTNNBIP1,protein_coding,1,catenin beta interacting protein 1 [Source:HGNC Symbol;Acc:HGNC:16913]
ENSG00000179840,PIK3CD-AS1,lncRNA,1,PIK3CD antisense RNA 1 [Source:HGNC Symbol;Acc:HGNC:32346]
ENSG00000188807,TMEM201,protein_coding,1,transmembrane protein 201 [Source:HGNC Symbol;Acc:HGNC:33719]
ENSG00000198793,MTOR,protein_coding,1,mechanistic target of rapamycin kinase [Source:HGNC Symbol;Acc:HGNC:3942]
ENSG00000199347,RNU5E-1,snRNA,1,"RNA, U5E small nuclear 1 [Source:HGNC Symbol;Acc:HGNC:10215]"
ENSG00000199562,RNU6-37P,snRNA,1,"RNA, U6 small nuclear 37, pseudogene [Source:HGNC Symbol;Acc:HGNC:34281]"
ENSG00000201135,RNU6-777P,snRNA,1,"RNA, U6 small nuclear 777, pseudogene [Source:HGNC Symbol;Acc:HGNC:47740]"
ENSG00000201746,RNU6-828P,snRNA,1,"RNA, U6 small nuclear 828, pseudogene [Source:HGNC Symbol;Acc:HGNC:47791]"
ENSG00000201801,RNU5E-4P,snRNA,1,"RNA, U5E small nuclear 4, pseudogene [Source:HGNC Symbol;Acc:HGNC:42513]"
ENSG00000202415,RN7SKP269,misc_RNA,1,RN7SK pseudogene 269 [Source:HGNC Symbol;Acc:HGNC:45993]
ENSG00000202461,Y_RNA,misc_RNA,1,Y RNA [Source:RFAM;Acc:RF00019]
ENSG00000203469,,lncRNA,1,"novel transcript, antisense to DFFA"
ENSG00000204624,DISP3,protein_coding,1,dispatched RND transporter family member 3 [Source:HGNC Symbol;Acc:HGNC:29251]
ENSG00000207451,RNU6-291P,snRNA,1,"RNA, U6 small nuclear 291, pseudogene [Source:HGNC Symbol;Acc:HGNC:47254]"
ENSG00000215785,CFL1P6,processed_pseudogene,1,cofilin 1 pseudogene 6 [Source:HGNC Symbol;Acc:HGNC:34545]
ENSG00000215910,C1orf167,protein_coding,1,chromosome 1 open reading frame 167 [Source:HGNC Symbol;Acc:HGNC:25262]
ENSG00000223989,CTNNBIP1-AS1,lncRNA,1,CTNNBIP1 antisense RNA 1 [Source:HGNC Symbol;Acc:HGNC:40782]
ENSG00000224338,MTCYBP45,processed_pseudogene,1,MT-CYB pseudogene 45 [Source:HGNC Symbol;Acc:HGNC:52313]
ENSG00000224340,RPL21P21,processed_pseudogene,1,ribosomal protein L21 pseudogene 21 [Source:HGNC Symbol;Acc:HGNC:35728]
ENSG00000224904,SBF1P2,processed_pseudogene,1,SBF1 pseudogene 2 [Source:HGNC Symbol;Acc:HGNC:54552]
ENSG00000225158,HSPE1P24,processed_pseudogene,1,heat shock protein family E (Hsp10) member 1 pseudogene 24 [Source:HGNC Symbol;Acc:HGNC:49343]
ENSG00000225602,MTOR-AS1,lncRNA,1,MTOR antisense RNA 1 [Source:HGNC Symbol;Acc:HGNC:40242]
ENSG00000227875,RPL23AP89,processed_pseudogene,1,ribosomal protein L23a pseudogene 89 [Source:HGNC Symbol;Acc:HGNC:51623]
ENSG00000228150,,lncRNA,1,novel transcript
ENSG00000230337,EXOSC10-AS1,lncRNA,1,EXOSC10 antisense RNA 1 [Source:HGNC Symbol;Acc:HGNC:40456]
ENSG00000231181,,processed_pseudogene,1,ribosomal protein L9 (RPL9) pseudogene
ENSG00000231789,PIK3CD-AS2,lncRNA,1,PIK3CD antisense RNA 2 [Source:HGNC Symbol;Acc:HGNC:51334]
ENSG00000233268,,processed_pseudogene,1,ribosomal protein L26 pseudogene (RPL26)
ENSG00000233623,PGAM1P11,processed_pseudogene,1,phosphoglycerate mutase 1 pseudogene 11 [Source:HGNC Symbol;Acc:HGNC:42464]
ENSG00000234546,LNCTAM34A,lncRNA,1,long non coding transcriptional activator of miR34a [Source:HGNC Symbol;Acc:HGNC:52548]
ENSG00000235263,,lncRNA,1,novel transcript
ENSG00000235643,LINC01647,lncRNA,1,long intergenic non-protein coding RNA 1647 [Source:HGNC Symbol;Acc:HGNC:52434]
ENSG00000238173,RPL39P6,processed_pseudogene,1,ribosomal protein L39 pseudogene 6 [Source:HGNC Symbol;Acc:HGNC:35803]
ENSG00000238199,UBE2V2P3,processed_pseudogene,1,ubiquitin conjugating enzyme E2 V2 pseudogene 3 [Source:HGNC Symbol;Acc:HGNC:44891]
ENSG00000241326,,lncRNA,1,novel transcript
ENSG00000241563,CORT,protein_coding,1,cortistatin [Source:HGNC Symbol;Acc:HGNC:2257]
ENSG00000243267,RN7SL614P,misc_RNA,1,"RNA, 7SL, cytoplasmic 614, pseudogene [Source:HGNC Symbol;Acc:HGNC:46630]"
ENSG00000243539,RN7SL649P,misc_RNA,1,"RNA, 7SL, cytoplasmic 649, pseudogene [Source:HGNC Symbol;Acc:HGNC:46665]"
ENSG00000251503,CENPS-CORT,protein_coding,1,CENPS-CORT readthrough [Source:HGNC Symbol;Acc:HGNC:38843]
ENSG00000252956,RNA5SP40,rRNA_pseudogene,1,"RNA, 5S ribosomal pseudogene 40 [Source:HGNC Symbol;Acc:HGNC:42816]"
ENSG00000253086,RNU6-537P,snRNA,1,"RNA, U6 small nuclear 537, pseudogene [Source:HGNC Symbol;Acc:HGNC:47500]"
ENSG00000263676,MIR4632,miRNA,1,microRNA 4632 [Source:HGNC Symbol;Acc:HGNC:41593]
ENSG00000264501,RN7SL731P,misc_RNA,1,"RNA, 7SL, cytoplasmic 731, pseudogene [Source:HGNC Symbol;Acc:HGNC:46747]"
ENSG00000264881,,miRNA,1,
ENSG00000265521,MIR5697,miRNA,1,microRNA 5697 [Source:HGNC Symbol;Acc:HGNC:43509]
ENSG00000270914,,processed_pseudogene,1,inositol(myo)-1(or 4)-monophosphatase 1 (IMPA1) pseudogene
ENSG00000271264,MZT1P1,processed_pseudogene,1,mitotic spindle organizing protein 1 pseudogene 1 [Source:HGNC Symbol;Acc:HGNC:50605]
ENSG00000271989,,lncRNA,1,"novel transcript, antisense to APITD1-CORT"
ENSG00000272078,,lncRNA,1,"novel transcript, antisense to CASZ1"
ENSG00000275915,,misc_RNA,1,
ENSG00000276470,,misc_RNA,1,
ENSG00000276869,MIR6729,miRNA,1,microRNA 6729 [Source:HGNC Symbol;Acc:HGNC:50103]
ENSG00000278852,,misc_RNA,1,
ENSG00000280113,,TEC,1,TEC
ENSG00000283611,TMEM274P,unitary_pseudogene,1,"transmembrane protein 274, pseudogene [Source:HGNC Symbol;Acc:HGNC:53732]"
ENSG00000283789,MIR7846,miRNA,1,microRNA 7846 [Source:HGNC Symbol;Acc:HGNC:50029]
ENSG00000048707,VPS13D,protein_coding,1,vacuolar protein sorting 13 homolog D [Source:HGNC Symbol;Acc:HGNC:23595]
ENSG00000116138,DNAJC16,protein_coding,1,DnaJ heat shock protein family (Hsp40) member C16 [Source:HGNC Symbol;Acc:HGNC:29157]
ENSG00000116721,PRAMEF1,protein_coding,1,PRAME family member 1 [Source:HGNC Symbol;Acc:HGNC:28840]
ENSG00000116726,PRAMEF12,protein_coding,1,PRAME family member 12 [Source:HGNC Symbol;Acc:HGNC:22125]
ENSG00000116731,PRDM2,protein_coding,1,PR/SET domain 2 [Source:HGNC Symbol;Acc:HGNC:9347]
ENSG00000116771,AGMAT,protein_coding,1,agmatinase (putative) [Source:HGNC Symbol;Acc:HGNC:18407]
ENSG00000116786,PLEKHM2,protein_coding,1,pleckstrin homology and RUN domain containing M2 [Source:HGNC Symbol;Acc:HGNC:29131]
ENSG00000120952,PRAMEF2,protein_coding,1,PRAME family member 2 [Source:HGNC Symbol;Acc:HGNC:28841]
ENSG00000132906,CASP9,protein_coding,1,caspase 9 [Source:HGNC Symbol;Acc:HGNC:1511]
ENSG00000142615,CELA2A,protein_coding,1,chymotrypsin like elastase 2A [Source:HGNC Symbol;Acc:HGNC:24609]
ENSG00000142621,FHAD1,protein_coding,1,forkhead associated phosphopeptide binding domain 1 [Source:HGNC Symbol;Acc:HGNC:29408]
ENSG00000142634,EFHD2,protein_coding,1,EF-hand domain family member D2 [Source:HGNC Symbol;Acc:HGNC:28670]
ENSG00000157330,CFAP107,protein_coding,1,cilia and flagella associated protein 107 [Source:HGNC Symbol;Acc:HGNC:28567]
ENSG00000162438,CTRC,protein_coding,1,chymotrypsin C [Source:HGNC Symbol;Acc:HGNC:2523]
ENSG00000162458,FBLIM1,protein_coding,1,filamin binding LIM protein 1 [Source:HGNC Symbol;Acc:HGNC:24686]
ENSG00000162460,TMEM82,protein_coding,1,transmembrane protein 82 [Source:HGNC Symbol;Acc:HGNC:32350]
ENSG00000162461,SLC25A34,protein_coding,1,solute carrier family 25 member 34 [Source:HGNC Symbol;Acc:HGNC:27653]
ENSG00000162493,PDPN,protein_coding,1,podoplanin [Source:HGNC Symbol;Acc:HGNC:29602]
ENSG00000162494,LRRC38,protein_coding,1,leucine rich repeat containing 38 [Source:HGNC Symbol;Acc:HGNC:27005]
ENSG00000162496,DHRS3,protein_coding,1,dehydrogenase/reductase 3 [Source:HGNC Symbol;Acc:HGNC:17693]
ENSG00000171729,TMEM51,protein_coding,1,transmembrane protein 51 [Source:HGNC Symbol;Acc:HGNC:25488]
ENSG00000175147,TMEM51-AS1,lncRNA,1,TMEM51 antisense RNA 1 [Source:HGNC Symbol;Acc:HGNC:26301]
ENSG00000178715,,processed_pseudogene,1,ribosomal protein S16 (RPS16) pseudogene
ENSG00000179172,HNRNPCL1,protein_coding,1,heterogeneous nuclear ribonucleoprotein C like 1 [Source:HGNC Symbol;Acc:HGNC:29295]
ENSG00000179412,HNRNPCL4,protein_coding,1,heterogeneous nuclear ribonucleoprotein C like 4 [Source:HGNC Symbol;Acc:HGNC:51333]
ENSG00000179743,SPEN-AS1,lncRNA,1,SPEN antisense RNA 1 [Source:HGNC Symbol;Acc:HGNC:55937]
ENSG00000182330,PRAMEF8,protein_coding,1,PRAME family member 8 [Source:HGNC Symbol;Acc:HGNC:24074]
ENSG00000187545,PRAMEF10,protein_coding,1,PRAME family member 10 [Source:HGNC Symbol;Acc:HGNC:27997]
ENSG00000188984,AADACL3,protein_coding,1,arylacetamide deacetylase like 3 [Source:HGNC Symbol;Acc:HGNC:32037]
ENSG00000189337,KAZN,protein_coding,1,"kazrin, periplakin interacting protein [Source:HGNC Symbol;Acc:HGNC:29173]"
ENSG00000197312,DDI2,protein_coding,1,DNA damage inducible 1 homolog 2 [Source:HGNC Symbol;Acc:HGNC:24578]
ENSG00000204464,TMEM51-AS2,lncRNA,1,TMEM51 antisense RNA 2 [Source:HGNC Symbol;Acc:HGNC:32332]
ENSG00000204478,PRAMEF20,protein_coding,1,PRAME family member 20 [Source:HGNC Symbol;Acc:HGNC:25224]
ENSG00000204479,PRAMEF17,protein_coding,1,PRAME family member 17 [Source:HGNC Symbol;Acc:HGNC:29485]
ENSG00000204480,PRAMEF19,protein_coding,1,PRAME family member 19 [Source:HGNC Symbol;Acc:HGNC:24908]
ENSG00000204481,PRAMEF14,protein_coding,1,PRAME family member 14 [Source:HGNC Symbol;Acc:HGNC:13576]
ENSG00000204501,PRAMEF15,protein_coding,1,PRAME family member 15 [Source:HGNC Symbol;Acc:HGNC:26764]
ENSG00000204505,PRAMEF9,protein_coding,1,PRAME family member 9 [Source:HGNC Symbol;Acc:HGNC:27996]
ENSG00000204510,PRAMEF7,protein_coding,1,PRAME family member 7 [Source:HGNC Symbol;Acc:HGNC:28415]
ENSG00000204518,AADACL4,protein_coding,1,arylacetamide deacetylase like 4 [Source:HGNC Symbol;Acc:HGNC:32038]
ENSG00000207434,RNU6-1072P,snRNA,1,"RNA, U6 small nuclear 1072, pseudogene [Source:HGNC Symbol;Acc:HGNC:48035]"
ENSG00000207511,RNU6-771P,snRNA,1,"RNA, U6 small nuclear 771, pseudogene [Source:HGNC Symbol;Acc:HGNC:47734]"
ENSG00000215695,RSC1A1,protein_coding,1,regulator of solute carriers 1 [Source:HGNC Symbol;Acc:HGNC:10458]
ENSG00000215704,CELA2B,protein_coding,1,chymotrypsin like elastase 2B [Source:HGNC Symbol;Acc:HGNC:29995]
ENSG00000215720,MFFP1,processed_pseudogene,1,MFF pseudogene 1 [Source:HGNC Symbol;Acc:HGNC:54537]
ENSG00000215909,BRWD1P1,processed_pseudogene,1,bromodomain and WD repeat domain containing 1 pseudogene 1 [Source:HGNC Symbol;Acc:HGNC:51528]
ENSG00000221340,RNU6ATAC18P,snRNA,1,"RNA, U6atac small nuclear 18, pseudogene [Source:HGNC Symbol;Acc:HGNC:46917]"
ENSG00000222952,RNA5SP41,rRNA_pseudogene,1,"RNA, 5S ribosomal pseudogene 41 [Source:HGNC Symbol;Acc:HGNC:42817]"
ENSG00000224321,RPL12P14,processed_pseudogene,1,ribosomal protein L12 pseudogene 14 [Source:HGNC Symbol;Acc:HGNC:36495]
ENSG00000224459,SLC25A34-AS1,lncRNA,1,SLC25A34 and TMEM82 antisense RNA 1 [Source:HGNC Symbol;Acc:HGNC:53623]
ENSG00000225196,RPL10P17,processed_pseudogene,1,ribosomal protein L10 pseudogene 17 [Source:HGNC Symbol;Acc:HGNC:52348]
ENSG00000226166,,processed_pseudogene,1,ribosomal protein L23a (RPL23A) pseudogene
ENSG00000228140,EFHD2-AS1,lncRNA,1,EFHD2 antisense RNA 1 [Source:HGNC Symbol;Acc:HGNC:55801]
ENSG00000228229,,lncRNA,1,novel transcript
ENSG00000228338,LINC01784,lncRNA,1,long intergenic non-protein coding RNA 1784 [Source:HGNC Symbol;Acc:HGNC:52574]
ENSG00000229484,LINC02766,lncRNA,1,long intergenic non-protein coding RNA 2766 [Source:HGNC Symbol;Acc:HGNC:54286]
ENSG00000229571,PRAMEF25,protein_coding,1,PRAME family member 25 [Source:HGNC Symbol;Acc:HGNC:49179]
ENSG00000229978,PRAMEF36P,transcribed_unprocessed_pseudogene,1,"PRAME family member 36, pseudogene [Source:HGNC Symbol;Acc:HGNC:51897]"
ENSG00000231103,PRAMEF30P,unprocessed_pseudogene,1,"PRAME family member 30, pseudogene [Source:HGNC Symbol;Acc:HGNC:51892]"
ENSG00000231219,PRAMEF32P,unprocessed_pseudogene,1,"PRAME family member 32, pseudogene [Source:HGNC Symbol;Acc:HGNC:51894]"
ENSG00000231606,,lncRNA,1,novel transcript
ENSG00000232423,PRAMEF6,protein_coding,1,PRAME family member 6 [Source:HGNC Symbol;Acc:HGNC:30583]
ENSG00000233336,,lncRNA,1,novel transcript
ENSG00000233485,FHAD1-AS1,lncRNA,1,FHAD1 antisense RNA 1 [Source:HGNC Symbol;Acc:HGNC:41241]
ENSG00000233954,UQCRHL,protein_coding,1,ubiquinol-cytochrome c reductase hinge protein like [Source:HGNC Symbol;Acc:HGNC:51714]
ENSG00000234064,PRAMEF29P,unprocessed_pseudogene,1,"PRAME family member 29, pseudogene [Source:HGNC Symbol;Acc:HGNC:51891]"
ENSG00000234593,KAZN-AS1,lncRNA,1,KAZN antisense RNA 1 [Source:HGNC Symbol;Acc:HGNC:53610]
ENSG00000235084,CHCHD2P6,processed_pseudogene,1,coiled-coil-helix-coiled-coil-helix domain containing 2 pseudogene 6 [Source:HGNC Symbol;Acc:HGNC:39590]
ENSG00000235829,TBCAP2,processed_pseudogene,1,tubulin folding cofactor A pseudogene 2 [Source:HGNC Symbol;Acc:HGNC:42631]
ENSG00000236045,,lncRNA,1,novel transcript
ENSG00000236179,PRAMEF35P,unprocessed_pseudogene,1,"PRAME family member 35, pseudogene [Source:HGNC Symbol;Acc:HGNC:51896]"
ENSG00000236500,CD24P1,processed_pseudogene,1,CD24 molecule pseudogene 1 [Source:HGNC Symbol;Acc:HGNC:1646]
ENSG00000237301,,lncRNA,1,novel transcript
ENSG00000237445,,lncRNA,1,novel transcript
ENSG00000237700,PRAMEF33,protein_coding,1,PRAME family member 33 [Source:HGNC Symbol;Acc:HGNC:49193]
ENSG00000237938,,lncRNA,1,"novel transcript, antisense to SLC25A34 and PLEKHM2"
ENSG00000239149,SNORA59A,snoRNA,1,"small nucleolar RNA, H/ACA box 59A [Source:HGNC Symbol;Acc:HGNC:32653]"
ENSG00000239810,PRAMEF11,protein_coding,1,PRAME family member 11 [Source:HGNC Symbol;Acc:HGNC:14086]
ENSG00000243073,PRAMEF4,protein_coding,1,PRAME family member 4 [Source:HGNC Symbol;Acc:HGNC:31971]
ENSG00000250894,PRAMEF31P,transcribed_unprocessed_pseudogene,1,"PRAME family member 31, pseudogene [Source:HGNC Symbol;Acc:HGNC:51893]"
ENSG00000251866,SCARNA21B,scaRNA,1,small Cajal body-specific RNA 21B [Source:HGNC Symbol;Acc:HGNC:52237]
ENSG00000252151,RNU6-1265P,snRNA,1,"RNA, U6 small nuclear 1265, pseudogene [Source:HGNC Symbol;Acc:HGNC:48228]"
ENSG00000252417,RNU7-179P,snRNA,1,"RNA, U7 small nuclear 179 pseudogene [Source:HGNC Symbol;Acc:HGNC:45713]"
ENSG00000252969,SNORA70,snoRNA,1,Small nucleolar RNA SNORA70 [Source:RFAM;Acc:RF00156]
ENSG00000253085,,scaRNA,1,
ENSG00000259961,,lncRNA,1,novel transcript
ENSG00000270601,PRAMEF5,protein_coding,1,PRAME family member 5 [Source:HGNC Symbol;Acc:HGNC:27995]
ENSG00000271742,,lncRNA,1,novel transcript
ENSG00000272510,,lncRNA,1,"novel transcript, antisense to DNAJC16"
ENSG00000274178,PRAMEF28P,unprocessed_pseudogene,1,"PRAME family member 28, pseudogene [Source:HGNC Symbol;Acc:HGNC:51890]"
ENSG00000274764,PRAMEF27,protein_coding,1,PRAME family member 27 [Source:HGNC Symbol;Acc:HGNC:51234]
ENSG00000275774,HNRNPCL2,protein_coding,1,heterogeneous nuclear ribonucleoprotein C like 2 [Source:HGNC Symbol;Acc:HGNC:48813]
ENSG00000276830,MIR6730,miRNA,1,microRNA 6730 [Source:HGNC Symbol;Acc:HGNC:50222]
ENSG00000277058,HNRNPCL3,protein_coding,1,heterogeneous nuclear ribonucleoprotein C like 3 [Source:HGNC Symbol;Acc:HGNC:51235]
ENSG00000277862,PRAMEF34P,unprocessed_pseudogene,1,"PRAME family member 34, pseudogene [Source:HGNC Symbol;Acc:HGNC:51895]"
ENSG00000278480,ZBTB2P1,processed_pseudogene,1,ZBTB2 pseudogene 1 [Source:HGNC Symbol;Acc:HGNC:54544]
ENSG00000279169,PRAMEF13,protein_coding,1,PRAME family member 13 [Source:HGNC Symbol;Acc:HGNC:13262]
ENSG00000279804,PRAMEF18,protein_coding,1,PRAME family member 18 [Source:HGNC Symbol;Acc:HGNC:30693]
ENSG00000280267,PRAMEF26,protein_coding,1,PRAME family member 26 [Source:HGNC Symbol;Acc:HGNC:49178]
ENSG00000009709,PAX7,protein_coding,1,paired box 7 [Source:HGNC Symbol;Acc:HGNC:8621]
ENSG00000037637,FBXO42,protein_coding,1,F-box protein 42 [Source:HGNC Symbol;Acc:HGNC:29249]
ENSG00000053372,MRTO4,protein_coding,1,"MRT4 homolog, ribosome maturation factor [Source:HGNC Symbol;Acc:HGNC:18477]"
ENSG00000055070,SZRD1,protein_coding,1,SUZ RNA binding domain containing 1 [Source:HGNC Symbol;Acc:HGNC:30232]
ENSG00000058453,CROCC,protein_coding,1,"ciliary rootlet coiled-coil, rootletin [Source:HGNC Symbol;Acc:HGNC:21299]"
ENSG00000065526,SPEN,protein_coding,1,spen family transcriptional repressor [Source:HGNC Symbol;Acc:HGNC:17575]
ENSG00000074964,ARHGEF10L,protein_coding,1,Rho guanine nucleotide exchange factor 10 like [Source:HGNC Symbol;Acc:HGNC:25540]
ENSG00000080947,CROCCP3,transcribed_unprocessed_pseudogene,1,CROCC pseudogene 3 [Source:HGNC Symbol;Acc:HGNC:29405]
ENSG00000116809,ZBTB17,protein_coding,1,zinc finger and BTB domain containing 17 [Source:HGNC Symbol;Acc:HGNC:12936]
ENSG00000117115,PADI2,protein_coding,1,peptidyl arginine deiminase 2 [Source:HGNC Symbol;Acc:HGNC:18341]
ENSG00000117118,SDHB,protein_coding,1,succinate dehydrogenase complex iron sulfur subunit B [Source:HGNC Symbol;Acc:HGNC:10681]
ENSG00000117122,MFAP2,protein_coding,1,microfibril associated protein 2 [Source:HGNC Symbol;Acc:HGNC:7033]
ENSG00000117148,ACTL8,protein_coding,1,actin like 8 [Source:HGNC Symbol;Acc:HGNC:24018]
ENSG00000117154,IGSF21,protein_coding,1,immunoglobin superfamily member 21 [Source:HGNC Symbol;Acc:HGNC:28246]
ENSG00000127463,EMC1,protein_coding,1,ER membrane protein complex subunit 1 [Source:HGNC Symbol;Acc:HGNC:28957]
ENSG00000127481,UBR4,protein_coding,1,ubiquitin protein ligase E3 component n-recognin 4 [Source:HGNC Symbol;Acc:HGNC:30313]
ENSG00000132881,CPLANE2,protein_coding,1,ciliogenesis and planar polarity effector complex subunit 2 [Source:HGNC Symbol;Acc:HGNC:28127]
ENSG00000142619,PADI3,protein_coding,1,peptidyl arginine deiminase 3 [Source:HGNC Symbol;Acc:HGNC:18337]
ENSG00000142623,PADI1,protein_coding,1,peptidyl arginine deiminase 1 [Source:HGNC Symbol;Acc:HGNC:18367]
ENSG00000142627,EPHA2,protein_coding,1,EPH receptor A2 [Source:HGNC Symbol;Acc:HGNC:3386]
ENSG00000142632,ARHGEF19,protein_coding,1,Rho guanine nucleotide exchange factor 19 [Source:HGNC Symbol;Acc:HGNC:26604]
ENSG00000157191,NECAP2,protein_coding,1,NECAP endocytosis associated 2 [Source:HGNC Symbol;Acc:HGNC:25528]
ENSG00000159339,PADI4,protein_coding,1,peptidyl arginine deiminase 4 [Source:HGNC Symbol;Acc:HGNC:18368]
ENSG00000159363,ATP13A2,protein_coding,1,ATPase cation transporting 13A2 [Source:HGNC Symbol;Acc:HGNC:30213]
ENSG00000159423,ALDH4A1,protein_coding,1,aldehyde dehydrogenase 4 family member A1 [Source:HGNC Symbol;Acc:HGNC:406]
ENSG00000169991,IFFO2,protein_coding,1,intermediate filament family orphan 2 [Source:HGNC Symbol;Acc:HGNC:27006]
ENSG00000173641,HSPB7,protein_coding,1,heat shock protein family B (small) member 7 [Source:HGNC Symbol;Acc:HGNC:5249]
ENSG00000179002,TAS1R2,protein_coding,1,taste 1 receptor member 2 [Source:HGNC Symbol;Acc:HGNC:14905]
ENSG00000179023,KLHDC7A,protein_coding,1,kelch domain containing 7A [Source:HGNC Symbol;Acc:HGNC:26791]
ENSG00000179051,RCC2,protein_coding,1,regulator of chromosome condensation 2 [Source:HGNC Symbol;Acc:HGNC:30297]
ENSG00000183888,SRARP,protein_coding,1,steroid receptor associated and regulated protein [Source:HGNC Symbol;Acc:HGNC:28339]
ENSG00000184908,CLCNKB,protein_coding,1,chloride voltage-gated channel Kb [Source:HGNC Symbol;Acc:HGNC:2027]
ENSG00000185519,FAM131C,protein_coding,1,family with sequence similarity 131 member C [Source:HGNC Symbol;Acc:HGNC:26717]
ENSG00000186301,MST1P2,transcribed_unprocessed_pseudogene,1,macrophage stimulating 1 pseudogene 2 [Source:HGNC Symbol;Acc:HGNC:7383]
ENSG00000186510,CLCNKA,protein_coding,1,chloride voltage-gated channel Ka [Source:HGNC Symbol;Acc:HGNC:2026]
ENSG00000186715,MST1L,transcribed_unprocessed_pseudogene,1,macrophage stimulating 1 like (pseudogene) [Source:HGNC Symbol;Acc:HGNC:7390]
ENSG00000187144,SPATA21,protein_coding,1,spermatogenesis associated 21 [Source:HGNC Symbol;Acc:HGNC:28026]
ENSG00000204362,LINC02783,lncRNA,1,long intergenic non-protein coding RNA 2783 [Source:HGNC Symbol;Acc:HGNC:54303]
ENSG00000206652,RNU1-1,snRNA,1,"RNA, U1 small nuclear 1 [Source:HGNC Symbol;Acc:HGNC:10120]"
ENSG00000207005,RNU1-2,snRNA,1,"RNA, U1 small nuclear 2 [Source:HGNC Symbol;Acc:HGNC:10123]"
ENSG00000207389,RNU1-4,snRNA,1,"RNA, U1 small nuclear 4 [Source:HGNC Symbol;Acc:HGNC:10128]"
ENSG00000207513,RNU1-3,snRNA,1,"RNA, U1 small nuclear 3 [Source:HGNC Symbol;Acc:HGNC:10130]"
ENSG00000215908,CROCCP2,transcribed_unprocessed_pseudogene,1,CROCC pseudogene 2 [Source:HGNC Symbol;Acc:HGNC:28170]
ENSG00000219481,NBPF1,protein_coding,1,NBPF member 1 [Source:HGNC Symbol;Acc:HGNC:26088]
ENSG00000221662,MIR1290,miRNA,1,microRNA 1290 [Source:HGNC Symbol;Acc:HGNC:35283]
ENSG00000223643,,lncRNA,1,novel transcript
ENSG00000224174,,lncRNA,1,novel transcript
ENSG00000224966,TBC1D3P6,unprocessed_pseudogene,1,TBC1 domain family member 3 pseudogene 6 [Source:HGNC Symbol;Acc:HGNC:43568]
ENSG00000225387,,lncRNA,1,novel transcript
ENSG00000225478,,processed_pseudogene,1,MT-ND1 (MT-ND1) pseudogene
ENSG00000225710,PDE4DIPP8,unprocessed_pseudogene,1,PDE4DIP pseudogene 8 [Source:HGNC Symbol;Acc:HGNC:55099]
ENSG00000226029,LINC01772,lncRNA,1,long intergenic non-protein coding RNA 1772 [Source:HGNC Symbol;Acc:HGNC:52562]
ENSG00000226457,RPL22P3,processed_pseudogene,1,ribosomal protein L22 pseudogene 3 [Source:HGNC Symbol;Acc:HGNC:36804]
ENSG00000226526,,lncRNA,1,novel transcript
ENSG00000227684,CROCCP4,transcribed_unprocessed_pseudogene,1,CROCC pseudogene 4 [Source:HGNC Symbol;Acc:HGNC:43864]
ENSG00000227751,RCC2-AS1,lncRNA,1,RCC2 antisense RNA 1 [Source:HGNC Symbol;Acc:HGNC:41262]
ENSG00000227959,EPHA2-AS1,lncRNA,1,EPHA2 antisense RNA 1 [Source:HGNC Symbol;Acc:HGNC:40216]
ENSG00000228549,LINC03126,lncRNA,1,long intergenic non-protein coding RNA 3126 [Source:HGNC Symbol;Acc:HGNC:57013]
ENSG00000230035,IGSF21-AS1,lncRNA,1,IGSF21 antisense RNA 1 [Source:HGNC Symbol;Acc:HGNC:41190]
ENSG00000230239,PDE4DIPP9,unprocessed_pseudogene,1,PDE4DIP pseudogene 9 [Source:HGNC Symbol;Acc:HGNC:55100]
ENSG00000230424,EMC1-AS1,lncRNA,1,EMC1 antisense RNA 1 [Source:HGNC Symbol;Acc:HGNC:54050]
ENSG00000231353,,unprocessed_pseudogene,1,pseudogene similar to part of carboxypeptidase D (CPD)
ENSG00000232456,FAM131C2P,transcribed_unprocessed_pseudogene,1,"family with sequence similarity 131 member C2, pseudogene [Source:HGNC Symbol;Acc:HGNC:56213]"
ENSG00000233078,,lncRNA,1,novel transcript
ENSG00000233421,LINC01783,lncRNA,1,long intergenic non-protein coding RNA 1783 [Source:HGNC Symbol;Acc:HGNC:52573]
ENSG00000233929,MT1XP1,transcribed_processed_pseudogene,1,metallothionein 1X pseudogene 1 [Source:HGNC Symbol;Acc:HGNC:7442]
ENSG00000234607,,processed_pseudogene,1,chromosome 16 open reading frame 52 (C16orf52) pseudogene
ENSG00000235241,,processed_pseudogene,1,cyclin-dependent kinase 5 (CDK5) pseudogene
ENSG00000235282,DYNLL1P3,processed_pseudogene,1,dynein light chain LC8-type 1 pseudogene 3 [Source:HGNC Symbol;Acc:HGNC:49654]
ENSG00000236648,LINC02810,lncRNA,1,long intergenic non-protein coding RNA 2810 [Source:HGNC Symbol;Acc:HGNC:54342]
ENSG00000236698,EIF1AXP1,transcribed_processed_pseudogene,1,EIF1AX pseudogene 1 [Source:HGNC Symbol;Acc:HGNC:19900]
ENSG00000237276,ANO7L1,transcribed_unprocessed_pseudogene,1,anoctamin 7 like 1 (pseudogene) [Source:HGNC Symbol;Acc:HGNC:32248]
ENSG00000238142,,lncRNA,1,novel transcript
ENSG00000261781,LINC01654,lncRNA,1,long intergenic non-protein coding RNA 1654 [Source:HGNC Symbol;Acc:HGNC:52442]
ENSG00000263811,MIR3675,miRNA,1,microRNA 3675 [Source:HGNC Symbol;Acc:HGNC:38973]
ENSG00000265606,MIR4695,miRNA,1,microRNA 4695 [Source:HGNC Symbol;Acc:HGNC:41573]
ENSG00000266634,MIR3972,miRNA,1,microRNA 3972 [Source:HGNC Symbol;Acc:HGNC:41876]
ENSG00000268869,ESPNP,transcribed_unprocessed_pseudogene,1,espin pseudogene [Source:HGNC Symbol;Acc:HGNC:23285]
ENSG00000270620,,unprocessed_pseudogene,1,cytochrome c oxidase subunit VIc (COX6C) pseudogene
ENSG00000271732,,lncRNA,1,novel transcript
ENSG00000272084,,lncRNA,1,novel transcript
ENSG00000272426,,lncRNA,1,novel transcript
ENSG00000275503,,processed_pseudogene,1,"tumor necrosis factor receptor superfamily, member 13B (TNFRSF13B) pseudogene"
ENSG00000276747,PADI6,protein_coding,1,peptidyl arginine deiminase 6 [Source:HGNC Symbol;Acc:HGNC:20449]
ENSG00000277234,RNU1-5P,snRNA,1,"RNA, U1 small nuclear 5, pseudogene [Source:HGNC Symbol;Acc:HGNC:48304]"
ENSG00000277344,RNU1-6P,snRNA,1,"RNA, U1 small nuclear 6, pseudogene [Source:HGNC Symbol;Acc:HGNC:48305]"
ENSG00000279151,,lncRNA,1,novel transcript
ENSG00000280114,,transcribed_unprocessed_pseudogene,1,phosphodiesterase 4D interacting protein (myomegalin) (PDE4DIP) pseudogene
ENSG00000280222,,TEC,1,TEC
ENSG00000282143,,lncRNA,1,novel transcript
ENSG00000282740,,lncRNA,1,novel transcript
ENSG00000282843,,lncRNA,1,novel transcript
ENSG00000283773,,transcribed_unprocessed_pseudogene,1,ring finger protein 123 (RNF123) pseudogene
ENSG00000040487,SLC66A1,protein_coding,1,solute carrier family 66 member 1 [Source:HGNC Symbol;Acc:HGNC:26001]
ENSG00000053371,AKR7A2,protein_coding,1,aldo-keto reductase family 7 member A2 [Source:HGNC Symbol;Acc:HGNC:389]
ENSG00000070831,CDC42,protein_coding,1,cell division cycle 42 [Source:HGNC Symbol;Acc:HGNC:1736]
ENSG00000070886,EPHA8,protein_coding,1,EPH receptor A8 [Source:HGNC Symbol;Acc:HGNC:3391]
ENSG00000075151,EIF4G3,protein_coding,1,eukaryotic translation initiation factor 4 gamma 3 [Source:HGNC Symbol;Acc:HGNC:3298]
ENSG00000076864,RAP1GAP,protein_coding,1,RAP1 GTPase activating protein [Source:HGNC Symbol;Acc:HGNC:9858]
ENSG00000077549,CAPZB,protein_coding,1,capping actin protein of muscle Z-line subunit beta [Source:HGNC Symbol;Acc:HGNC:1491]
ENSG00000090432,MUL1,protein_coding,1,mitochondrial E3 ubiquitin protein ligase 1 [Source:HGNC Symbol;Acc:HGNC:25762]
ENSG00000090686,USP48,protein_coding,1,ubiquitin specific peptidase 48 [Source:HGNC Symbol;Acc:HGNC:18533]
ENSG00000117215,PLA2G2D,protein_coding,1,phospholipase A2 group IID [Source:HGNC Symbol;Acc:HGNC:9033]
ENSG00000117242,PINK1-AS,lncRNA,1,PINK1 antisense RNA [Source:HGNC Symbol;Acc:HGNC:38872]
ENSG00000117245,KIF17,protein_coding,1,kinesin family member 17 [Source:HGNC Symbol;Acc:HGNC:19167]
ENSG00000117298,ECE1,protein_coding,1,endothelin converting enzyme 1 [Source:HGNC Symbol;Acc:HGNC:3146]
ENSG00000127472,PLA2G5,protein_coding,1,phospholipase A2 group V [Source:HGNC Symbol;Acc:HGNC:9038]
ENSG00000127483,HP1BP3,protein_coding,1,heterochromatin protein 1 binding protein 3 [Source:HGNC Symbol;Acc:HGNC:24973]
ENSG00000133216,EPHB2,protein_coding,1,EPH receptor B2 [Source:HGNC Symbol;Acc:HGNC:3393]
ENSG00000142789,CELA3A,protein_coding,1,chymotrypsin like elastase 3A [Source:HGNC Symbol;Acc:HGNC:15944]
ENSG00000142794,NBPF3,protein_coding,1,NBPF member 3 [Source:HGNC Symbol;Acc:HGNC:25076]
ENSG00000142798,HSPG2,protein_coding,1,heparan sulfate proteoglycan 2 [Source:HGNC Symbol;Acc:HGNC:5273]
ENSG00000158747,NBL1,protein_coding,1,"NBL1, DAN family BMP antagonist [Source:HGNC Symbol;Acc:HGNC:7650]"
ENSG00000158748,HTR6,protein_coding,1,5-hydroxytryptamine receptor 6 [Source:HGNC Symbol;Acc:HGNC:5301]
ENSG00000158786,PLA2G2F,protein_coding,1,phospholipase A2 group IIF [Source:HGNC Symbol;Acc:HGNC:30040]
ENSG00000158816,VWA5B1,protein_coding,1,von Willebrand factor A domain containing 5B1 [Source:HGNC Symbol;Acc:HGNC:26538]
ENSG00000158825,CDA,protein_coding,1,cytidine deaminase [Source:HGNC Symbol;Acc:HGNC:1712]
ENSG00000158828,PINK1,protein_coding,1,PTEN induced kinase 1 [Source:HGNC Symbol;Acc:HGNC:14581]
ENSG00000159189,C1QC,protein_coding,1,complement C1q C chain [Source:HGNC Symbol;Acc:HGNC:1245]
ENSG00000162482,AKR7A3,protein_coding,1,aldo-keto reductase family 7 member A3 [Source:HGNC Symbol;Acc:HGNC:390]
ENSG00000162542,TMCO4,protein_coding,1,transmembrane and coiled-coil domains 4 [Source:HGNC Symbol;Acc:HGNC:27393]
ENSG00000162543,UBXN10,protein_coding,1,UBX domain protein 10 [Source:HGNC Symbol;Acc:HGNC:26354]
ENSG00000162545,CAMK2N1,protein_coding,1,calcium/calmodulin dependent protein kinase II inhibitor 1 [Source:HGNC Symbol;Acc:HGNC:24190]
ENSG00000162551,ALPL,protein_coding,1,"alkaline phosphatase, biomineralization associated [Source:HGNC Symbol;Acc:HGNC:438]"
ENSG00000162552,WNT4,protein_coding,1,Wnt family member 4 [Source:HGNC Symbol;Acc:HGNC:12783]
ENSG00000169914,OTUD3,protein_coding,1,OTU deubiquitinase 3 [Source:HGNC Symbol;Acc:HGNC:29038]
ENSG00000173369,C1QB,protein_coding,1,complement C1q B chain [Source:HGNC Symbol;Acc:HGNC:1242]
ENSG00000173372,C1QA,protein_coding,1,complement C1q A chain [Source:HGNC Symbol;Acc:HGNC:1241]
ENSG00000173436,MICOS10,protein_coding,1,mitochondrial contact site and cristae organizing system subunit 10 [Source:HGNC Symbol;Acc:HGNC:32068]
ENSG00000176378,PFN1P10,processed_pseudogene,1,profilin 1 pseudogene 10 [Source:HGNC Symbol;Acc:HGNC:42985]
ENSG00000178828,RNF186,protein_coding,1,ring finger protein 186 [Source:HGNC Symbol;Acc:HGNC:25978]
ENSG00000183114,FAM43B,protein_coding,1,family with sequence similarity 43 member B [Source:HGNC Symbol;Acc:HGNC:31791]
ENSG00000184677,ZBTB40,protein_coding,1,zinc finger and BTB domain containing 40 [Source:HGNC Symbol;Acc:HGNC:29045]
ENSG00000186543,CROCCP5,transcribed_unprocessed_pseudogene,1,CROCC pseudogene 5 [Source:HGNC Symbol;Acc:HGNC:43865]
ENSG00000187942,LDLRAD2,protein_coding,1,low density lipoprotein receptor class A domain containing 2 [Source:HGNC Symbol;Acc:HGNC:32071]
ENSG00000187952,HS6ST1P1,processed_pseudogene,1,heparan sulfate 6-O-sulfotransferase 1 pseudogene 1 [Source:HGNC Symbol;Acc:HGNC:31835]
ENSG00000187980,PLA2G2C,protein_coding,1,phospholipase A2 group IIC [Source:HGNC Symbol;Acc:HGNC:9032]
ENSG00000188257,PLA2G2A,protein_coding,1,phospholipase A2 group IIA [Source:HGNC Symbol;Acc:HGNC:9031]
ENSG00000188784,PLA2G2E,protein_coding,1,phospholipase A2 group IIE [Source:HGNC Symbol;Acc:HGNC:13414]
ENSG00000189410,SH2D5,protein_coding,1,SH2 domain containing 5 [Source:HGNC Symbol;Acc:HGNC:28819]
ENSG00000200403,RNU6-1099P,snRNA,1,"RNA, U6 small nuclear 1099, pseudogene [Source:HGNC Symbol;Acc:HGNC:48062]"
ENSG00000201273,RNU6-776P,snRNA,1,"RNA, U6 small nuclear 776, pseudogene [Source:HGNC Symbol;Acc:HGNC:47739]"
ENSG00000201609,RNU4-28P,snRNA,1,"RNA, U4 small nuclear 28, pseudogene [Source:HGNC Symbol;Acc:HGNC:46964]"
ENSG00000201919,RNU6-1022P,snRNA,1,"RNA, U6 small nuclear 1022, pseudogene [Source:HGNC Symbol;Acc:HGNC:47985]"
ENSG00000211454,AKR7L,protein_coding,1,aldo-keto reductase family 7 like (gene/pseudogene) [Source:HGNC Symbol;Acc:HGNC:24056]
ENSG00000215520,RPS4XP4,processed_pseudogene,1,ribosomal protein S4X pseudogene 4 [Source:HGNC Symbol;Acc:HGNC:36545]
ENSG00000218510,LINC00339,lncRNA,1,long intergenic non-protein coding RNA 339 [Source:HGNC Symbol;Acc:HGNC:25011]
ENSG00000219073,CELA3B,protein_coding,1,chymotrypsin like elastase 3B [Source:HGNC Symbol;Acc:HGNC:15945]
ENSG00000221808,MIR1256,miRNA,1,microRNA 1256 [Source:HGNC Symbol;Acc:HGNC:35321]
ENSG00000225952,,lncRNA,1,novel transcript
ENSG00000226396,,processed_pseudogene,1,ribosomal protein S14 (RPS14) pseudogene
ENSG00000226487,,lncRNA,1,novel transcript
ENSG00000226664,,lncRNA,1,novel transcript
ENSG00000227001,NBPF2P,unprocessed_pseudogene,1,"NBPF member 2, pseudogene [Source:HGNC Symbol;Acc:HGNC:31987]"
ENSG00000227066,,lncRNA,1,novel transcript
ENSG00000228105,LINC01757,lncRNA,1,long intergenic non-protein coding RNA 1757 [Source:HGNC Symbol;Acc:HGNC:52546]
ENSG00000228397,LINC01635,lncRNA,1,long intergenic non-protein coding RNA 1635 [Source:HGNC Symbol;Acc:HGNC:52422]
ENSG00000228823,PDE4DIPP10,unprocessed_pseudogene,1,PDE4DIP pseudogene 10 [Source:HGNC Symbol;Acc:HGNC:55101]
ENSG00000230068,CDC42-IT1,lncRNA,1,CDC42 intronic transcript 1 [Source:HGNC Symbol;Acc:HGNC:41317]
ENSG00000231105,ECE1-AS1,lncRNA,1,ECE1 antisense RNA 1 [Source:HGNC Symbol;Acc:HGNC:40203]
ENSG00000231978,,processed_pseudogene,1,S100 calcium binding protein A11 (calgizzarin) (S100A11) pseudogene
ENSG00000232037,RPL21P29,processed_pseudogene,1,ribosomal protein L21 pseudogene 29 [Source:HGNC Symbol;Acc:HGNC:35793]
ENSG00000233069,,lncRNA,1,novel transcript
ENSG00000233072,RPS15AP6,processed_pseudogene,1,ribosomal protein S15a pseudogene 6 [Source:HGNC Symbol;Acc:HGNC:35657]
ENSG00000233431,LINC02596,lncRNA,1,long intergenic non-protein coding RNA 2596 [Source:HGNC Symbol;Acc:HGNC:53948]
ENSG00000234397,PPIAP34,processed_pseudogene,1,peptidylprolyl isomerase A pseudogene 34 [Source:HGNC Symbol;Acc:HGNC:53658]
ENSG00000235112,HSPE1P27,processed_pseudogene,1,heat shock protein family E (Hsp10) member 1 pseudogene 27 [Source:HGNC Symbol;Acc:HGNC:49346]
ENSG00000235185,MICOS10-DT,lncRNA,1,MICOS10 divergent transcript [Source:HGNC Symbol;Acc:HGNC:55676]
ENSG00000235432,,unprocessed_pseudogene,1,nucleolar protein 5A 56kDa with KKE/D repeat (NOL5A) pseudogene
ENSG00000235434,RNF186-AS1,lncRNA,1,RNF186 antisense RNA 1 [Source:HGNC Symbol;Acc:HGNC:41127]
ENSG00000236009,,lncRNA,1,novel transcript
ENSG00000236073,,processed_pseudogene,1,ribosomal protein L34 (RPL34) pseudogene
ENSG00000236216,PPP1R11P1,processed_pseudogene,1,protein phosphatase 1 regulatory inhibitor subunit 11 pseudogene 1 [Source:HGNC Symbol;Acc:HGNC:16326]
ENSG00000236936,,lncRNA,1,novel transcript
ENSG00000236963,LINC01141,lncRNA,1,long intergenic non-protein coding RNA 1141 [Source:HGNC Symbol;Acc:HGNC:49455]
ENSG00000237200,ZBTB40-IT1,lncRNA,1,ZBTB40 intronic transcript 1 [Source:HGNC Symbol;Acc:HGNC:41493]
ENSG00000240490,RN7SL277P,misc_RNA,1,"RNA, 7SL, cytoplasmic 277, pseudogene [Source:HGNC Symbol;Acc:HGNC:46293]"
ENSG00000242688,RN7SL304P,misc_RNA,1,"RNA, 7SL, cytoplasmic 304, pseudogene [Source:HGNC Symbol;Acc:HGNC:46320]"
ENSG00000244038,DDOST,protein_coding,1,dolichyl-diphosphooligosaccharide--protein glycosyltransferase non-catalytic subunit [Source:HGNC Symbol;Acc:HGNC:2728]
ENSG00000251914,RNU7-200P,snRNA,1,"RNA, U7 small nuclear 200 pseudogene [Source:HGNC Symbol;Acc:HGNC:45734]"
ENSG00000265422,MIR4684,miRNA,1,microRNA 4684 [Source:HGNC Symbol;Acc:HGNC:41695]
ENSG00000266564,MIR4418,miRNA,1,microRNA 4418 [Source:HGNC Symbol;Acc:HGNC:41789]
ENSG00000270136,MICOS10-NBL1,protein_coding,1,MICOS10-NBL1 readthrough [Source:HGNC Symbol;Acc:HGNC:48338]
ENSG00000270728,,transcribed_processed_pseudogene,1,synaptonemal complex protein 3 (SYCP3) pseudogene
ENSG00000271428,MPHOSPH6P1,processed_pseudogene,1,MPHOSPH6 pseudogene 1 [Source:HGNC Symbol;Acc:HGNC:54549]
ENSG00000273610,RN7SL386P,misc_RNA,1,"RNA, 7SL, cytoplasmic 386, pseudogene [Source:HGNC Symbol;Acc:HGNC:46402]"
ENSG00000276835,MIR6127,miRNA,1,microRNA 6127 [Source:HGNC Symbol;Acc:HGNC:50163]
ENSG00000278124,RN7SL186P,misc_RNA,1,"RNA, 7SL, cytoplasmic 186, pseudogene [Source:HGNC Symbol;Acc:HGNC:46202]"
ENSG00000279625,,TEC,1,TEC
ENSG00000283234,,transcribed_unitary_pseudogene,1,novel pseudogene
ENSG00000284005,MIR6084,miRNA,1,microRNA 6084 [Source:HGNC Symbol;Acc:HGNC:50235]
ENSG00000001460,STPG1,protein_coding,1,sperm tail PG-rich repeat containing 1 [Source:HGNC Symbol;Acc:HGNC:28070]
ENSG00000001461,NIPAL3,protein_coding,1,NIPA like domain containing 3 [Source:HGNC Symbol;Acc:HGNC:25233]
ENSG00000004487,KDM1A,protein_coding,1,lysine demethylase 1A [Source:HGNC Symbol;Acc:HGNC:29079]
ENSG00000007968,E2F2,protein_coding,1,E2F transcription factor 2 [Source:HGNC Symbol;Acc:HGNC:3114]
ENSG00000011007,ELOA,protein_coding,1,elongin A [Source:HGNC Symbol;Acc:HGNC:11620]
ENSG00000011009,LYPLA2,protein_coding,1,lysophospholipase 2 [Source:HGNC Symbol;Acc:HGNC:6738]
ENSG00000020633,RUNX3,protein_coding,1,RUNX family transcription factor 3 [Source:HGNC Symbol;Acc:HGNC:10473]
ENSG00000057757,PITHD1,protein_coding,1,PITH domain containing 1 [Source:HGNC Symbol;Acc:HGNC:25022]
ENSG00000088280,ASAP3,protein_coding,1,"ArfGAP with SH3 domain, ankyrin repeat and PH domain 3 [Source:HGNC Symbol;Acc:HGNC:14987]"
ENSG00000117305,HMGCL,protein_coding,1,3-hydroxy-3-methylglutaryl-CoA lyase [Source:HGNC Symbol;Acc:HGNC:5005]
ENSG00000117308,GALE,protein_coding,1,UDP-galactose-4-epimerase [Source:HGNC Symbol;Acc:HGNC:4116]
ENSG00000117318,ID3,protein_coding,1,inhibitor of DNA binding 3 [Source:HGNC Symbol;Acc:HGNC:5362]
ENSG00000117602,RCAN3,protein_coding,1,RCAN family member 3 [Source:HGNC Symbol;Acc:HGNC:3042]
ENSG00000117614,SYF2,protein_coding,1,SYF2 pre-mRNA splicing factor [Source:HGNC Symbol;Acc:HGNC:19824]
ENSG00000117616,RSRP1,protein_coding,1,arginine and serine rich protein 1 [Source:HGNC Symbol;Acc:HGNC:25234]
ENSG00000117632,STMN1,protein_coding,1,stathmin 1 [Source:HGNC Symbol;Acc:HGNC:6510]
ENSG00000117640,MTFR1L,protein_coding,1,mitochondrial fission regulator 1 like [Source:HGNC Symbol;Acc:HGNC:28836]
ENSG00000117643,MAN1C1,protein_coding,1,mannosidase alpha class 1C member 1 [Source:HGNC Symbol;Acc:HGNC:19080]
ENSG00000125944,HNRNPR,protein_coding,1,heterogeneous nuclear ribonucleoprotein R [Source:HGNC Symbol;Acc:HGNC:5047]
ENSG00000125945,ZNF436,protein_coding,1,zinc finger protein 436 [Source:HGNC Symbol;Acc:HGNC:20814]
ENSG00000127423,AUNIP,protein_coding,1,aurora kinase A and ninein interacting protein [Source:HGNC Symbol;Acc:HGNC:28363]
ENSG00000133226,SRRM1,protein_coding,1,serine and arginine repetitive matrix 1 [Source:HGNC Symbol;Acc:HGNC:16638]
ENSG00000142661,MYOM3,protein_coding,1,myomesin 3 [Source:HGNC Symbol;Acc:HGNC:26679]
ENSG00000142676,RPL11,protein_coding,1,ribosomal protein L11 [Source:HGNC Symbol;Acc:HGNC:10301]
ENSG00000142677,IL22RA1,protein_coding,1,interleukin 22 receptor subunit alpha 1 [Source:HGNC Symbol;Acc:HGNC:13700]
ENSG00000157978,LDLRAP1,protein_coding,1,low density lipoprotein receptor adaptor protein 1 [Source:HGNC Symbol;Acc:HGNC:18640]
ENSG00000158006,PAFAH2,protein_coding,1,platelet activating factor acetylhydrolase 2 [Source:HGNC Symbol;Acc:HGNC:8579]
ENSG00000158055,GRHL3,protein_coding,1,grainyhead like transcription factor 3 [Source:HGNC Symbol;Acc:HGNC:25839]
ENSG00000162430,SELENON,protein_coding,1,selenoprotein N [Source:HGNC Symbol;Acc:HGNC:15999]
ENSG00000169504,CLIC4,protein_coding,1,chloride intracellular channel 4 [Source:HGNC Symbol;Acc:HGNC:13518]
ENSG00000169641,LUZP1,protein_coding,1,leucine zipper protein 1 [Source:HGNC Symbol;Acc:HGNC:14985]
ENSG00000179163,FUCA1,protein_coding,1,alpha-L-fucosidase 1 [Source:HGNC Symbol;Acc:HGNC:4006]
ENSG00000179546,HTR1D,protein_coding,1,5-hydroxytryptamine receptor 1D [Source:HGNC Symbol;Acc:HGNC:5289]
ENSG00000182749,PAQR7,protein_coding,1,progestin and adipoQ receptor family member 7 [Source:HGNC Symbol;Acc:HGNC:23146]
ENSG00000183726,TMEM50A,protein_coding,1,transmembrane protein 50A [Source:HGNC Symbol;Acc:HGNC:30590]
ENSG00000184454,NCMAP,protein_coding,1,non-compact myelin associated protein [Source:HGNC Symbol;Acc:HGNC:29332]
ENSG00000185436,IFNLR1,protein_coding,1,interferon lambda receptor 1 [Source:HGNC Symbol;Acc:HGNC:18584]
ENSG00000187010,RHD,protein_coding,1,Rh blood group D antigen [Source:HGNC Symbol;Acc:HGNC:10009]
ENSG00000188529,SRSF10,protein_coding,1,serine and arginine rich splicing factor 10 [Source:HGNC Symbol;Acc:HGNC:16713]
ENSG00000188672,RHCE,protein_coding,1,Rh blood group CcEe antigens [Source:HGNC Symbol;Acc:HGNC:10008]
ENSG00000188822,CNR2,protein_coding,1,cannabinoid receptor 2 [Source:HGNC Symbol;Acc:HGNC:2160]
ENSG00000189266,PNRC2,protein_coding,1,proline rich nuclear receptor coactivator 2 [Source:HGNC Symbol;Acc:HGNC:23158]
ENSG00000197880,MDS2,lncRNA,1,myelodysplastic syndrome 2 translocation associated [Source:HGNC Symbol;Acc:HGNC:29633]
ENSG00000201405,Y_RNA,misc_RNA,1,Y RNA [Source:RFAM;Acc:RF00019]
ENSG00000204178,MACO1,protein_coding,1,macoilin 1 [Source:HGNC Symbol;Acc:HGNC:25572]
ENSG00000204219,TCEA3,protein_coding,1,transcription elongation factor A3 [Source:HGNC Symbol;Acc:HGNC:11615]
ENSG00000206935,RNU6-514P,snRNA,1,"RNA, U6 small nuclear 514, pseudogene [Source:HGNC Symbol;Acc:HGNC:47477]"
ENSG00000207237,RNU6-110P,snRNA,1,"RNA, U6 small nuclear 110, pseudogene [Source:HGNC Symbol;Acc:HGNC:47073]"
ENSG00000207302,Y_RNA,misc_RNA,1,Y RNA [Source:RFAM;Acc:RF00019]
ENSG00000215381,RPL29P6,processed_pseudogene,1,ribosomal protein L29 pseudogene 6 [Source:HGNC Symbol;Acc:HGNC:36627]
ENSG00000215905,RPL36P5,processed_pseudogene,1,ribosomal protein L36 pseudogene 5 [Source:HGNC Symbol;Acc:HGNC:35567]
ENSG00000215906,LACTBL1,protein_coding,1,lactamase beta like 1 [Source:HGNC Symbol;Acc:HGNC:35445]
ENSG00000223624,,processed_pseudogene,1,ribosomal protein L39 (RPL39) pseudogene
ENSG00000224183,SDHDP6,transcribed_processed_pseudogene,1,succinate dehydrogenase complex subunit D pseudogene 6 [Source:HGNC Symbol;Acc:HGNC:10689]
ENSG00000225315,,lncRNA,1,"novel transcript, antisense to MYOM3"
ENSG00000227312,,processed_pseudogene,1,ribosomal protein L26 (RPL26) pseudogene
ENSG00000227868,TEX46,protein_coding,1,testis expressed 46 [Source:HGNC Symbol;Acc:HGNC:44651]
ENSG00000228172,,lncRNA,1,novel transcript
ENSG00000229010,,processed_pseudogene,1,novel pseudogene
ENSG00000229106,BTBD6P1,processed_pseudogene,1,BTB domain containing 6 pseudogene 1 [Source:HGNC Symbol;Acc:HGNC:51542]
ENSG00000229162,RUNX3-AS1,lncRNA,1,RUNX3 antisense RNA 1 [Source:HGNC Symbol;Acc:HGNC:40513]
ENSG00000229239,EEF1A1P48,unprocessed_pseudogene,1,eukaryotic translation elongation factor 1 alpha 1 pseudogene 48 [Source:HGNC Symbol;Acc:HGNC:56205]
ENSG00000229786,SNRPFP2,processed_pseudogene,1,small nuclear ribonucleoprotein polypeptide F pseudogene 2 [Source:HGNC Symbol;Acc:HGNC:39665]
ENSG00000230023,LINC02800,lncRNA,1,long intergenic non-protein coding RNA 2800 [Source:HGNC Symbol;Acc:HGNC:27642]
ENSG00000230228,H3P1,transcribed_processed_pseudogene,1,H3 histone pseudogene 1 [Source:HGNC Symbol;Acc:HGNC:43794]
ENSG00000230703,MYOM3-AS1,lncRNA,1,MYOM3 antisense RNA 1 [Source:HGNC Symbol;Acc:HGNC:41158]
ENSG00000231953,,lncRNA,1,novel transcript
ENSG00000232298,GRHL3-AS1,lncRNA,1,GRHL3 antisense RNA 1 [Source:HGNC Symbol;Acc:HGNC:41119]
ENSG00000232482,,processed_pseudogene,1,single-stranded DNA binding protein (SSBP1) pseudogene
ENSG00000232557,,lncRNA,1,"novel transcript, antisense to CNR2"
ENSG00000233419,IFITM3P7,processed_pseudogene,1,IFITM3 pseudogene 7 [Source:HGNC Symbol;Acc:HGNC:54546]
ENSG00000233478,,lncRNA,1,novel transcript
ENSG00000233755,,lncRNA,1,novel transcript
ENSG00000235052,,lncRNA,1,novel transcript
ENSG00000236528,,lncRNA,1,novel transcript
ENSG00000236810,ELOA-AS1,lncRNA,1,ELOA antisense RNA 1 [Source:HGNC Symbol;Acc:HGNC:50582]
ENSG00000238084,,processed_pseudogene,1,"succinate dehydrogenase complex, subunit D, integral membrane protein (SDHD) pseudogene"
ENSG00000238482,RNU6-1208P,snRNA,1,"RNA, U6 small nuclear 1208, pseudogene [Source:HGNC Symbol;Acc:HGNC:48171]"
ENSG00000239106,Y_RNA,misc_RNA,1,Y RNA [Source:RFAM;Acc:RF00019]
ENSG00000240553,,lncRNA,1,novel transcript
ENSG00000249087,ZNF436-AS1,lncRNA,1,ZNF436 antisense RNA 1 [Source:HGNC Symbol;Acc:HGNC:25122]
ENSG00000252190,,scaRNA,1,
ENSG00000252578,RNU6-135P,snRNA,1,"RNA, U6 small nuclear 135, pseudogene [Source:HGNC Symbol;Acc:HGNC:47098]"
ENSG00000255054,,protein_coding,1,novel protein
ENSG00000259984,,unprocessed_pseudogene,1,novel pseudogene
ENSG00000261025,,lncRNA,1,novel transcript
ENSG00000261326,LINC01355,lncRNA,1,long intergenic non-protein coding RNA 1355 [Source:HGNC Symbol;Acc:HGNC:50584]
ENSG00000261349,,unprocessed_pseudogene,1,novel pseudogene
ENSG00000263793,MIR3115,miRNA,1,microRNA 3115 [Source:HGNC Symbol;Acc:HGNC:38371]
ENSG00000264014,MIR4253,miRNA,1,microRNA 4253 [Source:HGNC Symbol;Acc:HGNC:38231]
ENSG00000264371,MIR4425,miRNA,1,microRNA 4425 [Source:HGNC Symbol;Acc:HGNC:41891]
ENSG00000264926,MIR378F,miRNA,1,microRNA 378f [Source:HGNC Symbol;Acc:HGNC:41686]
ENSG00000266802,,miRNA,1,
ENSG00000271420,,lncRNA,1,novel transcript
ENSG00000272432,,lncRNA,1,novel transcript
ENSG00000272478,,lncRNA,1,"novel transcript, antisense to MTFR1L"
ENSG00000278034,MIR6731,miRNA,1,microRNA 6731 [Source:HGNC Symbol;Acc:HGNC:50036]
ENSG00000283938,MIR3917,miRNA,1,microRNA 3917 [Source:HGNC Symbol;Acc:HGNC:38911]
ENSG00000000938,FGR,protein_coding,1,"FGR proto-oncogene, Src family tyrosine kinase [Source:HGNC Symbol;Acc:HGNC:3697]"
ENSG00000009780,FAM76A,protein_coding,1,family with sequence similarity 76 member A [Source:HGNC Symbol;Acc:HGNC:28530]
ENSG00000060642,PIGV,protein_coding,1,phosphatidylinositol glycan anchor biosynthesis class V [Source:HGNC Symbol;Acc:HGNC:26031]
ENSG00000090020,SLC9A1,protein_coding,1,solute carrier family 9 member A1 [Source:HGNC Symbol;Acc:HGNC:11071]
ENSG00000090273,NUDC,protein_coding,1,"nuclear distribution C, dynein complex regulator [Source:HGNC Symbol;Acc:HGNC:8045]"
ENSG00000117676,RPS6KA1,protein_coding,1,ribosomal protein S6 kinase A1 [Source:HGNC Symbol;Acc:HGNC:10430]
ENSG00000117682,DHDDS,protein_coding,1,dehydrodolichyl diphosphate synthase subunit [Source:HGNC Symbol;Acc:HGNC:20603]
ENSG00000117713,ARID1A,protein_coding,1,AT-rich interaction domain 1A [Source:HGNC Symbol;Acc:HGNC:11110]
ENSG00000117748,RPA2,protein_coding,1,replication protein A2 [Source:HGNC Symbol;Acc:HGNC:10290]
ENSG00000117751,PPP1R8,protein_coding,1,protein phosphatase 1 regulatory subunit 8 [Source:HGNC Symbol;Acc:HGNC:9296]
ENSG00000117758,STX12,protein_coding,1,syntaxin 12 [Source:HGNC Symbol;Acc:HGNC:11430]
ENSG00000126705,AHDC1,protein_coding,1,AT-hook DNA binding motif containing 1 [Source:HGNC Symbol;Acc:HGNC:25230]
ENSG00000126709,IFI6,protein_coding,1,interferon alpha inducible protein 6 [Source:HGNC Symbol;Acc:HGNC:4054]
ENSG00000130695,CEP85,protein_coding,1,centrosomal protein 85 [Source:HGNC Symbol;Acc:HGNC:25309]
ENSG00000130768,SMPDL3B,protein_coding,1,sphingomyelin phosphodiesterase acid like 3B [Source:HGNC Symbol;Acc:HGNC:21416]
ENSG00000130775,THEMIS2,protein_coding,1,thymocyte selection associated family member 2 [Source:HGNC Symbol;Acc:HGNC:16839]
ENSG00000131910,NR0B2,protein_coding,1,nuclear receptor subfamily 0 group B member 2 [Source:HGNC Symbol;Acc:HGNC:7961]
ENSG00000131914,LIN28A,protein_coding,1,lin-28 homolog A [Source:HGNC Symbol;Acc:HGNC:15986]
ENSG00000142669,SH3BGRL3,protein_coding,1,SH3 domain binding glutamate rich protein like 3 [Source:HGNC Symbol;Acc:HGNC:15568]
ENSG00000142675,CNKSR1,protein_coding,1,connector enhancer of kinase suppressor of Ras 1 [Source:HGNC Symbol;Acc:HGNC:19700]
ENSG00000142684,ZNF593,protein_coding,1,zinc finger protein 593 [Source:HGNC Symbol;Acc:HGNC:30943]
ENSG00000142733,MAP3K6,protein_coding,1,mitogen-activated protein kinase kinase kinase 6 [Source:HGNC Symbol;Acc:HGNC:6858]
ENSG00000142748,FCN3,protein_coding,1,ficolin 3 [Source:HGNC Symbol;Acc:HGNC:3625]
ENSG00000142751,GPN2,protein_coding,1,GPN-loop GTPase 2 [Source:HGNC Symbol;Acc:HGNC:25513]
ENSG00000142765,SYTL1,protein_coding,1,synaptotagmin like 1 [Source:HGNC Symbol;Acc:HGNC:15584]
ENSG00000142784,WDTC1,protein_coding,1,WD and tetratricopeptide repeats 1 [Source:HGNC Symbol;Acc:HGNC:29175]
ENSG00000158008,EXTL1,protein_coding,1,exostosin like glycosyltransferase 1 [Source:HGNC Symbol;Acc:HGNC:3515]
ENSG00000158014,SLC30A2,protein_coding,1,solute carrier family 30 member 2 [Source:HGNC Symbol;Acc:HGNC:11013]
ENSG00000158022,TRIM63,protein_coding,1,tripartite motif containing 63 [Source:HGNC Symbol;Acc:HGNC:16007]
ENSG00000158062,UBXN11,protein_coding,1,UBX domain protein 11 [Source:HGNC Symbol;Acc:HGNC:30600]
ENSG00000158156,XKR8,protein_coding,1,XK related 8 [Source:HGNC Symbol;Acc:HGNC:25508]
ENSG00000158161,EYA3,protein_coding,1,EYA transcriptional coactivator and phosphatase 3 [Source:HGNC Symbol;Acc:HGNC:3521]
ENSG00000158195,WASF2,protein_coding,1,WASP family member 2 [Source:HGNC Symbol;Acc:HGNC:12733]
ENSG00000158246,TENT5B,protein_coding,1,terminal nucleotidyltransferase 5B [Source:HGNC Symbol;Acc:HGNC:28273]
ENSG00000169442,CD52,protein_coding,1,CD52 molecule [Source:HGNC Symbol;Acc:HGNC:1804]
ENSG00000172746,RPL12P13,unprocessed_pseudogene,1,ribosomal protein L12 pseudogene 13 [Source:HGNC Symbol;Acc:HGNC:51936]
ENSG00000174950,CD164L2,protein_coding,1,CD164 molecule like 2 [Source:HGNC Symbol;Acc:HGNC:32043]
ENSG00000175087,PDIK1L,protein_coding,1,PDLIM1 interacting kinase 1 like [Source:HGNC Symbol;Acc:HGNC:18981]
ENSG00000175707,KDF1,protein_coding,1,keratinocyte differentiation factor 1 [Source:HGNC Symbol;Acc:HGNC:26624]
ENSG00000175793,SFN,protein_coding,1,stratifin [Source:HGNC Symbol;Acc:HGNC:10773]
ENSG00000176083,ZNF683,protein_coding,1,zinc finger protein 683 [Source:HGNC Symbol;Acc:HGNC:28495]
ENSG00000176092,CRYBG2,protein_coding,1,crystallin beta-gamma domain containing 2 [Source:HGNC Symbol;Acc:HGNC:17295]
ENSG00000181773,GPR3,protein_coding,1,G protein-coupled receptor 3 [Source:HGNC Symbol;Acc:HGNC:4484]
ENSG00000186501,TMEM222,protein_coding,1,transmembrane protein 222 [Source:HGNC Symbol;Acc:HGNC:25363]
ENSG00000188782,CATSPER4,protein_coding,1,cation channel sperm associated 4 [Source:HGNC Symbol;Acc:HGNC:23220]
ENSG00000197245,FAM110D,protein_coding,1,family with sequence similarity 110 member D [Source:HGNC Symbol;Acc:HGNC:25860]
ENSG00000198746,GPATCH3,protein_coding,1,G-patch domain containing 3 [Source:HGNC Symbol;Acc:HGNC:25720]
ENSG00000198830,HMGN2,protein_coding,1,high mobility group nucleosomal binding domain 2 [Source:HGNC Symbol;Acc:HGNC:4986]
ENSG00000204160,ZDHHC18,protein_coding,1,zinc finger DHHC-type palmitoyltransferase 18 [Source:HGNC Symbol;Acc:HGNC:20712]
ENSG00000206767,RNU6-949P,snRNA,1,"RNA, U6 small nuclear 949, pseudogene [Source:HGNC Symbol;Acc:HGNC:47912]"
ENSG00000206888,RNU6-48P,snRNA,1,"RNA, U6 small nuclear 48, pseudogene [Source:HGNC Symbol;Acc:HGNC:34292]"
ENSG00000207095,RNU6-424P,snRNA,1,"RNA, U6 small nuclear 424, pseudogene [Source:HGNC Symbol;Acc:HGNC:47387]"
ENSG00000214973,CHCHD3P3,processed_pseudogene,1,coiled-coil-helix-coiled-coil-helix domain containing 3 pseudogene 3 [Source:HGNC Symbol;Acc:HGNC:44699]
ENSG00000223062,RNU6-1245P,snRNA,1,"RNA, U6 small nuclear 1245, pseudogene [Source:HGNC Symbol;Acc:HGNC:48208]"
ENSG00000223583,RPL17P9,processed_pseudogene,1,ribosomal protein L17 pseudogene 9 [Source:HGNC Symbol;Acc:HGNC:36230]
ENSG00000224064,RPL32P6,transcribed_processed_pseudogene,1,ribosomal protein L32 pseudogene 6 [Source:HGNC Symbol;Acc:HGNC:36655]
ENSG00000224129,DPPA2P2,processed_pseudogene,1,developmental pluripotency associated 2 pseudogene 2 [Source:HGNC Symbol;Acc:HGNC:44627]
ENSG00000224311,WDTC1-DT,lncRNA,1,WDTC1 divergent transcript [Source:HGNC Symbol;Acc:HGNC:55858]
ENSG00000225159,NPM1P39,processed_pseudogene,1,nucleophosmin 1 pseudogene 39 [Source:HGNC Symbol;Acc:HGNC:45218]
ENSG00000225294,OSTCP2,processed_pseudogene,1,oligosaccharyltransferase complex subunit pseudogene 2 [Source:HGNC Symbol;Acc:HGNC:42864]
ENSG00000225854,,processed_pseudogene,1,ribosomal protein L34 (RPL34) pseudogene
ENSG00000225886,,lncRNA,1,"novel transcript, antisense to IFI6"
ENSG00000225891,DHDDS-AS1,lncRNA,1,DHDDS antisense RNA 1 [Source:HGNC Symbol;Acc:HGNC:40925]
ENSG00000225990,SNRPEP7,processed_pseudogene,1,SNRPE pseudogene 7 [Source:HGNC Symbol;Acc:HGNC:43572]
ENSG00000226662,CHMP1AP1,processed_pseudogene,1,charged multivesicular body protein 1A pseudogene 1 [Source:HGNC Symbol;Acc:HGNC:39514]
ENSG00000226698,GPN2-AS1,lncRNA,1,GPN2 antisense RNA 1 [Source:HGNC Symbol;Acc:HGNC:58220]
ENSG00000227050,,lncRNA,1,novel transcript
ENSG00000229247,,processed_pseudogene,1,chromosome 20 open reading frame 52 (C20orf52) pseudogene
ENSG00000229985,,processed_pseudogene,1,ribosomal protein L18a (RPL18A) pseudogene
ENSG00000230833,RPEP3,processed_pseudogene,1,ribulose-5-phosphate-3-epimerase pseudogene 3 [Source:HGNC Symbol;Acc:HGNC:44522]
ENSG00000231207,,processed_pseudogene,1,ribosomal protein S24 (RPS24) pseudogene
ENSG00000231344,,processed_pseudogene,1,novel pseudogene
ENSG00000233975,LINC02574,lncRNA,1,long intergenic non-protein coding RNA 2574 [Source:HGNC Symbol;Acc:HGNC:53746]
ENSG00000235069,,processed_pseudogene,1,chromosome 20 open reading frame 52 (C20orf52) pseudogene
ENSG00000235912,,transcribed_processed_pseudogene,1,novel pseudogene
ENSG00000236155,ZPLD2P,transcribed_unitary_pseudogene,1,"zona pellucida like domain containing 2, pseudogene [Source:HGNC Symbol;Acc:HGNC:54510]"
ENSG00000236782,ZNF593OS,protein_coding,1,ZNF593 opposite strand [Source:HGNC Symbol;Acc:HGNC:41278]
ENSG00000237429,,lncRNA,1,novel transcript
ENSG00000238231,,processed_pseudogene,1,interferon-induced transmembrane protein pseudogene
ENSG00000238316,,snoRNA,1,
ENSG00000238705,MIR1976,miRNA,1,microRNA 1976 [Source:HGNC Symbol;Acc:HGNC:37064]
ENSG00000240750,RN7SL559P,misc_RNA,1,"RNA, 7SL, cytoplasmic 559, pseudogene [Source:HGNC Symbol;Acc:HGNC:46575]"
ENSG00000241169,,lncRNA,1,novel transcript
ENSG00000241188,RN7SL165P,misc_RNA,1,"RNA, 7SL, cytoplasmic 165, pseudogene [Source:HGNC Symbol;Acc:HGNC:46181]"
ENSG00000241547,ACTG1P20,processed_pseudogene,1,actin gamma 1 pseudogene 20 [Source:HGNC Symbol;Acc:HGNC:51500]
ENSG00000243659,,processed_pseudogene,1,SMT3 suppressor of mif two 3 homolog 2 (yeast) (SMT3H2) pseudogene
ENSG00000243905,RN7SL679P,misc_RNA,1,"RNA, 7SL, cytoplasmic 679, pseudogene [Source:HGNC Symbol;Acc:HGNC:46695]"
ENSG00000252098,Y_RNA,misc_RNA,1,Y RNA [Source:RFAM;Acc:RF00019]
ENSG00000252429,RNU7-29P,snRNA,1,"RNA, U7 small nuclear 29 pseudogene [Source:HGNC Symbol;Acc:HGNC:34125]"
ENSG00000252691,,scaRNA,1,
ENSG00000252802,Y_RNA,misc_RNA,1,Y RNA [Source:RFAM;Acc:RF00019]
ENSG00000252947,SCARNA1,scaRNA,1,small Cajal body-specific RNA 1 [Source:HGNC Symbol;Acc:HGNC:32555]
ENSG00000253368,TRNP1,protein_coding,1,TMF1 regulated nuclear protein 1 [Source:HGNC Symbol;Acc:HGNC:34348]
ENSG00000260063,,lncRNA,1,"novel transcript, antisense to ARID1A"
ENSG00000269971,,lncRNA,1,"novel transcript, sense intronic to STX12"
ENSG00000270031,,lncRNA,1,"novel transcript, sense intronic to STX12"
ENSG00000270733,,processed_pseudogene,1,mitochondrial ribosomal protein S6 (MRPS6) pseudogene
ENSG00000278572,,unprocessed_pseudogene,1,ADP-ribosylation factor-like 16 (ARL16) pseudogene
ENSG00000282872,C1orf232,protein_coding,1,chromosome 1 open reading frame 230 [Source:HGNC Symbol;Acc:HGNC:53426]
ENSG00000284309,,lncRNA,1,novel transcript
ENSG00000060656,PTPRU,protein_coding,1,protein tyrosine phosphatase receptor type U [Source:HGNC Symbol;Acc:HGNC:9683]
ENSG00000060688,SNRNP40,protein_coding,1,small nuclear ribonucleoprotein U5 subunit 40 [Source:HGNC Symbol;Acc:HGNC:30857]
ENSG00000084628,NKAIN1,protein_coding,1,sodium/potassium transporting ATPase interacting 1 [Source:HGNC Symbol;Acc:HGNC:25743]
ENSG00000084636,COL16A1,protein_coding,1,collagen type XVI alpha 1 chain [Source:HGNC Symbol;Acc:HGNC:2193]
ENSG00000116329,OPRD1,protein_coding,1,opioid receptor delta 1 [Source:HGNC Symbol;Acc:HGNC:8153]
ENSG00000116350,SRSF4,protein_coding,1,serine and arginine rich splicing factor 4 [Source:HGNC Symbol;Acc:HGNC:10786]
ENSG00000116353,MECR,protein_coding,1,mitochondrial trans-2-enoyl-CoA reductase [Source:HGNC Symbol;Acc:HGNC:19691]
ENSG00000120656,TAF12,protein_coding,1,TATA-box binding protein associated factor 12 [Source:HGNC Symbol;Acc:HGNC:11545]
ENSG00000121753,ADGRB2,protein_coding,1,adhesion G protein-coupled receptor B2 [Source:HGNC Symbol;Acc:HGNC:944]
ENSG00000121764,HCRTR1,protein_coding,1,hypocretin receptor 1 [Source:HGNC Symbol;Acc:HGNC:4848]
ENSG00000121766,ZCCHC17,protein_coding,1,zinc finger CCHC-type containing 17 [Source:HGNC Symbol;Acc:HGNC:30246]
ENSG00000121769,FABP3,protein_coding,1,fatty acid binding protein 3 [Source:HGNC Symbol;Acc:HGNC:3557]
ENSG00000126698,DNAJC8,protein_coding,1,DnaJ heat shock protein family (Hsp40) member C8 [Source:HGNC Symbol;Acc:HGNC:15470]
ENSG00000130766,SESN2,protein_coding,1,sestrin 2 [Source:HGNC Symbol;Acc:HGNC:20746]
ENSG00000130770,ATP5IF1,protein_coding,1,ATP synthase inhibitory factor subunit 1 [Source:HGNC Symbol;Acc:HGNC:871]
ENSG00000130772,MED18,protein_coding,1,mediator complex subunit 18 [Source:HGNC Symbol;Acc:HGNC:25944]
ENSG00000134644,PUM1,protein_coding,1,pumilio RNA binding family member 1 [Source:HGNC Symbol;Acc:HGNC:14957]
ENSG00000134668,SPOCD1,protein_coding,1,SPOC domain containing 1 [Source:HGNC Symbol;Acc:HGNC:26338]
ENSG00000142910,TINAGL1,protein_coding,1,tubulointerstitial nephritis antigen like 1 [Source:HGNC Symbol;Acc:HGNC:19168]
ENSG00000159023,EPB41,protein_coding,1,erythrocyte membrane protein band 4.1 [Source:HGNC Symbol;Acc:HGNC:3377]
ENSG00000162419,GMEB1,protein_coding,1,glucocorticoid modulatory element binding protein 1 [Source:HGNC Symbol;Acc:HGNC:4370]
ENSG00000162510,MATN1,protein_coding,1,matrilin 1 [Source:HGNC Symbol;Acc:HGNC:6907]
ENSG00000162511,LAPTM5,protein_coding,1,lysosomal protein transmembrane 5 [Source:HGNC Symbol;Acc:HGNC:29612]
ENSG00000162512,SDC3,protein_coding,1,syndecan 3 [Source:HGNC Symbol;Acc:HGNC:10660]
ENSG00000162517,PEF1,protein_coding,1,penta-EF-hand domain containing 1 [Source:HGNC Symbol;Acc:HGNC:30009]
ENSG00000168528,SERINC2,protein_coding,1,serine incorporator 2 [Source:HGNC Symbol;Acc:HGNC:23231]
ENSG00000169403,PTAFR,protein_coding,1,platelet activating factor receptor [Source:HGNC Symbol;Acc:HGNC:9582]
ENSG00000180098,TRNAU1AP,protein_coding,1,tRNA selenocysteine 1 associated protein 1 [Source:HGNC Symbol;Acc:HGNC:30813]
ENSG00000180198,RCC1,protein_coding,1,regulator of chromosome condensation 1 [Source:HGNC Symbol;Acc:HGNC:1913]
ENSG00000184007,PTP4A2,protein_coding,1,protein tyrosine phosphatase 4A2 [Source:HGNC Symbol;Acc:HGNC:9635]
ENSG00000186056,MATN1-AS1,lncRNA,1,MATN1 antisense RNA 1 [Source:HGNC Symbol;Acc:HGNC:40364]
ENSG00000188060,RAB42,protein_coding,1,"RAB42, member RAS oncogene family [Source:HGNC Symbol;Acc:HGNC:28702]"
ENSG00000197989,SNHG12,lncRNA,1,small nucleolar RNA host gene 12 [Source:HGNC Symbol;Acc:HGNC:30062]
ENSG00000198492,YTHDF2,protein_coding,1,YTH N6-methyladenosine RNA binding protein F2 [Source:HGNC Symbol;Acc:HGNC:31675]
ENSG00000199756,Y_RNA,misc_RNA,1,Y RNA [Source:RFAM;Acc:RF00019]
ENSG00000200087,SNORA73B,snoRNA,1,"small nucleolar RNA, H/ACA box 73B [Source:HGNC Symbol;Acc:HGNC:10116]"
ENSG00000203620,,lncRNA,1,novel transcript
ENSG00000204138,PHACTR4,protein_coding,1,phosphatase and actin regulator 4 [Source:HGNC Symbol;Acc:HGNC:25793]
ENSG00000206704,Y_RNA,misc_RNA,1,Y RNA [Source:RFAM;Acc:RF00019]
ENSG00000206779,Y_RNA,misc_RNA,1,Y RNA [Source:RFAM;Acc:RF00019]
ENSG00000206981,RNU6-40P,snRNA,1,"RNA, U6 small nuclear 40, pseudogene [Source:HGNC Symbol;Acc:HGNC:34248]"
ENSG00000214812,ARL8BP2,processed_pseudogene,1,ARL8B pseudogene 2 [Source:HGNC Symbol;Acc:HGNC:56629]
ENSG00000215899,EEF1A1P46,processed_pseudogene,1,eukaryotic translation elongation factor 1 alpha 1 pseudogene 46 [Source:HGNC Symbol;Acc:HGNC:56203]
ENSG00000215900,SELENOWP1,processed_pseudogene,1,selenoprotein W pseudogene 1 [Source:HGNC Symbol;Acc:HGNC:10753]
ENSG00000221216,RNU6ATAC27P,snRNA,1,"RNA, U6atac small nuclear 27, pseudogene [Source:HGNC Symbol;Acc:HGNC:46926]"
ENSG00000221539,SNORD99,snoRNA,1,"small nucleolar RNA, C/D box 99 [Source:HGNC Symbol;Acc:HGNC:32762]"
ENSG00000222784,RN7SKP91,misc_RNA,1,RN7SK pseudogene 91 [Source:HGNC Symbol;Acc:HGNC:45815]
ENSG00000223382,LINC01778,lncRNA,1,long intergenic non-protein coding RNA 1778 [Source:HGNC Symbol;Acc:HGNC:52568]
ENSG00000225011,,unprocessed_pseudogene,1,"protein tyrosine phosphatase, receptor type, U (PTPRU) pseudogene"
ENSG00000225142,RPL21P22,processed_pseudogene,1,ribosomal protein L21 pseudogene 22 [Source:HGNC Symbol;Acc:HGNC:36550]
ENSG00000225616,,processed_pseudogene,1,ribosomal protein L27 (RPL27) pseudogene
ENSG00000225750,,lncRNA,1,novel transcript
ENSG00000228176,,lncRNA,1,novel transcript
ENSG00000228589,SPCS2P4,transcribed_processed_pseudogene,1,signal peptidase complex subunit 2 pseudogene 4 [Source:HGNC Symbol;Acc:HGNC:45237]
ENSG00000228943,,processed_pseudogene,1,"NADH dehydrogenase (ubiquinone) 1 alpha subcomplex, 4, 9kDa (NDUFA4) pseudogene"
ENSG00000229044,,lncRNA,1,novel transcript
ENSG00000229167,,lncRNA,1,novel transcript
ENSG00000229388,TAF12-DT,lncRNA,1,TAF12 divergent transcript [Source:HGNC Symbol;Acc:HGNC:52502]
ENSG00000229447,,processed_pseudogene,1,"general transcription factor IIA, 2, 12kDa (GTF2A2) pseudogene"
ENSG00000229607,,lncRNA,1,novel transcript
ENSG00000229820,DNAJC8P4,processed_pseudogene,1,DNAJC8 pseudogene 4 [Source:HGNC Symbol;Acc:HGNC:56542]
ENSG00000230523,LINC01756,lncRNA,1,long intergenic non-protein coding RNA 1756 [Source:HGNC Symbol;Acc:HGNC:52545]
ENSG00000231251,,processed_pseudogene,1,"family with sequence similarity 32, member A (FAM32A) pseudogene"
ENSG00000231468,PRDX3P2,processed_pseudogene,1,peroxiredoxin 3 pseudogene 2 [Source:HGNC Symbol;Acc:HGNC:39265]
ENSG00000231949,,lncRNA,1,novel transcript
ENSG00000232768,,processed_pseudogene,1,ribosomal protein S29 (RPS29) pseudogene
ENSG00000233372,,lncRNA,1,novel transcript
ENSG00000233399,LINC01648,lncRNA,1,long intergenic non-protein coding RNA 1648 [Source:HGNC Symbol;Acc:HGNC:52435]
ENSG00000233427,,lncRNA,1,novel transcript
ENSG00000235143,,lncRNA,1,novel transcript
ENSG00000235790,PEF1-AS1,lncRNA,1,PEF1 and COL16A1 antisense RNA 1 [Source:HGNC Symbol;Acc:HGNC:40154]
ENSG00000236335,,lncRNA,1,novel transcript
ENSG00000237329,,processed_pseudogene,1,"TAF9 RNA polymerase II, TATA box binding protein (TBP)-associated factor, 32kDa (TAF9) pseudogene"
ENSG00000237934,,lncRNA,1,novel transcript
ENSG00000242125,SNHG3,lncRNA,1,small nucleolar RNA host gene 3 [Source:HGNC Symbol;Acc:HGNC:10118]
ENSG00000252777,,scaRNA,1,
ENSG00000253005,RNU6-176P,snRNA,1,"RNA, U6 small nuclear 176, pseudogene [Source:HGNC Symbol;Acc:HGNC:47139]"
ENSG00000253304,TMEM200B,protein_coding,1,transmembrane protein 200B [Source:HGNC Symbol;Acc:HGNC:33785]
ENSG00000254545,,lncRNA,1,novel transcript
ENSG00000260386,LDC1P,transcribed_unitary_pseudogene,1,"leucine decarboxylase 1, pseudogene [Source:HGNC Symbol;Acc:HGNC:49677]"
ENSG00000264773,MIR4420,miRNA,1,microRNA 4420 [Source:HGNC Symbol;Acc:HGNC:41772]
ENSG00000265961,Y_RNA,misc_RNA,1,Y RNA [Source:RFAM;Acc:RF00019]
ENSG00000266210,RN7SL371P,misc_RNA,1,"RNA, 7SL, cytoplasmic 371, pseudogene [Source:HGNC Symbol;Acc:HGNC:46387]"
ENSG00000266580,MIR4254,miRNA,1,microRNA 4254 [Source:HGNC Symbol;Acc:HGNC:38193]
ENSG00000269967,,lncRNA,1,novel transcript
ENSG00000270103,,lncRNA,1,"RNA, U11 small nuclear"
ENSG00000270605,,lncRNA,1,novel transcript
ENSG00000270927,,processed_pseudogene,1,"N(alpha)-acetyltransferase 20, NatB catalytic subunit (NAA20) pseudogene"
ENSG00000271398,,lncRNA,1,novel transcript
ENSG00000273544,SNORA44,snoRNA,1,"small nucleolar RNA, H/ACA box 44 [Source:HGNC Symbol;Acc:HGNC:32637]"
ENSG00000274266,SNORA73A,snoRNA,1,"small nucleolar RNA, H/ACA box 73A [Source:HGNC Symbol;Acc:HGNC:10115]"
ENSG00000274582,SNORA16A,snoRNA,1,"small nucleolar RNA, H/ACA box 16A [Source:HGNC Symbol;Acc:HGNC:32605]"
ENSG00000274978,RNU11,snRNA,1,"RNA, U11 small nuclear [Source:HGNC Symbol;Acc:HGNC:10108]"
ENSG00000277916,,misc_RNA,1,
ENSG00000277958,Metazoa_SRP,misc_RNA,1,Metazoan signal recognition particle RNA [Source:RFAM;Acc:RF00017]
ENSG00000278274,SNORA61,snoRNA,1,"small nucleolar RNA, H/ACA box 61 [Source:HGNC Symbol;Acc:HGNC:32655]"
ENSG00000279443,,TEC,1,TEC
ENSG00000280498,SNORA16A,snoRNA,1,"small nucleolar RNA, H/ACA box 16A [Source:HGNC Symbol;Acc:HGNC:32605]"
ENSG00000284543,LINC01226,lncRNA,1,long intergenic non-protein coding RNA 1226 [Source:HGNC Symbol;Acc:HGNC:49678]
ENSG00000004455,AK2,protein_coding,1,adenylate kinase 2 [Source:HGNC Symbol;Acc:HGNC:362]
ENSG00000020129,NCDN,protein_coding,1,neurochondrin [Source:HGNC Symbol;Acc:HGNC:17597]
ENSG00000025800,KPNA6,protein_coding,1,karyopherin subunit alpha 6 [Source:HGNC Symbol;Acc:HGNC:6399]
ENSG00000084623,EIF3I,protein_coding,1,eukaryotic translation initiation factor 3 subunit I [Source:HGNC Symbol;Acc:HGNC:3272]
ENSG00000084652,TXLNA,protein_coding,1,taxilin alpha [Source:HGNC Symbol;Acc:HGNC:30685]
ENSG00000116478,HDAC1,protein_coding,1,histone deacetylase 1 [Source:HGNC Symbol;Acc:HGNC:4852]
ENSG00000116497,S100PBP,protein_coding,1,S100P binding protein [Source:HGNC Symbol;Acc:HGNC:25768]
ENSG00000116514,RNF19B,protein_coding,1,ring finger protein 19B [Source:HGNC Symbol;Acc:HGNC:26886]
ENSG00000116525,TRIM62,protein_coding,1,tripartite motif containing 62 [Source:HGNC Symbol;Acc:HGNC:25574]
ENSG00000116544,DLGAP3,protein_coding,1,DLG associated protein 3 [Source:HGNC Symbol;Acc:HGNC:30368]
ENSG00000116560,SFPQ,protein_coding,1,splicing factor proline and glutamine rich [Source:HGNC Symbol;Acc:HGNC:10774]
ENSG00000121774,KHDRBS1,protein_coding,1,"KH RNA binding domain containing, signal transduction associated 1 [Source:HGNC Symbol;Acc:HGNC:18116]"
ENSG00000121775,TMEM39B,protein_coding,1,transmembrane protein 39B [Source:HGNC Symbol;Acc:HGNC:25510]
ENSG00000121900,TMEM54,protein_coding,1,transmembrane protein 54 [Source:HGNC Symbol;Acc:HGNC:24143]
ENSG00000121903,ZSCAN20,protein_coding,1,zinc finger and SCAN domain containing 20 [Source:HGNC Symbol;Acc:HGNC:13093]
ENSG00000121904,CSMD2,protein_coding,1,CUB and Sushi multiple domains 2 [Source:HGNC Symbol;Acc:HGNC:19290]
ENSG00000121905,HPCA,protein_coding,1,hippocalcin [Source:HGNC Symbol;Acc:HGNC:5144]
ENSG00000134684,YARS1,protein_coding,1,tyrosyl-tRNA synthetase 1 [Source:HGNC Symbol;Acc:HGNC:12840]
ENSG00000134686,PHC2,protein_coding,1,polyhomeotic homolog 2 [Source:HGNC Symbol;Acc:HGNC:3183]
ENSG00000142687,KIAA0319L,protein_coding,1,KIAA0319 like [Source:HGNC Symbol;Acc:HGNC:30071]
ENSG00000142698,C1orf94,protein_coding,1,chromosome 1 open reading frame 94 [Source:HGNC Symbol;Acc:HGNC:28250]
ENSG00000142920,AZIN2,protein_coding,1,antizyme inhibitor 2 [Source:HGNC Symbol;Acc:HGNC:29957]
ENSG00000146463,ZMYM4,protein_coding,1,zinc finger MYM-type containing 4 [Source:HGNC Symbol;Acc:HGNC:13055]
ENSG00000160050,CCDC28B,protein_coding,1,coiled-coil domain containing 28B [Source:HGNC Symbol;Acc:HGNC:28163]
ENSG00000160051,IQCC,protein_coding,1,IQ motif containing C [Source:HGNC Symbol;Acc:HGNC:25545]
ENSG00000160055,TMEM234,protein_coding,1,transmembrane protein 234 [Source:HGNC Symbol;Acc:HGNC:28837]
ENSG00000160058,BSDC1,protein_coding,1,BSD domain containing 1 [Source:HGNC Symbol;Acc:HGNC:25501]
ENSG00000160062,ZBTB8A,protein_coding,1,zinc finger and BTB domain containing 8A [Source:HGNC Symbol;Acc:HGNC:24172]
ENSG00000160094,ZNF362,protein_coding,1,zinc finger protein 362 [Source:HGNC Symbol;Acc:HGNC:18079]
ENSG00000160097,FNDC5,protein_coding,1,fibronectin type III domain containing 5 [Source:HGNC Symbol;Acc:HGNC:20240]
ENSG00000162520,SYNC,protein_coding,1,"syncoilin, intermediate filament protein [Source:HGNC Symbol;Acc:HGNC:28897]"
ENSG00000162521,RBBP4,protein_coding,1,"RB binding protein 4, chromatin remodeling factor [Source:HGNC Symbol;Acc:HGNC:9887]"
ENSG00000162522,NHSL3,protein_coding,1,NHS like 3 [Source:HGNC Symbol;Acc:HGNC:29301]
ENSG00000162526,TSSK3,protein_coding,1,testis specific serine kinase 3 [Source:HGNC Symbol;Acc:HGNC:15473]
ENSG00000163866,SMIM12,protein_coding,1,small integral membrane protein 12 [Source:HGNC Symbol;Acc:HGNC:25154]
ENSG00000163867,ZMYM6,protein_coding,1,zinc finger MYM-type containing 6 [Source:HGNC Symbol;Acc:HGNC:13050]
ENSG00000175130,MARCKSL1,protein_coding,1,MARCKS like 1 [Source:HGNC Symbol;Acc:HGNC:7142]
ENSG00000176256,HMGB4,protein_coding,1,high mobility group box 4 [Source:HGNC Symbol;Acc:HGNC:24954]
ENSG00000176261,ZBTB8OS,protein_coding,1,zinc finger and BTB domain containing 8 opposite strand [Source:HGNC Symbol;Acc:HGNC:24094]
ENSG00000182866,LCK,protein_coding,1,"LCK proto-oncogene, Src family tyrosine kinase [Source:HGNC Symbol;Acc:HGNC:6524]"
ENSG00000183615,FAM167B,protein_coding,1,family with sequence similarity 167 member B [Source:HGNC Symbol;Acc:HGNC:28133]
ENSG00000184389,A3GALT2,protein_coding,1,"alpha 1,3-galactosyltransferase 2 [Source:HGNC Symbol;Acc:HGNC:30005]"
ENSG00000187513,GJA4,protein_coding,1,gap junction protein alpha 4 [Source:HGNC Symbol;Acc:HGNC:4278]
ENSG00000188910,GJB3,protein_coding,1,gap junction protein beta 3 [Source:HGNC Symbol;Acc:HGNC:4285]
ENSG00000189280,GJB5,protein_coding,1,gap junction protein beta 5 [Source:HGNC Symbol;Acc:HGNC:4287]
ENSG00000189433,GJB4,protein_coding,1,gap junction protein beta 4 [Source:HGNC Symbol;Acc:HGNC:4286]
ENSG00000197056,ZMYM1,protein_coding,1,zinc finger MYM-type containing 1 [Source:HGNC Symbol;Acc:HGNC:26253]
ENSG00000200591,Y_RNA,misc_RNA,1,Y RNA [Source:RFAM;Acc:RF00019]
ENSG00000201148,RNA5SP42,rRNA_pseudogene,1,"RNA, 5S ribosomal pseudogene 42 [Source:HGNC Symbol;Acc:HGNC:42818]"
ENSG00000201542,SNORA62,snoRNA,1,Small nucleolar RNA SNORA62/SNORA6 family [Source:RFAM;Acc:RF00091]
ENSG00000201868,Y_RNA,misc_RNA,1,Y RNA [Source:RFAM;Acc:RF00019]
ENSG00000203325,,lncRNA,1,novel transcript
ENSG00000207941,MIR552,miRNA,1,microRNA 552 [Source:HGNC Symbol;Acc:HGNC:32808]
ENSG00000217644,,processed_pseudogene,1,ribosomal protein L18a (RPL18A) pseudogene
ENSG00000220785,MTMR9LP,transcribed_unprocessed_pseudogene,1,"myotubularin related protein 9 like, pseudogene [Source:HGNC Symbol;Acc:HGNC:27920]"
ENSG00000222046,DCDC2B,protein_coding,1,doublecortin domain containing 2B [Source:HGNC Symbol;Acc:HGNC:32576]
ENSG00000222112,RN7SKP16,misc_RNA,1,RN7SK pseudogene 16 [Source:HGNC Symbol;Acc:HGNC:45740]
ENSG00000224066,IQCC-AS1,lncRNA,1,IQCC and CCDC28B antisense RNA 1 [Source:HGNC Symbol;Acc:HGNC:41107]
ENSG00000224333,GAPDHP20,processed_pseudogene,1,glyceraldehyde 3 phosphate dehydrogenase pseudogene 20 [Source:HGNC Symbol;Acc:HGNC:37772]
ENSG00000224409,,lncRNA,1,novel transcript
ENSG00000225313,,lncRNA,1,novel transcript
ENSG00000225828,FAM229A,protein_coding,1,family with sequence similarity 229 member A [Source:HGNC Symbol;Acc:HGNC:44652]
ENSG00000227000,HSPD1P14,processed_pseudogene,1,heat shock protein family D (Hsp60) member 1 pseudogene 14 [Source:HGNC Symbol;Acc:HGNC:35143]
ENSG00000227409,ZMYM4-AS1,lncRNA,1,ZMYM4 antisense RNA 1 [Source:HGNC Symbol;Acc:HGNC:40624]
ENSG00000228348,EFCAB14P1,processed_pseudogene,1,EF-hand calcium binding domain 14 pseudogene 1 [Source:HGNC Symbol;Acc:HGNC:44648]
ENSG00000228634,,lncRNA,1,novel transcript
ENSG00000229259,LRRC37A12P,unprocessed_pseudogene,1,"leucine rich repeat containing 37 member A12, pseudogene [Source:HGNC Symbol;Acc:HGNC:43816]"
ENSG00000229994,RPL5P4,processed_pseudogene,1,ribosomal protein L5 pseudogene 4 [Source:HGNC Symbol;Acc:HGNC:36095]
ENSG00000230163,,lncRNA,1,novel transcript
ENSG00000231163,CSMD2-AS1,lncRNA,1,CSMD2 antisense RNA 1 [Source:HGNC Symbol;Acc:HGNC:40882]
ENSG00000233246,PHC2-AS1,lncRNA,1,PHC2 antisense RNA 1 [Source:HGNC Symbol;Acc:HGNC:40205]
ENSG00000233775,,lncRNA,1,novel transcript
ENSG00000233940,RPL12P45,processed_pseudogene,1,ribosomal protein L12 pseudogene 45 [Source:HGNC Symbol;Acc:HGNC:51937]
ENSG00000234512,TLR12P,unitary_pseudogene,1,"toll like receptor 12, pseudogene [Source:HGNC Symbol;Acc:HGNC:31754]"
ENSG00000235907,,processed_pseudogene,1,"proteasome (prosome, macropain) subunit, alpha type, 3 (PSMA3) pseudogene"
ENSG00000236065,,lncRNA,1,novel transcript
ENSG00000236274,,processed_pseudogene,1,zinc finger protein pseudogene
ENSG00000239670,,transcribed_unprocessed_pseudogene,1,ribosomal protein S2 (RPS2) pseudogene
ENSG00000240374,RN7SL503P,misc_RNA,1,"RNA, 7SL, cytoplasmic 503, pseudogene [Source:HGNC Symbol;Acc:HGNC:46519]"
ENSG00000241014,GPR199P,transcribed_unitary_pseudogene,1,"G protein-coupled receptor 199, pseudogene [Source:HGNC Symbol;Acc:HGNC:55170]"
ENSG00000243749,TMEM35B,protein_coding,1,transmembrane protein 35B [Source:HGNC Symbol;Acc:HGNC:40021]
ENSG00000250135,,lncRNA,1,novel transcript
ENSG00000252450,Y_RNA,misc_RNA,1,Y RNA [Source:RFAM;Acc:RF00019]
ENSG00000254553,,protein_coding,1,novel transcript
ENSG00000255811,,lncRNA,1,"novel transcript, antisense to GJB4 and GJB3"
ENSG00000263529,RN7SL122P,misc_RNA,1,"RNA, 7SL, cytoplasmic 122, pseudogene [Source:HGNC Symbol;Acc:HGNC:46138]"
ENSG00000266203,MIR5585,miRNA,1,microRNA 5585 [Source:HGNC Symbol;Acc:HGNC:43452]
ENSG00000270115,,lncRNA,1,novel transcript
ENSG00000270241,,processed_pseudogene,1,"ferritin, heavy polypeptide 1 (FTH1) pseudogene"
ENSG00000270850,,processed_pseudogene,1,golgi SNAP receptor complex member 2 (GOSR2) pseudogene
ENSG00000271741,,protein_coding,1,"novel transcript, ZMYM6-ZMYM6NB readthrough"
ENSG00000273274,ZBTB8B,protein_coding,1,zinc finger and BTB domain containing 8B [Source:HGNC Symbol;Acc:HGNC:37057]
ENSG00000276493,Metazoa_SRP,misc_RNA,1,Metazoan signal recognition particle RNA [Source:RFAM;Acc:RF00017]
ENSG00000276645,Metazoa_SRP,misc_RNA,1,Metazoan signal recognition particle RNA [Source:RFAM;Acc:RF00017]
ENSG00000277617,Metazoa_SRP,misc_RNA,1,Metazoan signal recognition particle RNA [Source:RFAM;Acc:RF00017]
ENSG00000278702,Metazoa_SRP,misc_RNA,1,Metazoan signal recognition particle RNA [Source:RFAM;Acc:RF00017]
ENSG00000278966,,TEC,1,TEC
ENSG00000278997,,TEC,1,TEC
ENSG00000279179,,TEC,1,TEC
ENSG00000284154,MIR3605,miRNA,1,microRNA 3605 [Source:HGNC Symbol;Acc:HGNC:38922]
ENSG00000054116,TRAPPC3,protein_coding,1,trafficking protein particle complex subunit 3 [Source:HGNC Symbol;Acc:HGNC:19942]
ENSG00000054118,THRAP3,protein_coding,1,thyroid hormone receptor associated protein 3 [Source:HGNC Symbol;Acc:HGNC:22964]
ENSG00000092847,AGO1,protein_coding,1,argonaute RISC component 1 [Source:HGNC Symbol;Acc:HGNC:3262]
ENSG00000092850,TEKT2,protein_coding,1,tektin 2 [Source:HGNC Symbol;Acc:HGNC:11725]
ENSG00000092853,CLSPN,protein_coding,1,claspin [Source:HGNC Symbol;Acc:HGNC:19715]
ENSG00000116819,TFAP2E,protein_coding,1,transcription factor AP-2 epsilon [Source:HGNC Symbol;Acc:HGNC:30774]
ENSG00000116863,ADPRS,protein_coding,1,ADP-ribosylserine hydrolase [Source:HGNC Symbol;Acc:HGNC:21304]
ENSG00000116871,MAP7D1,protein_coding,1,MAP7 domain containing 1 [Source:HGNC Symbol;Acc:HGNC:25514]
ENSG00000116885,OSCP1,protein_coding,1,organic solute carrier partner 1 [Source:HGNC Symbol;Acc:HGNC:29971]
ENSG00000116898,MRPS15,protein_coding,1,mitochondrial ribosomal protein S15 [Source:HGNC Symbol;Acc:HGNC:14504]
ENSG00000116922,AIRIM,protein_coding,1,AFG2 interacting ribosome maturation factor [Source:HGNC Symbol;Acc:HGNC:26039]
ENSG00000116954,RRAGC,protein_coding,1,Ras related GTP binding C [Source:HGNC Symbol;Acc:HGNC:19902]
ENSG00000119535,CSF3R,protein_coding,1,colony stimulating factor 3 receptor [Source:HGNC Symbol;Acc:HGNC:2439]
ENSG00000126067,PSMB2,protein_coding,1,proteasome 20S subunit beta 2 [Source:HGNC Symbol;Acc:HGNC:9539]
ENSG00000126070,AGO3,protein_coding,1,argonaute RISC catalytic component 3 [Source:HGNC Symbol;Acc:HGNC:18421]
ENSG00000127603,MACF1,protein_coding,1,microtubule actin crosslinking factor 1 [Source:HGNC Symbol;Acc:HGNC:13664]
ENSG00000131233,GJA9,protein_coding,1,gap junction protein alpha 9 [Source:HGNC Symbol;Acc:HGNC:19155]
ENSG00000134690,CDCA8,protein_coding,1,cell division cycle associated 8 [Source:HGNC Symbol;Acc:HGNC:14629]
ENSG00000134697,GNL2,protein_coding,1,G protein nucleolar 2 [Source:HGNC Symbol;Acc:HGNC:29925]
ENSG00000134698,AGO4,protein_coding,1,argonaute RISC component 4 [Source:HGNC Symbol;Acc:HGNC:18424]
ENSG00000142686,C1orf216,protein_coding,1,chromosome 1 open reading frame 216 [Source:HGNC Symbol;Acc:HGNC:26800]
ENSG00000142694,EVA1B,protein_coding,1,eva-1 homolog B [Source:HGNC Symbol;Acc:HGNC:25558]
ENSG00000158315,RHBDL2,protein_coding,1,rhomboid like 2 [Source:HGNC Symbol;Acc:HGNC:16083]
ENSG00000163873,GRIK3,protein_coding,1,glutamate ionotropic receptor kainate type subunit 3 [Source:HGNC Symbol;Acc:HGNC:4581]
ENSG00000163874,ZC3H12A,protein_coding,1,zinc finger CCCH-type containing 12A [Source:HGNC Symbol;Acc:HGNC:26259]
ENSG00000163875,MEAF6,protein_coding,1,MYST/Esa1 associated factor 6 [Source:HGNC Symbol;Acc:HGNC:25674]
ENSG00000163877,SNIP1,protein_coding,1,Smad nuclear interacting protein 1 [Source:HGNC Symbol;Acc:HGNC:30587]
ENSG00000163879,DNALI1,protein_coding,1,dynein axonemal light intermediate chain 1 [Source:HGNC Symbol;Acc:HGNC:14353]
ENSG00000168653,NDUFS5,protein_coding,1,NADH:ubiquinone oxidoreductase subunit S5 [Source:HGNC Symbol;Acc:HGNC:7712]
ENSG00000169218,RSPO1,protein_coding,1,R-spondin 1 [Source:HGNC Symbol;Acc:HGNC:21679]
ENSG00000171812,COL8A2,protein_coding,1,collagen type VIII alpha 2 chain [Source:HGNC Symbol;Acc:HGNC:2216]
ENSG00000174574,AKIRIN1,protein_coding,1,akirin 1 [Source:HGNC Symbol;Acc:HGNC:25744]
ENSG00000181817,LSM10,protein_coding,1,"LSM10, U7 small nuclear RNA associated [Source:HGNC Symbol;Acc:HGNC:17562]"
ENSG00000183317,EPHA10,protein_coding,1,EPH receptor A10 [Source:HGNC Symbol;Acc:HGNC:19987]
ENSG00000183386,FHL3,protein_coding,1,four and a half LIM domains 3 [Source:HGNC Symbol;Acc:HGNC:3704]
ENSG00000183431,SF3A3,protein_coding,1,splicing factor 3a subunit 3 [Source:HGNC Symbol;Acc:HGNC:10767]
ENSG00000183520,UTP11,protein_coding,1,UTP11 small subunit processome component [Source:HGNC Symbol;Acc:HGNC:24329]
ENSG00000183682,BMP8A,protein_coding,1,bone morphogenetic protein 8a [Source:HGNC Symbol;Acc:HGNC:21650]
ENSG00000185090,MANEAL,protein_coding,1,mannosidase endo-alpha like [Source:HGNC Symbol;Acc:HGNC:26452]
ENSG00000185668,POU3F1,protein_coding,1,POU class 3 homeobox 1 [Source:HGNC Symbol;Acc:HGNC:9214]
ENSG00000188786,MTF1,protein_coding,1,metal regulatory transcription factor 1 [Source:HGNC Symbol;Acc:HGNC:7428]
ENSG00000196182,STK40,protein_coding,1,serine/threonine kinase 40 [Source:HGNC Symbol;Acc:HGNC:21373]
ENSG00000196449,YRDC,protein_coding,1,yrdC N6-threonylcarbamoyltransferase domain containing [Source:HGNC Symbol;Acc:HGNC:28905]
ENSG00000197982,C1orf122,protein_coding,1,chromosome 1 open reading frame 122 [Source:HGNC Symbol;Acc:HGNC:24789]
ENSG00000199963,RNU6-605P,snRNA,1,"RNA, U6 small nuclear 605, pseudogene [Source:HGNC Symbol;Acc:HGNC:47568]"
ENSG00000200421,Y_RNA,misc_RNA,1,Y RNA [Source:RFAM;Acc:RF00019]
ENSG00000200796,RNU6-753P,snRNA,1,"RNA, U6 small nuclear 753, pseudogene [Source:HGNC Symbol;Acc:HGNC:47716]"
ENSG00000201448,SNORA63C,snoRNA,1,"small nucleolar RNA, H/ACA box 63C [Source:HGNC Symbol;Acc:HGNC:52210]"
ENSG00000204084,INPP5B,protein_coding,1,inositol polyphosphate-5-phosphatase B [Source:HGNC Symbol;Acc:HGNC:6077]
ENSG00000206654,RNU6-608P,snRNA,1,"RNA, U6 small nuclear 608, pseudogene [Source:HGNC Symbol;Acc:HGNC:47571]"
ENSG00000207328,RNU6-636P,snRNA,1,"RNA, U6 small nuclear 636, pseudogene [Source:HGNC Symbol;Acc:HGNC:47599]"
ENSG00000207466,Y_RNA,misc_RNA,1,Y RNA [Source:RFAM;Acc:RF00019]
ENSG00000212541,RNU6-510P,snRNA,1,"RNA, U6 small nuclear 510, pseudogene [Source:HGNC Symbol;Acc:HGNC:47473]"
ENSG00000214114,MYCBP,protein_coding,1,MYC binding protein [Source:HGNC Symbol;Acc:HGNC:7554]
ENSG00000214141,ACTN4P2,processed_pseudogene,1,actinin alpha 4 pseudogene 2 [Source:HGNC Symbol;Acc:HGNC:44032]
ENSG00000214193,SH3D21,protein_coding,1,SH3 domain containing 21 [Source:HGNC Symbol;Acc:HGNC:26236]
ENSG00000215895,HSPA5P1,processed_pseudogene,1,HSPA5 pseudogene 1 [Source:HGNC Symbol;Acc:HGNC:54532]
ENSG00000217897,HSPE1P8,processed_pseudogene,1,heat shock protein family E (Hsp10) member 1 pseudogene 8 [Source:HGNC Symbol;Acc:HGNC:49326]
ENSG00000222282,RNU6-584P,snRNA,1,"RNA, U6 small nuclear 584, pseudogene [Source:HGNC Symbol;Acc:HGNC:47547]"
ENSG00000222378,RNA5SP44,rRNA_pseudogene,1,"RNA, 5S ribosomal pseudogene 44 [Source:HGNC Symbol;Acc:HGNC:42820]"
ENSG00000222821,RNU4-27P,snRNA,1,"RNA, U4 small nuclear 27, pseudogene [Source:HGNC Symbol;Acc:HGNC:46963]"
ENSG00000223589,,processed_pseudogene,1,"FK506 binding protein 3, 25kDa (FKBP3) pseudogene"
ENSG00000223944,,lncRNA,1,novel transcript
ENSG00000224592,MIR3659HG,lncRNA,1,MIR3659 host gene [Source:HGNC Symbol;Acc:HGNC:54306]
ENSG00000226438,,lncRNA,1,novel transcript
ENSG00000227416,,processed_pseudogene,1,novel pseudogene
ENSG00000228436,RRAGC-DT,lncRNA,1,RRAGC divergent transcript [Source:HGNC Symbol;Acc:HGNC:55793]
ENSG00000230214,FTLP18,processed_pseudogene,1,ferritin light chain pseudogene 18 [Source:HGNC Symbol;Acc:HGNC:37968]
ENSG00000230451,RPS29P6,processed_pseudogene,1,ribosomal protein S29 pseudogene 6 [Source:HGNC Symbol;Acc:HGNC:35718]
ENSG00000230955,INPP5B-AS1,lncRNA,1,INPP5B antisense RNA 1 [Source:HGNC Symbol;Acc:HGNC:40304]
ENSG00000231849,UBE2V2P4,processed_pseudogene,1,ubiquitin conjugating enzyme E2 V2 pseudogene 4 [Source:HGNC Symbol;Acc:HGNC:44892]
ENSG00000232273,FTH1P1,processed_pseudogene,1,ferritin heavy chain 1 pseudogene 1 [Source:HGNC Symbol;Acc:HGNC:3979]
ENSG00000232335,CLSPN-AS1,lncRNA,1,CLSPN antisense RNA 1 [Source:HGNC Symbol;Acc:HGNC:40896]
ENSG00000232862,,transcribed_processed_pseudogene,1,implantation-associated protein (DKFZp564K142) pseudogene
ENSG00000233621,LITATS1,lncRNA,1,lncRNA induced by TGF-beta and antagonizes TGF-beta signaling 1 [Source:HGNC Symbol;Acc:HGNC:49453]
ENSG00000233728,,lncRNA,1,novel transcript
ENSG00000234481,,lncRNA,1,novel transcript
ENSG00000235549,EIF1P2,processed_pseudogene,1,eukaryotic translation initiation factor 1 pseudogene 2 [Source:HGNC Symbol;Acc:HGNC:49615]
ENSG00000235673,,processed_pseudogene,1,ribosomal protein S2 (RPS2) pseudogene
ENSG00000237290,LINC01343,lncRNA,1,long intergenic non-protein coding RNA 1343 [Source:HGNC Symbol;Acc:HGNC:50553]
ENSG00000237624,OXCT2P1,unprocessed_pseudogene,1,3-oxoacid CoA-transferase 2 pseudogene 1 [Source:HGNC Symbol;Acc:HGNC:21627]
ENSG00000237749,RPS27P9,processed_pseudogene,1,ribosomal protein S27 pseudogene 9 [Source:HGNC Symbol;Acc:HGNC:36964]
ENSG00000238063,LINC01685,lncRNA,1,long intergenic non-protein coding RNA 1685 [Source:HGNC Symbol;Acc:HGNC:52473]
ENSG00000239636,TFAP2E-AS1,lncRNA,1,TFAP2E antisense RNA 1 [Source:HGNC Symbol;Acc:HGNC:41274]
ENSG00000252368,RNA5SP43,rRNA_pseudogene,1,"RNA, 5S ribosomal pseudogene 43 [Source:HGNC Symbol;Acc:HGNC:42819]"
ENSG00000252448,SNORA63,snoRNA,1,Small nucleolar RNA SNORA63 [Source:RFAM;Acc:RF00092]
ENSG00000263675,MIR5581,miRNA,1,microRNA 5581 [Source:HGNC Symbol;Acc:HGNC:43527]
ENSG00000264592,RN7SL131P,misc_RNA,1,"RNA, 7SL, cytoplasmic 131, pseudogene [Source:HGNC Symbol;Acc:HGNC:46147]"
ENSG00000264698,MIR4255,miRNA,1,microRNA 4255 [Source:HGNC Symbol;Acc:HGNC:38187]
ENSG00000265596,MIR3659,miRNA,1,microRNA 3659 [Source:HGNC Symbol;Acc:HGNC:38882]
ENSG00000271164,CFAP97P1,processed_pseudogene,1,CFAP97 pseudogene 1 [Source:HGNC Symbol;Acc:HGNC:54528]
ENSG00000271554,,lncRNA,1,"novel transcript, antisense to EIF2C3"
ENSG00000271914,,lncRNA,1,novel transcript
ENSG00000273637,,lncRNA,1,novel transcript
ENSG00000274944,,protein_coding,1,novel protein
ENSG00000275350,,processed_pseudogene,1,"tubulin, beta 3 class III (TUBB3) pseudogene"
ENSG00000277168,Metazoa_SRP,misc_RNA,1,Metazoan signal recognition particle RNA [Source:RFAM;Acc:RF00017]
ENSG00000283724,MIR6732,miRNA,1,microRNA 6732 [Source:HGNC Symbol;Acc:HGNC:50066]
ENSG00000010803,SCMH1,protein_coding,1,Scm polycomb group protein homolog 1 [Source:HGNC Symbol;Acc:HGNC:19003]
ENSG00000043514,TRIT1,protein_coding,1,tRNA isopentenyltransferase 1 [Source:HGNC Symbol;Acc:HGNC:20286]
ENSG00000044012,GUCA2B,protein_coding,1,guanylate cyclase activator 2B [Source:HGNC Symbol;Acc:HGNC:4683]
ENSG00000049089,COL9A2,protein_coding,1,collagen type IX alpha 2 chain [Source:HGNC Symbol;Acc:HGNC:2218]
ENSG00000065978,YBX1,protein_coding,1,Y-box binding protein 1 [Source:HGNC Symbol;Acc:HGNC:8014]
ENSG00000066136,NFYC,protein_coding,1,nuclear transcription factor Y subunit gamma [Source:HGNC Symbol;Acc:HGNC:7806]
ENSG00000066185,ZMYND12,protein_coding,1,zinc finger MYND-type containing 12 [Source:HGNC Symbol;Acc:HGNC:21192]
ENSG00000084070,SMAP2,protein_coding,1,small ArfGAP2 [Source:HGNC Symbol;Acc:HGNC:25082]
ENSG00000084072,PPIE,protein_coding,1,peptidylprolyl isomerase E [Source:HGNC Symbol;Acc:HGNC:9258]
ENSG00000084073,ZMPSTE24,protein_coding,1,zinc metallopeptidase STE24 [Source:HGNC Symbol;Acc:HGNC:12877]
ENSG00000090621,PABPC4,protein_coding,1,poly(A) binding protein cytoplasmic 4 [Source:HGNC Symbol;Acc:HGNC:8557]
ENSG00000116981,NT5C1A,protein_coding,1,"5'-nucleotidase, cytosolic IA [Source:HGNC Symbol;Acc:HGNC:17819]"
ENSG00000116983,HPCAL4,protein_coding,1,hippocalcin like 4 [Source:HGNC Symbol;Acc:HGNC:18212]
ENSG00000116985,BMP8B,protein_coding,1,bone morphogenetic protein 8b [Source:HGNC Symbol;Acc:HGNC:1075]
ENSG00000116990,MYCL,protein_coding,1,"MYCL proto-oncogene, bHLH transcription factor [Source:HGNC Symbol;Acc:HGNC:7555]"
ENSG00000117000,RLF,protein_coding,1,RLF zinc finger [Source:HGNC Symbol;Acc:HGNC:10025]
ENSG00000117010,ZNF684,protein_coding,1,zinc finger protein 684 [Source:HGNC Symbol;Acc:HGNC:28418]
ENSG00000117013,KCNQ4,protein_coding,1,potassium voltage-gated channel subfamily Q member 4 [Source:HGNC Symbol;Acc:HGNC:6298]
ENSG00000117016,RIMS3,protein_coding,1,regulating synaptic membrane exocytosis 3 [Source:HGNC Symbol;Acc:HGNC:21292]
ENSG00000117385,P3H1,protein_coding,1,prolyl 3-hydroxylase 1 [Source:HGNC Symbol;Acc:HGNC:19316]
ENSG00000127124,HIVEP3,protein_coding,1,HIVEP zinc finger 3 [Source:HGNC Symbol;Acc:HGNC:13561]
ENSG00000127125,PPCS,protein_coding,1,phosphopantothenoylcysteine synthetase [Source:HGNC Symbol;Acc:HGNC:25686]
ENSG00000127129,EDN2,protein_coding,1,endothelin 2 [Source:HGNC Symbol;Acc:HGNC:3177]
ENSG00000131236,CAP1,protein_coding,1,cyclase associated actin cytoskeleton regulatory protein 1 [Source:HGNC Symbol;Acc:HGNC:20040]
ENSG00000131238,PPT1,protein_coding,1,palmitoyl-protein thioesterase 1 [Source:HGNC Symbol;Acc:HGNC:9325]
ENSG00000163909,HEYL,protein_coding,1,hes related family bHLH transcription factor with YRPW motif like [Source:HGNC Symbol;Acc:HGNC:4882]
ENSG00000164002,EXO5,protein_coding,1,exonuclease 5 [Source:HGNC Symbol;Acc:HGNC:26115]
ENSG00000164007,CLDN19,protein_coding,1,claudin 19 [Source:HGNC Symbol;Acc:HGNC:2040]
ENSG00000164008,C1orf50,protein_coding,1,chromosome 1 open reading frame 50 [Source:HGNC Symbol;Acc:HGNC:28795]
ENSG00000164010,ERMAP,protein_coding,1,erythroblast membrane associated protein (Scianna blood group) [Source:HGNC Symbol;Acc:HGNC:15743]
ENSG00000168389,MFSD2A,protein_coding,1,"MFSD2 lysolipid transporter A, lysophospholipid [Source:HGNC Symbol;Acc:HGNC:25897]"
ENSG00000171790,SLFNL1,protein_coding,1,schlafen like 1 [Source:HGNC Symbol;Acc:HGNC:26313]
ENSG00000171793,CTPS1,protein_coding,1,CTP synthase 1 [Source:HGNC Symbol;Acc:HGNC:2519]
ENSG00000171960,PPIH,protein_coding,1,peptidylprolyl isomerase H [Source:HGNC Symbol;Acc:HGNC:14651]
ENSG00000177181,RIMKLA,protein_coding,1,ribosomal modification protein rimK like family member A [Source:HGNC Symbol;Acc:HGNC:28725]
ENSG00000177868,SVBP,protein_coding,1,small vasohibin binding protein [Source:HGNC Symbol;Acc:HGNC:29204]
ENSG00000179862,CITED4,protein_coding,1,Cbp/p300 interacting transactivator with Glu/Asp rich carboxy-terminal domain 4 [Source:HGNC Symbol;Acc:HGNC:18696]
ENSG00000186409,CCDC30,protein_coding,1,coiled-coil domain containing 30 [Source:HGNC Symbol;Acc:HGNC:26103]
ENSG00000187801,ZFP69B,protein_coding,1,ZFP69 zinc finger protein B [Source:HGNC Symbol;Acc:HGNC:28053]
ENSG00000187815,ZFP69,protein_coding,1,ZFP69 zinc finger protein [Source:HGNC Symbol;Acc:HGNC:24708]
ENSG00000188800,TMCO2,protein_coding,1,transmembrane and coiled-coil domains 2 [Source:HGNC Symbol;Acc:HGNC:23312]
ENSG00000197273,GUCA2A,protein_coding,1,guanylate cyclase activator 2A [Source:HGNC Symbol;Acc:HGNC:4682]
ENSG00000198754,OXCT2,protein_coding,1,3-oxoacid CoA-transferase 2 [Source:HGNC Symbol;Acc:HGNC:18606]
ENSG00000198815,FOXJ3,protein_coding,1,forkhead box J3 [Source:HGNC Symbol;Acc:HGNC:29178]
ENSG00000198974,MIR30E,miRNA,1,microRNA 30e [Source:HGNC Symbol;Acc:HGNC:31629]
ENSG00000200254,RNU6-536P,snRNA,1,"RNA, U6 small nuclear 536, pseudogene [Source:HGNC Symbol;Acc:HGNC:47499]"
ENSG00000201457,SNORA55,snoRNA,1,"small nucleolar RNA, H/ACA box 55 [Source:HGNC Symbol;Acc:HGNC:32649]"
ENSG00000202222,Y_RNA,misc_RNA,1,Y RNA [Source:RFAM;Acc:RF00019]
ENSG00000204060,FOXO6,protein_coding,1,forkhead box O6 [Source:HGNC Symbol;Acc:HGNC:24814]
ENSG00000207356,Y_RNA,misc_RNA,1,Y RNA [Source:RFAM;Acc:RF00019]
ENSG00000207508,RNU6-1237P,snRNA,1,"RNA, U6 small nuclear 1237, pseudogene [Source:HGNC Symbol;Acc:HGNC:48200]"
ENSG00000207962,MIR30C1,miRNA,1,microRNA 30c-1 [Source:HGNC Symbol;Acc:HGNC:31626]
ENSG00000213172,,processed_pseudogene,1,ribosomal protein L10a (RPL10A)
ENSG00000213987,RPL36AP9,processed_pseudogene,1,ribosomal protein L36a pseudogene 9 [Source:HGNC Symbol;Acc:HGNC:35872]
ENSG00000215893,RPL23AP17,processed_pseudogene,1,ribosomal protein L23a pseudogene 17 [Source:HGNC Symbol;Acc:HGNC:35904]
ENSG00000225333,,processed_pseudogene,1,novel pseudogene
ENSG00000225903,,lncRNA,1,novel transcript
ENSG00000226745,OAZ1P1,transcribed_processed_pseudogene,1,OAZ1 pseudogene 1 [Source:HGNC Symbol;Acc:HGNC:54556]
ENSG00000227278,,lncRNA,1,novel transcript
ENSG00000227311,RPL21P20,processed_pseudogene,1,ribosomal protein L21 pseudogene 20 [Source:HGNC Symbol;Acc:HGNC:36582]
ENSG00000227527,,lncRNA,1,novel transcript
ENSG00000227538,HNRNPFP1,processed_pseudogene,1,heterogeneous nuclear ribonucleoprotein F pseudogene 1 [Source:HGNC Symbol;Acc:HGNC:48812]
ENSG00000228060,PABPC4-AS1,lncRNA,1,PABPC4 antisense RNA 1 [Source:HGNC Symbol;Acc:HGNC:40424]
ENSG00000228192,ZNF691-DT,lncRNA,1,ZNF691 divergent transcript [Source:HGNC Symbol;Acc:HGNC:55800]
ENSG00000228477,,processed_pseudogene,1,ribosomal protein S2 (RPS2) pseudogene
ENSG00000228776,,processed_pseudogene,1,ribosomal protein L21 (RPL21) pseudogene
ENSG00000228940,,transcribed_unprocessed_pseudogene,1,"protein phosphatase 2 (formerly 2A), catalytic subunit, alpha isoform (PPP2CA) pseudogene"
ENSG00000229213,,unprocessed_pseudogene,1,microtubule-actin crosslinking factor 1 (MACF1) pseudogene
ENSG00000229528,,lncRNA,1,novel transcript
ENSG00000229901,FOXO6-AS1,lncRNA,1,FOXO6 antisense RNA 1 [Source:HGNC Symbol;Acc:HGNC:41066]
ENSG00000230116,RPS3AP11,processed_pseudogene,1,RPS3A pseudogene 11 [Source:HGNC Symbol;Acc:HGNC:36825]
ENSG00000230638,,processed_pseudogene,1,novel pseudogene
ENSG00000230881,,lncRNA,1,novel transcript
ENSG00000231296,,processed_pseudogene,1,pseudogene similar to part of RIO kinase 2 (yeast) (RIOK2)
ENSG00000233118,UBE2V1P8,processed_pseudogene,1,UBE2V1 pseudogene 8 [Source:HGNC Symbol;Acc:HGNC:44893]
ENSG00000233910,GTF2F2P2,processed_pseudogene,1,general transcription factor IIF subunit 2 pseudogene 2 [Source:HGNC Symbol;Acc:HGNC:39092]
ENSG00000234917,,lncRNA,1,novel transcript
ENSG00000235002,,processed_pseudogene,1,ribosomal protein S15 (RPS15) pseudogene
ENSG00000235358,SCMH1-DT,lncRNA,1,SCMH1 divergent transcript [Source:HGNC Symbol;Acc:HGNC:55675]
ENSG00000236180,,processed_pseudogene,1,novel pseudogene
ENSG00000236505,,unprocessed_pseudogene,1,novel pseudogene
ENSG00000236546,MYCL-AS1,lncRNA,1,MYCL antisense RNA 1 [Source:HGNC Symbol;Acc:HGNC:40386]
ENSG00000236876,TMSB4XP1,processed_pseudogene,1,TMSB4X pseudogene 1 [Source:HGNC Symbol;Acc:HGNC:11883]
ENSG00000238186,,lncRNA,1,novel transcript
ENSG00000238287,EXO5-DT,lncRNA,1,EXO5 divergent transcript [Source:HGNC Symbol;Acc:HGNC:55647]
ENSG00000243970,PPIEL,transcribed_unprocessed_pseudogene,1,peptidylprolyl isomerase E like (pseudogene) [Source:HGNC Symbol;Acc:HGNC:33195]
ENSG00000252413,RNU7-121P,snRNA,1,"RNA, U7 small nuclear 121 pseudogene [Source:HGNC Symbol;Acc:HGNC:45655]"
ENSG00000252563,RNA5SP45,rRNA_pseudogene,1,"RNA, 5S ribosomal pseudogene 45 [Source:HGNC Symbol;Acc:HGNC:42821]"
ENSG00000259943,ZMPSTE24-DT,lncRNA,1,ZMPSTE24 divergent transcript [Source:HGNC Symbol;Acc:HGNC:55402]
ENSG00000260920,,lncRNA,1,"novel transcript, sense overlapping with ZNF643"
ENSG00000261798,,lncRNA,1,"novel transcript, antisense to BMP8B"
ENSG00000264582,RN7SL326P,misc_RNA,1,"RNA, 7SL, cytoplasmic 326, pseudogene [Source:HGNC Symbol;Acc:HGNC:46342]"
ENSG00000272145,NFYC-AS1,lncRNA,1,NFYC antisense RNA 1 [Source:HGNC Symbol;Acc:HGNC:49451]
ENSG00000274386,TMEM269,protein_coding,1,transmembrane protein 269 [Source:HGNC Symbol;Acc:HGNC:52381]
ENSG00000279667,,TEC,1,TEC
ENSG00000281207,SLFNL1-AS1,lncRNA,1,SLFNL1 antisense RNA 1 [Source:HGNC Symbol;Acc:HGNC:44126]
ENSG00000283580,,protein_coding,1,novel protein
ENSG00000066056,TIE1,protein_coding,1,tyrosine kinase with immunoglobulin like and EGF like domains 1 [Source:HGNC Symbol;Acc:HGNC:11809]
ENSG00000066135,KDM4A,protein_coding,1,lysine demethylase 4A [Source:HGNC Symbol;Acc:HGNC:22978]
ENSG00000066322,ELOVL1,protein_coding,1,ELOVL fatty acid elongase 1 [Source:HGNC Symbol;Acc:HGNC:14418]
ENSG00000070759,TESK2,protein_coding,1,testis associated actin remodelling kinase 2 [Source:HGNC Symbol;Acc:HGNC:11732]
ENSG00000070785,EIF2B3,protein_coding,1,eukaryotic translation initiation factor 2B subunit gamma [Source:HGNC Symbol;Acc:HGNC:3259]
ENSG00000117394,SLC2A1,protein_coding,1,solute carrier family 2 member 1 [Source:HGNC Symbol;Acc:HGNC:11005]
ENSG00000117395,EBNA1BP2,protein_coding,1,EBNA1 binding protein 2 [Source:HGNC Symbol;Acc:HGNC:15531]
ENSG00000117399,CDC20,protein_coding,1,cell division cycle 20 [Source:HGNC Symbol;Acc:HGNC:1723]
ENSG00000117400,MPL,protein_coding,1,"MPL proto-oncogene, thrombopoietin receptor [Source:HGNC Symbol;Acc:HGNC:7217]"
ENSG00000117407,ARTN,protein_coding,1,artemin [Source:HGNC Symbol;Acc:HGNC:727]
ENSG00000117408,IPO13,protein_coding,1,importin 13 [Source:HGNC Symbol;Acc:HGNC:16853]
ENSG00000117410,ATP6V0B,protein_coding,1,ATPase H+ transporting V0 subunit b [Source:HGNC Symbol;Acc:HGNC:861]
ENSG00000117411,B4GALT2,protein_coding,1,"beta-1,4-galactosyltransferase 2 [Source:HGNC Symbol;Acc:HGNC:925]"
ENSG00000117419,ERI3,protein_coding,1,ERI1 exoribonuclease family member 3 [Source:HGNC Symbol;Acc:HGNC:17276]
ENSG00000117425,PTCH2,protein_coding,1,patched 2 [Source:HGNC Symbol;Acc:HGNC:9586]
ENSG00000126088,UROD,protein_coding,1,uroporphyrinogen decarboxylase [Source:HGNC Symbol;Acc:HGNC:12591]
ENSG00000126091,ST3GAL3,protein_coding,1,"ST3 beta-galactoside alpha-2,3-sialyltransferase 3 [Source:HGNC Symbol;Acc:HGNC:10866]"
ENSG00000126106,TMEM53,protein_coding,1,transmembrane protein 53 [Source:HGNC Symbol;Acc:HGNC:26186]
ENSG00000126107,HECTD3,protein_coding,1,HECT domain E3 ubiquitin protein ligase 3 [Source:HGNC Symbol;Acc:HGNC:26117]
ENSG00000132768,DPH2,protein_coding,1,diphthamide biosynthesis 2 [Source:HGNC Symbol;Acc:HGNC:3004]
ENSG00000132773,TOE1,protein_coding,1,"target of EGR1, exonuclease [Source:HGNC Symbol;Acc:HGNC:15954]"
ENSG00000132781,MUTYH,protein_coding,1,mutY DNA glycosylase [Source:HGNC Symbol;Acc:HGNC:7527]
ENSG00000142937,RPS8,protein_coding,1,ribosomal protein S8 [Source:HGNC Symbol;Acc:HGNC:10441]
ENSG00000142945,KIF2C,protein_coding,1,kinesin family member 2C [Source:HGNC Symbol;Acc:HGNC:6393]
ENSG00000142949,PTPRF,protein_coding,1,protein tyrosine phosphatase receptor type F [Source:HGNC Symbol;Acc:HGNC:9670]
ENSG00000142959,BEST4,protein_coding,1,bestrophin 4 [Source:HGNC Symbol;Acc:HGNC:17106]
ENSG00000159214,CCDC24,protein_coding,1,coiled-coil domain containing 24 [Source:HGNC Symbol;Acc:HGNC:28688]
ENSG00000159479,MED8,protein_coding,1,mediator complex subunit 8 [Source:HGNC Symbol;Acc:HGNC:19971]
ENSG00000162415,ZSWIM5,protein_coding,1,zinc finger SWIM-type containing 5 [Source:HGNC Symbol;Acc:HGNC:29299]
ENSG00000164011,ZNF691,protein_coding,1,zinc finger protein 691 [Source:HGNC Symbol;Acc:HGNC:28028]
ENSG00000171872,KLF17,protein_coding,1,KLF transcription factor 17 [Source:HGNC Symbol;Acc:HGNC:18830]
ENSG00000173846,PLK3,protein_coding,1,polo like kinase 3 [Source:HGNC Symbol;Acc:HGNC:2154]
ENSG00000178028,DMAP1,protein_coding,1,DNA methyltransferase 1 associated protein 1 [Source:HGNC Symbol;Acc:HGNC:18291]
ENSG00000178922,HYI,protein_coding,1,hydroxypyruvate isomerase (putative) [Source:HGNC Symbol;Acc:HGNC:26948]
ENSG00000179178,TMEM125,protein_coding,1,transmembrane protein 125 [Source:HGNC Symbol;Acc:HGNC:28275]
ENSG00000186603,HPDL,protein_coding,1,4-hydroxyphenylpyruvate dioxygenase like [Source:HGNC Symbol;Acc:HGNC:28242]
ENSG00000186973,CFAP144,protein_coding,1,cilia and flagella associated protein 144 [Source:HGNC Symbol;Acc:HGNC:34347]
ENSG00000187147,RNF220,protein_coding,1,ring finger protein 220 [Source:HGNC Symbol;Acc:HGNC:25552]
ENSG00000188396,DYNLT4,protein_coding,1,dynein light chain Tctex-type 4 [Source:HGNC Symbol;Acc:HGNC:32315]
ENSG00000196517,SLC6A9,protein_coding,1,solute carrier family 6 member 9 [Source:HGNC Symbol;Acc:HGNC:11056]
ENSG00000198198,SZT2,protein_coding,1,SZT2 subunit of KICSTOR complex [Source:HGNC Symbol;Acc:HGNC:29040]
ENSG00000198520,ARMH1,protein_coding,1,armadillo like helical domain containing 1 [Source:HGNC Symbol;Acc:HGNC:34345]
ENSG00000199240,RNA5SP46,rRNA_pseudogene,1,"RNA, 5S ribosomal pseudogene 46 [Source:HGNC Symbol;Acc:HGNC:42822]"
ENSG00000199377,RNU5F-1,snRNA,1,"RNA, U5F small nuclear 1 [Source:HGNC Symbol;Acc:HGNC:10216]"
ENSG00000199385,RNU6-369P,snRNA,1,"RNA, U6 small nuclear 369, pseudogene [Source:HGNC Symbol;Acc:HGNC:47332]"
ENSG00000200169,RNU5D-1,snRNA,1,"RNA, U5D small nuclear 1 [Source:HGNC Symbol;Acc:HGNC:10214]"
ENSG00000200171,Y_RNA,misc_RNA,1,Y RNA [Source:RFAM;Acc:RF00019]
ENSG00000200913,SNORD46,snoRNA,1,"small nucleolar RNA, C/D box 46 [Source:HGNC Symbol;Acc:HGNC:10186]"
ENSG00000202031,SNORD38A,snoRNA,1,"small nucleolar RNA, C/D box 38A [Source:HGNC Symbol;Acc:HGNC:30355]"
ENSG00000202444,RNU5E-6P,snRNA,1,"RNA, U5E small nuclear 6, pseudogene [Source:HGNC Symbol;Acc:HGNC:42522]"
ENSG00000207256,RNU6-880P,snRNA,1,"RNA, U6 small nuclear 880, pseudogene [Source:HGNC Symbol;Acc:HGNC:47843]"
ENSG00000207421,SNORD38B,snoRNA,1,"small nucleolar RNA, C/D box 38B [Source:HGNC Symbol;Acc:HGNC:30356]"
ENSG00000222009,BTBD19,protein_coding,1,BTB domain containing 19 [Source:HGNC Symbol;Acc:HGNC:27145]
ENSG00000224751,SHMT1P1,processed_pseudogene,1,SHMT1 pseudogene 1 [Source:HGNC Symbol;Acc:HGNC:10851]
ENSG00000225099,ATP6V1E1P1,processed_pseudogene,1,ATPase H+ transporting V1 subunit E1 pseudogene 1 [Source:HGNC Symbol;Acc:HGNC:859]
ENSG00000225721,,lncRNA,1,novel transcript
ENSG00000226499,,processed_pseudogene,1,ribosomal protein S2 (RPS2) pseudogene
ENSG00000226804,,processed_pseudogene,1,zinc finger protein 146 (ZNF146) pseudogene
ENSG00000227163,,processed_pseudogene,1,"pseudogene similar to part of ATP synthase, H+ transporting, mitochondrial F0 complex, subunit c (subunit 9), isoform 1 (ATP5G1)"
ENSG00000227533,SLC2A1-DT,lncRNA,1,SLC2A1 divergent transcript [Source:HGNC Symbol;Acc:HGNC:44187]
ENSG00000227994,,processed_pseudogene,1,pseudogene similar to part of novel protein DKFZP434H132
ENSG00000229348,HYI-AS1,lncRNA,1,HYI antisense RNA 1 [Source:HGNC Symbol;Acc:HGNC:41173]
ENSG00000229372,SZT2-AS1,lncRNA,1,SZT2 antisense RNA 1 [Source:HGNC Symbol;Acc:HGNC:41225]
ENSG00000229431,MED8-AS1,lncRNA,1,MED8 antisense RNA 1 [Source:HGNC Symbol;Acc:HGNC:40908]
ENSG00000229444,ST3GAL3-AS1,lncRNA,1,ST3GAL3 antisense RNA 1 [Source:HGNC Symbol;Acc:HGNC:40529]
ENSG00000229815,CCNB1IP1P1,processed_pseudogene,1,cyclin B1 interacting protein 1 pseudogene 1 [Source:HGNC Symbol;Acc:HGNC:37693]
ENSG00000230615,,lncRNA,1,novel transcript
ENSG00000232369,PPIAP35,processed_pseudogene,1,peptidylprolyl isomerase A pseudogene 35 [Source:HGNC Symbol;Acc:HGNC:53659]
ENSG00000233514,,processed_pseudogene,1,small nuclear ribonucleoprotein D1 polypeptide 16kDa (SNRPD1) pseudogene
ENSG00000233602,ERI3-IT1,lncRNA,1,ERI3 intronic transcript 1 [Source:HGNC Symbol;Acc:HGNC:41431]
ENSG00000233674,,processed_pseudogene,1,SMT3 suppressor of mif two 3 (yeast) family pseudogene
ENSG00000233708,,processed_pseudogene,1,epidermodysplasia verruciformis 1 (EVER1) pseudogene
ENSG00000234093,RPS15AP11,processed_pseudogene,1,ribosomal protein S15a pseudogene 11 [Source:HGNC Symbol;Acc:HGNC:36707]
ENSG00000234315,OSTCP5,processed_pseudogene,1,oligosaccharyltransferase complex subunit pseudogene 5 [Source:HGNC Symbol;Acc:HGNC:42867]
ENSG00000234694,CDC20-DT,lncRNA,1,CDC20 divergent transcript [Source:HGNC Symbol;Acc:HGNC:55681]
ENSG00000236200,KDM4A-AS1,lncRNA,1,KDM4A antisense RNA 1 [Source:HGNC Symbol;Acc:HGNC:40528]
ENSG00000237090,MKRN8P,transcribed_processed_pseudogene,1,"makorin ring finger protein 8, pseudogene [Source:HGNC Symbol;Acc:HGNC:7120]"
ENSG00000237950,LINC02918,lncRNA,1,long intergenic non-protein coding RNA 2918 [Source:HGNC Symbol;Acc:HGNC:55649]
ENSG00000238037,OOSP1P1,processed_pseudogene,1,oocyte secreted protein 1 pseudogene 1 [Source:HGNC Symbol;Acc:HGNC:49240]
ENSG00000239560,RN7SL479P,misc_RNA,1,"RNA, 7SL, cytoplasmic 479, pseudogene [Source:HGNC Symbol;Acc:HGNC:46495]"
ENSG00000243710,CFAP57,protein_coding,1,cilia and flagella associated protein 57 [Source:HGNC Symbol;Acc:HGNC:26485]
ENSG00000253039,RNA5SP47,rRNA_pseudogene,1,"RNA, 5S ribosomal pseudogene 47 [Source:HGNC Symbol;Acc:HGNC:42823]"
ENSG00000253313,C1orf210,protein_coding,1,chromosome 1 open reading frame 210 [Source:HGNC Symbol;Acc:HGNC:28755]
ENSG00000263381,MIR5584,miRNA,1,microRNA 5584 [Source:HGNC Symbol;Acc:HGNC:43507]
ENSG00000264294,SNORD55,snoRNA,1,"small nucleolar RNA, C/D box 55 [Source:HGNC Symbol;Acc:HGNC:10205]"
ENSG00000268949,MRPS17P1,processed_pseudogene,1,mitochondrial ribosomal protein S17 pseudogene 1 [Source:HGNC Symbol;Acc:HGNC:29734]
ENSG00000271329,,transcribed_processed_pseudogene,1,metaxin 3 (MTX3) pseudogene
ENSG00000271647,KRT8P47,processed_pseudogene,1,keratin 8 pseudogene 47 [Source:HGNC Symbol;Acc:HGNC:44461]
ENSG00000274975,MIR6735,miRNA,1,microRNA 6735 [Source:HGNC Symbol;Acc:HGNC:50126]
ENSG00000277513,,processed_pseudogene,1,zinc finger and SCAN domain containing 2 (ZSCAN2) pseudogene
ENSG00000281859,SNORD38B,snoRNA,1,"small nucleolar RNA, C/D box 38B [Source:HGNC Symbol;Acc:HGNC:30356]"
ENSG00000281912,LINC01144,lncRNA,1,long intergenic non-protein coding RNA 1144 [Source:HGNC Symbol;Acc:HGNC:49460]
ENSG00000283039,KLF18,protein_coding,1,KLF transcription factor 18 [Source:HGNC Symbol;Acc:HGNC:51793]
ENSG00000283136,U6,snRNA,1,U6 spliceosomal RNA [Source:RFAM;Acc:RF00026]
ENSG00000283414,U6,snRNA,1,U6 spliceosomal RNA [Source:RFAM;Acc:RF00026]
ENSG00000283477,MIR6079,miRNA,1,microRNA 6079 [Source:HGNC Symbol;Acc:HGNC:50114]
ENSG00000283836,MIR6734,miRNA,1,microRNA 6734 [Source:HGNC Symbol;Acc:HGNC:50219]
ENSG00000283973,,lncRNA,1,novel transcript
ENSG00000284138,ATP6V0CP4,processed_pseudogene,1,ATPase H+ transporting V0 subunit c pseudogene 4 [Source:HGNC Symbol;Acc:HGNC:40002]
ENSG00000284410,MIR6733,miRNA,1,microRNA 6733 [Source:HGNC Symbol;Acc:HGNC:50239]
ENSG00000079277,MKNK1,protein_coding,1,MAPK interacting serine/threonine kinase 1 [Source:HGNC Symbol;Acc:HGNC:7110]
ENSG00000085998,POMGNT1,protein_coding,1,"protein O-linked mannose N-acetylglucosaminyltransferase 1 (beta 1,2-) [Source:HGNC Symbol;Acc:HGNC:19139]"
ENSG00000085999,RAD54L,protein_coding,1,RAD54 like [Source:HGNC Symbol;Acc:HGNC:9826]
ENSG00000086015,MAST2,protein_coding,1,microtubule associated serine/threonine kinase 2 [Source:HGNC Symbol;Acc:HGNC:19035]
ENSG00000117448,AKR1A1,protein_coding,1,aldo-keto reductase family 1 member A1 [Source:HGNC Symbol;Acc:HGNC:380]
ENSG00000117450,PRDX1,protein_coding,1,peroxiredoxin 1 [Source:HGNC Symbol;Acc:HGNC:9352]
ENSG00000117461,PIK3R3,protein_coding,1,phosphoinositide-3-kinase regulatory subunit 3 [Source:HGNC Symbol;Acc:HGNC:8981]
ENSG00000117472,TSPAN1,protein_coding,1,tetraspanin 1 [Source:HGNC Symbol;Acc:HGNC:20657]
ENSG00000117480,FAAH,protein_coding,1,fatty acid amide hydrolase [Source:HGNC Symbol;Acc:HGNC:3553]
ENSG00000117481,NSUN4,protein_coding,1,NOP2/Sun RNA methyltransferase 4 [Source:HGNC Symbol;Acc:HGNC:31802]
ENSG00000117834,SLC5A9,protein_coding,1,solute carrier family 5 member 9 [Source:HGNC Symbol;Acc:HGNC:22146]
ENSG00000123472,ATPAF1,protein_coding,1,ATP synthase mitochondrial F1 complex assembly factor 1 [Source:HGNC Symbol;Acc:HGNC:18803]
ENSG00000123473,STIL,protein_coding,1,STIL centriolar assembly protein [Source:HGNC Symbol;Acc:HGNC:10879]
ENSG00000132122,SPATA6,protein_coding,1,spermatogenesis associated 6 [Source:HGNC Symbol;Acc:HGNC:18309]
ENSG00000132128,LRRC41,protein_coding,1,leucine rich repeat containing 41 [Source:HGNC Symbol;Acc:HGNC:16917]
ENSG00000132763,MMACHC,protein_coding,1,metabolism of cobalamin associated C [Source:HGNC Symbol;Acc:HGNC:24525]
ENSG00000132780,NASP,protein_coding,1,nuclear autoantigenic sperm protein [Source:HGNC Symbol;Acc:HGNC:7644]
ENSG00000142961,MOB3C,protein_coding,1,MOB kinase activator 3C [Source:HGNC Symbol;Acc:HGNC:29800]
ENSG00000142973,CYP4B1,protein_coding,1,cytochrome P450 family 4 subfamily B member 1 [Source:HGNC Symbol;Acc:HGNC:2644]
ENSG00000154198,CYP4Z2P,transcribed_unprocessed_pseudogene,1,"cytochrome P450 family 4 subfamily Z member 2, pseudogene [Source:HGNC Symbol;Acc:HGNC:24426]"
ENSG00000159588,CCDC17,protein_coding,1,coiled-coil domain containing 17 [Source:HGNC Symbol;Acc:HGNC:26574]
ENSG00000159592,GPBP1L1,protein_coding,1,GC-rich promoter binding protein 1 like 1 [Source:HGNC Symbol;Acc:HGNC:28843]
ENSG00000159596,TMEM69,protein_coding,1,transmembrane protein 69 [Source:HGNC Symbol;Acc:HGNC:28035]
ENSG00000159658,EFCAB14,protein_coding,1,EF-hand calcium binding domain 14 [Source:HGNC Symbol;Acc:HGNC:29051]
ENSG00000162365,CYP4A22,protein_coding,1,cytochrome P450 family 4 subfamily A member 22 [Source:HGNC Symbol;Acc:HGNC:20575]
ENSG00000162366,PDZK1IP1,protein_coding,1,PDZK1 interacting protein 1 [Source:HGNC Symbol;Acc:HGNC:16887]
ENSG00000162367,TAL1,protein_coding,1,"TAL bHLH transcription factor 1, erythroid differentiation factor [Source:HGNC Symbol;Acc:HGNC:11556]"
ENSG00000162368,CMPK1,protein_coding,1,cytidine/uridine monophosphate kinase 1 [Source:HGNC Symbol;Acc:HGNC:18170]
ENSG00000162373,BEND5,protein_coding,1,BEN domain containing 5 [Source:HGNC Symbol;Acc:HGNC:25668]
ENSG00000162456,KNCN,protein_coding,1,kinocilin [Source:HGNC Symbol;Acc:HGNC:26488]
ENSG00000171357,LURAP1,protein_coding,1,leucine rich adaptor protein 1 [Source:HGNC Symbol;Acc:HGNC:32327]
ENSG00000173660,UQCRH,protein_coding,1,ubiquinol-cytochrome c reductase hinge protein [Source:HGNC Symbol;Acc:HGNC:12590]
ENSG00000186094,AGBL4,protein_coding,1,AGBL carboxypeptidase 4 [Source:HGNC Symbol;Acc:HGNC:25892]
ENSG00000186118,TEX38,protein_coding,1,testis expressed 38 [Source:HGNC Symbol;Acc:HGNC:29589]
ENSG00000186160,CYP4Z1,protein_coding,1,cytochrome P450 family 4 subfamily Z member 1 [Source:HGNC Symbol;Acc:HGNC:20583]
ENSG00000186377,CYP4X1,protein_coding,1,cytochrome P450 family 4 subfamily X member 1 [Source:HGNC Symbol;Acc:HGNC:20244]
ENSG00000186564,FOXD2,protein_coding,1,forkhead box D2 [Source:HGNC Symbol;Acc:HGNC:3803]
ENSG00000186790,FOXE3,protein_coding,1,forkhead box E3 [Source:HGNC Symbol;Acc:HGNC:3808]
ENSG00000187048,CYP4A11,protein_coding,1,cytochrome P450 family 4 subfamily A member 11 [Source:HGNC Symbol;Acc:HGNC:2642]
ENSG00000197429,IPP,protein_coding,1,intracisternal A particle-promoted polypeptide [Source:HGNC Symbol;Acc:HGNC:6108]
ENSG00000197587,DMBX1,protein_coding,1,diencephalon/mesencephalon homeobox 1 [Source:HGNC Symbol;Acc:HGNC:19026]
ENSG00000206700,RNU6-723P,snRNA,1,"RNA, U6 small nuclear 723, pseudogene [Source:HGNC Symbol;Acc:HGNC:47686]"
ENSG00000223175,RNU4-61P,snRNA,1,"RNA, U4 small nuclear 61, pseudogene [Source:HGNC Symbol;Acc:HGNC:46997]"
ENSG00000223720,,lncRNA,1,novel transcript
ENSG00000223814,,lncRNA,1,novel transcript
ENSG00000224805,LINC00853,lncRNA,1,long intergenic non-protein coding RNA 853 [Source:HGNC Symbol;Acc:HGNC:43716]
ENSG00000224863,LINC01398,lncRNA,1,long intergenic non-protein coding RNA 1398 [Source:HGNC Symbol;Acc:HGNC:50678]
ENSG00000224986,PPP1R8P1,processed_pseudogene,1,protein phosphatase 1 regulatory subunit 8 pseudogene 1 [Source:HGNC Symbol;Acc:HGNC:9297]
ENSG00000225028,,lncRNA,1,novel transcript
ENSG00000225154,TUBAP9,processed_pseudogene,1,tubulin alpha pseudogene 9 [Source:HGNC Symbol;Acc:HGNC:54876]
ENSG00000225447,RPS15AP10,processed_pseudogene,1,ribosomal protein S15a pseudogene 10 [Source:HGNC Symbol;Acc:HGNC:37001]
ENSG00000225506,CYP4A22-AS1,lncRNA,1,CYP4A22 antisense RNA 1 [Source:HGNC Symbol;Acc:HGNC:43715]
ENSG00000225514,MTND1P34,transcribed_processed_pseudogene,1,MT-ND1 pseudogene 34 [Source:HGNC Symbol;Acc:HGNC:42090]
ENSG00000225762,LINC01389,lncRNA,1,long intergenic non-protein coding RNA 1389 [Source:HGNC Symbol;Acc:HGNC:50661]
ENSG00000225779,,processed_pseudogene,1,novel pseudogene
ENSG00000226133,LINC02794,lncRNA,1,long intergenic non-protein coding RNA 2794 [Source:HGNC Symbol;Acc:HGNC:54318]
ENSG00000226252,,lncRNA,1,novel transcript
ENSG00000226957,,lncRNA,1,novel transcript
ENSG00000227857,,lncRNA,1,novel transcript
ENSG00000227883,ATP6V0E1P4,processed_pseudogene,1,ATPase H+ transporting V0 subunit e1 pseudogene 4 [Source:HGNC Symbol;Acc:HGNC:41938]
ENSG00000227947,LINC01738,lncRNA,1,long intergenic non-protein coding RNA 1738 [Source:HGNC Symbol;Acc:HGNC:52526]
ENSG00000228237,EFCAB14-AS1,lncRNA,1,EFCAB14 antisense RNA 1 [Source:HGNC Symbol;Acc:HGNC:44108]
ENSG00000229554,RPL21P24,processed_pseudogene,1,ribosomal protein L21 pseudogene 24 [Source:HGNC Symbol;Acc:HGNC:35702]
ENSG00000229846,,lncRNA,1,novel transcript
ENSG00000230114,AGBL4-AS1,lncRNA,1,AGBL4 antisense RNA 1 [Source:HGNC Symbol;Acc:HGNC:41123]
ENSG00000230896,,lncRNA,1,novel transcript
ENSG00000231413,,lncRNA,1,novel transcript
ENSG00000232022,FAAHP1,transcribed_unprocessed_pseudogene,1,fatty acid amide hydrolase pseudogene 1 [Source:HGNC Symbol;Acc:HGNC:50679]
ENSG00000232467,TMA16P2,processed_pseudogene,1,translation machinery associated 16 homolog pseudogene 2 [Source:HGNC Symbol;Acc:HGNC:43781]
ENSG00000232514,RPL21P25,processed_pseudogene,1,ribosomal protein L21 pseudogene 25 [Source:HGNC Symbol;Acc:HGNC:36785]
ENSG00000233114,COX7BP4,processed_pseudogene,1,COX7B pseudogene 4 [Source:HGNC Symbol;Acc:HGNC:56508]
ENSG00000233647,NENFP1,processed_pseudogene,1,neudesin neurotrophic factor pseudogene 1 [Source:HGNC Symbol;Acc:HGNC:50298]
ENSG00000234329,RPL7AP16,processed_pseudogene,1,ribosomal protein L7a pseudogene 16 [Source:HGNC Symbol;Acc:HGNC:35898]
ENSG00000234379,HMGB1P48,unprocessed_pseudogene,1,high mobility group box 1 pseudogene 48 [Source:HGNC Symbol;Acc:HGNC:39281]
ENSG00000235105,,processed_pseudogene,1,"amyotrophic lateral sclerosis 2 (juvenile) chromosome region, candidate 2 (ALS2CR2) pseudogene"
ENSG00000236111,RPL6P1,processed_pseudogene,1,ribosomal protein L6 pseudogene 1 [Source:HGNC Symbol;Acc:HGNC:35972]
ENSG00000236476,,processed_pseudogene,1,novel pseudogene
ENSG00000236872,PPIAP36,processed_pseudogene,1,peptidylprolyl isomerase A pseudogene 36 [Source:HGNC Symbol;Acc:HGNC:53660]
ENSG00000237180,CYP46A4P,processed_pseudogene,1,"cytochrome P450 family 46 subfamily A member 4, pseudogene [Source:HGNC Symbol;Acc:HGNC:42349]"
ENSG00000237424,FOXD2-AS1,lncRNA,1,FOXD2 adjacent opposite strand RNA 1 [Source:HGNC Symbol;Acc:HGNC:44256]
ENSG00000238145,TUBAP8,processed_pseudogene,1,tubulin alpha pseudogene 8 [Source:HGNC Symbol;Acc:HGNC:54875]
ENSG00000242267,SKINT1L,transcribed_unprocessed_pseudogene,1,Skint1 like (pseudogene) [Source:HGNC Symbol;Acc:HGNC:33993]
ENSG00000250719,P3R3URF,protein_coding,1,PIK3R3 upstream open reading frame [Source:HGNC Symbol;Acc:HGNC:53451]
ENSG00000259832,CYP4A26P,unprocessed_pseudogene,1,"cytochrome P450 family 4 subfamily A member 26, pseudogene [Source:HGNC Symbol;Acc:HGNC:39980]"
ENSG00000261196,CYP4A43P,unprocessed_pseudogene,1,"cytochrome P450 family 4 subfamily A member 43, pseudogene [Source:HGNC Symbol;Acc:HGNC:42417]"
ENSG00000261290,CYP4A44P,unprocessed_pseudogene,1,"cytochrome P450 family 4 subfamily A member 44, pseudogene [Source:HGNC Symbol;Acc:HGNC:42416]"
ENSG00000261593,CYP4A27P,unprocessed_pseudogene,1,"cytochrome P450 family 4 subfamily A member 27, pseudogene [Source:HGNC Symbol;Acc:HGNC:42414]"
ENSG00000269113,TRABD2B,protein_coding,1,TraB domain containing 2B [Source:HGNC Symbol;Acc:HGNC:44200]
ENSG00000269956,MKNK1-AS1,lncRNA,1,MKNK1 antisense RNA 1 [Source:HGNC Symbol;Acc:HGNC:44129]
ENSG00000271355,,processed_pseudogene,1,myotubularin related protein 14 (MTMR14) pseudogene
ENSG00000272491,,lncRNA,1,"novel transcript, antisense to SLC5A9"
ENSG00000278139,P3R3URF-PIK3R3,protein_coding,1,P3R3URF-PIK3R3 readthrough [Source:HGNC Symbol;Acc:HGNC:54999]
ENSG00000279096,,TEC,1,TEC
ENSG00000279214,,TEC,1,TEC
ENSG00000280670,CCDC163,protein_coding,1,CCDC163 homolog [Source:HGNC Symbol;Acc:HGNC:27003]
ENSG00000282881,TMEM275,protein_coding,1,transmembrane protein 275 [Source:HGNC Symbol;Acc:HGNC:53938]
ENSG00000078618,NRDC,protein_coding,1,nardilysin convertase [Source:HGNC Symbol;Acc:HGNC:7995]
ENSG00000085831,TTC39A,protein_coding,1,tetratricopeptide repeat domain 39A [Source:HGNC Symbol;Acc:HGNC:18657]
ENSG00000085832,EPS15,protein_coding,1,epidermal growth factor receptor pathway substrate 15 [Source:HGNC Symbol;Acc:HGNC:3419]
ENSG00000085840,ORC1,protein_coding,1,origin recognition complex subunit 1 [Source:HGNC Symbol;Acc:HGNC:8487]
ENSG00000116157,GPX7,protein_coding,1,glutathione peroxidase 7 [Source:HGNC Symbol;Acc:HGNC:4559]
ENSG00000116171,SCP2,protein_coding,1,sterol carrier protein 2 [Source:HGNC Symbol;Acc:HGNC:10606]
ENSG00000117859,OSBPL9,protein_coding,1,oxysterol binding protein like 9 [Source:HGNC Symbol;Acc:HGNC:16386]
ENSG00000117862,TXNDC12,protein_coding,1,thioredoxin domain containing 12 [Source:HGNC Symbol;Acc:HGNC:24626]
ENSG00000121310,ECHDC2,protein_coding,1,enoyl-CoA hydratase domain containing 2 [Source:HGNC Symbol;Acc:HGNC:23408]
ENSG00000123080,CDKN2C,protein_coding,1,cyclin dependent kinase inhibitor 2C [Source:HGNC Symbol;Acc:HGNC:1789]
ENSG00000123091,RNF11,protein_coding,1,ring finger protein 11 [Source:HGNC Symbol;Acc:HGNC:10056]
ENSG00000134717,BTF3L4,protein_coding,1,basic transcription factor 3 like 4 [Source:HGNC Symbol;Acc:HGNC:30547]
ENSG00000134744,TUT4,protein_coding,1,terminal uridylyl transferase 4 [Source:HGNC Symbol;Acc:HGNC:28981]
ENSG00000134748,PRPF38A,protein_coding,1,pre-mRNA processing factor 38A [Source:HGNC Symbol;Acc:HGNC:25930]
ENSG00000142700,DMRTA2,protein_coding,1,DMRT like family A2 [Source:HGNC Symbol;Acc:HGNC:13908]
ENSG00000154222,CC2D1B,protein_coding,1,coiled-coil and C2 domain containing 1B [Source:HGNC Symbol;Acc:HGNC:29386]
ENSG00000157077,ZFYVE9,protein_coding,1,zinc finger FYVE-type containing 9 [Source:HGNC Symbol;Acc:HGNC:6775]
ENSG00000157184,CPT2,protein_coding,1,carnitine palmitoyltransferase 2 [Source:HGNC Symbol;Acc:HGNC:2330]
ENSG00000162374,ELAVL4,protein_coding,1,ELAV like RNA binding protein 4 [Source:HGNC Symbol;Acc:HGNC:3315]
ENSG00000162377,COA7,protein_coding,1,cytochrome c oxidase assembly factor 7 [Source:HGNC Symbol;Acc:HGNC:25716]
ENSG00000162378,ZYG11B,protein_coding,1,"zyg-11 family member B, cell cycle regulator [Source:HGNC Symbol;Acc:HGNC:25820]"
ENSG00000162383,SLC1A7,protein_coding,1,solute carrier family 1 member 7 [Source:HGNC Symbol;Acc:HGNC:10945]
ENSG00000169213,RAB3B,protein_coding,1,"RAB3B, member RAS oncogene family [Source:HGNC Symbol;Acc:HGNC:9778]"
ENSG00000174348,PODN,protein_coding,1,podocan [Source:HGNC Symbol;Acc:HGNC:23174]
ENSG00000182183,SHISAL2A,protein_coding,1,shisa like 2A [Source:HGNC Symbol;Acc:HGNC:28757]
ENSG00000185104,FAF1,protein_coding,1,Fas associated factor 1 [Source:HGNC Symbol;Acc:HGNC:3578]
ENSG00000198841,KTI12,protein_coding,1,KTI12 chromatin associated homolog [Source:HGNC Symbol;Acc:HGNC:25160]
ENSG00000200262,Y_RNA,misc_RNA,1,Y RNA [Source:RFAM;Acc:RF00019]
ENSG00000200839,RNA5SP48,rRNA_pseudogene,1,"RNA, 5S ribosomal pseudogene 48 [Source:HGNC Symbol;Acc:HGNC:42824]"
ENSG00000203356,LINC01562,lncRNA,1,long intergenic non-protein coding RNA 1562 [Source:HGNC Symbol;Acc:HGNC:51335]
ENSG00000203995,ZYG11A,protein_coding,1,"zyg-11 family member A, cell cycle regulator [Source:HGNC Symbol;Acc:HGNC:32058]"
ENSG00000204006,C1orf185,protein_coding,1,chromosome 1 open reading frame 185 [Source:HGNC Symbol;Acc:HGNC:28096]
ENSG00000206595,RNU6-877P,snRNA,1,"RNA, U6 small nuclear 877, pseudogene [Source:HGNC Symbol;Acc:HGNC:47840]"
ENSG00000206627,RNU6-969P,snRNA,1,"RNA, U6 small nuclear 969, pseudogene [Source:HGNC Symbol;Acc:HGNC:47932]"
ENSG00000207194,RNU6-1026P,snRNA,1,"RNA, U6 small nuclear 1026, pseudogene [Source:HGNC Symbol;Acc:HGNC:47989]"
ENSG00000212624,,snoRNA,1,
ENSG00000213478,CFL1P2,processed_pseudogene,1,cofilin 1 pseudogene 2 [Source:HGNC Symbol;Acc:HGNC:1878]
ENSG00000213735,ANAPC10P1,processed_pseudogene,1,anaphase promoting complex subunit 10 pseudogene 1 [Source:HGNC Symbol;Acc:HGNC:33976]
ENSG00000215887,ZNF859P,unprocessed_pseudogene,1,"zinc finger protein 859, pseudogene [Source:HGNC Symbol;Acc:HGNC:34507]"
ENSG00000223390,,lncRNA,1,novel transcript
ENSG00000223429,,processed_pseudogene,1,transformer-2 alpha (TRA2A) pseudogene
ENSG00000224255,PDCL3P6,processed_pseudogene,1,PDCL3 pseudogene 6 [Source:HGNC Symbol;Acc:HGNC:44507]
ENSG00000224680,PLA2G12AP1,transcribed_processed_pseudogene,1,phospholipase A2 group XIIA pseudogene 1 [Source:HGNC Symbol;Acc:HGNC:39248]
ENSG00000225623,AGBL4-IT1,lncRNA,1,AGBL4 intronic transcript 1 [Source:HGNC Symbol;Acc:HGNC:41482]
ENSG00000225671,FCF1P6,processed_pseudogene,1,FCF1 pseudogene 6 [Source:HGNC Symbol;Acc:HGNC:44618]
ENSG00000225767,FAF1-AS1,lncRNA,1,FAF1 antisense RNA 1 [Source:HGNC Symbol;Acc:HGNC:40228]
ENSG00000226147,TUBBP10,processed_pseudogene,1,tubulin beta class I pseudogene 10 [Source:HGNC Symbol;Acc:HGNC:42344]
ENSG00000227070,EPS15-AS1,lncRNA,1,EPS15 antisense RNA 1 [Source:HGNC Symbol;Acc:HGNC:40219]
ENSG00000227644,HIGD1AP11,processed_pseudogene,1,HIG1 hypoxia inducible domain family member 1A pseudogene 11 [Source:HGNC Symbol;Acc:HGNC:43006]
ENSG00000227742,CALR4P,transcribed_unitary_pseudogene,1,"calreticulin 4, pseudogene [Source:HGNC Symbol;Acc:HGNC:35456]"
ENSG00000228369,TXNDC12-AS1,lncRNA,1,TXNDC12 antisense RNA 1 [Source:HGNC Symbol;Acc:HGNC:30008]
ENSG00000228407,,processed_pseudogene,1,"pseudogene similar to part of alcohol dehydrogenase 5 (class III), chi polypeptidem (ADH5)"
ENSG00000228929,RPS13P2,processed_pseudogene,1,ribosomal protein S13 pseudogene 2 [Source:HGNC Symbol;Acc:HGNC:36364]
ENSG00000229032,,processed_pseudogene,1,40s ribosomal protein S26 (RPS26) pseudogene
ENSG00000229316,HMGB1P45,processed_pseudogene,1,high mobility group box 1 pseudogene 45 [Source:HGNC Symbol;Acc:HGNC:39277]
ENSG00000230585,PHB1P12,processed_pseudogene,1,PHB1 pseudogene 12 [Source:HGNC Symbol;Acc:HGNC:39291]
ENSG00000230604,TSEN15P2,processed_pseudogene,1,tRNA splicing endonuclease subunit 15 pseudogene 2 [Source:HGNC Symbol;Acc:HGNC:43963]
ENSG00000230828,,processed_pseudogene,1,novel pseudogene
ENSG00000230953,,processed_pseudogene,1,translational machinery associated 7 homolog (S. cerevisiae) (TMA7) pseudogene
ENSG00000231866,,processed_pseudogene,1,chromosome 14 open reading frame 2 (C14orf2) (MP68) pseudogene
ENSG00000232027,,processed_pseudogene,1,"proteasome (prosome, macropain) 26S subunit, non-ATPase, 7 (Mov34 homolog) (PSMD7) pseudogene"
ENSG00000232846,SLC25A6P3,processed_pseudogene,1,solute carrier family 25 member 6 pseudogene 3 [Source:HGNC Symbol;Acc:HGNC:43852]
ENSG00000232993,,lncRNA,1,novel transcript
ENSG00000233406,,processed_pseudogene,1,ribosomal protein S2 (RPS2) pseudogene
ENSG00000233407,,lncRNA,1,novel transcript
ENSG00000233595,MTND2P29,processed_pseudogene,1,MT-ND2 pseudogene 29 [Source:HGNC Symbol;Acc:HGNC:42130]
ENSG00000233664,NDUFS5P3,processed_pseudogene,1,NADH:ubiquinone oxidoreductase subunit S5 pseudogene 3 [Source:HGNC Symbol;Acc:HGNC:44041]
ENSG00000234080,,processed_pseudogene,1,ribosomal protein S2 (RPS2) pseudogene
ENSG00000235563,,lncRNA,1,novel transcript
ENSG00000236004,,processed_pseudogene,1,pseudogene similar to part of ribosomal protein L9 (RPL9)
ENSG00000236290,EEF1GP7,transcribed_processed_pseudogene,1,eukaryotic translation elongation factor 1 gamma pseudogene 7 [Source:HGNC Symbol;Acc:HGNC:44562]
ENSG00000236360,RRAS2P1,processed_pseudogene,1,RRAS2 pseudogene 1 [Source:HGNC Symbol;Acc:HGNC:54561]
ENSG00000236434,,lncRNA,1,novel transcript
ENSG00000236723,,lncRNA,1,"novel transcript, antisense to CPT2"
ENSG00000236973,GAPDHP51,processed_pseudogene,1,glyceraldehyde 3 phosphate dehydrogenase pseudogene 51 [Source:HGNC Symbol;Acc:HGNC:38557]
ENSG00000237130,MRPS6P2,processed_pseudogene,1,mitochondrial ribosomal protein S6 pseudogene 2 [Source:HGNC Symbol;Acc:HGNC:29781]
ENSG00000237279,H3P2,processed_pseudogene,1,H3 histone pseudogene 2 [Source:HGNC Symbol;Acc:HGNC:43795]
ENSG00000237337,ELAVL4-AS1,lncRNA,1,ELAVL4 antisense RNA 1 [Source:HGNC Symbol;Acc:HGNC:40210]
ENSG00000237478,,processed_pseudogene,1,pseudogene similar to part of ribosomal protein S11 (RPS11)
ENSG00000237663,DNAJC19P7,processed_pseudogene,1,DnaJ heat shock protein family (Hsp40) member C19 pseudogene 7 [Source:HGNC Symbol;Acc:HGNC:45070]
ENSG00000238140,,lncRNA,1,novel transcript
ENSG00000239640,RN7SL62P,misc_RNA,1,"RNA, 7SL, cytoplasmic 62, pseudogene [Source:HGNC Symbol;Acc:HGNC:46078]"
ENSG00000241745,RN7SL788P,misc_RNA,1,"RNA, 7SL, cytoplasmic 788, pseudogene [Source:HGNC Symbol;Acc:HGNC:46804]"
ENSG00000242391,,lncRNA,1,"novel transcript, antisense to ZYG11A"
ENSG00000252018,RNU2-30P,snRNA,1,"RNA, U2 small nuclear 30, pseudogene [Source:HGNC Symbol;Acc:HGNC:48523]"
ENSG00000252032,RNU6-1281P,snRNA,1,"RNA, U6 small nuclear 1281, pseudogene [Source:HGNC Symbol;Acc:HGNC:48244]"
ENSG00000261664,TTC39A-AS1,lncRNA,1,TTC39A antisense RNA 1 [Source:HGNC Symbol;Acc:HGNC:40851]
ENSG00000264613,RN7SL290P,misc_RNA,1,"RNA, 7SL, cytoplasmic 290, pseudogene [Source:HGNC Symbol;Acc:HGNC:46306]"
ENSG00000264834,,miRNA,1,
ENSG00000265538,MIR4421,miRNA,1,microRNA 4421 [Source:HGNC Symbol;Acc:HGNC:41879]
ENSG00000265815,,miRNA,1,
ENSG00000266188,,miRNA,1,
ENSG00000266993,,lncRNA,1,"novel transcript, antisense to NRD1"
ENSG00000272100,,lncRNA,1,"novel transcript, antisense to CC2D1B"
ENSG00000272175,,lncRNA,1,"novel transcript, antisense to NRD1"
ENSG00000272371,,lncRNA,1,novel transcript
ENSG00000275816,MIR6500,miRNA,1,microRNA 6500 [Source:HGNC Symbol;Acc:HGNC:49935]
ENSG00000277397,,unprocessed_pseudogene,1,carnitine palmitoyltransferase 2 (CPT2) pseudogene
ENSG00000279324,,TEC,1,novel transcript
ENSG00000283899,MIR761,miRNA,1,microRNA 761 [Source:HGNC Symbol;Acc:HGNC:37305]
ENSG00000006555,TTC22,protein_coding,1,tetratricopeptide repeat domain 22 [Source:HGNC Symbol;Acc:HGNC:26067]
ENSG00000021852,C8B,protein_coding,1,complement C8 beta chain [Source:HGNC Symbol;Acc:HGNC:1353]
ENSG00000058799,YIPF1,protein_coding,1,Yip1 domain family member 1 [Source:HGNC Symbol;Acc:HGNC:25231]
ENSG00000058804,NDC1,protein_coding,1,NDC1 transmembrane nucleoporin [Source:HGNC Symbol;Acc:HGNC:25525]
ENSG00000081870,IFT25,protein_coding,1,intraflagellar transport 25 [Source:HGNC Symbol;Acc:HGNC:25019]
ENSG00000116133,DHCR24,protein_coding,1,24-dehydrocholesterol reductase [Source:HGNC Symbol;Acc:HGNC:2859]
ENSG00000116205,TCEANC2,protein_coding,1,transcription elongation factor A N-terminal and central domain containing 2 [Source:HGNC Symbol;Acc:HGNC:26494]
ENSG00000116209,TMEM59,protein_coding,1,transmembrane protein 59 [Source:HGNC Symbol;Acc:HGNC:1239]
ENSG00000116212,LRRC42,protein_coding,1,leucine rich repeat containing 42 [Source:HGNC Symbol;Acc:HGNC:28792]
ENSG00000116221,MRPL37,protein_coding,1,mitochondrial ribosomal protein L37 [Source:HGNC Symbol;Acc:HGNC:14034]
ENSG00000143001,TMEM61,protein_coding,1,transmembrane protein 61 [Source:HGNC Symbol;Acc:HGNC:27296]
ENSG00000143006,DMRTB1,protein_coding,1,DMRT like family B with proline rich C-terminal 1 [Source:HGNC Symbol;Acc:HGNC:13913]
ENSG00000157131,C8A,protein_coding,1,complement C8 alpha chain [Source:HGNC Symbol;Acc:HGNC:1352]
ENSG00000157193,LRP8,protein_coding,1,LDL receptor related protein 8 [Source:HGNC Symbol;Acc:HGNC:6700]
ENSG00000157211,CDCP2,protein_coding,1,CUB domain containing protein 2 [Source:HGNC Symbol;Acc:HGNC:27297]
ENSG00000157216,SSBP3,protein_coding,1,single stranded DNA binding protein 3 [Source:HGNC Symbol;Acc:HGNC:15674]
ENSG00000162384,CZIB,protein_coding,1,CXXC motif containing zinc binding protein [Source:HGNC Symbol;Acc:HGNC:26059]
ENSG00000162385,MAGOH,protein_coding,1,"mago homolog, exon junction complex subunit [Source:HGNC Symbol;Acc:HGNC:6815]"
ENSG00000162390,ACOT11,protein_coding,1,acyl-CoA thioesterase 11 [Source:HGNC Symbol;Acc:HGNC:18156]
ENSG00000162391,FAM151A,protein_coding,1,family with sequence similarity 151 member A [Source:HGNC Symbol;Acc:HGNC:25032]
ENSG00000162396,PARS2,protein_coding,1,"prolyl-tRNA synthetase 2, mitochondrial [Source:HGNC Symbol;Acc:HGNC:30563]"
ENSG00000162398,CIMAP2,protein_coding,1,ciliary microtubule associated protein 2 [Source:HGNC Symbol;Acc:HGNC:26854]
ENSG00000162399,BSND,protein_coding,1,barttin CLCNK type accessory subunit beta [Source:HGNC Symbol;Acc:HGNC:16512]
ENSG00000162402,USP24,protein_coding,1,ubiquitin specific peptidase 24 [Source:HGNC Symbol;Acc:HGNC:12623]
ENSG00000162407,PLPP3,protein_coding,1,phospholipid phosphatase 3 [Source:HGNC Symbol;Acc:HGNC:9229]
ENSG00000162409,PRKAA2,protein_coding,1,protein kinase AMP-activated catalytic subunit alpha 2 [Source:HGNC Symbol;Acc:HGNC:9377]
ENSG00000162600,OMA1,protein_coding,1,OMA1 zinc metallopeptidase [Source:HGNC Symbol;Acc:HGNC:29661]
ENSG00000169174,PCSK9,protein_coding,1,proprotein convertase subtilisin/kexin type 9 [Source:HGNC Symbol;Acc:HGNC:20001]
ENSG00000173406,DAB1,protein_coding,1,DAB adaptor protein 1 [Source:HGNC Symbol;Acc:HGNC:2661]
ENSG00000174332,GLIS1,protein_coding,1,GLIS family zinc finger 1 [Source:HGNC Symbol;Acc:HGNC:29525]
ENSG00000184292,TACSTD2,protein_coding,1,tumor associated calcium signal transducer 2 [Source:HGNC Symbol;Acc:HGNC:11530]
ENSG00000184313,MROH7,protein_coding,1,maestro heat like repeat family member 7 [Source:HGNC Symbol;Acc:HGNC:24802]
ENSG00000187889,FYB2,protein_coding,1,FYN binding protein 2 [Source:HGNC Symbol;Acc:HGNC:27295]
ENSG00000198711,SSBP3-AS1,lncRNA,1,SSBP3 antisense RNA 1 [Source:HGNC Symbol;Acc:HGNC:32328]
ENSG00000199831,RN7SKP291,misc_RNA,1,RN7SK pseudogene 291 [Source:HGNC Symbol;Acc:HGNC:46015]
ENSG00000201003,,snoRNA,1,
ENSG00000203985,LDLRAD1,protein_coding,1,low density lipoprotein receptor class A domain containing 1 [Source:HGNC Symbol;Acc:HGNC:32069]
ENSG00000211452,DIO1,protein_coding,1,iodothyronine deiodinase 1 [Source:HGNC Symbol;Acc:HGNC:2883]
ENSG00000215883,CYB5RL,protein_coding,1,cytochrome b5 reductase like [Source:HGNC Symbol;Acc:HGNC:32220]
ENSG00000219102,HNRNPA3P12,processed_pseudogene,1,heterogeneous nuclear ribonucleoprotein A3 pseudogene 12 [Source:HGNC Symbol;Acc:HGNC:48758]
ENSG00000223416,RPS26P15,processed_pseudogene,1,ribosomal protein S26 pseudogene 15 [Source:HGNC Symbol;Acc:HGNC:35680]
ENSG00000223956,LINC01767,lncRNA,1,long intergenic non-protein coding RNA 1767 [Source:HGNC Symbol;Acc:HGNC:52557]
ENSG00000224980,RPL23AP85,processed_pseudogene,1,ribosomal protein L23a pseudogene 85 [Source:HGNC Symbol;Acc:HGNC:51576]
ENSG00000225183,COX7BP3,processed_pseudogene,1,COX7B pseudogene 3 [Source:HGNC Symbol;Acc:HGNC:56507]
ENSG00000225475,,processed_pseudogene,1,riribosomal protein S2 (RPS2) pseudogene
ENSG00000225632,,lncRNA,1,novel transcript
ENSG00000225675,LRP8-DT,lncRNA,1,LRP8 divergent transcript [Source:HGNC Symbol;Acc:HGNC:52561]
ENSG00000226754,MAGOH-DT,lncRNA,1,MAGOH divergent transcript [Source:HGNC Symbol;Acc:HGNC:49539]
ENSG00000226759,DAB1-AS1,lncRNA,1,DAB1 antisense RNA 1 [Source:HGNC Symbol;Acc:HGNC:49443]
ENSG00000226938,,lncRNA,1,novel transcript
ENSG00000227104,PIGQP1,transcribed_unprocessed_pseudogene,1,phosphatidylinositol glycan anchor biosynthesis class Q pseudogene 1 [Source:HGNC Symbol;Acc:HGNC:45157]
ENSG00000227453,HNRNPA1P63,processed_pseudogene,1,heterogeneous nuclear ribonucleoprotein A1 pseudogene 63 [Source:HGNC Symbol;Acc:HGNC:48793]
ENSG00000227935,,lncRNA,1,novel transcript
ENSG00000228838,,lncRNA,1,novel transcript
ENSG00000229687,,processed_pseudogene,1,ribosomal protein L37 (RPL37) pseudogene
ENSG00000229871,RPSAP20,processed_pseudogene,1,ribosomal protein SA pseudogene 20 [Source:HGNC Symbol;Acc:HGNC:35595]
ENSG00000229887,HNRNPA1P6,transcribed_unprocessed_pseudogene,1,heterogeneous nuclear ribonucleoprotein A1 pseudogene 6 [Source:HGNC Symbol;Acc:HGNC:5032]
ENSG00000229913,,lncRNA,1,novel transcript
ENSG00000230138,LINC02812,lncRNA,1,long intergenic non-protein coding RNA 2812 [Source:HGNC Symbol;Acc:HGNC:54344]
ENSG00000230250,LINC01753,lncRNA,1,long intergenic non-protein coding RNA 1753 [Source:HGNC Symbol;Acc:HGNC:52541]
ENSG00000230546,,unprocessed_pseudogene,1,pseudogene similar to part of WAP four-disulfide core domain 3 (WFDC3)
ENSG00000230728,,lncRNA,1,novel transcript
ENSG00000231090,MIR4422HG,lncRNA,1,MIR4422 host gene [Source:HGNC Symbol;Acc:HGNC:53113]
ENSG00000231095,GYG1P3,processed_pseudogene,1,glycogenin 1 pseudogene 3 [Source:HGNC Symbol;Acc:HGNC:39711]
ENSG00000231900,GOT2P1,processed_pseudogene,1,GOT2 pseudogene 1 [Source:HGNC Symbol;Acc:HGNC:4434]
ENSG00000232198,MTCO2P34,processed_pseudogene,1,MT-CO2 pseudogene 34 [Source:HGNC Symbol;Acc:HGNC:52316]
ENSG00000232245,,lncRNA,1,novel transcript
ENSG00000232762,,lncRNA,1,novel transcript
ENSG00000233079,LINC01755,lncRNA,1,long intergenic non-protein coding RNA 1755 [Source:HGNC Symbol;Acc:HGNC:52543]
ENSG00000233203,DHCR24-DT,lncRNA,1,DHCR24 divergent transcript [Source:HGNC Symbol;Acc:HGNC:53969]
ENSG00000233216,,processed_pseudogene,1,novel pseudogene
ENSG00000233271,,lncRNA,1,novel transcript
ENSG00000234578,,lncRNA,1,novel transcript
ENSG00000235038,,lncRNA,1,novel transcript
ENSG00000235612,,lncRNA,1,novel transcript
ENSG00000235741,LINC02784,lncRNA,1,long intergenic non-protein coding RNA 2784 [Source:HGNC Symbol;Acc:HGNC:54304]
ENSG00000236253,SLC25A3P1,transcribed_processed_pseudogene,1,solute carrier family 25 member 3 pseudogene 1 [Source:HGNC Symbol;Acc:HGNC:26869]
ENSG00000236341,,lncRNA,1,novel transcript
ENSG00000236776,RPL21P23,processed_pseudogene,1,ribosomal protein L21 pseudogene 23 [Source:HGNC Symbol;Acc:HGNC:36205]
ENSG00000236888,RPS20P5,processed_pseudogene,1,ribosomal protein S20 pseudogene 5 [Source:HGNC Symbol;Acc:HGNC:36367]
ENSG00000237173,,processed_pseudogene,1,transaldolase 1 (TALDO1) pseudogene
ENSG00000237453,,lncRNA,1,"novel transcript, antisense to TTC22"
ENSG00000239007,RNU7-95P,snRNA,1,"RNA, U7 small nuclear 95 pseudogene [Source:HGNC Symbol;Acc:HGNC:45629]"
ENSG00000243725,TTC4,protein_coding,1,tetratricopeptide repeat domain 4 [Source:HGNC Symbol;Acc:HGNC:12394]
ENSG00000252162,RNU6-830P,snRNA,1,"RNA, U6 small nuclear 830, pseudogene [Source:HGNC Symbol;Acc:HGNC:47793]"
ENSG00000256407,,protein_coding,1,novel transcript
ENSG00000259818,CZIB-DT,lncRNA,1,CZIB divergent transcript [Source:HGNC Symbol;Acc:HGNC:55408]
ENSG00000260971,,lncRNA,1,novel transcript
ENSG00000264128,RN7SL713P,misc_RNA,1,"RNA, 7SL, cytoplasmic 713, pseudogene [Source:HGNC Symbol;Acc:HGNC:46729]"
ENSG00000265822,MIR4422,miRNA,1,microRNA 4422 [Source:HGNC Symbol;Acc:HGNC:41654]
ENSG00000270209,,processed_pseudogene,1,zinc finger protein 280 pseudogene
ENSG00000271723,MROH7-TTC4,protein_coding,1,MROH7-TTC4 readthrough (NMD candidate) [Source:HGNC Symbol;Acc:HGNC:49180]
ENSG00000272051,Y_RNA,misc_RNA,1,Y RNA [Source:RFAM;Acc:RF00019]
ENSG00000280378,,TEC,1,TEC
ENSG00000280425,,lncRNA,1,"novel transcript, antisense to CDCP2"
ENSG00000283749,MIR4781,miRNA,1,microRNA 4781 [Source:HGNC Symbol;Acc:HGNC:41769]
ENSG00000079739,PGM1,protein_coding,1,phosphoglucomutase 1 [Source:HGNC Symbol;Acc:HGNC:8905]
ENSG00000088035,ALG6,protein_coding,1,"ALG6 alpha-1,3-glucosyltransferase [Source:HGNC Symbol;Acc:HGNC:23157]"
ENSG00000116641,DOCK7,protein_coding,1,dedicator of cytokinesis 7 [Source:HGNC Symbol;Acc:HGNC:19190]
ENSG00000116652,DLEU2L,lncRNA,1,deleted in lymphocytic leukemia 2 like [Source:HGNC Symbol;Acc:HGNC:13225]
ENSG00000125703,ATG4C,protein_coding,1,autophagy related 4C cysteine peptidase [Source:HGNC Symbol;Acc:HGNC:16040]
ENSG00000132849,PATJ,protein_coding,1,PATJ crumbs cell polarity complex component [Source:HGNC Symbol;Acc:HGNC:28881]
ENSG00000132854,KANK4,protein_coding,1,KN motif and ankyrin repeat domains 4 [Source:HGNC Symbol;Acc:HGNC:27263]
ENSG00000132855,ANGPTL3,protein_coding,1,angiopoietin like 3 [Source:HGNC Symbol;Acc:HGNC:491]
ENSG00000134709,HOOK1,protein_coding,1,hook microtubule tethering protein 1 [Source:HGNC Symbol;Acc:HGNC:19884]
ENSG00000134716,CYP2J2,protein_coding,1,cytochrome P450 family 2 subfamily J member 2 [Source:HGNC Symbol;Acc:HGNC:2634]
ENSG00000142856,ITGB3BP,protein_coding,1,integrin subunit beta 3 binding protein [Source:HGNC Symbol;Acc:HGNC:6157]
ENSG00000158966,CACHD1,protein_coding,1,cache domain containing 1 [Source:HGNC Symbol;Acc:HGNC:29314]
ENSG00000162434,JAK1,protein_coding,1,Janus kinase 1 [Source:HGNC Symbol;Acc:HGNC:6190]
ENSG00000162437,RAVER2,protein_coding,1,"ribonucleoprotein, PTB binding 2 [Source:HGNC Symbol;Acc:HGNC:25577]"
ENSG00000162598,C1orf87,protein_coding,1,chromosome 1 open reading frame 87 [Source:HGNC Symbol;Acc:HGNC:28547]
ENSG00000162599,NFIA,protein_coding,1,nuclear factor I A [Source:HGNC Symbol;Acc:HGNC:7784]
ENSG00000162601,MYSM1,protein_coding,1,"Myb like, SWIRM and MPN domains 1 [Source:HGNC Symbol;Acc:HGNC:29401]"
ENSG00000162604,TM2D1,protein_coding,1,TM2 domain containing 1 [Source:HGNC Symbol;Acc:HGNC:24142]
ENSG00000162607,USP1,protein_coding,1,ubiquitin specific peptidase 1 [Source:HGNC Symbol;Acc:HGNC:12607]
ENSG00000172456,FGGY,protein_coding,1,FGGY carbohydrate kinase domain containing [Source:HGNC Symbol;Acc:HGNC:25610]
ENSG00000177414,UBE2U,protein_coding,1,ubiquitin conjugating enzyme E2 U [Source:HGNC Symbol;Acc:HGNC:28559]
ENSG00000177452,,processed_pseudogene,1,ribosomal protein L19 (RPL19) pseudogene
ENSG00000177606,JUN,protein_coding,1,"Jun proto-oncogene, AP-1 transcription factor subunit [Source:HGNC Symbol;Acc:HGNC:6204]"
ENSG00000185031,SLC2A3P2,processed_pseudogene,1,solute carrier family 2 member 3 pseudogene 2 [Source:HGNC Symbol;Acc:HGNC:31074]
ENSG00000185483,ROR1,protein_coding,1,receptor tyrosine kinase like orphan receptor 1 [Source:HGNC Symbol;Acc:HGNC:10256]
ENSG00000185839,,processed_pseudogene,1,adenylate kinase 2 (AK2) pseudogene
ENSG00000187140,FOXD3,protein_coding,1,forkhead box D3 [Source:HGNC Symbol;Acc:HGNC:3804]
ENSG00000200174,Y_RNA,misc_RNA,1,Y RNA [Source:RFAM;Acc:RF00019]
ENSG00000200508,Y_RNA,misc_RNA,1,Y RNA [Source:RFAM;Acc:RF00019]
ENSG00000200575,RNU6-414P,snRNA,1,"RNA, U6 small nuclear 414, pseudogene [Source:HGNC Symbol;Acc:HGNC:47377]"
ENSG00000201153,RNU6-371P,snRNA,1,"RNA, U6 small nuclear 371, pseudogene [Source:HGNC Symbol;Acc:HGNC:47334]"
ENSG00000203605,,lncRNA,1,novel transcript
ENSG00000203965,EFCAB7,protein_coding,1,EF-hand calcium binding domain 7 [Source:HGNC Symbol;Acc:HGNC:29379]
ENSG00000207190,RNU6-809P,snRNA,1,"RNA, U6 small nuclear 809, pseudogene [Source:HGNC Symbol;Acc:HGNC:47772]"
ENSG00000212360,RNU6-1177P,snRNA,1,"RNA, U6 small nuclear 1177, pseudogene [Source:HGNC Symbol;Acc:HGNC:48140]"
ENSG00000213703,RPL13AP9,processed_pseudogene,1,ribosomal protein L13a pseudogene 9 [Source:HGNC Symbol;Acc:HGNC:36341]
ENSG00000223683,RPSAP65,processed_pseudogene,1,ribosomal protein SA pseudogene 65 [Source:HGNC Symbol;Acc:HGNC:51914]
ENSG00000223920,,processed_pseudogene,1,"sepiapterin reductase (7,8-dihydrobiopterin:NADP+ oxidoreductase) (SPR) pseudogene"
ENSG00000223949,ROR1-AS1,lncRNA,1,ROR1 antisense RNA 1 [Source:HGNC Symbol;Acc:HGNC:40508]
ENSG00000224209,LINC00466,lncRNA,1,long intergenic non-protein coding RNA 466 [Source:HGNC Symbol;Acc:HGNC:27294]
ENSG00000224609,FGGY-DT,lncRNA,1,FGGY divergent transcript [Source:HGNC Symbol;Acc:HGNC:55265]
ENSG00000226476,LINC01748,lncRNA,1,long intergenic non-protein coding RNA 1748 [Source:HGNC Symbol;Acc:HGNC:52535]
ENSG00000226883,,lncRNA,1,novel transcript
ENSG00000226891,LINC01359,lncRNA,1,long intergenic non-protein coding RNA 1359 [Source:HGNC Symbol;Acc:HGNC:50591]
ENSG00000227485,,lncRNA,1,novel transcript
ENSG00000228056,CFL1P3,processed_pseudogene,1,cofilin 1 pseudogene 3 [Source:HGNC Symbol;Acc:HGNC:1879]
ENSG00000228121,PHB1P3,processed_pseudogene,1,PHB1 pseudogene 3 [Source:HGNC Symbol;Acc:HGNC:8915]
ENSG00000228734,,lncRNA,1,novel transcript
ENSG00000229225,,lncRNA,1,novel transcript
ENSG00000229332,PGBD4P8,processed_pseudogene,1,piggyBac transposable element derived 4 pseudogene 8 [Source:HGNC Symbol;Acc:HGNC:44075]
ENSG00000229537,LINC01739,lncRNA,1,long intergenic non-protein coding RNA 1739 [Source:HGNC Symbol;Acc:HGNC:52527]
ENSG00000230798,FOXD3-AS1,lncRNA,1,FOXD3 antisense RNA 1 [Source:HGNC Symbol;Acc:HGNC:40241]
ENSG00000231252,,lncRNA,1,novel transcript
ENSG00000231740,,lncRNA,1,novel transcript
ENSG00000232453,LINC02777,lncRNA,1,long intergenic non-protein coding RNA 2777 [Source:HGNC Symbol;Acc:HGNC:54297]
ENSG00000233877,,processed_pseudogene,1,SIPL protein (SIPL) pseudogene
ENSG00000234088,RPS15AP7,processed_pseudogene,1,ribosomal protein S15a pseudogene 7 [Source:HGNC Symbol;Acc:HGNC:35648]
ENSG00000234204,PIGPP2,processed_pseudogene,1,phosphatidylinositol glycan anchor biosynthesis class P pseudogene 2 [Source:HGNC Symbol;Acc:HGNC:45154]
ENSG00000234318,,lncRNA,1,novel transcript
ENSG00000234784,,processed_pseudogene,1,"NADH dehydrogenase (ubiquinone) 1 alpha subcomplex, 4, 9kDa (NDUFA4) pseudogene"
ENSG00000234807,JUN-DT,lncRNA,1,JUN divergent transcript [Source:HGNC Symbol;Acc:HGNC:49450]
ENSG00000235545,DOCK7-DT,lncRNA,1,DOCK7 divergent transcript [Source:HGNC Symbol;Acc:HGNC:55670]
ENSG00000236646,LAMTOR5P1,processed_pseudogene,1,"late endosomal/lysosomal adaptor, MAPK and MTOR activator 5 pseudogene 1 [Source:HGNC Symbol;Acc:HGNC:31854]"
ENSG00000236674,,processed_pseudogene,1,"DnaJ (Hsp40) homolog, subfamily C, member 7 (DNAJC7) pseudogene"
ENSG00000237163,,processed_pseudogene,1,novel pseudogene
ENSG00000237227,,processed_pseudogene,1,ribosomal protein L36 (RPL36) pseudogene
ENSG00000237853,NFIA-AS1,lncRNA,1,NFIA antisense RNA 1 [Source:HGNC Symbol;Acc:HGNC:40402]
ENSG00000237928,NFIA-AS2,lncRNA,1,NFIA antisense RNA 2 [Source:HGNC Symbol;Acc:HGNC:40401]
ENSG00000238242,LINC02778,lncRNA,1,long intergenic non-protein coding RNA 2778 [Source:HGNC Symbol;Acc:HGNC:54298]
ENSG00000238653,RNU7-62P,snRNA,1,"RNA, U7 small nuclear 62 pseudogene [Source:HGNC Symbol;Acc:HGNC:34158]"
ENSG00000240563,L1TD1,protein_coding,1,LINE1 type transposase domain containing 1 [Source:HGNC Symbol;Acc:HGNC:25595]
ENSG00000241042,,lncRNA,1,novel transcript
ENSG00000242860,RN7SL180P,misc_RNA,1,"RNA, 7SL, cytoplasmic 180, pseudogene [Source:HGNC Symbol;Acc:HGNC:46196]"
ENSG00000244256,RN7SL130P,misc_RNA,1,"RNA, 7SL, cytoplasmic 130, pseudogene [Source:HGNC Symbol;Acc:HGNC:46146]"
ENSG00000251720,RNU7-123P,snRNA,1,"RNA, U7 small nuclear 123 pseudogene [Source:HGNC Symbol;Acc:HGNC:45657]"
ENSG00000252259,RNA5SP49,rRNA_pseudogene,1,"RNA, 5S ribosomal pseudogene 49 [Source:HGNC Symbol;Acc:HGNC:42825]"
ENSG00000252784,Y_RNA,misc_RNA,1,Y RNA [Source:RFAM;Acc:RF00019]
ENSG00000263908,MIR3116-1,miRNA,1,microRNA 3116-1 [Source:HGNC Symbol;Acc:HGNC:38200]
ENSG00000264271,RN7SL488P,misc_RNA,1,"RNA, 7SL, cytoplasmic 488, pseudogene [Source:HGNC Symbol;Acc:HGNC:46504]"
ENSG00000264470,MIR4794,miRNA,1,microRNA 4794 [Source:HGNC Symbol;Acc:HGNC:41829]
ENSG00000265535,RN7SL475P,misc_RNA,1,"RNA, 7SL, cytoplasmic 475, pseudogene [Source:HGNC Symbol;Acc:HGNC:46491]"
ENSG00000266150,MIR4711,miRNA,1,microRNA 4711 [Source:HGNC Symbol;Acc:HGNC:41847]
ENSG00000270457,,lncRNA,1,novel transcript
ENSG00000270549,,processed_pseudogene,1,ubiquitin A-52 residue ribosomal protein fusion product 1 (UBA52) pseudogene
ENSG00000271200,PATJ-DT,lncRNA,1,PATJ divergent transcript [Source:HGNC Symbol;Acc:HGNC:55256]
ENSG00000272226,,lncRNA,1,novel transcript
ENSG00000272506,,lncRNA,1,novel transcript
ENSG00000274199,,misc_RNA,1,
ENSG00000275823,,misc_RNA,1,
ENSG00000275836,MIR6068,miRNA,1,microRNA 6068 [Source:HGNC Symbol;Acc:HGNC:50261]
ENSG00000276884,,misc_RNA,1,
ENSG00000277565,,misc_RNA,1,
ENSG00000277689,,misc_RNA,1,
ENSG00000278287,,misc_RNA,1,
ENSG00000278967,,TEC,1,novel transcript
ENSG00000283445,,lncRNA,1,novel transcript
ENSG00000283690,MIR3116-2,miRNA,1,microRNA 3116-2 [Source:HGNC Symbol;Acc:HGNC:38318]
ENSG00000024526,DEPDC1,protein_coding,1,DEP domain containing 1 [Source:HGNC Symbol;Acc:HGNC:22949]
ENSG00000033122,LRRC7,protein_coding,1,leucine rich repeat containing 7 [Source:HGNC Symbol;Acc:HGNC:18531]
ENSG00000050628,PTGER3,protein_coding,1,prostaglandin E receptor 3 [Source:HGNC Symbol;Acc:HGNC:9595]
ENSG00000066557,LRRC40,protein_coding,1,leucine rich repeat containing 40 [Source:HGNC Symbol;Acc:HGNC:26004]
ENSG00000081985,IL12RB2,protein_coding,1,interleukin 12 receptor subunit beta 2 [Source:HGNC Symbol;Acc:HGNC:5972]
ENSG00000116675,DNAJC6,protein_coding,1,DnaJ heat shock protein family (Hsp40) member C6 [Source:HGNC Symbol;Acc:HGNC:15469]
ENSG00000116678,LEPR,protein_coding,1,leptin receptor [Source:HGNC Symbol;Acc:HGNC:6554]
ENSG00000116704,SLC35D1,protein_coding,1,solute carrier family 35 member D1 [Source:HGNC Symbol;Acc:HGNC:20800]
ENSG00000116717,GADD45A,protein_coding,1,growth arrest and DNA damage inducible alpha [Source:HGNC Symbol;Acc:HGNC:4095]
ENSG00000116729,WLS,protein_coding,1,Wnt ligand secretion mediator [Source:HGNC Symbol;Acc:HGNC:30238]
ENSG00000116745,RPE65,protein_coding,1,retinoid isomerohydrolase RPE65 [Source:HGNC Symbol;Acc:HGNC:10294]
ENSG00000116754,SRSF11,protein_coding,1,serine and arginine rich splicing factor 11 [Source:HGNC Symbol;Acc:HGNC:10782]
ENSG00000116761,CTH,protein_coding,1,cystathionine gamma-lyase [Source:HGNC Symbol;Acc:HGNC:2501]
ENSG00000118454,ANKRD13C,protein_coding,1,ankyrin repeat domain 13C [Source:HGNC Symbol;Acc:HGNC:25374]
ENSG00000118473,SGIP1,protein_coding,1,SH3GL interacting endocytic adaptor 1 [Source:HGNC Symbol;Acc:HGNC:25412]
ENSG00000132485,ZRANB2,protein_coding,1,zinc finger RANBP2-type containing 2 [Source:HGNC Symbol;Acc:HGNC:13058]
ENSG00000142864,SERBP1,protein_coding,1,SERPINE1 mRNA binding protein 1 [Source:HGNC Symbol;Acc:HGNC:17860]
ENSG00000152760,DYNLT5,protein_coding,1,dynein light chain Tctex-type family member 5 [Source:HGNC Symbol;Acc:HGNC:26882]
ENSG00000152763,DNAI4,protein_coding,1,dynein axonemal intermediate chain 4 [Source:HGNC Symbol;Acc:HGNC:26252]
ENSG00000162433,AK4,protein_coding,1,adenylate kinase 4 [Source:HGNC Symbol;Acc:HGNC:363]
ENSG00000162594,IL23R,protein_coding,1,interleukin 23 receptor [Source:HGNC Symbol;Acc:HGNC:19100]
ENSG00000162595,DIRAS3,protein_coding,1,DIRAS family GTPase 3 [Source:HGNC Symbol;Acc:HGNC:687]
ENSG00000172260,NEGR1,protein_coding,1,neuronal growth regulator 1 [Source:HGNC Symbol;Acc:HGNC:17302]
ENSG00000172380,GNG12,protein_coding,1,G protein subunit gamma 12 [Source:HGNC Symbol;Acc:HGNC:19663]
ENSG00000172410,INSL5,protein_coding,1,insulin like 5 [Source:HGNC Symbol;Acc:HGNC:6088]
ENSG00000184588,PDE4B,protein_coding,1,phosphodiesterase 4B [Source:HGNC Symbol;Acc:HGNC:8781]
ENSG00000197568,ANKRD13C-DT,lncRNA,1,ANKRD13C divergent transcript [Source:HGNC Symbol;Acc:HGNC:4906]
ENSG00000198160,MIER1,protein_coding,1,MIER1 transcriptional regulator [Source:HGNC Symbol;Acc:HGNC:29657]
ENSG00000199135,MIR101-1,miRNA,1,microRNA 101-1 [Source:HGNC Symbol;Acc:HGNC:31488]
ENSG00000203963,C1orf141,protein_coding,1,chromosome 1 open reading frame 141 [Source:HGNC Symbol;Acc:HGNC:32044]
ENSG00000207504,RNU6-1031P,snRNA,1,"RNA, U6 small nuclear 1031, pseudogene [Source:HGNC Symbol;Acc:HGNC:47994]"
ENSG00000207721,MIR186,miRNA,1,microRNA 186 [Source:HGNC Symbol;Acc:HGNC:31557]
ENSG00000212257,RNU6-1176P,snRNA,1,"RNA, U6 small nuclear 1176, pseudogene [Source:HGNC Symbol;Acc:HGNC:48139]"
ENSG00000212366,RNU6-1246P,snRNA,1,"RNA, U6 small nuclear 1246, pseudogene [Source:HGNC Symbol;Acc:HGNC:48209]"
ENSG00000213625,LEPROT,protein_coding,1,leptin receptor overlapping transcript [Source:HGNC Symbol;Acc:HGNC:29477]
ENSG00000221203,MIR1262,miRNA,1,microRNA 1262 [Source:HGNC Symbol;Acc:HGNC:35328]
ENSG00000222624,RNU2-15P,snRNA,1,"RNA, U2 small nuclear 15, pseudogene [Source:HGNC Symbol;Acc:HGNC:48508]"
ENSG00000223152,RNU4-88P,snRNA,1,"RNA, U4 small nuclear 88, pseudogene [Source:HGNC Symbol;Acc:HGNC:47024]"
ENSG00000223263,RNU6-387P,snRNA,1,"RNA, U6 small nuclear 387, pseudogene [Source:HGNC Symbol;Acc:HGNC:47350]"
ENSG00000223883,LINC01707,lncRNA,1,long intergenic non-protein coding RNA 1707 [Source:HGNC Symbol;Acc:HGNC:52495]
ENSG00000224570,,processed_pseudogene,1,UDP-N-acetyl-alpha-D-galactosamine:polypeptide N-acetylgalactosaminyltransferase 11 (GalNAc-T11) (GALNT11) pseudogene
ENSG00000225167,TXNP2,processed_pseudogene,1,thioredoxin pseudogene 2 [Source:HGNC Symbol;Acc:HGNC:49482]
ENSG00000225242,COX6B1P7,processed_pseudogene,1,cytochrome c oxidase subunit 6B1 pseudogene 7 [Source:HGNC Symbol;Acc:HGNC:37677]
ENSG00000226088,LINC03102,lncRNA,1,long intergenic non-protein coding RNA 3102 [Source:HGNC Symbol;Acc:HGNC:40277]
ENSG00000226208,,lncRNA,1,novel transcript
ENSG00000226324,,processed_pseudogene,1,cytochrome c oxidase subunit VIa polypeptide 1 (COX6A1) pseudogene
ENSG00000227207,RPL31P12,processed_pseudogene,1,ribosomal protein L31 pseudogene 12 [Source:HGNC Symbol;Acc:HGNC:35546]
ENSG00000227466,PDE4B-AS1,lncRNA,1,PDE4B antisense RNA 1 [Source:HGNC Symbol;Acc:HGNC:40437]
ENSG00000228431,ARL5AP3,processed_pseudogene,1,ARL5A pseudogene 3 [Source:HGNC Symbol;Acc:HGNC:43935]
ENSG00000228523,DNAJB6P4,processed_pseudogene,1,DNAJB6 pseudogene 4 [Source:HGNC Symbol;Acc:HGNC:54757]
ENSG00000228853,NEGR1-IT1,lncRNA,1,NEGR1 intronic transcript 1 [Source:HGNC Symbol;Acc:HGNC:41432]
ENSG00000228988,,lncRNA,1,novel transcript
ENSG00000229051,LINC01788,lncRNA,1,long intergenic non-protein coding RNA 1788 [Source:HGNC Symbol;Acc:HGNC:52577]
ENSG00000229133,RPS7P4,processed_pseudogene,1,ribosomal protein S7 pseudogene 4 [Source:HGNC Symbol;Acc:HGNC:36000]
ENSG00000229294,DNAJC6-AS1,lncRNA,1,DNAJC6 antisense RNA 1 [Source:HGNC Symbol;Acc:HGNC:58071]
ENSG00000229359,PIN1P1,transcribed_processed_pseudogene,1,"peptidylprolyl cis/trans isomerase, NIMA-interacting 1 pseudogene 1 [Source:HGNC Symbol;Acc:HGNC:8989]"
ENSG00000229440,,processed_pseudogene,1,pseudogene similar to part of BET1 homolog (S. cerevisiae) (BET1)
ENSG00000229639,LINC01758,lncRNA,1,long intergenic non-protein coding RNA 1758 [Source:HGNC Symbol;Acc:HGNC:52547]
ENSG00000229956,ZRANB2-DT,lncRNA,1,ZRANB2 divergent transcript [Source:HGNC Symbol;Acc:HGNC:43595]
ENSG00000231080,,lncRNA,1,novel transcript
ENSG00000231622,RPS29P7,processed_pseudogene,1,ribosomal protein S29 pseudogene 7 [Source:HGNC Symbol;Acc:HGNC:36594]
ENSG00000231985,,lncRNA,1,novel transcript
ENSG00000232048,HNRNPCP9,processed_pseudogene,1,heterogeneous nuclear ribonucleoprotein C pseudogene 9 [Source:HGNC Symbol;Acc:HGNC:48820]
ENSG00000232284,GNG12-AS1,lncRNA,1,"GNG12, DIRAS3 and WLS antisense RNA 1 [Source:HGNC Symbol;Acc:HGNC:43938]"
ENSG00000233020,CHORDC1P5,transcribed_processed_pseudogene,1,CHORDC1 pseudogene 5 [Source:HGNC Symbol;Acc:HGNC:54690]
ENSG00000233589,DEPDC1-AS2,lncRNA,1,DEPDC1 antisense RNA 2 [Source:HGNC Symbol;Acc:HGNC:58135]
ENSG00000233994,GDI2P2,processed_pseudogene,1,GDP dissociation inhibitor 2 pseudogene 2 [Source:HGNC Symbol;Acc:HGNC:37976]
ENSG00000234144,COX6CP13,processed_pseudogene,1,cytochrome c oxidase subunit 6C pseudogene 13 [Source:HGNC Symbol;Acc:HGNC:49365]
ENSG00000234264,DEPDC1-AS1,lncRNA,1,DEPDC1 antisense RNA 1 [Source:HGNC Symbol;Acc:HGNC:50592]
ENSG00000234383,CTBP2P8,processed_pseudogene,1,CTBP2 pseudogene 8 [Source:HGNC Symbol;Acc:HGNC:45200]
ENSG00000234496,MRPS21P1,processed_pseudogene,1,mitochondrial ribosomal protein S21 pseudogene 1 [Source:HGNC Symbol;Acc:HGNC:29748]
ENSG00000235055,,processed_pseudogene,1,sirtuin (silent mating type information regulation 2 homolog) 5 (S. cerevisiae) (SIRT5) pseudogene
ENSG00000235079,ZRANB2-AS1,lncRNA,1,ZRANB2 antisense RNA 1 [Source:HGNC Symbol;Acc:HGNC:43594]
ENSG00000235200,LINC01702,lncRNA,1,long intergenic non-protein coding RNA 1702 [Source:HGNC Symbol;Acc:HGNC:52490]
ENSG00000235446,LINC02791,lncRNA,1,long intergenic non-protein coding RNA 2791 [Source:HGNC Symbol;Acc:HGNC:54315]
ENSG00000235782,PTGER3-AS1,lncRNA,1,PTGER3 antisense RNA 1 [Source:HGNC Symbol;Acc:HGNC:40481]
ENSG00000235804,,processed_pseudogene,1,ribosomal protein S24 (RPS24) pseudogene
ENSG00000237033,CASP3P1,processed_pseudogene,1,caspase 3 pseudogene 1 [Source:HGNC Symbol;Acc:HGNC:43596]
ENSG00000237622,ELOCP18,processed_pseudogene,1,elongin C pseudogene 18 [Source:HGNC Symbol;Acc:HGNC:38154]
ENSG00000237852,,lncRNA,1,novel transcript
ENSG00000237919,LRRC7-AS1,lncRNA,1,LRRC7 antisense RNA 1 [Source:HGNC Symbol;Acc:HGNC:40843]
ENSG00000238139,,processed_pseudogene,1,"poly(A) binding protein, cytoplasmic 4 (PABPC4) pseudogene"
ENSG00000238778,RNU7-80P,snRNA,1,"RNA, U7 small nuclear 80 pseudogene [Source:HGNC Symbol;Acc:HGNC:34176]"
ENSG00000239319,RN7SL854P,misc_RNA,1,"RNA, 7SL, cytoplasmic 854, pseudogene [Source:HGNC Symbol;Acc:HGNC:46870]"
ENSG00000240692,RN7SL538P,misc_RNA,1,"RNA, 7SL, cytoplasmic 538, pseudogene [Source:HGNC Symbol;Acc:HGNC:46554]"
ENSG00000242482,RN7SL392P,misc_RNA,1,"RNA, 7SL, cytoplasmic 392, pseudogene [Source:HGNC Symbol;Acc:HGNC:46408]"
ENSG00000244389,RN7SL242P,misc_RNA,1,"RNA, 7SL, cytoplasmic 242, pseudogene [Source:HGNC Symbol;Acc:HGNC:46258]"
ENSG00000248458,,lncRNA,1,"novel transcript, antisense to SGIP1"
ENSG00000252116,RNU4ATAC4P,snRNA,1,"RNA, U4atac small nuclear 4, pseudogene [Source:HGNC Symbol;Acc:HGNC:46890]"
ENSG00000252433,,snoRNA,1,
ENSG00000253074,RNU6-586P,snRNA,1,"RNA, U6 small nuclear 586, pseudogene [Source:HGNC Symbol;Acc:HGNC:47549]"
ENSG00000264720,MIR3117,miRNA,1,microRNA 3117 [Source:HGNC Symbol;Acc:HGNC:38385]
ENSG00000265996,MIR3671,miRNA,1,microRNA 3671 [Source:HGNC Symbol;Acc:HGNC:38925]
ENSG00000270615,SGO1P1,processed_pseudogene,1,shugoshin 1 pseudogene 1 [Source:HGNC Symbol;Acc:HGNC:50776]
ENSG00000271618,,processed_pseudogene,1,kinesin family member 2C (KIF2C) pseudogene
ENSG00000271992,,lncRNA,1,novel transcript
ENSG00000275678,,lncRNA,1,"novel transcript, sense intronic to C1orf141"
ENSG00000278636,Metazoa_SRP,misc_RNA,1,Metazoan signal recognition particle RNA [Source:RFAM;Acc:RF00017]
ENSG00000036549,ZZZ3,protein_coding,1,zinc finger ZZ-type containing 3 [Source:HGNC Symbol;Acc:HGNC:24523]
ENSG00000057468,MSH4,protein_coding,1,mutS homolog 4 [Source:HGNC Symbol;Acc:HGNC:7327]
ENSG00000077254,USP33,protein_coding,1,ubiquitin specific peptidase 33 [Source:HGNC Symbol;Acc:HGNC:20059]
ENSG00000116783,TNNI3K,protein_coding,1,TNNI3 interacting kinase [Source:HGNC Symbol;Acc:HGNC:19661]
ENSG00000116791,CRYZ,protein_coding,1,crystallin zeta [Source:HGNC Symbol;Acc:HGNC:2419]
ENSG00000117054,ACADM,protein_coding,1,acyl-CoA dehydrogenase medium chain [Source:HGNC Symbol;Acc:HGNC:89]
ENSG00000117069,ST6GALNAC5,protein_coding,1,"ST6 N-acetylgalactosaminide alpha-2,6-sialyltransferase 5 [Source:HGNC Symbol;Acc:HGNC:19342]"
ENSG00000122420,PTGFR,protein_coding,1,prostaglandin F receptor [Source:HGNC Symbol;Acc:HGNC:9600]
ENSG00000137955,RABGGTB,protein_coding,1,Rab geranylgeranyltransferase subunit beta [Source:HGNC Symbol;Acc:HGNC:9796]
ENSG00000137959,IFI44L,protein_coding,1,interferon induced protein 44 like [Source:HGNC Symbol;Acc:HGNC:17817]
ENSG00000137960,GIPC2,protein_coding,1,GIPC PDZ domain containing family member 2 [Source:HGNC Symbol;Acc:HGNC:18177]
ENSG00000137965,IFI44,protein_coding,1,interferon induced protein 44 [Source:HGNC Symbol;Acc:HGNC:16938]
ENSG00000137968,SLC44A5,protein_coding,1,solute carrier family 44 member 5 [Source:HGNC Symbol;Acc:HGNC:28524]
ENSG00000142892,PIGK,protein_coding,1,phosphatidylinositol glycan anchor biosynthesis class K [Source:HGNC Symbol;Acc:HGNC:8965]
ENSG00000154007,ASB17,protein_coding,1,ankyrin repeat and SOCS box containing 17 [Source:HGNC Symbol;Acc:HGNC:19769]
ENSG00000154027,AK5,protein_coding,1,adenylate kinase 5 [Source:HGNC Symbol;Acc:HGNC:365]
ENSG00000162613,FUBP1,protein_coding,1,far upstream element binding protein 1 [Source:HGNC Symbol;Acc:HGNC:4004]
ENSG00000162614,NEXN,protein_coding,1,nexilin F-actin binding protein [Source:HGNC Symbol;Acc:HGNC:29557]
ENSG00000162616,DNAJB4,protein_coding,1,DnaJ heat shock protein family (Hsp40) member B4 [Source:HGNC Symbol;Acc:HGNC:14886]
ENSG00000162618,ADGRL4,protein_coding,1,adhesion G protein-coupled receptor L4 [Source:HGNC Symbol;Acc:HGNC:20822]
ENSG00000162620,LRRIQ3,protein_coding,1,leucine rich repeats and IQ motif containing 3 [Source:HGNC Symbol;Acc:HGNC:28318]
ENSG00000162621,LRRC53,protein_coding,1,leucine rich repeat containing 53 [Source:HGNC Symbol;Acc:HGNC:25255]
ENSG00000162623,TYW3,protein_coding,1,tRNA-yW synthesizing protein 3 homolog [Source:HGNC Symbol;Acc:HGNC:24757]
ENSG00000162624,LHX8,protein_coding,1,LIM homeobox 8 [Source:HGNC Symbol;Acc:HGNC:28838]
ENSG00000178965,ERICH3,protein_coding,1,glutamate rich 3 [Source:HGNC Symbol;Acc:HGNC:25346]
ENSG00000180488,MIGA1,protein_coding,1,mitoguardin 1 [Source:HGNC Symbol;Acc:HGNC:24741]
ENSG00000181227,DLSTP1,processed_pseudogene,1,dihydrolipoamide S-succinyltransferase pseudogene 1 [Source:HGNC Symbol;Acc:HGNC:2912]
ENSG00000184005,ST6GALNAC3,protein_coding,1,"ST6 N-acetylgalactosaminide alpha-2,6-sialyltransferase 3 [Source:HGNC Symbol;Acc:HGNC:19343]"
ENSG00000199921,RNU6-161P,snRNA,1,"RNA, U6 small nuclear 161, pseudogene [Source:HGNC Symbol;Acc:HGNC:47124]"
ENSG00000200601,RNA5SP50,rRNA_pseudogene,1,"RNA, 5S ribosomal pseudogene 50 [Source:HGNC Symbol;Acc:HGNC:42827]"
ENSG00000201487,SNORD45B,snoRNA,1,"small nucleolar RNA, C/D box 45B [Source:HGNC Symbol;Acc:HGNC:10185]"
ENSG00000202263,RNA5SP22,rRNA_pseudogene,1,"RNA, 5S ribosomal pseudogene 22 [Source:HGNC Symbol;Acc:HGNC:42590]"
ENSG00000206620,SNORD45C,snoRNA,1,"small nucleolar RNA, C/D box 45C [Source:HGNC Symbol;Acc:HGNC:32720]"
ENSG00000206999,RNU6-622P,snRNA,1,"RNA, U6 small nuclear 622, pseudogene [Source:HGNC Symbol;Acc:HGNC:47585]"
ENSG00000207241,SNORD45A,snoRNA,1,"small nucleolar RNA, C/D box 45A [Source:HGNC Symbol;Acc:HGNC:10184]"
ENSG00000212308,RNA5SP23,rRNA_pseudogene,1,"RNA, 5S ribosomal pseudogene 23 [Source:HGNC Symbol;Acc:HGNC:42591]"
ENSG00000213559,HNRNPA1P64,processed_pseudogene,1,heterogeneous nuclear ribonucleoprotein A1 pseudogene 64 [Source:HGNC Symbol;Acc:HGNC:48794]
ENSG00000213560,,processed_pseudogene,1,"signal sequence receptor, gamma (translocon-associated protein gamma) (SSR3) pseudogene"
ENSG00000213561,,processed_pseudogene,1,Nit protein 2 (NIT2) pseudogene
ENSG00000213579,RPL29P5,processed_pseudogene,1,ribosomal protein L29 pseudogene 5 [Source:HGNC Symbol;Acc:HGNC:36786]
ENSG00000219201,,processed_pseudogene,1,novel pseudogene
ENSG00000222849,RNA5SP21,rRNA_pseudogene,1,"RNA, 5S ribosomal pseudogene 21 [Source:HGNC Symbol;Acc:HGNC:42589]"
ENSG00000223479,LINC02238,lncRNA,1,long intergenic non-protein coding RNA 2238 [Source:HGNC Symbol;Acc:HGNC:53116]
ENSG00000223905,,processed_pseudogene,1,peroxiredoxin 5 (PRDX5) pseudogene
ENSG00000224127,,lncRNA,1,"novel transcript, antisense to LHX8"
ENSG00000224149,LHX8-AS1,lncRNA,1,LHX8 antisense RNA 1 [Source:HGNC Symbol;Acc:HGNC:41213]
ENSG00000224493,,processed_pseudogene,1,pseudogene similar to part of nucleostemin (NS)
ENSG00000225087,,lncRNA,1,novel transcript
ENSG00000225598,,lncRNA,1,novel transcript
ENSG00000225605,,lncRNA,1,novel transcript
ENSG00000226084,RPL17P6,processed_pseudogene,1,ribosomal protein L17 pseudogene 6 [Source:HGNC Symbol;Acc:HGNC:36520]
ENSG00000226415,TPI1P1,processed_pseudogene,1,triosephosphate isomerase 1 pseudogene 1 [Source:HGNC Symbol;Acc:HGNC:35449]
ENSG00000227016,LINC02796,lncRNA,1,long intergenic non-protein coding RNA 2796 [Source:HGNC Symbol;Acc:HGNC:27918]
ENSG00000227062,,processed_pseudogene,1,ubiquitin-conjugating enzyme E2 variant 1 (UBE2V1) pseudogene
ENSG00000227556,,unprocessed_pseudogene,1,pseudogene fragment similar to putative dimethyladenosine transferase (HSA9761)
ENSG00000228187,,processed_pseudogene,1,novel pseudogene
ENSG00000229636,KRT8P21,processed_pseudogene,1,keratin 8 pseudogene 21 [Source:HGNC Symbol;Acc:HGNC:33373]
ENSG00000229943,,lncRNA,1,novel transcript
ENSG00000230027,,lncRNA,1,novel transcript
ENSG00000230498,,lncRNA,1,novel transcript
ENSG00000230787,PSAT1P3,processed_pseudogene,1,phosphoserine aminotransferase 1 pseudogene 3 [Source:HGNC Symbol;Acc:HGNC:43989]
ENSG00000230863,,transcribed_processed_pseudogene,1,histidine acid phosphatase domain containing 1 (HISPPD1) pseudogene
ENSG00000232015,HSPE1P25,processed_pseudogene,1,heat shock protein family E (Hsp10) member 1 pseudogene 25 [Source:HGNC Symbol;Acc:HGNC:49344]
ENSG00000232672,ACTG1P21,processed_pseudogene,1,actin gamma 1 pseudogene 21 [Source:HGNC Symbol;Acc:HGNC:51501]
ENSG00000232676,ADH5P2,processed_pseudogene,1,ADH5 pseudogene 2 [Source:HGNC Symbol;Acc:HGNC:22976]
ENSG00000233099,AK5-AS1,lncRNA,1,AK5 antisense RNA 1 [Source:HGNC Symbol;Acc:HGNC:40069]
ENSG00000233333,RNFT1P2,processed_pseudogene,1,"ring finger protein, transmembrane 1 pseudogene 2 [Source:HGNC Symbol;Acc:HGNC:44388]"
ENSG00000233894,,lncRNA,1,novel transcript
ENSG00000233973,LINC01360,lncRNA,1,long intergenic non-protein coding RNA 1360 [Source:HGNC Symbol;Acc:HGNC:50593]
ENSG00000234108,COX6A1P1,processed_pseudogene,1,COX6A1 pseudogene 1 [Source:HGNC Symbol;Acc:HGNC:2278]
ENSG00000234497,ERICH3-AS1,lncRNA,1,ERICH3 antisense RNA 1 [Source:HGNC Symbol;Acc:HGNC:41093]
ENSG00000235011,,lncRNA,1,novel transcript
ENSG00000235400,,processed_pseudogene,1,SKI-interacting protein (SNW1) pseudogene
ENSG00000235613,NSRP1P1,processed_pseudogene,1,nuclear speckle splicing regulatory protein 1 pseudogene 1 [Source:HGNC Symbol;Acc:HGNC:38087]
ENSG00000235756,,processed_pseudogene,1,"PAI-1 mRNA-binding protein (PAI-RBP1) (CGI-55, DKFZp564M2423) pseudogene"
ENSG00000235927,NEXN-AS1,lncRNA,1,NEXN antisense RNA 1 [Source:HGNC Symbol;Acc:HGNC:31983]
ENSG00000236407,HMGB1P18,processed_pseudogene,1,high mobility group box 1 pseudogene 18 [Source:HGNC Symbol;Acc:HGNC:39100]
ENSG00000237324,,lncRNA,1,novel transcript
ENSG00000237413,MGC27382,lncRNA,1,uncharacterized MGC27382 [Source:NCBI gene (formerly Entrezgene);Acc:149047]
ENSG00000237552,LINC02567,lncRNA,1,long intergenic non-protein coding RNA 2567 [Source:HGNC Symbol;Acc:HGNC:53609]
ENSG00000238015,,processed_pseudogene,1,ribosomal protein L23 (RPL23) pseudogene
ENSG00000243437,RN7SL370P,misc_RNA,1,"RNA, 7SL, cytoplasmic 370, pseudogene [Source:HGNC Symbol;Acc:HGNC:46386]"
ENSG00000251767,RNU7-8P,snRNA,1,"RNA, U7 small nuclear 8 pseudogene [Source:HGNC Symbol;Acc:HGNC:34104]"
ENSG00000251785,RNA5SP20,rRNA_pseudogene,1,"RNA, 5S ribosomal pseudogene 20 [Source:HGNC Symbol;Acc:HGNC:42588]"
ENSG00000251825,RN7SKP19,misc_RNA,1,RN7SK pseudogene 19 [Source:HGNC Symbol;Acc:HGNC:45743]
ENSG00000251958,RNU6-1102P,snRNA,1,"RNA, U6 small nuclear 1102, pseudogene [Source:HGNC Symbol;Acc:HGNC:48065]"
ENSG00000252005,RNU4ATAC8P,snRNA,1,"RNA, U4atac small nuclear 8, pseudogene [Source:HGNC Symbol;Acc:HGNC:46894]"
ENSG00000252338,RNU6-503P,snRNA,1,"RNA, U6 small nuclear 503, pseudogene [Source:HGNC Symbol;Acc:HGNC:47466]"
ENSG00000254685,FPGT,protein_coding,1,fucose-1-phosphate guanylyltransferase [Source:HGNC Symbol;Acc:HGNC:3825]
ENSG00000259030,FPGT-TNNI3K,protein_coding,1,FPGT-TNNI3K readthrough [Source:HGNC Symbol;Acc:HGNC:42952]
ENSG00000260322,,lncRNA,1,novel transcript
ENSG00000261213,,lncRNA,1,novel transcript
ENSG00000272855,,lncRNA,1,novel transcript
ENSG00000272864,,lncRNA,1,novel transcript
ENSG00000273338,,lncRNA,1,"novel transcript, antisense to DNAJB4"
ENSG00000276081,MIR7156,miRNA,1,microRNA 7156 [Source:HGNC Symbol;Acc:HGNC:50023]
ENSG00000277670,,unprocessed_pseudogene,1,"succinate-CoA ligase, ADP-forming, beta subunit (SUCLA2) pseudogene"
ENSG00000280317,,TEC,1,TEC
ENSG00000282898,,lncRNA,1,novel transcript
ENSG00000016490,CLCA1,protein_coding,1,chloride channel accessory 1 [Source:HGNC Symbol;Acc:HGNC:2015]
ENSG00000016602,CLCA4,protein_coding,1,chloride channel accessory 4 [Source:HGNC Symbol;Acc:HGNC:2018]
ENSG00000055732,MCOLN3,protein_coding,1,mucolipin TRP cation channel 3 [Source:HGNC Symbol;Acc:HGNC:13358]
ENSG00000065243,PKN2,protein_coding,1,protein kinase N2 [Source:HGNC Symbol;Acc:HGNC:9406]
ENSG00000097033,SH3GLB1,protein_coding,1,"SH3 domain containing GRB2 like, endophilin B1 [Source:HGNC Symbol;Acc:HGNC:10833]"
ENSG00000097096,SYDE2,protein_coding,1,synapse defective Rho GTPase homolog 2 [Source:HGNC Symbol;Acc:HGNC:25841]
ENSG00000117114,ADGRL2,protein_coding,1,adhesion G protein-coupled receptor L2 [Source:HGNC Symbol;Acc:HGNC:18582]
ENSG00000117133,RPF1,protein_coding,1,ribosome production factor 1 homolog [Source:HGNC Symbol;Acc:HGNC:30350]
ENSG00000117151,CTBS,protein_coding,1,chitobiase [Source:HGNC Symbol;Acc:HGNC:2496]
ENSG00000117155,SSX2IP,protein_coding,1,SSX family member 2 interacting protein [Source:HGNC Symbol;Acc:HGNC:16509]
ENSG00000117174,ZNHIT6,protein_coding,1,zinc finger HIT-type containing 6 [Source:HGNC Symbol;Acc:HGNC:26089]
ENSG00000122417,ODF2L,protein_coding,1,outer dense fiber of sperm tails 2 like [Source:HGNC Symbol;Acc:HGNC:29225]
ENSG00000122432,SPATA1,protein_coding,1,spermatogenesis associated 1 [Source:HGNC Symbol;Acc:HGNC:14682]
ENSG00000137941,TTLL7,protein_coding,1,tubulin tyrosine ligase like 7 [Source:HGNC Symbol;Acc:HGNC:26242]
ENSG00000137944,KYAT3,protein_coding,1,kynurenine aminotransferase 3 [Source:HGNC Symbol;Acc:HGNC:33238]
ENSG00000137947,GTF2B,protein_coding,1,general transcription factor IIB [Source:HGNC Symbol;Acc:HGNC:4648]
ENSG00000137975,CLCA2,protein_coding,1,chloride channel accessory 2 [Source:HGNC Symbol;Acc:HGNC:2016]
ENSG00000137976,DNASE2B,protein_coding,1,deoxyribonuclease 2 beta [Source:HGNC Symbol;Acc:HGNC:28875]
ENSG00000142867,BCL10,protein_coding,1,BCL10 immune signaling adaptor [Source:HGNC Symbol;Acc:HGNC:989]
ENSG00000142871,CCN1,protein_coding,1,cellular communication network factor 1 [Source:HGNC Symbol;Acc:HGNC:2654]
ENSG00000142875,PRKACB,protein_coding,1,protein kinase cAMP-activated catalytic subunit beta [Source:HGNC Symbol;Acc:HGNC:9381]
ENSG00000143013,LMO4,protein_coding,1,LIM domain only 4 [Source:HGNC Symbol;Acc:HGNC:6644]
ENSG00000153898,MCOLN2,protein_coding,1,mucolipin TRP cation channel 2 [Source:HGNC Symbol;Acc:HGNC:13357]
ENSG00000153904,DDAH1,protein_coding,1,dimethylarginine dimethylaminohydrolase 1 [Source:HGNC Symbol;Acc:HGNC:2715]
ENSG00000153923,CLCA3P,transcribed_unprocessed_pseudogene,1,"chloride channel accessory 3, pseudogene [Source:HGNC Symbol;Acc:HGNC:2017]"
ENSG00000153936,HS2ST1,protein_coding,1,heparan sulfate 2-O-sulfotransferase 1 [Source:HGNC Symbol;Acc:HGNC:5193]
ENSG00000162642,C1orf52,protein_coding,1,chromosome 1 open reading frame 52 [Source:HGNC Symbol;Acc:HGNC:24871]
ENSG00000162643,DNAI3,protein_coding,1,dynein axonemal intermediate chain 3 [Source:HGNC Symbol;Acc:HGNC:30711]
ENSG00000171502,COL24A1,protein_coding,1,collagen type XXIV alpha 1 chain [Source:HGNC Symbol;Acc:HGNC:20821]
ENSG00000171517,LPAR3,protein_coding,1,lysophosphatidic acid receptor 3 [Source:HGNC Symbol;Acc:HGNC:14298]
ENSG00000174021,GNG5,protein_coding,1,G protein subunit gamma 5 [Source:HGNC Symbol;Acc:HGNC:4408]
ENSG00000180869,LINC01555,lncRNA,1,long intergenic non-protein coding RNA 1555 [Source:HGNC Symbol;Acc:HGNC:26647]
ENSG00000183291,SELENOF,protein_coding,1,selenoprotein F [Source:HGNC Symbol;Acc:HGNC:17705]
ENSG00000199318,RNA5SP52,rRNA_pseudogene,1,"RNA, 5S ribosomal pseudogene 52 [Source:HGNC Symbol;Acc:HGNC:42829]"
ENSG00000199459,Y_RNA,misc_RNA,1,Y RNA [Source:RFAM;Acc:RF00019]
ENSG00000199934,SNORD81,snoRNA,1,Small nucleolar RNA SNORD81 [Source:RFAM;Acc:RF00136]
ENSG00000199959,,snoRNA,1,
ENSG00000201620,RNA5SP51,rRNA_pseudogene,1,"RNA, 5S ribosomal pseudogene 51 [Source:HGNC Symbol;Acc:HGNC:42828]"
ENSG00000203943,SAMD13,protein_coding,1,sterile alpha motif domain containing 13 [Source:HGNC Symbol;Acc:HGNC:24582]
ENSG00000207234,RNU6-125P,snRNA,1,"RNA, U6 small nuclear 125, pseudogene [Source:HGNC Symbol;Acc:HGNC:47088]"
ENSG00000213540,TXN2P1,processed_pseudogene,1,TXN2 pseudogene 1 [Source:HGNC Symbol;Acc:HGNC:54554]
ENSG00000215875,ST13P20,processed_pseudogene,1,"ST13, Hsp70 interacting protein pseudogene 20 [Source:HGNC Symbol;Acc:HGNC:38863]"
ENSG00000223026,RN7SKP247,misc_RNA,1,RN7SK pseudogene 247 [Source:HGNC Symbol;Acc:HGNC:45971]
ENSG00000223254,Y_RNA,misc_RNA,1,Y RNA [Source:RFAM;Acc:RF00019]
ENSG00000223653,BCL10-AS1,lncRNA,1,BCL10 antisense RNA 1 [Source:HGNC Symbol;Acc:HGNC:55868]
ENSG00000224326,,lncRNA,1,novel transcript
ENSG00000224466,CDCA4P2,processed_pseudogene,1,cell division cycle associated 4 pseudogene 2 [Source:HGNC Symbol;Acc:HGNC:49771]
ENSG00000224494,HNRNPA3P14,processed_pseudogene,1,heterogeneous nuclear ribonucleoprotein A3 pseudogene 14 [Source:HGNC Symbol;Acc:HGNC:48760]
ENSG00000225568,,processed_pseudogene,1,pseudogene similar to part of SUMO-1 activating enzyme subunit 2 (UBA2)
ENSG00000226970,NEDD8P1,processed_pseudogene,1,NEDD8 pseudogene 1 [Source:HGNC Symbol;Acc:HGNC:54555]
ENSG00000227288,ARID3BP1,processed_pseudogene,1,ARID3B pseudogene 1 [Source:HGNC Symbol;Acc:HGNC:54553]
ENSG00000227290,LINC01364,lncRNA,1,long intergenic non-protein coding RNA 1364 [Source:HGNC Symbol;Acc:HGNC:50599]
ENSG00000227937,MTND2P30,processed_pseudogene,1,MT-ND2 pseudogene 30 [Source:HGNC Symbol;Acc:HGNC:42131]
ENSG00000227960,,lncRNA,1,novel transcript
ENSG00000229486,,processed_pseudogene,1,nuclear factor (eythroid-derived 2)-like 2 (NFE2L2) pseudogene
ENSG00000229505,,processed_pseudogene,1,novel pseudogene
ENSG00000229752,RPL7P10,processed_pseudogene,1,ribosomal protein L7 pseudogene 10 [Source:HGNC Symbol;Acc:HGNC:36599]
ENSG00000230053,,processed_pseudogene,1,chromosome 11 open reading frame 23 (C11orf23) pseudogene
ENSG00000230285,,lncRNA,1,novel transcript
ENSG00000230721,RPL17P5,processed_pseudogene,1,ribosomal protein L17 pseudogene 5 [Source:HGNC Symbol;Acc:HGNC:35491]
ENSG00000230817,LINC01362,lncRNA,1,long intergenic non-protein coding RNA 1362 [Source:HGNC Symbol;Acc:HGNC:50596]
ENSG00000231349,RPL7L1P22,processed_pseudogene,1,RPL7L1 pseudogene 22 [Source:HGNC Symbol;Acc:HGNC:56804]
ENSG00000231364,LINC01712,lncRNA,1,long intergenic non-protein coding RNA 1712 [Source:HGNC Symbol;Acc:HGNC:52499]
ENSG00000232622,,processed_pseudogene,1,ribosomal protein S27-like (RPS27L) pseudogene
ENSG00000233008,LINC01725,lncRNA,1,long intergenic non-protein coding RNA 1725 [Source:HGNC Symbol;Acc:HGNC:52513]
ENSG00000233061,TTLL7-IT1,lncRNA,1,TTLL7 intronic transcript 1 [Source:HGNC Symbol;Acc:HGNC:41486]
ENSG00000233290,,lncRNA,1,novel transcript
ENSG00000234184,LINC01781,lncRNA,1,long intergenic non-protein coding RNA 1781 [Source:HGNC Symbol;Acc:HGNC:52571]
ENSG00000234683,,processed_pseudogene,1,ribosomal protein S20 (RPS20) pseudogene
ENSG00000234953,,lncRNA,1,novel transcript
ENSG00000235089,,processed_pseudogene,1,ribosomal protein L10a (RPL10A) pseudogene
ENSG00000235251,,processed_pseudogene,1,pseudogene similar to part of SUMO-1 activating enzyme subunit 2 (UBA2)
ENSG00000235308,,processed_pseudogene,1,novel pseudogene
ENSG00000236268,LINC01361,lncRNA,1,long intergenic non-protein coding RNA 1361 [Source:HGNC Symbol;Acc:HGNC:50595]
ENSG00000236676,,lncRNA,1,novel transcript
ENSG00000236915,CLCA4-AS1,lncRNA,1,CLCA4 antisense RNA 1 [Source:HGNC Symbol;Acc:HGNC:54055]
ENSG00000237076,,lncRNA,1,novel transcript
ENSG00000237505,PKN2-AS1,lncRNA,1,PKN2 antisense RNA 1 [Source:HGNC Symbol;Acc:HGNC:50597]
ENSG00000237959,RPL36AP10,processed_pseudogene,1,ribosomal protein L36a pseudogene 10 [Source:HGNC Symbol;Acc:HGNC:36175]
ENSG00000239504,RN7SL583P,misc_RNA,1,"RNA, 7SL, cytoplasmic 583, pseudogene [Source:HGNC Symbol;Acc:HGNC:46599]"
ENSG00000240520,UOX,transcribed_unitary_pseudogene,1,urate oxidase (pseudogene) [Source:HGNC Symbol;Acc:HGNC:12575]
ENSG00000241975,ELOCP19,processed_pseudogene,1,elongin C pseudogene 19 [Source:HGNC Symbol;Acc:HGNC:38155]
ENSG00000242598,MED28P8,transcribed_processed_pseudogene,1,mediator complex subunit 28 pseudogene 8 [Source:HGNC Symbol;Acc:HGNC:45085]
ENSG00000249237,,transcribed_unitary_pseudogene,1,novel pseudogene
ENSG00000266110,MIR4423,miRNA,1,microRNA 4423 [Source:HGNC Symbol;Acc:HGNC:41784]
ENSG00000267272,LINC01140,lncRNA,1,long intergenic non-protein coding RNA 1140 [Source:HGNC Symbol;Acc:HGNC:27922]
ENSG00000267561,,protein_coding,1,novel protein
ENSG00000267734,,lncRNA,1,"novel transcript, antisense to HS2ST1"
ENSG00000270507,,processed_pseudogene,1,transmembrane protein 241 (TMEM241) pseudogene
ENSG00000271576,PRKACB-DT,lncRNA,1,PRKACB divergent transcript [Source:HGNC Symbol;Acc:HGNC:55245]
ENSG00000272691,,lncRNA,1,novel transcript
ENSG00000273264,,lncRNA,1,novel transcript
ENSG00000274321,,misc_RNA,1,
ENSG00000278281,MIR7856,miRNA,1,microRNA 7856 [Source:HGNC Symbol;Acc:HGNC:50268]
ENSG00000280099,,TEC,1,TEC
ENSG00000282057,,lncRNA,1,novel transcript
ENSG00000284240,LINC02801,lncRNA,1,long intergenic non-protein coding RNA 2801 [Source:HGNC Symbol;Acc:HGNC:54325]
ENSG00000067208,EVI5,protein_coding,1,ecotropic viral integration site 5 [Source:HGNC Symbol;Acc:HGNC:3501]
ENSG00000067334,DNTTIP2,protein_coding,1,deoxynucleotidyltransferase terminal interacting protein 2 [Source:HGNC Symbol;Acc:HGNC:24013]
ENSG00000069702,TGFBR3,protein_coding,1,transforming growth factor beta receptor 3 [Source:HGNC Symbol;Acc:HGNC:11774]
ENSG00000097046,CDC7,protein_coding,1,cell division cycle 7 [Source:HGNC Symbol;Acc:HGNC:1745]
ENSG00000117226,GBP3,protein_coding,1,guanylate binding protein 3 [Source:HGNC Symbol;Acc:HGNC:4184]
ENSG00000117228,GBP1,protein_coding,1,guanylate binding protein 1 [Source:HGNC Symbol;Acc:HGNC:4182]
ENSG00000117500,TMED5,protein_coding,1,transmembrane p24 trafficking protein 5 [Source:HGNC Symbol;Acc:HGNC:24251]
ENSG00000117505,DR1,protein_coding,1,down-regulator of transcription 1 [Source:HGNC Symbol;Acc:HGNC:3017]
ENSG00000122406,RPL5,protein_coding,1,ribosomal protein L5 [Source:HGNC Symbol;Acc:HGNC:10360]
ENSG00000122482,ZNF644,protein_coding,1,zinc finger protein 644 [Source:HGNC Symbol;Acc:HGNC:29222]
ENSG00000122483,CCDC18,protein_coding,1,coiled-coil domain containing 18 [Source:HGNC Symbol;Acc:HGNC:30370]
ENSG00000122484,RPAP2,protein_coding,1,RNA polymerase II associated protein 2 [Source:HGNC Symbol;Acc:HGNC:25791]
ENSG00000137936,BCAR3,protein_coding,1,"BCAR3 adaptor protein, NSP family member [Source:HGNC Symbol;Acc:HGNC:973]"
ENSG00000137942,FNBP1L,protein_coding,1,formin binding protein 1 like [Source:HGNC Symbol;Acc:HGNC:20851]
ENSG00000137948,BRDT,protein_coding,1,bromodomain testis associated [Source:HGNC Symbol;Acc:HGNC:1105]
ENSG00000143032,BARHL2,protein_coding,1,BarH like homeobox 2 [Source:HGNC Symbol;Acc:HGNC:954]
ENSG00000143033,MTF2,protein_coding,1,metal response element binding transcription factor 2 [Source:HGNC Symbol;Acc:HGNC:29535]
ENSG00000154451,GBP5,protein_coding,1,guanylate binding protein 5 [Source:HGNC Symbol;Acc:HGNC:19895]
ENSG00000154511,DIPK1A,protein_coding,1,divergent protein kinase domain 1A [Source:HGNC Symbol;Acc:HGNC:32213]
ENSG00000162645,GBP2,protein_coding,1,guanylate binding protein 2 [Source:HGNC Symbol;Acc:HGNC:4183]
ENSG00000162654,GBP4,protein_coding,1,guanylate binding protein 4 [Source:HGNC Symbol;Acc:HGNC:20480]
ENSG00000162664,ZNF326,protein_coding,1,zinc finger protein 326 [Source:HGNC Symbol;Acc:HGNC:14104]
ENSG00000162669,HFM1,protein_coding,1,helicase for meiosis 1 [Source:HGNC Symbol;Acc:HGNC:20193]
ENSG00000162676,GFI1,protein_coding,1,growth factor independent 1 transcriptional repressor [Source:HGNC Symbol;Acc:HGNC:4237]
ENSG00000171488,LRRC8C,protein_coding,1,leucine rich repeat containing 8 VRAC subunit C [Source:HGNC Symbol;Acc:HGNC:25075]
ENSG00000171492,LRRC8D,protein_coding,1,leucine rich repeat containing 8 VRAC subunit D [Source:HGNC Symbol;Acc:HGNC:16992]
ENSG00000172031,EPHX4,protein_coding,1,epoxide hydrolase 4 [Source:HGNC Symbol;Acc:HGNC:23758]
ENSG00000174842,GLMN,protein_coding,1,"glomulin, FKBP associated protein [Source:HGNC Symbol;Acc:HGNC:14373]"
ENSG00000183347,GBP6,protein_coding,1,guanylate binding protein family member 6 [Source:HGNC Symbol;Acc:HGNC:25395]
ENSG00000189195,BTBD8,protein_coding,1,BTB domain containing 8 [Source:HGNC Symbol;Acc:HGNC:21019]
ENSG00000197147,LRRC8B,protein_coding,1,leucine rich repeat containing 8 VRAC subunit B [Source:HGNC Symbol;Acc:HGNC:30692]
ENSG00000199666,SNORD3G,snoRNA,1,"small nucleolar RNA, C/D box 3G [Source:HGNC Symbol;Acc:HGNC:52240]"
ENSG00000201317,RNU4-59P,snRNA,1,"RNA, U4 small nuclear 59, pseudogene [Source:HGNC Symbol;Acc:HGNC:46995]"
ENSG00000202385,Y_RNA,misc_RNA,1,Y RNA [Source:RFAM;Acc:RF00019]
ENSG00000203910,C1orf146,protein_coding,1,chromosome 1 open reading frame 146 [Source:HGNC Symbol;Acc:HGNC:24032]
ENSG00000203914,HSP90B3P,processed_pseudogene,1,"heat shock protein 90 beta family member 3, pseudogene [Source:HGNC Symbol;Acc:HGNC:12100]"
ENSG00000206680,SNORD21,snoRNA,1,"small nucleolar RNA, C/D box 21 [Source:HGNC Symbol;Acc:HGNC:10144]"
ENSG00000206817,Y_RNA,misc_RNA,1,Y RNA [Source:RFAM;Acc:RF00019]
ENSG00000207022,,snoRNA,1,
ENSG00000207379,Y_RNA,misc_RNA,1,Y RNA [Source:RFAM;Acc:RF00019]
ENSG00000207523,SNORA66,snoRNA,1,"small nucleolar RNA, H/ACA box 66 [Source:HGNC Symbol;Acc:HGNC:10223]"
ENSG00000211575,MIR760,miRNA,1,microRNA 760 [Source:HGNC Symbol;Acc:HGNC:33666]
ENSG00000212459,RNU6-695P,snRNA,1,"RNA, U6 small nuclear 695, pseudogene [Source:HGNC Symbol;Acc:HGNC:47658]"
ENSG00000212601,RNA5SP53,rRNA_pseudogene,1,"RNA, 5S ribosomal pseudogene 53 [Source:HGNC Symbol;Acc:HGNC:42830]"
ENSG00000213512,GBP7,protein_coding,1,guanylate binding protein 7 [Source:HGNC Symbol;Acc:HGNC:29606]
ENSG00000213516,RBMXL1,protein_coding,1,RBMX like 1 [Source:HGNC Symbol;Acc:HGNC:25073]
ENSG00000215873,FEN1P1,processed_pseudogene,1,flap structure-specific endonuclease 1 pseudogene 1 [Source:HGNC Symbol;Acc:HGNC:3651]
ENSG00000215874,CAPNS1P1,processed_pseudogene,1,calpain small subunit 1 pseudogene 1 [Source:HGNC Symbol;Acc:HGNC:39562]
ENSG00000222664,RN7SKP123,misc_RNA,1,RN7SK pseudogene 123 [Source:HGNC Symbol;Acc:HGNC:45847]
ENSG00000223745,CCDC18-AS1,lncRNA,1,CCDC18 antisense RNA 1 [Source:HGNC Symbol;Acc:HGNC:52262]
ENSG00000223787,,processed_pseudogene,1,ACN9 homolog (S. cerevisiae) pseudogene
ENSG00000223896,CCNJP2,processed_pseudogene,1,cyclin J pseudogene 2 [Source:HGNC Symbol;Acc:HGNC:37997]
ENSG00000224093,BCAR3-AS1,lncRNA,1,BCAR3 antisense RNA 1 [Source:HGNC Symbol;Acc:HGNC:40093]
ENSG00000224678,GAPDHP46,processed_pseudogene,1,glyceraldehyde 3 phosphate dehydrogenase pseudogene 46 [Source:HGNC Symbol;Acc:HGNC:37804]
ENSG00000225297,,processed_pseudogene,1,"pseudogene similar to part of aldo-keto reductase family 1, member B1 (aldose reductase) (AKR1B1)"
ENSG00000225446,LINC01763,lncRNA,1,long intergenic non-protein coding RNA 1763 [Source:HGNC Symbol;Acc:HGNC:52554]
ENSG00000225492,GBP1P1,transcribed_unprocessed_pseudogene,1,guanylate binding protein 1 pseudogene 1 [Source:HGNC Symbol;Acc:HGNC:39561]
ENSG00000225505,,processed_pseudogene,1,novel pseudogene
ENSG00000226394,,processed_pseudogene,1,"NADH dehydrogenase (ubiquinone) 1 alpha subcomplex, 4, 9kDa (NDUFA4) pseudogene"
ENSG00000226773,,processed_pseudogene,1,zinc finger pseudogene
ENSG00000228175,GEMIN8P4,transcribed_processed_pseudogene,1,gem nuclear organelle associated protein 8 pseudogene 4 [Source:HGNC Symbol;Acc:HGNC:37979]
ENSG00000229052,MND1P1,transcribed_processed_pseudogene,1,MND1 pseudogene 1 [Source:HGNC Symbol;Acc:HGNC:56794]
ENSG00000229067,,processed_pseudogene,1,ribosomal protein L39 (RPL39) pseudogene
ENSG00000229201,LINC02787,lncRNA,1,long intergenic non-protein coding RNA 2787 [Source:HGNC Symbol;Acc:HGNC:54308]
ENSG00000229567,,processed_pseudogene,1,ribosomal protein L39 (RPL39) pseudogene
ENSG00000229635,,processed_pseudogene,1,pseudogene similar to part of F-box and WD-40 domain protein 1B (FBXW1B)
ENSG00000229992,HMGB3P9,processed_pseudogene,1,high mobility group box 3 pseudogene 9 [Source:HGNC Symbol;Acc:HGNC:39301]
ENSG00000230667,SETSIP,protein_coding,1,SET like protein [Source:HGNC Symbol;Acc:HGNC:42937]
ENSG00000230735,,lncRNA,1,novel transcript
ENSG00000231613,,lncRNA,1,novel transcript
ENSG00000231999,LRRC8C-DT,lncRNA,1,LRRC8C divergent transcript [Source:HGNC Symbol;Acc:HGNC:53731]
ENSG00000232393,RPL5P6,processed_pseudogene,1,ribosomal protein L5 pseudogene 6 [Source:HGNC Symbol;Acc:HGNC:35890]
ENSG00000232882,PHKA1P1,processed_pseudogene,1,phosphorylase kinase regulatory subunit alpha 1 pseudogene [Source:HGNC Symbol;Acc:HGNC:33919]
ENSG00000233125,ACTBP12,processed_pseudogene,1,ACTB pseudogene 12 [Source:HGNC Symbol;Acc:HGNC:150]
ENSG00000233228,LPCAT2BP,unitary_pseudogene,1,"lysophosphatidylcholine acyltransferase 2b, pseudogene [Source:HGNC Symbol;Acc:HGNC:38003]"
ENSG00000233235,,unprocessed_pseudogene,1,guanylate binding protein pseudogene
ENSG00000233401,PRKAR1AP1,processed_pseudogene,1,protein kinase cAMP-dependent type I regulatory subunit alpha pseudogene 1 [Source:HGNC Symbol;Acc:HGNC:9389]
ENSG00000233593,LINC02609,lncRNA,1,long intergenic non-protein coding RNA 2609 [Source:HGNC Symbol;Acc:HGNC:27140]
ENSG00000234202,H3P3,processed_pseudogene,1,H3 histone pseudogene 3 [Source:HGNC Symbol;Acc:HGNC:43796]
ENSG00000234518,PTGES3P1,processed_pseudogene,1,prostaglandin E synthase 3 pseudogene 1 [Source:HGNC Symbol;Acc:HGNC:43824]
ENSG00000237003,RPL36AP11,processed_pseudogene,1,ribosomal protein L36a pseudogene 11 [Source:HGNC Symbol;Acc:HGNC:36385]
ENSG00000237568,,lncRNA,1,novel transcript
ENSG00000238081,,processed_pseudogene,1,chromosome 11 open reading frame 74 (C11orf74) pseudogene
ENSG00000239710,RN7SL692P,misc_RNA,1,"RNA, 7SL, cytoplasmic 692, pseudogene [Source:HGNC Symbol;Acc:HGNC:46708]"
ENSG00000239794,RN7SL653P,misc_RNA,1,"RNA, 7SL, cytoplasmic 653, pseudogene [Source:HGNC Symbol;Acc:HGNC:46669]"
ENSG00000241318,WDR82P2,processed_pseudogene,1,WD repeat domain 82 pseudogene 2 [Source:HGNC Symbol;Acc:HGNC:33513]
ENSG00000242764,RN7SL824P,misc_RNA,1,"RNA, 7SL, cytoplasmic 824, pseudogene [Source:HGNC Symbol;Acc:HGNC:46840]"
ENSG00000251837,Y_RNA,misc_RNA,1,Y RNA [Source:RFAM;Acc:RF00019]
ENSG00000252121,RNU6-970P,snRNA,1,"RNA, U6 small nuclear 970, pseudogene [Source:HGNC Symbol;Acc:HGNC:47933]"
ENSG00000252752,RNU6-210P,snRNA,1,"RNA, U6 small nuclear 210, pseudogene [Source:HGNC Symbol;Acc:HGNC:47173]"
ENSG00000252797,RN7SKP272,misc_RNA,1,RN7SK pseudogene 272 [Source:HGNC Symbol;Acc:HGNC:45996]
ENSG00000260464,,lncRNA,1,novel transcript
ENSG00000271949,,protein_coding,1,"novel transcript, LRRC8C-LRRC8D readthrough"
ENSG00000272094,,lncRNA,1,novel transcript
ENSG00000272672,,lncRNA,1,novel transcript
ENSG00000272931,LRRC8D-DT,lncRNA,1,LRRC8D divergent transcript [Source:HGNC Symbol;Acc:HGNC:55186]
ENSG00000273487,,lncRNA,1,novel transcript
ENSG00000023909,GCLM,protein_coding,1,glutamate-cysteine ligase modifier subunit [Source:HGNC Symbol;Acc:HGNC:4312]
ENSG00000099260,PALMD,protein_coding,1,palmdelphin [Source:HGNC Symbol;Acc:HGNC:15846]
ENSG00000117519,CNN3,protein_coding,1,calponin 3 [Source:HGNC Symbol;Acc:HGNC:2157]
ENSG00000117525,F3,protein_coding,1,"coagulation factor III, tissue factor [Source:HGNC Symbol;Acc:HGNC:3541]"
ENSG00000117528,ABCD3,protein_coding,1,ATP binding cassette subfamily D member 3 [Source:HGNC Symbol;Acc:HGNC:67]
ENSG00000117569,PTBP2,protein_coding,1,polypyrimidine tract binding protein 2 [Source:HGNC Symbol;Acc:HGNC:17662]
ENSG00000117598,PLPPR5,protein_coding,1,phospholipid phosphatase related 5 [Source:HGNC Symbol;Acc:HGNC:31703]
ENSG00000117600,PLPPR4,protein_coding,1,phospholipid phosphatase related 4 [Source:HGNC Symbol;Acc:HGNC:23496]
ENSG00000117620,SLC35A3,protein_coding,1,solute carrier family 35 member A3 [Source:HGNC Symbol;Acc:HGNC:11023]
ENSG00000122435,TRMT13,protein_coding,1,tRNA methyltransferase 13 homolog [Source:HGNC Symbol;Acc:HGNC:25502]
ENSG00000122477,LRRC39,protein_coding,1,leucine rich repeat containing 39 [Source:HGNC Symbol;Acc:HGNC:28228]
ENSG00000122481,RWDD3,protein_coding,1,RWD domain containing 3 [Source:HGNC Symbol;Acc:HGNC:21393]
ENSG00000137962,ARHGAP29,protein_coding,1,Rho GTPase activating protein 29 [Source:HGNC Symbol;Acc:HGNC:30207]
ENSG00000137970,RPL7P9,processed_pseudogene,1,ribosomal protein L7 pseudogene 9 [Source:HGNC Symbol;Acc:HGNC:37028]
ENSG00000137992,DBT,protein_coding,1,dihydrolipoamide branched chain transacylase E2 [Source:HGNC Symbol;Acc:HGNC:2698]
ENSG00000137996,RTCA,protein_coding,1,RNA 3'-terminal phosphate cyclase [Source:HGNC Symbol;Acc:HGNC:17981]
ENSG00000143036,SLC44A3,protein_coding,1,solute carrier family 44 member 3 [Source:HGNC Symbol;Acc:HGNC:28689]
ENSG00000152078,TLCD4,protein_coding,1,TLC domain containing 4 [Source:HGNC Symbol;Acc:HGNC:26477]
ENSG00000156869,FRRS1,protein_coding,1,ferric chelate reductase 1 [Source:HGNC Symbol;Acc:HGNC:27622]
ENSG00000156875,MFSD14A,protein_coding,1,major facilitator superfamily domain containing 14A [Source:HGNC Symbol;Acc:HGNC:23363]
ENSG00000156876,SASS6,protein_coding,1,SAS-6 centriolar assembly protein [Source:HGNC Symbol;Acc:HGNC:25403]
ENSG00000162627,SNX7,protein_coding,1,sorting nexin 7 [Source:HGNC Symbol;Acc:HGNC:14971]
ENSG00000162688,AGL,protein_coding,1,"amylo-alpha-1,6-glucosidase and 4-alpha-glucanotransferase [Source:HGNC Symbol;Acc:HGNC:321]"
ENSG00000172339,ALG14,protein_coding,1,ALG14 UDP-N-acetylglucosaminyltransferase subunit [Source:HGNC Symbol;Acc:HGNC:28287]
ENSG00000178596,GAPDHP29,processed_pseudogene,1,glyceraldehyde 3 phosphate dehydrogenase pseudogene 29 [Source:HGNC Symbol;Acc:HGNC:37781]
ENSG00000188641,DPYD,protein_coding,1,dihydropyrimidine dehydrogenase [Source:HGNC Symbol;Acc:HGNC:3012]
ENSG00000198691,ABCA4,protein_coding,1,ATP binding cassette subfamily A member 4 [Source:HGNC Symbol;Acc:HGNC:34]
ENSG00000200800,RNU1-130P,snRNA,1,"RNA, U1 small nuclear 130, pseudogene [Source:HGNC Symbol;Acc:HGNC:48472]"
ENSG00000201491,RNU4-75P,snRNA,1,"RNA, U4 small nuclear 75, pseudogene [Source:HGNC Symbol;Acc:HGNC:47011]"
ENSG00000202254,Y_RNA,misc_RNA,1,Y RNA [Source:RFAM;Acc:RF00019]
ENSG00000202259,RNU6-1318P,snRNA,1,"RNA, U6 small nuclear 1318, pseudogene [Source:HGNC Symbol;Acc:HGNC:48281]"
ENSG00000206679,Y_RNA,misc_RNA,1,Y RNA [Source:RFAM;Acc:RF00019]
ENSG00000212248,RNU6-750P,snRNA,1,"RNA, U6 small nuclear 750, pseudogene [Source:HGNC Symbol;Acc:HGNC:47713]"
ENSG00000223229,RN7SKP270,misc_RNA,1,RN7SK pseudogene 270 [Source:HGNC Symbol;Acc:HGNC:45994]
ENSG00000223490,CHCHD2P5,processed_pseudogene,1,coiled-coil-helix-coiled-coil-helix domain containing 2 pseudogene 5 [Source:HGNC Symbol;Acc:HGNC:39589]
ENSG00000223656,HMGB3P10,processed_pseudogene,1,high mobility group box 3 pseudogene 10 [Source:HGNC Symbol;Acc:HGNC:39302]
ENSG00000224081,SLC44A3-AS1,transcribed_processed_pseudogene,1,SLC44A3 antisense RNA 1 [Source:HGNC Symbol;Acc:HGNC:49057]
ENSG00000224445,LINC01708,lncRNA,1,long intergenic non-protein coding RNA 1708 [Source:HGNC Symbol;Acc:HGNC:52496]
ENSG00000224616,RTCA-AS1,lncRNA,1,RTCA antisense RNA 1 [Source:HGNC Symbol;Acc:HGNC:50573]
ENSG00000225169,BRI3P1,processed_pseudogene,1,brain protein I3 pseudogene 1 [Source:HGNC Symbol;Acc:HGNC:33533]
ENSG00000225206,MIR137HG,lncRNA,1,MIR137 host gene [Source:HGNC Symbol;Acc:HGNC:42871]
ENSG00000225923,,processed_pseudogene,1,secretory carrier membrane protein 1 (SCAMP1) pseudogene
ENSG00000226026,RWDD3-DT,lncRNA,1,RWDD3 divergent transcript [Source:HGNC Symbol;Acc:HGNC:55839]
ENSG00000226053,LINC01776,lncRNA,1,long intergenic non-protein coding RNA 1776 [Source:HGNC Symbol;Acc:HGNC:52566]
ENSG00000226128,RPL26P9,processed_pseudogene,1,ribosomal protein L26 pseudogene 9 [Source:HGNC Symbol;Acc:HGNC:36180]
ENSG00000226835,ARHGAP29-AS1,lncRNA,1,ARHGAP29 antisense RNA 1 [Source:HGNC Symbol;Acc:HGNC:54311]
ENSG00000226952,,processed_pseudogene,1,novel pseudogene
ENSG00000226960,MTCO1P21,unprocessed_pseudogene,1,MT-CO1 pseudogene 21 [Source:HGNC Symbol;Acc:HGNC:52086]
ENSG00000227034,,processed_pseudogene,1,ribosomal protein L5 (RPL5) pseudogene
ENSG00000228057,SEC63P1,processed_pseudogene,1,"SEC63 homolog, protein translocation regulator pseudogene 1 [Source:HGNC Symbol;Acc:HGNC:41953]"
ENSG00000228084,,lncRNA,1,novel transcript
ENSG00000228502,EEF1A1P11,processed_pseudogene,1,eukaryotic translation elongation factor 1 alpha 1 pseudogene 11 [Source:HGNC Symbol;Acc:HGNC:3206]
ENSG00000228504,LINC01760,lncRNA,1,long intergenic non-protein coding RNA 1760 [Source:HGNC Symbol;Acc:HGNC:52549]
ENSG00000228852,,lncRNA,1,"novel transcript, antisense to RWDD3"
ENSG00000228971,LINC02607,lncRNA,1,long intergenic non-protein coding RNA 2607 [Source:HGNC Symbol;Acc:HGNC:54049]
ENSG00000229842,MTATP6P13,unprocessed_pseudogene,1,MT-ATP6 pseudogene 13 [Source:HGNC Symbol;Acc:HGNC:52058]
ENSG00000230287,,processed_pseudogene,1,novel pseudogene
ENSG00000230434,LINC01650,lncRNA,1,long intergenic non-protein coding RNA 1650 [Source:HGNC Symbol;Acc:HGNC:52437]
ENSG00000230718,,processed_pseudogene,1,pseudogene similar to part of zinc finger protein 131 (clone pHZ-10) (ZNF131)
ENSG00000231987,LINC01787,lncRNA,1,long intergenic non-protein coding RNA 1787 [Source:HGNC Symbol;Acc:HGNC:52576]
ENSG00000231992,,lncRNA,1,novel transcript
ENSG00000231996,,processed_pseudogene,1,ribosomal protein L39-like (RPL39L) pseudogene
ENSG00000232542,DPYD-IT1,lncRNA,1,DPYD intronic transcript 1 [Source:HGNC Symbol;Acc:HGNC:41326]
ENSG00000232752,MTCO3P21,unprocessed_pseudogene,1,MT-CO3 pseudogene 21 [Source:HGNC Symbol;Acc:HGNC:52083]
ENSG00000232825,PLPPR5-AS1,lncRNA,1,PLPPR5 antisense RNA 1 [Source:HGNC Symbol;Acc:HGNC:55720]
ENSG00000232857,KATNBL1P2,processed_pseudogene,1,katanin regulatory subunit B1 like 1 pseudogene 2 [Source:HGNC Symbol;Acc:HGNC:49052]
ENSG00000232878,DPYD-AS1,lncRNA,1,DPYD antisense RNA 1 [Source:HGNC Symbol;Acc:HGNC:40195]
ENSG00000232918,RPL21P26,processed_pseudogene,1,ribosomal protein L21 pseudogene 26 [Source:HGNC Symbol;Acc:HGNC:35910]
ENSG00000233129,,processed_pseudogene,1,pseudogene similar to part of NADH dehydrogenase 2 (MTND2)
ENSG00000233482,,lncRNA,1,novel transcript
ENSG00000233557,NFU1P2,processed_pseudogene,1,NFU1 iron-sulfur cluster scaffold pseudogene 2 [Source:HGNC Symbol;Acc:HGNC:44554]
ENSG00000233907,LINC01761,lncRNA,1,long intergenic non-protein coding RNA 1761 [Source:HGNC Symbol;Acc:HGNC:52551]
ENSG00000233983,,processed_pseudogene,1,chromosome 1 open reading frame 123 (C1orf123) pseudogene
ENSG00000234099,MTND4P11,unprocessed_pseudogene,1,MT-ND4 pseudogene 11 [Source:HGNC Symbol;Acc:HGNC:42223]
ENSG00000234226,NDUFS5P2,transcribed_processed_pseudogene,1,NADH:ubiquinone oxidoreductase subunit S5 pseudogene 2 [Source:HGNC Symbol;Acc:HGNC:44040]
ENSG00000234422,UBE2WP1,processed_pseudogene,1,ubiquitin conjugating enzyme E2 W pseudogene 1 [Source:HGNC Symbol;Acc:HGNC:32198]
ENSG00000235501,CNN3-DT,lncRNA,1,CNN3 divergent transcript [Source:HGNC Symbol;Acc:HGNC:54176]
ENSG00000235777,DPYD-AS2,lncRNA,1,DPYD antisense RNA 2 [Source:HGNC Symbol;Acc:HGNC:40196]
ENSG00000235794,MTND3P21,unprocessed_pseudogene,1,MT-ND3 pseudogene 21 [Source:HGNC Symbol;Acc:HGNC:52167]
ENSG00000236098,,lncRNA,1,novel transcript
ENSG00000236689,MTCO2P21,unprocessed_pseudogene,1,MT-CO2 pseudogene 21 [Source:HGNC Symbol;Acc:HGNC:52150]
ENSG00000237435,LINC02790,lncRNA,1,long intergenic non-protein coding RNA 2790 [Source:HGNC Symbol;Acc:HGNC:54313]
ENSG00000241073,MFSD14A-AS1,lncRNA,1,MFSD14A antisense RNA 1 [Source:HGNC Symbol;Acc:HGNC:58237]
ENSG00000241992,RN7SL831P,misc_RNA,1,"RNA, 7SL, cytoplasmic 831, pseudogene [Source:HGNC Symbol;Acc:HGNC:46847]"
ENSG00000250890,,unprocessed_pseudogene,1,mitochondrially encoded cytochrome c oxidase I (MT-CO1) pseudogene
ENSG00000259946,,lncRNA,1,novel transcript
ENSG00000263526,MIR378G,miRNA,1,microRNA 378g [Source:HGNC Symbol;Acc:HGNC:41785]
ENSG00000264963,RN7SL440P,misc_RNA,1,"RNA, 7SL, cytoplasmic 440, pseudogene [Source:HGNC Symbol;Acc:HGNC:46456]"
ENSG00000270911,,processed_pseudogene,1,"CTAGE family, member 5 (CTAGE5) pseudogene"
ENSG00000271092,TLCD4-RWDD3,protein_coding,1,TLCD4-RWDD3 readthrough [Source:HGNC Symbol;Acc:HGNC:49388]
ENSG00000271252,,lncRNA,1,novel transcript
ENSG00000271415,RPL23AP90,processed_pseudogene,1,ribosomal protein L23a pseudogene 90 [Source:HGNC Symbol;Acc:HGNC:51624]
ENSG00000280040,SNX7-DT,TEC,1,SNX7 divergent transcript [Source:HGNC Symbol;Acc:HGNC:56892]
ENSG00000283761,,protein_coding,1,novel protein
ENSG00000284202,MIR137,miRNA,1,microRNA 137 [Source:HGNC Symbol;Acc:HGNC:31523]
ENSG00000284247,MIR2682,miRNA,1,microRNA 2682 [Source:HGNC Symbol;Acc:HGNC:41688]
ENSG00000060718,COL11A1,protein_coding,1,collagen type XI alpha 1 chain [Source:HGNC Symbol;Acc:HGNC:2186]
ENSG00000079335,CDC14A,protein_coding,1,cell division cycle 14A [Source:HGNC Symbol;Acc:HGNC:1718]
ENSG00000085433,WDR47,protein_coding,1,WD repeat domain 47 [Source:HGNC Symbol;Acc:HGNC:29141]
ENSG00000085491,SLC25A24,protein_coding,1,solute carrier family 25 member 24 [Source:HGNC Symbol;Acc:HGNC:20662]
ENSG00000116266,STXBP3,protein_coding,1,syntaxin binding protein 3 [Source:HGNC Symbol;Acc:HGNC:11446]
ENSG00000117543,DPH5,protein_coding,1,diphthamide biosynthesis 5 [Source:HGNC Symbol;Acc:HGNC:24270]
ENSG00000118733,OLFM3,protein_coding,1,olfactomedin 3 [Source:HGNC Symbol;Acc:HGNC:17990]
ENSG00000121940,CLCC1,protein_coding,1,chloride channel CLIC like 1 [Source:HGNC Symbol;Acc:HGNC:29675]
ENSG00000121957,GPSM2,protein_coding,1,G protein signaling modulator 2 [Source:HGNC Symbol;Acc:HGNC:29501]
ENSG00000134186,PRPF38B,protein_coding,1,pre-mRNA processing factor 38B [Source:HGNC Symbol;Acc:HGNC:25512]
ENSG00000134215,VAV3,protein_coding,1,vav guanine nucleotide exchange factor 3 [Source:HGNC Symbol;Acc:HGNC:12659]
ENSG00000143107,FNDC7,protein_coding,1,fibronectin type III domain containing 7 [Source:HGNC Symbol;Acc:HGNC:26668]
ENSG00000162631,NTNG1,protein_coding,1,netrin G1 [Source:HGNC Symbol;Acc:HGNC:23319]
ENSG00000162636,EEIG2,protein_coding,1,EEIG family member 2 [Source:HGNC Symbol;Acc:HGNC:27637]
ENSG00000162639,HENMT1,protein_coding,1,HEN methyltransferase 1 [Source:HGNC Symbol;Acc:HGNC:26400]
ENSG00000162641,AKNAD1,protein_coding,1,AKNA domain containing 1 [Source:HGNC Symbol;Acc:HGNC:28398]
ENSG00000162692,VCAM1,protein_coding,1,vascular cell adhesion molecule 1 [Source:HGNC Symbol;Acc:HGNC:12663]
ENSG00000162694,EXTL2,protein_coding,1,exostosin like glycosyltransferase 2 [Source:HGNC Symbol;Acc:HGNC:3516]
ENSG00000162695,SLC30A7,protein_coding,1,solute carrier family 30 member 7 [Source:HGNC Symbol;Acc:HGNC:19306]
ENSG00000162699,DNAJA1P5,processed_pseudogene,1,DnaJ heat shock protein family (Hsp40) member A1 pseudogene 5 [Source:HGNC Symbol;Acc:HGNC:39341]
ENSG00000170989,S1PR1,protein_coding,1,sphingosine-1-phosphate receptor 1 [Source:HGNC Symbol;Acc:HGNC:3165]
ENSG00000173810,PPIAP7,processed_pseudogene,1,peptidylprolyl isomerase A pseudogene 7 [Source:HGNC Symbol;Acc:HGNC:9270]
ENSG00000174876,AMY1B,protein_coding,1,amylase alpha 1B [Source:HGNC Symbol;Acc:HGNC:475]
ENSG00000181656,GPR88,protein_coding,1,G protein-coupled receptor 88 [Source:HGNC Symbol;Acc:HGNC:4539]
ENSG00000183298,RPSAP19,processed_pseudogene,1,ribosomal protein SA pseudogene 19 [Source:HGNC Symbol;Acc:HGNC:36508]
ENSG00000185946,RNPC3,protein_coding,1,"RNA binding region (RNP1, RRM) containing 3 [Source:HGNC Symbol;Acc:HGNC:18666]"
ENSG00000186086,NBPF6,protein_coding,1,NBPF member 6 [Source:HGNC Symbol;Acc:HGNC:31988]
ENSG00000187733,AMY1C,protein_coding,1,amylase alpha 1C [Source:HGNC Symbol;Acc:HGNC:476]
ENSG00000196427,NBPF4,protein_coding,1,NBPF member 4 [Source:HGNC Symbol;Acc:HGNC:26550]
ENSG00000198890,PRMT6,protein_coding,1,protein arginine methyltransferase 6 [Source:HGNC Symbol;Acc:HGNC:18241]
ENSG00000203897,SPATA42,lncRNA,1,spermatogenesis associated 42 [Source:HGNC Symbol;Acc:HGNC:41198]
ENSG00000207750,MIR553,miRNA,1,microRNA 553 [Source:HGNC Symbol;Acc:HGNC:32809]
ENSG00000213421,RPL7AP17,processed_pseudogene,1,ribosomal protein L7a pseudogene 17 [Source:HGNC Symbol;Acc:HGNC:36501]
ENSG00000215869,THAP3P1,transcribed_processed_pseudogene,1,THAP3 pseudogene 1 [Source:HGNC Symbol;Acc:HGNC:56895]
ENSG00000215871,,transcribed_processed_pseudogene,1,novel pseudogene
ENSG00000222069,RN7SKP285,misc_RNA,1,RN7SK pseudogene 285 [Source:HGNC Symbol;Acc:HGNC:46009]
ENSG00000223906,,lncRNA,1,novel transcript
ENSG00000224550,NDUFA4P1,processed_pseudogene,1,NDUFA4 pseudogene 1 [Source:HGNC Symbol;Acc:HGNC:29835]
ENSG00000224613,RNPC3-DT,lncRNA,1,RNPC3 divergent transcript [Source:HGNC Symbol;Acc:HGNC:55855]
ENSG00000224685,RPL36AP12,processed_pseudogene,1,ribosomal protein L36a pseudogene 12 [Source:HGNC Symbol;Acc:HGNC:35897]
ENSG00000224698,,lncRNA,1,novel transcript
ENSG00000225036,CDK4P1,processed_pseudogene,1,cyclin dependent kinase 4 pseudogene 1 [Source:HGNC Symbol;Acc:HGNC:19040]
ENSG00000225191,,processed_pseudogene,1,"adaptor-related protein complex 2, beta 1 subunit (AP2B1) pseudogene"
ENSG00000225938,S1PR1-DT,lncRNA,1,S1PR1 divergent transcript [Source:HGNC Symbol;Acc:HGNC:55842]
ENSG00000226483,RPL7L1P21,processed_pseudogene,1,RPL7L1 pseudogene 21 [Source:HGNC Symbol;Acc:HGNC:56803]
ENSG00000226715,LINC01709,lncRNA,1,long intergenic non-protein coding RNA 1709 [Source:HGNC Symbol;Acc:HGNC:52497]
ENSG00000227408,AMYP1,unprocessed_pseudogene,1,amylase alpha pseudogene 1 [Source:HGNC Symbol;Acc:HGNC:479]
ENSG00000227832,ST13P21,processed_pseudogene,1,"ST13, Hsp70 interacting protein pseudogene 21 [Source:HGNC Symbol;Acc:HGNC:38864]"
ENSG00000227850,SEPTIN2P1,processed_pseudogene,1,septin 2 pseudogene 1 [Source:HGNC Symbol;Acc:HGNC:40017]
ENSG00000228076,,processed_pseudogene,1,chromosome 20 open reading frame 147 (C20orf147) pseudogene
ENSG00000228086,,lncRNA,1,novel transcript
ENSG00000228347,FTLP17,processed_pseudogene,1,ferritin light chain pseudogene 17 [Source:HGNC Symbol;Acc:HGNC:37967]
ENSG00000228399,,processed_pseudogene,1,ribosomal protein S20 (RPS20) pseudogene
ENSG00000230402,LINC01349,lncRNA,1,long intergenic non-protein coding RNA 1349 [Source:HGNC Symbol;Acc:HGNC:50568]
ENSG00000230489,VAV3-AS1,lncRNA,1,VAV3 antisense RNA 1 [Source:HGNC Symbol;Acc:HGNC:40608]
ENSG00000230759,,lncRNA,1,novel transcript
ENSG00000230768,LINC01676,lncRNA,1,long intergenic non-protein coding RNA 1676 [Source:HGNC Symbol;Acc:HGNC:52464]
ENSG00000230864,,lncRNA,1,novel transcript
ENSG00000230932,,processed_pseudogene,1,tight junction protein 3 (zona occludens 3) (TJP3) pseudogene
ENSG00000230946,HNRNPA1P68,processed_pseudogene,1,heterogeneous nuclear ribonucleoprotein A1 pseudogene 68 [Source:HGNC Symbol;Acc:HGNC:48798]
ENSG00000231671,LINC01307,lncRNA,1,long intergenic non-protein coding RNA 1307 [Source:HGNC Symbol;Acc:HGNC:50494]
ENSG00000232551,MTCO1P14,processed_pseudogene,1,MT-CO1 pseudogene 14 [Source:HGNC Symbol;Acc:HGNC:52016]
ENSG00000232952,,processed_pseudogene,1,matrin 3 (MATR3) pseudogene
ENSG00000232971,,lncRNA,1,"novel transcript, antisense to FNDC7"
ENSG00000233047,LINC01677,lncRNA,1,long intergenic non-protein coding RNA 1677 [Source:HGNC Symbol;Acc:HGNC:52465]
ENSG00000233184,DPH5-DT,lncRNA,1,DPH5 divergent transcript [Source:HGNC Symbol;Acc:HGNC:53720]
ENSG00000233359,,lncRNA,1,novel transcript
ENSG00000233449,MTATP6P14,processed_pseudogene,1,MT-ATP6 pseudogene 14 [Source:HGNC Symbol;Acc:HGNC:52059]
ENSG00000234257,SOD2P1,processed_pseudogene,1,superoxide dismutase 2 pseudogene 1 [Source:HGNC Symbol;Acc:HGNC:45268]
ENSG00000234332,BCAS2P2,processed_pseudogene,1,BCAS2 pseudogene 2 [Source:HGNC Symbol;Acc:HGNC:39595]
ENSG00000234441,,unprocessed_pseudogene,1,pseudogene similar to part of alpha amylase
ENSG00000236085,ACTG1P4,processed_pseudogene,1,actin gamma 1 pseudogene 4 [Source:HGNC Symbol;Acc:HGNC:149]
ENSG00000237349,,processed_pseudogene,1,"NADH dehydrogenase (ubiquinone) 1 beta subcomplex, 3, 12kDa (NDUFB3) pseudogene"
ENSG00000237460,LINC01661,lncRNA,1,long intergenic non-protein coding RNA 1661 [Source:HGNC Symbol;Acc:HGNC:52449]
ENSG00000237480,,lncRNA,1,novel transcript
ENSG00000237763,AMY1A,protein_coding,1,amylase alpha 1A [Source:HGNC Symbol;Acc:HGNC:474]
ENSG00000237897,MATR3P3,processed_pseudogene,1,MATR3 pseudogene 3 [Source:HGNC Symbol;Acc:HGNC:56592]
ENSG00000238118,SLC25A24P2,transcribed_unprocessed_pseudogene,1,SLC25A24 pseudogene 2 [Source:HGNC Symbol;Acc:HGNC:48934]
ENSG00000238122,,lncRNA,1,novel transcript
ENSG00000240038,AMY2B,protein_coding,1,amylase alpha 2B [Source:HGNC Symbol;Acc:HGNC:478]
ENSG00000241361,SLC25A24P1,transcribed_unprocessed_pseudogene,1,SLC25A24 pseudogene 1 [Source:HGNC Symbol;Acc:HGNC:48933]
ENSG00000243480,AMY2A,protein_coding,1,amylase alpha 2A [Source:HGNC Symbol;Acc:HGNC:477]
ENSG00000243967,NBPF5P,transcribed_unprocessed_pseudogene,1,"NBPF member 5, pseudogene [Source:HGNC Symbol;Acc:HGNC:24491]"
ENSG00000244716,RPL17P7,processed_pseudogene,1,ribosomal protein L17 pseudogene 7 [Source:HGNC Symbol;Acc:HGNC:36005]
ENSG00000252530,RNU6-965P,snRNA,1,"RNA, U6 small nuclear 965, pseudogene [Source:HGNC Symbol;Acc:HGNC:47928]"
ENSG00000252717,RNU6-352P,snRNA,1,"RNA, U6 small nuclear 352, pseudogene [Source:HGNC Symbol;Acc:HGNC:47315]"
ENSG00000252765,,scaRNA,1,
ENSG00000260879,,lncRNA,1,"novel transcript, antisense to SLC25A24"
ENSG00000270342,,processed_pseudogene,1,oocyte expressed protein (OOEP) pseudogene
ENSG00000270976,,processed_pseudogene,1,ubiquitin C (UBC) pseudogene
ENSG00000271277,,processed_pseudogene,1,phosphoglycerate mutase 1 (brain) (PGAM1) pseudogene
ENSG00000271578,,processed_pseudogene,1,chromosome X open reading frame 40A (CXorf40A) pseudogene
ENSG00000273204,,lncRNA,1,"novel transcript, antisense to EXTL2"
ENSG00000275455,MIR7852,miRNA,1,microRNA 7852 [Source:HGNC Symbol;Acc:HGNC:50201]
ENSG00000283354,,unprocessed_pseudogene,1,"solute carrier family 25 (mitochondrial carrier; phosphate carrier), member 24 (SLC25A24) pseudogene"
ENSG00000031698,SARS1,protein_coding,1,seryl-tRNA synthetase 1 [Source:HGNC Symbol;Acc:HGNC:10537]
ENSG00000064886,CHI3L2,protein_coding,1,chitinase 3 like 2 [Source:HGNC Symbol;Acc:HGNC:1933]
ENSG00000065135,GNAI3,protein_coding,1,G protein subunit alpha i3 [Source:HGNC Symbol;Acc:HGNC:4387]
ENSG00000085465,OVGP1,protein_coding,1,oviductal glycoprotein 1 [Source:HGNC Symbol;Acc:HGNC:8524]
ENSG00000116299,ELAPOR1,protein_coding,1,endosome-lysosome associated apoptosis and autophagy regulator 1 [Source:HGNC Symbol;Acc:HGNC:29618]
ENSG00000116337,AMPD2,protein_coding,1,adenosine monophosphate deaminase 2 [Source:HGNC Symbol;Acc:HGNC:469]
ENSG00000116396,KCNC4,protein_coding,1,potassium voltage-gated channel subfamily C member 4 [Source:HGNC Symbol;Acc:HGNC:6236]
ENSG00000121931,LRIF1,protein_coding,1,ligand dependent nuclear receptor interacting factor 1 [Source:HGNC Symbol;Acc:HGNC:30299]
ENSG00000134183,GNAT2,protein_coding,1,G protein subunit alpha transducin 2 [Source:HGNC Symbol;Acc:HGNC:4394]
ENSG00000134184,GSTM1,protein_coding,1,glutathione S-transferase mu 1 [Source:HGNC Symbol;Acc:HGNC:4632]
ENSG00000134201,GSTM5,protein_coding,1,glutathione S-transferase mu 5 [Source:HGNC Symbol;Acc:HGNC:4637]
ENSG00000134202,GSTM3,protein_coding,1,glutathione S-transferase mu 3 [Source:HGNC Symbol;Acc:HGNC:4635]
ENSG00000134216,CHIA,protein_coding,1,chitinase acidic [Source:HGNC Symbol;Acc:HGNC:17432]
ENSG00000134222,PSRC1,protein_coding,1,proline and serine rich coiled-coil 1 [Source:HGNC Symbol;Acc:HGNC:24472]
ENSG00000134243,SORT1,protein_coding,1,sortilin 1 [Source:HGNC Symbol;Acc:HGNC:11186]
ENSG00000134248,LAMTOR5,protein_coding,1,"late endosomal/lysosomal adaptor, MAPK and MTOR activator 5 [Source:HGNC Symbol;Acc:HGNC:17955]"
ENSG00000134255,CEPT1,protein_coding,1,choline/ethanolamine phosphotransferase 1 [Source:HGNC Symbol;Acc:HGNC:24289]
ENSG00000143028,SYPL2,protein_coding,1,synaptophysin like 2 [Source:HGNC Symbol;Acc:HGNC:27638]
ENSG00000143093,STRIP1,protein_coding,1,striatin interacting protein 1 [Source:HGNC Symbol;Acc:HGNC:25916]
ENSG00000143105,KCNA10,protein_coding,1,potassium voltage-gated channel subfamily A member 10 [Source:HGNC Symbol;Acc:HGNC:6219]
ENSG00000143106,PSMA5,protein_coding,1,proteasome 20S subunit alpha 5 [Source:HGNC Symbol;Acc:HGNC:9534]
ENSG00000143119,CD53,protein_coding,1,CD53 molecule [Source:HGNC Symbol;Acc:HGNC:1686]
ENSG00000143125,PROK1,protein_coding,1,prokineticin 1 [Source:HGNC Symbol;Acc:HGNC:18454]
ENSG00000143126,CELSR2,protein_coding,1,cadherin EGF LAG seven-pass G-type receptor 2 [Source:HGNC Symbol;Acc:HGNC:3231]
ENSG00000156097,GPR61,protein_coding,1,G protein-coupled receptor 61 [Source:HGNC Symbol;Acc:HGNC:13300]
ENSG00000156150,ALX3,protein_coding,1,ALX homeobox 3 [Source:HGNC Symbol;Acc:HGNC:449]
ENSG00000156171,DRAM2,protein_coding,1,DNA damage regulated autophagy modulator 2 [Source:HGNC Symbol;Acc:HGNC:28769]
ENSG00000162650,ATXN7L2,protein_coding,1,ataxin 7 like 2 [Source:HGNC Symbol;Acc:HGNC:28713]
ENSG00000162775,RBM15,protein_coding,1,RNA binding motif protein 15 [Source:HGNC Symbol;Acc:HGNC:14959]
ENSG00000162777,DENND2D,protein_coding,1,DENN domain containing 2D [Source:HGNC Symbol;Acc:HGNC:26192]
ENSG00000168679,SLC16A4,protein_coding,1,solute carrier family 16 member 4 [Source:HGNC Symbol;Acc:HGNC:10925]
ENSG00000168710,AHCYL1,protein_coding,1,adenosylhomocysteinase like 1 [Source:HGNC Symbol;Acc:HGNC:344]
ENSG00000168765,GSTM4,protein_coding,1,glutathione S-transferase mu 4 [Source:HGNC Symbol;Acc:HGNC:4636]
ENSG00000173947,CIMAP3,protein_coding,1,ciliary microtubule associated protein 3 [Source:HGNC Symbol;Acc:HGNC:27009]
ENSG00000174151,CYB561D1,protein_coding,1,cytochrome b561 family member D1 [Source:HGNC Symbol;Acc:HGNC:26804]
ENSG00000177272,KCNA3,protein_coding,1,potassium voltage-gated channel subfamily A member 3 [Source:HGNC Symbol;Acc:HGNC:6221]
ENSG00000177301,KCNA2,protein_coding,1,potassium voltage-gated channel subfamily A member 2 [Source:HGNC Symbol;Acc:HGNC:6220]
ENSG00000179902,CFAP276,protein_coding,1,cilia and flagella associated protein 276 [Source:HGNC Symbol;Acc:HGNC:32331]
ENSG00000181754,AMIGO1,protein_coding,1,adhesion molecule with Ig like domain 1 [Source:HGNC Symbol;Acc:HGNC:20824]
ENSG00000184371,CSF1,protein_coding,1,colony stimulating factor 1 [Source:HGNC Symbol;Acc:HGNC:2432]
ENSG00000186150,UBL4B,protein_coding,1,ubiquitin like 4B [Source:HGNC Symbol;Acc:HGNC:32309]
ENSG00000197106,SLC6A17,protein_coding,1,solute carrier family 6 member 17 [Source:HGNC Symbol;Acc:HGNC:31399]
ENSG00000197780,TAF13,protein_coding,1,TATA-box binding protein associated factor 13 [Source:HGNC Symbol;Acc:HGNC:11546]
ENSG00000198758,EPS8L3,protein_coding,1,EPS8 signaling adaptor L3 [Source:HGNC Symbol;Acc:HGNC:21297]
ENSG00000199710,Y_RNA,misc_RNA,1,Y RNA [Source:RFAM;Acc:RF00019]
ENSG00000200536,,snoRNA,1,
ENSG00000203878,CHIAP2,transcribed_unprocessed_pseudogene,1,"chitinase, acidic pseudogene 2 [Source:HGNC Symbol;Acc:HGNC:44463]"
ENSG00000206832,RNU6V,snRNA,1,"RNA, U6 small nuclear variant sequence with SNRPE pseudogene sequence [Source:HGNC Symbol;Acc:HGNC:10230]"
ENSG00000213366,GSTM2,protein_coding,1,glutathione S-transferase mu 2 [Source:HGNC Symbol;Acc:HGNC:4634]
ENSG00000215717,TMEM167B,protein_coding,1,transmembrane protein 167B [Source:HGNC Symbol;Acc:HGNC:30187]
ENSG00000221986,MYBPHL,protein_coding,1,myosin binding protein H like [Source:HGNC Symbol;Acc:HGNC:30434]
ENSG00000224699,LAMTOR5-AS1,lncRNA,1,LAMTOR5 and SLC16A4 antisense RNA 1 [Source:HGNC Symbol;Acc:HGNC:40823]
ENSG00000224927,NDUFA5P10,transcribed_processed_pseudogene,1,NADH:ubiquinone oxidoreductase subunit A5 pseudogene 10 [Source:HGNC Symbol;Acc:HGNC:48852]
ENSG00000224965,KCNC4-DT,lncRNA,1,KCNC4 divergent transcript [Source:HGNC Symbol;Acc:HGNC:39958]
ENSG00000225113,,lncRNA,1,novel transcript
ENSG00000225672,CCNT2P1,processed_pseudogene,1,cyclin T2 pseudogene 1 [Source:HGNC Symbol;Acc:HGNC:39178]
ENSG00000227091,SLC6A17-AS1,lncRNA,1,SLC6A17 antisense RNA 1 [Source:HGNC Symbol;Acc:HGNC:41279]
ENSG00000227179,PGBP,transcribed_unprocessed_pseudogene,1,"pepsinogen B, pseudogene [Source:HGNC Symbol;Acc:HGNC:39503]"
ENSG00000227963,RBM15-AS1,lncRNA,1,RBM15 antisense RNA 1 [Source:HGNC Symbol;Acc:HGNC:53636]
ENSG00000228054,RANP5,processed_pseudogene,1,RAN pseudogene 5 [Source:HGNC Symbol;Acc:HGNC:39860]
ENSG00000228420,LINC01768,lncRNA,1,long intergenic non-protein coding RNA 1768 [Source:HGNC Symbol;Acc:HGNC:52558]
ENSG00000228665,RPS27P6,processed_pseudogene,1,ribosomal protein S27 pseudogene 6 [Source:HGNC Symbol;Acc:HGNC:36163]
ENSG00000228703,,lncRNA,1,novel transcript
ENSG00000229283,,lncRNA,1,novel transcript
ENSG00000232240,,processed_pseudogene,1,novel pseudogene
ENSG00000232791,OR11I1P,unitary_pseudogene,1,olfactory receptor family 11 subfamily I member 1 pseudogene [Source:HGNC Symbol;Acc:HGNC:14997]
ENSG00000232811,,lncRNA,1,novel transcript
ENSG00000233337,UBE2FP3,processed_pseudogene,1,UBE2F pseudogene 3 [Source:HGNC Symbol;Acc:HGNC:44537]
ENSG00000234020,CHIAP3,transcribed_unprocessed_pseudogene,1,"chitinase, acidic pseudogene 3 [Source:HGNC Symbol;Acc:HGNC:44464]"
ENSG00000235005,,lncRNA,1,novel transcript
ENSG00000235045,RPL7P8,processed_pseudogene,1,ribosomal protein L7 pseudogene 8 [Source:HGNC Symbol;Acc:HGNC:35914]
ENSG00000235407,CYMP-AS1,lncRNA,1,CYMP antisense RNA 1 [Source:HGNC Symbol;Acc:HGNC:52509]
ENSG00000235526,,lncRNA,1,novel transcript
ENSG00000236012,HIGD1AP12,processed_pseudogene,1,HIG1 hypoxia inducible domain family member 1A pseudogene 12 [Source:HGNC Symbol;Acc:HGNC:43007]
ENSG00000236040,CHIAP1,transcribed_unprocessed_pseudogene,1,"chitinase, acidic pseudogene 1 [Source:HGNC Symbol;Acc:HGNC:44462]"
ENSG00000237415,NRBF2P3,processed_pseudogene,1,nuclear receptor binding factor 2 pseudogene 3 [Source:HGNC Symbol;Acc:HGNC:44606]
ENSG00000240194,CYMP,transcribed_unitary_pseudogene,1,"chymosin, pseudogene [Source:HGNC Symbol;Acc:HGNC:2588]"
ENSG00000241720,,lncRNA,1,novel transcript
ENSG00000251484,,processed_pseudogene,1,poly(rC) binding protein 1 (PCBP1) pseudogene
ENSG00000252760,RNA5SP54,rRNA_pseudogene,1,"RNA, 5S ribosomal pseudogene 54 [Source:HGNC Symbol;Acc:HGNC:42831]"
ENSG00000254942,,lncRNA,1,novel transcript
ENSG00000258634,,lncRNA,1,"novel transcript, antisense to ALX3"
ENSG00000258673,LINC01397,lncRNA,1,long intergenic non-protein coding RNA 1397 [Source:HGNC Symbol;Acc:HGNC:50677]
ENSG00000260246,,lncRNA,1,"novel transcript, antisense to GSTM1"
ENSG00000260948,,lncRNA,1,"novel transcript, sense overlapping WDR77 & OVGP1"
ENSG00000261055,,lncRNA,1,novel transcript
ENSG00000261654,,lncRNA,1,"novel transcript, sense overlapping C1orf103"
ENSG00000270066,,lncRNA,1,small Cajal body-specific RNA 2
ENSG00000270380,,lncRNA,1,"novel transcript, antisense to PROK1"
ENSG00000272982,,lncRNA,1,"novel transcript, antisense to CEPT1"
ENSG00000273010,,lncRNA,1,"novel transcript, antisense to LRIF1"
ENSG00000273221,,lncRNA,1,"novel transcript, antisense to CEPT1"
ENSG00000273382,TMEM167B-DT,lncRNA,1,TMEM167B divergent transcript [Source:HGNC Symbol;Acc:HGNC:55076]
ENSG00000278249,SCARNA2,scaRNA,1,small Cajal body-specific RNA 2 [Source:HGNC Symbol;Acc:HGNC:32558]
ENSG00000282852,,processed_pseudogene,1,cytochrome c oxidase assembly factor 5 (COA5) pseudogene
ENSG00000283999,,lncRNA,1,novel transcript
ENSG00000284443,MIR197,miRNA,1,microRNA 197 [Source:HGNC Symbol;Acc:HGNC:31569]
ENSG00000007341,ST7L,protein_coding,1,suppression of tumorigenicity 7 like [Source:HGNC Symbol;Acc:HGNC:18441]
ENSG00000009307,CSDE1,protein_coding,1,cold shock domain containing E1 [Source:HGNC Symbol;Acc:HGNC:29905]
ENSG00000052723,SIKE1,protein_coding,1,suppressor of IKBKE 1 [Source:HGNC Symbol;Acc:HGNC:26119]
ENSG00000064703,DDX20,protein_coding,1,DEAD-box helicase 20 [Source:HGNC Symbol;Acc:HGNC:2743]
ENSG00000081019,RSBN1,protein_coding,1,round spermatid basic protein 1 [Source:HGNC Symbol;Acc:HGNC:25642]
ENSG00000081026,MAGI3,protein_coding,1,"membrane associated guanylate kinase, WW and PDZ domain containing 3 [Source:HGNC Symbol;Acc:HGNC:29647]"
ENSG00000116455,WDR77,protein_coding,1,WD repeat domain 77 [Source:HGNC Symbol;Acc:HGNC:29652]
ENSG00000116459,ATP5PB,protein_coding,1,ATP synthase peripheral stalk-membrane subunit b [Source:HGNC Symbol;Acc:HGNC:840]
ENSG00000116473,RAP1A,protein_coding,1,"RAP1A, member of RAS oncogene family [Source:HGNC Symbol;Acc:HGNC:9855]"
ENSG00000116489,CAPZA1,protein_coding,1,capping actin protein of muscle Z-line subunit alpha 1 [Source:HGNC Symbol;Acc:HGNC:1488]
ENSG00000116748,AMPD1,protein_coding,1,adenosine monophosphate deaminase 1 [Source:HGNC Symbol;Acc:HGNC:468]
ENSG00000116752,BCAS2,protein_coding,1,BCAS2 pre-mRNA processing factor [Source:HGNC Symbol;Acc:HGNC:975]
ENSG00000116774,OLFML3,protein_coding,1,olfactomedin like 3 [Source:HGNC Symbol;Acc:HGNC:24956]
ENSG00000116793,PHTF1,protein_coding,1,putative homeodomain transcription factor 1 [Source:HGNC Symbol;Acc:HGNC:8939]
ENSG00000118655,DCLRE1B,protein_coding,1,DNA cross-link repair 1B [Source:HGNC Symbol;Acc:HGNC:17641]
ENSG00000118729,CASQ2,protein_coding,1,calsequestrin 2 [Source:HGNC Symbol;Acc:HGNC:1513]
ENSG00000121933,TMIGD3,protein_coding,1,transmembrane and immunoglobulin domain containing 3 [Source:HGNC Symbol;Acc:HGNC:51375]
ENSG00000134198,TSPAN2,protein_coding,1,tetraspanin 2 [Source:HGNC Symbol;Acc:HGNC:20659]
ENSG00000134200,TSHB,protein_coding,1,thyroid stimulating hormone subunit beta [Source:HGNC Symbol;Acc:HGNC:12372]
ENSG00000134207,SYT6,protein_coding,1,synaptotagmin 6 [Source:HGNC Symbol;Acc:HGNC:18638]
ENSG00000134242,PTPN22,protein_coding,1,protein tyrosine phosphatase non-receptor type 22 [Source:HGNC Symbol;Acc:HGNC:9652]
ENSG00000134245,WNT2B,protein_coding,1,Wnt family member 2B [Source:HGNC Symbol;Acc:HGNC:12781]
ENSG00000134259,NGF,protein_coding,1,nerve growth factor [Source:HGNC Symbol;Acc:HGNC:7808]
ENSG00000134262,AP4B1,protein_coding,1,adaptor related protein complex 4 subunit beta 1 [Source:HGNC Symbol;Acc:HGNC:572]
ENSG00000143079,CTTNBP2NL,protein_coding,1,CTTNBP2 N-terminal like [Source:HGNC Symbol;Acc:HGNC:25330]
ENSG00000143110,C1orf162,protein_coding,1,chromosome 1 open reading frame 162 [Source:HGNC Symbol;Acc:HGNC:28344]
ENSG00000155363,MOV10,protein_coding,1,Mov10 RNA helicase [Source:HGNC Symbol;Acc:HGNC:7200]
ENSG00000155366,RHOC,protein_coding,1,ras homolog family member C [Source:HGNC Symbol;Acc:HGNC:669]
ENSG00000155367,PPM1J,protein_coding,1,"protein phosphatase, Mg2+/Mn2+ dependent 1J [Source:HGNC Symbol;Acc:HGNC:20785]"
ENSG00000155380,SLC16A1,protein_coding,1,solute carrier family 16 member 1 [Source:HGNC Symbol;Acc:HGNC:10922]
ENSG00000163349,HIPK1,protein_coding,1,homeodomain interacting protein kinase 1 [Source:HGNC Symbol;Acc:HGNC:19006]
ENSG00000171385,KCND3,protein_coding,1,potassium voltage-gated channel subfamily D member 3 [Source:HGNC Symbol;Acc:HGNC:6239]
ENSG00000173218,VANGL1,protein_coding,1,VANGL planar cell polarity protein 1 [Source:HGNC Symbol;Acc:HGNC:15512]
ENSG00000175984,DENND2C,protein_coding,1,DENN domain containing 2C [Source:HGNC Symbol;Acc:HGNC:24748]
ENSG00000177551,NHLH2,protein_coding,1,nescient helix-loop-helix 2 [Source:HGNC Symbol;Acc:HGNC:7818]
ENSG00000184599,TAFA3,protein_coding,1,TAFA chemokine like family member 3 [Source:HGNC Symbol;Acc:HGNC:21590]
ENSG00000188761,BCL2L15,protein_coding,1,BCL2 like 15 [Source:HGNC Symbol;Acc:HGNC:33624]
ENSG00000197323,TRIM33,protein_coding,1,tripartite motif containing 33 [Source:HGNC Symbol;Acc:HGNC:16290]
ENSG00000197852,INKA2,protein_coding,1,inka box actin regulator 2 [Source:HGNC Symbol;Acc:HGNC:28045]
ENSG00000198765,SYCP1,protein_coding,1,synaptonemal complex protein 1 [Source:HGNC Symbol;Acc:HGNC:11487]
ENSG00000198799,LRIG2,protein_coding,1,leucine rich repeats and immunoglobulin like domains 2 [Source:HGNC Symbol;Acc:HGNC:20889]
ENSG00000199890,Y_RNA,misc_RNA,1,Y RNA [Source:RFAM;Acc:RF00019]
ENSG00000200360,RNU6-792P,snRNA,1,"RNA, U6 small nuclear 792, pseudogene [Source:HGNC Symbol;Acc:HGNC:47755]"
ENSG00000201028,RNU6-151P,snRNA,1,"RNA, U6 small nuclear 151, pseudogene [Source:HGNC Symbol;Acc:HGNC:47114]"
ENSG00000201114,Y_RNA,misc_RNA,1,Y RNA [Source:RFAM;Acc:RF00019]
ENSG00000201900,RNY1P13,misc_RNA,1,RNY1 pseudogene 13 [Source:HGNC Symbol;Acc:HGNC:50876]
ENSG00000207502,,snoRNA,1,
ENSG00000213281,NRAS,protein_coding,1,"NRAS proto-oncogene, GTPase [Source:HGNC Symbol;Acc:HGNC:7989]"
ENSG00000215866,LINC01356,lncRNA,1,long intergenic non-protein coding RNA 1356 [Source:HGNC Symbol;Acc:HGNC:50587]
ENSG00000215867,KRT18P57,processed_pseudogene,1,keratin 18 pseudogene 57 [Source:HGNC Symbol;Acc:HGNC:48884]
ENSG00000225075,,lncRNA,1,novel transcript
ENSG00000225650,EIF2S2P5,processed_pseudogene,1,eukaryotic translation initiation factor 2 subunit 2 beta pseudogene 5 [Source:HGNC Symbol;Acc:HGNC:37793]
ENSG00000226167,AP4B1-AS1,lncRNA,1,AP4B1 antisense RNA 1 [Source:HGNC Symbol;Acc:HGNC:44114]
ENSG00000226419,SLC16A1-AS1,lncRNA,1,SLC16A1 antisense RNA 1 [Source:HGNC Symbol;Acc:HGNC:49445]
ENSG00000226973,,unprocessed_pseudogene,1,renin (REN) pseudogene
ENSG00000226984,,processed_pseudogene,1,ribosomal protein L26 (RPL26) pseudogene
ENSG00000227811,INKA2-AS1,lncRNA,1,INKA2 antisense RNA 1 [Source:HGNC Symbol;Acc:HGNC:49446]
ENSG00000227970,NR1H5P,unitary_pseudogene,1,"nuclear receptor subfamily 1 group H member 5, pseudogene [Source:HGNC Symbol;Acc:HGNC:32673]"
ENSG00000228035,NGF-AS1,lncRNA,1,NGF antisense RNA 1 [Source:HGNC Symbol;Acc:HGNC:53922]
ENSG00000228040,,processed_pseudogene,1,ribosomal protein L39 (RPL39) pseudogene
ENSG00000229020,AKR7A2P1,processed_pseudogene,1,AKR7A2 pseudogene 1 [Source:HGNC Symbol;Acc:HGNC:24062]
ENSG00000229101,ELOCP20,unprocessed_pseudogene,1,elongin C pseudogene 20 [Source:HGNC Symbol;Acc:HGNC:38156]
ENSG00000231246,LINC02884,lncRNA,1,long intergenic non-protein coding RNA 2884 [Source:HGNC Symbol;Acc:HGNC:54808]
ENSG00000231346,LINC01160,lncRNA,1,long intergenic non-protein coding RNA 1160 [Source:HGNC Symbol;Acc:HGNC:49525]
ENSG00000231437,LINC01750,lncRNA,1,long intergenic non-protein coding RNA 1750 [Source:HGNC Symbol;Acc:HGNC:52538]
ENSG00000232185,CNOT7P2,processed_pseudogene,1,CCR4-NOT transcription complex subunit 7 pseudogene 2 [Source:HGNC Symbol;Acc:HGNC:44249]
ENSG00000232450,,transcribed_processed_pseudogene,1,ribosomal protein S2 (RPS2) pseudogene
ENSG00000232499,,processed_pseudogene,1,heterogeneous nuclear ribonucleoprotein A3 (hnRNPA3) pseudogene
ENSG00000232558,KCND3-IT1,lncRNA,1,KCND3 intronic transcript 1 [Source:HGNC Symbol;Acc:HGNC:41350]
ENSG00000232895,,lncRNA,1,novel transcript
ENSG00000233730,LINC01765,lncRNA,1,long intergenic non-protein coding RNA 1765 [Source:HGNC Symbol;Acc:HGNC:52555]
ENSG00000233839,,processed_pseudogene,1,ribosomal protein S19 (RPS19) pseudogene
ENSG00000234388,TXNP3,processed_pseudogene,1,thioredoxin pseudogene 3 [Source:HGNC Symbol;Acc:HGNC:49483]
ENSG00000234790,NUTF2P4,processed_pseudogene,1,nuclear transport factor 2 pseudogene 4 [Source:HGNC Symbol;Acc:HGNC:50453]
ENSG00000235299,MRPL53P1,processed_pseudogene,1,mitochondrial ribosomal protein L53 pseudogene 1 [Source:HGNC Symbol;Acc:HGNC:29725]
ENSG00000235527,HIPK1-AS1,lncRNA,1,HIPK1 antisense RNA 1 [Source:HGNC Symbol;Acc:HGNC:50576]
ENSG00000236480,PKMP1,processed_pseudogene,1,pyruvate kinase M1/2 pseudogene 1 [Source:HGNC Symbol;Acc:HGNC:44243]
ENSG00000236887,,processed_pseudogene,1,ribosomal protein S15 (RPS15) pseudogene
ENSG00000237278,RLIMP2,processed_pseudogene,1,"ring finger protein, LIM domain interacting pseudogene 2 [Source:HGNC Symbol;Acc:HGNC:39683]"
ENSG00000237556,KCND3-AS1,lncRNA,1,KCND3 antisense RNA 1 [Source:HGNC Symbol;Acc:HGNC:40317]
ENSG00000238198,LRIG2-DT,lncRNA,1,LRIG2 divergent transcript [Source:HGNC Symbol;Acc:HGNC:54312]
ENSG00000238256,MTND5P20,processed_pseudogene,1,MT-ND5 pseudogene 20 [Source:HGNC Symbol;Acc:HGNC:42300]
ENSG00000238761,,snoRNA,1,
ENSG00000239984,RN7SL420P,misc_RNA,1,"RNA, 7SL, cytoplasmic 420, pseudogene [Source:HGNC Symbol;Acc:HGNC:46436]"
ENSG00000242769,RN7SL432P,misc_RNA,1,"RNA, 7SL, cytoplasmic 432, pseudogene [Source:HGNC Symbol;Acc:HGNC:46448]"
ENSG00000243960,,lncRNA,1,novel transcript
ENSG00000252750,RNU7-70P,snRNA,1,"RNA, U7 small nuclear 70 pseudogene [Source:HGNC Symbol;Acc:HGNC:34166]"
ENSG00000261595,PPM1J-DT,lncRNA,1,PPM1J divergent transcript [Source:HGNC Symbol;Acc:HGNC:55355]
ENSG00000270631,,processed_pseudogene,1,tetraspanin 12 (TSPAN12) pseudogene
ENSG00000270780,RPL13AP10,processed_pseudogene,1,ribosomal protein L13a pseudogene 10 [Source:HGNC Symbol;Acc:HGNC:36864]
ENSG00000271419,,processed_pseudogene,1,"trafficking protein, kinesin binding 2 (TRAK2) pseudogene"
ENSG00000271810,,protein_coding,1,"novel protein, PPM1J-RHOC readthrough"
ENSG00000273483,,lncRNA,1,"novel transcript, antisense to WNT2B"
ENSG00000273698,MRPL57P1,processed_pseudogene,1,mitochondrial ribosomal protein L57 pseudogene 1 [Source:HGNC Symbol;Acc:HGNC:29686]
ENSG00000274468,,unprocessed_pseudogene,1,ethanolamine kinase 2 (ETNK2) pseudogene
ENSG00000282048,,lncRNA,1,"novel transcript, sense intronic to OLFML3"
ENSG00000282608,ADORA3,protein_coding,1,adenosine A3 receptor [Source:HGNC Symbol;Acc:HGNC:268]
ENSG00000283296,MIR4256,miRNA,1,microRNA 4256 [Source:HGNC Symbol;Acc:HGNC:38388]
ENSG00000065183,WDR3,protein_coding,1,WD repeat domain 3 [Source:HGNC Symbol;Acc:HGNC:12755]
ENSG00000092607,TBX15,protein_coding,1,T-box transcription factor 15 [Source:HGNC Symbol;Acc:HGNC:11594]
ENSG00000092621,PHGDH,protein_coding,1,phosphoglycerate dehydrogenase [Source:HGNC Symbol;Acc:HGNC:8923]
ENSG00000116815,CD58,protein_coding,1,CD58 molecule [Source:HGNC Symbol;Acc:HGNC:1688]
ENSG00000116824,CD2,protein_coding,1,CD2 molecule [Source:HGNC Symbol;Acc:HGNC:1639]
ENSG00000116830,TTF2,protein_coding,1,transcription termination factor 2 [Source:HGNC Symbol;Acc:HGNC:12398]
ENSG00000116874,WARS2,protein_coding,1,"tryptophanyl tRNA synthetase 2, mitochondrial [Source:HGNC Symbol;Acc:HGNC:12730]"
ENSG00000116882,HAO2,protein_coding,1,hydroxyacid oxidase 2 [Source:HGNC Symbol;Acc:HGNC:4810]
ENSG00000134193,REG4,protein_coding,1,regenerating family member 4 [Source:HGNC Symbol;Acc:HGNC:22977]
ENSG00000134240,HMGCS2,protein_coding,1,3-hydroxy-3-methylglutaryl-CoA synthase 2 [Source:HGNC Symbol;Acc:HGNC:5008]
ENSG00000134247,PTGFRN,protein_coding,1,prostaglandin F2 receptor inhibitor [Source:HGNC Symbol;Acc:HGNC:9601]
ENSG00000134249,ADAM30,protein_coding,1,ADAM metallopeptidase domain 30 [Source:HGNC Symbol;Acc:HGNC:208]
ENSG00000134250,NOTCH2,protein_coding,1,notch receptor 2 [Source:HGNC Symbol;Acc:HGNC:7882]
ENSG00000134253,TRIM45,protein_coding,1,tripartite motif containing 45 [Source:HGNC Symbol;Acc:HGNC:19018]
ENSG00000134256,CD101,protein_coding,1,CD101 molecule [Source:HGNC Symbol;Acc:HGNC:5949]
ENSG00000134258,VTCN1,protein_coding,1,V-set domain containing T cell activation inhibitor 1 [Source:HGNC Symbol;Acc:HGNC:28873]
ENSG00000143061,IGSF3,protein_coding,1,immunoglobulin superfamily member 3 [Source:HGNC Symbol;Acc:HGNC:5950]
ENSG00000143067,ZNF697,protein_coding,1,zinc finger protein 697 [Source:HGNC Symbol;Acc:HGNC:32034]
ENSG00000155761,SPAG17,protein_coding,1,sperm associated antigen 17 [Source:HGNC Symbol;Acc:HGNC:26620]
ENSG00000163393,SLC22A15,protein_coding,1,solute carrier family 22 member 15 [Source:HGNC Symbol;Acc:HGNC:20301]
ENSG00000163399,ATP1A1,protein_coding,1,ATPase Na+/K+ transporting subunit alpha 1 [Source:HGNC Symbol;Acc:HGNC:799]
ENSG00000173212,MAB21L3,protein_coding,1,mab-21 like 3 [Source:HGNC Symbol;Acc:HGNC:26787]
ENSG00000177173,NAP1L4P1,processed_pseudogene,1,nucleosome assembly protein 1 like 4 pseudogene 1 [Source:HGNC Symbol;Acc:HGNC:39740]
ENSG00000183508,TENT5C,protein_coding,1,terminal nucleotidyltransferase 5C [Source:HGNC Symbol;Acc:HGNC:24712]
ENSG00000187481,HSD3BP1,transcribed_unprocessed_pseudogene,1,"hydroxy-delta-5-steroid dehydrogenase, 3 beta, pseudogene 1 [Source:HGNC Symbol;Acc:HGNC:5219]"
ENSG00000194297,RNU1-75P,snRNA,1,"RNA, U1 small nuclear 75, pseudogene [Source:HGNC Symbol;Acc:HGNC:48417]"
ENSG00000196505,GDAP2,protein_coding,1,ganglioside induced differentiation associated protein 2 [Source:HGNC Symbol;Acc:HGNC:18010]
ENSG00000198162,MAN1A2,protein_coding,1,mannosidase alpha class 1A member 2 [Source:HGNC Symbol;Acc:HGNC:6822]
ENSG00000198857,HSD3BP5,transcribed_unprocessed_pseudogene,1,"hydroxy-delta-5-steroid dehydrogenase, 3 beta, pseudogene 5 [Source:HGNC Symbol;Acc:HGNC:5223]"
ENSG00000200547,Y_RNA,misc_RNA,1,Y RNA [Source:RFAM;Acc:RF00019]
ENSG00000203855,HSD3BP4,transcribed_unprocessed_pseudogene,1,"hydroxy-delta-5-steroid dehydrogenase, 3 beta, pseudogene 4 [Source:HGNC Symbol;Acc:HGNC:5222]"
ENSG00000203857,HSD3B1,protein_coding,1,"hydroxy-delta-5-steroid dehydrogenase, 3 beta- and steroid delta-isomerase 1 [Source:HGNC Symbol;Acc:HGNC:5217]"
ENSG00000203858,HSD3BP2,unprocessed_pseudogene,1,"hydroxy-delta-5-steroid dehydrogenase, 3 beta, pseudogene 2 [Source:HGNC Symbol;Acc:HGNC:5220]"
ENSG00000203859,HSD3B2,protein_coding,1,"hydroxy-delta-5-steroid dehydrogenase, 3 beta- and steroid delta-isomerase 2 [Source:HGNC Symbol;Acc:HGNC:5218]"
ENSG00000203864,LINC02868,lncRNA,1,long intergenic non-protein coding RNA 2868 [Source:HGNC Symbol;Acc:HGNC:32040]
ENSG00000203865,ATP1A1-AS1,lncRNA,1,ATP1A1 antisense RNA 1 [Source:HGNC Symbol;Acc:HGNC:28262]
ENSG00000207149,RNU6-465P,snRNA,1,"RNA, U6 small nuclear 465, pseudogene [Source:HGNC Symbol;Acc:HGNC:47428]"
ENSG00000211543,MIR320B1,miRNA,1,microRNA 320b-1 [Source:HGNC Symbol;Acc:HGNC:35247]
ENSG00000212266,,snoRNA,1,
ENSG00000212385,RNU6-817P,snRNA,1,"RNA, U6 small nuclear 817, pseudogene [Source:HGNC Symbol;Acc:HGNC:47780]"
ENSG00000213262,VDAC2P3,processed_pseudogene,1,VDAC2 pseudogene 3 [Source:HGNC Symbol;Acc:HGNC:51931]
ENSG00000214204,HNRNPA1P43,processed_pseudogene,1,heterogeneous nuclear ribonucleoprotein A1 pseudogene 43 [Source:HGNC Symbol;Acc:HGNC:48772]
ENSG00000215864,NBPF7P,transcribed_unprocessed_pseudogene,1,"NBPF member 7, pseudogene [Source:HGNC Symbol;Acc:HGNC:31989]"
ENSG00000215930,MIR942,miRNA,1,microRNA 942 [Source:HGNC Symbol;Acc:HGNC:33688]
ENSG00000221040,U3,snoRNA,1,Small nucleolar RNA U3 [Source:RFAM;Acc:RF00012]
ENSG00000222209,RNA5SP56,rRNA_pseudogene,1,"RNA, 5S ribosomal pseudogene 56 [Source:HGNC Symbol;Acc:HGNC:42833]"
ENSG00000223489,NEFHP1,processed_pseudogene,1,NEFH pseudogene 1 [Source:HGNC Symbol;Acc:HGNC:7738]
ENSG00000223575,RBMX2P3,processed_pseudogene,1,RBMX2 pseudogene 3 [Source:HGNC Symbol;Acc:HGNC:39925]
ENSG00000223804,,transcribed_unprocessed_pseudogene,1,Poly [ADP-ribose] polymerase 8 (PARP8) pseudogene
ENSG00000224238,WARS2-IT1,lncRNA,1,WARS2 intronic transcript 1 [Source:HGNC Symbol;Acc:HGNC:41393]
ENSG00000224950,,lncRNA,1,novel transcript
ENSG00000225079,FTH1P22,transcribed_processed_pseudogene,1,ferritin heavy chain 1 pseudogene 22 [Source:HGNC Symbol;Acc:HGNC:37640]
ENSG00000226126,PSMC1P12,processed_pseudogene,1,"proteasome 26S subunit, ATPase 1 pseudogene 12 [Source:HGNC Symbol;Acc:HGNC:39787]"
ENSG00000226172,,lncRNA,1,novel transcript
ENSG00000226443,GAPDHP32,processed_pseudogene,1,glyceraldehyde 3 phosphate dehydrogenase pseudogene 32 [Source:HGNC Symbol;Acc:HGNC:37784]
ENSG00000226446,NOTCH2P1,processed_pseudogene,1,notch 2 pseudogene 1 [Source:HGNC Symbol;Acc:HGNC:44253]
ENSG00000226755,VPS25P1,processed_pseudogene,1,VPS25 pseudogene 1 [Source:HGNC Symbol;Acc:HGNC:44250]
ENSG00000227056,RPL6P2,processed_pseudogene,1,ribosomal protein L6 pseudogene 2 [Source:HGNC Symbol;Acc:HGNC:35964]
ENSG00000227205,PFN1P9,processed_pseudogene,1,profilin 1 pseudogene 9 [Source:HGNC Symbol;Acc:HGNC:42991]
ENSG00000227712,,lncRNA,1,novel transcript
ENSG00000228127,LINC01649,lncRNA,1,long intergenic non-protein coding RNA 1649 [Source:HGNC Symbol;Acc:HGNC:52436]
ENSG00000228217,PNRC2P1,processed_pseudogene,1,proline rich nuclear receptor coactivator 2 pseudogene 1 [Source:HGNC Symbol;Acc:HGNC:51933]
ENSG00000228453,RPS15AP9,processed_pseudogene,1,ribosomal protein S15a pseudogene 9 [Source:HGNC Symbol;Acc:HGNC:36164]
ENSG00000229570,GAPDHP58,processed_pseudogene,1,glyceraldehyde 3 phosphate dehydrogenase pseudogene 58 [Source:HGNC Symbol;Acc:HGNC:4142]
ENSG00000229911,,processed_pseudogene,1,high density lipoprotein binding protein (vigilin) (HDLBP) pseudogene
ENSG00000230921,HAO2-IT1,lncRNA,1,HAO2 intronic transcript 1 [Source:HGNC Symbol;Acc:HGNC:41342]
ENSG00000231072,GAPDHP64,processed_pseudogene,1,glyceraldehyde-3-phosphate dehydrogenase pseudogene 64 [Source:HGNC Symbol;Acc:HGNC:4158]
ENSG00000231365,WARS2-AS1,lncRNA,1,WARS2 antisense RNA 1 [Source:HGNC Symbol;Acc:HGNC:40612]
ENSG00000232650,LINC01780,lncRNA,1,long intergenic non-protein coding RNA 1780 [Source:HGNC Symbol;Acc:HGNC:52570]
ENSG00000232780,GAPDHP74,transcribed_processed_pseudogene,1,glyceraldehyde-3-phosphate dehydrogenase pseudogene 74 [Source:HGNC Symbol;Acc:HGNC:50647]
ENSG00000233154,LINC01762,lncRNA,1,long intergenic non-protein coding RNA 1762 [Source:HGNC Symbol;Acc:HGNC:52552]
ENSG00000235202,LINC01525,lncRNA,1,long intergenic non-protein coding RNA 1525 [Source:HGNC Symbol;Acc:HGNC:51264]
ENSG00000235595,GAPDHP23,processed_pseudogene,1,glyceraldehyde 3 phosphate dehydrogenase pseudogene 23 [Source:HGNC Symbol;Acc:HGNC:37775]
ENSG00000235933,LINC01779,lncRNA,1,long intergenic non-protein coding RNA 1779 [Source:HGNC Symbol;Acc:HGNC:52569]
ENSG00000236137,CD101-AS1,lncRNA,1,CD101 antisense RNA 1 [Source:HGNC Symbol;Acc:HGNC:55665]
ENSG00000236804,RPS3AP12,processed_pseudogene,1,RPS3A pseudogene 12 [Source:HGNC Symbol;Acc:HGNC:35527]
ENSG00000236866,TENT5C-DT,lncRNA,1,TENT5C divergent transcript [Source:HGNC Symbol;Acc:HGNC:55656]
ENSG00000237993,,lncRNA,1,novel transcript
ENSG00000239873,GAPDHP27,processed_pseudogene,1,glyceraldehyde 3 phosphate dehydrogenase pseudogene 27 [Source:HGNC Symbol;Acc:HGNC:37779]
ENSG00000240244,GAPDHP33,processed_pseudogene,1,glyceraldehyde 3 phosphate dehydrogenase pseudogene 33 [Source:HGNC Symbol;Acc:HGNC:37785]
ENSG00000249798,HSD3BP3,unprocessed_pseudogene,1,"hydroxy-delta-5-steroid dehydrogenase, 3 beta, pseudogene 3 [Source:HGNC Symbol;Acc:HGNC:5221]"
ENSG00000252510,RNA5SP55,rRNA_pseudogene,1,"RNA, 5S ribosomal pseudogene 55 [Source:HGNC Symbol;Acc:HGNC:42832]"
ENSG00000260941,LINC00622,lncRNA,1,long intergenic non-protein coding RNA 622 [Source:HGNC Symbol;Acc:HGNC:44251]
ENSG00000264419,MIR548AC,miRNA,1,microRNA 548ac [Source:HGNC Symbol;Acc:HGNC:41626]
ENSG00000265808,SEC22B,protein_coding,1,"SEC22 homolog B, vesicle trafficking protein [Source:HGNC Symbol;Acc:HGNC:10700]"
ENSG00000270231,NBPF8,protein_coding,1,NBPF member 8 [Source:HGNC Symbol;Acc:HGNC:31990]
ENSG00000270392,PFN1P2,transcribed_processed_pseudogene,1,profilin 1 pseudogene 2 [Source:HGNC Symbol;Acc:HGNC:24298]
ENSG00000270719,,processed_pseudogene,1,anaphase promoting complex subunit 13 (ANAPC13) pseudogene
ENSG00000271143,,processed_pseudogene,1,"serine palmitoyltransferase, small subunit A (SPTSSA) pseudogene"
ENSG00000271427,,lncRNA,1,novel transcript
ENSG00000272715,,lncRNA,1,novel transcript
ENSG00000273406,,lncRNA,1,novel transcript
ENSG00000273727,U1,snRNA,1,U1 spliceosomal RNA [Source:RFAM;Acc:RF00003]
ENSG00000274642,,transcribed_unprocessed_pseudogene,1,phosphodiesterase 4D interacting protein (PDE4DIP) pseudogene
ENSG00000277141,Metazoa_SRP,misc_RNA,1,Metazoan signal recognition particle RNA [Source:RFAM;Acc:RF00017]
ENSG00000277313,7SK,misc_RNA,1,7SK RNA [Source:RFAM;Acc:RF00100]
ENSG00000279513,,TEC,1,TEC
ENSG00000171943,SRGAP2C,protein_coding,1,SLIT-ROBO Rho GTPase activating protein 2C [Source:HGNC Symbol;Acc:HGNC:30584]
ENSG00000175658,DRD5P2,transcribed_processed_pseudogene,1,dopamine receptor D5 pseudogene 2 [Source:HGNC Symbol;Acc:HGNC:3028]
ENSG00000179571,NBPF17P,unprocessed_pseudogene,1,"NBPF member 17, pseudogene [Source:HGNC Symbol;Acc:HGNC:31997]"
ENSG00000188610,FAM72B,protein_coding,1,family with sequence similarity 72 member B [Source:HGNC Symbol;Acc:HGNC:24805]
ENSG00000196369,SRGAP2B,protein_coding,1,SLIT-ROBO Rho GTPase activating protein 2B [Source:HGNC Symbol;Acc:HGNC:35237]
ENSG00000198019,FCGR1BP,transcribed_unprocessed_pseudogene,1,"Fc gamma receptor Ib, pseudogene [Source:HGNC Symbol;Acc:HGNC:3614]"
ENSG00000202167,RNU1-114P,snRNA,1,"RNA, U1 small nuclear 114, pseudogene [Source:HGNC Symbol;Acc:HGNC:48456]"
ENSG00000203825,,unprocessed_pseudogene,1,phosphodiesterase 4D interacting protein (myomegalin) (PDE4DIP) pseudogene
ENSG00000206737,RNVU1-18,snRNA,1,"RNA, variant U1 small nuclear 18 [Source:HGNC Symbol;Acc:HGNC:37496]"
ENSG00000207205,RNVU1-15,snRNA,1,"RNA, variant U1 small nuclear 15 [Source:HGNC Symbol;Acc:HGNC:48320]"
ENSG00000207349,RNVU1-17,snRNA,1,"RNA, variant U1 small nuclear 17 [Source:HGNC Symbol;Acc:HGNC:48322]"
ENSG00000207501,RNVU1-14,snRNA,1,"RNA, variant U1 small nuclear 14 [Source:HGNC Symbol;Acc:HGNC:48319]"
ENSG00000213244,H3P4,transcribed_unprocessed_pseudogene,1,H3 histone pseudogene 4 [Source:HGNC Symbol;Acc:HGNC:43797]
ENSG00000215784,FAM72D,protein_coding,1,family with sequence similarity 72 member D [Source:HGNC Symbol;Acc:HGNC:33593]
ENSG00000222854,RNA5SP59,rRNA_pseudogene,1,"RNA, 5S ribosomal pseudogene 59 [Source:HGNC Symbol;Acc:HGNC:42836]"
ENSG00000223345,H2BP1,transcribed_unprocessed_pseudogene,1,H2B histone pseudogene 1 [Source:HGNC Symbol;Acc:HGNC:20560]
ENSG00000223495,,transcribed_processed_pseudogene,1,kinase suppressor of ras 1 (KSR1) pseudogene
ENSG00000223612,,processed_pseudogene,1,EGFR-coamplified and overexpressed protein (ECOP) pseudogene
ENSG00000223779,,transcribed_unprocessed_pseudogene,1,"novel pseudogene, similar to phosphodiesterase 4D interacting protein PDE4DIP"
ENSG00000224363,,lncRNA,1,novel transcript
ENSG00000224857,LINC01691,lncRNA,1,long intergenic non-protein coding RNA 1691 [Source:HGNC Symbol;Acc:HGNC:52479]
ENSG00000226028,PFN1P12,processed_pseudogene,1,profilin 1 pseudogene 12 [Source:HGNC Symbol;Acc:HGNC:42995]
ENSG00000226067,LINC00623,lncRNA,1,long intergenic non-protein coding RNA 623 [Source:HGNC Symbol;Acc:HGNC:44252]
ENSG00000227082,LINC02798,lncRNA,1,long intergenic non-protein coding RNA 2798 [Source:HGNC Symbol;Acc:HGNC:54323]
ENSG00000227193,,lncRNA,1,novel transcript
ENSG00000227212,PFN1P6,processed_pseudogene,1,profilin 1 pseudogene 6 [Source:HGNC Symbol;Acc:HGNC:42988]
ENSG00000228826,,lncRNA,1,novel transcript
ENSG00000229002,,unprocessed_pseudogene,1,novel pseudogene
ENSG00000230186,,lncRNA,1,novel transcript
ENSG00000230806,SRGAP2-AS1,lncRNA,1,SRGAP2 antisense RNA 1 [Source:HGNC Symbol;Acc:HGNC:40902]
ENSG00000231752,EMBP1,transcribed_unprocessed_pseudogene,1,embigin pseudogene 1 [Source:HGNC Symbol;Acc:HGNC:38661]
ENSG00000232527,LINC02802,lncRNA,1,long intergenic non-protein coding RNA 2802 [Source:HGNC Symbol;Acc:HGNC:54326]
ENSG00000232721,,lncRNA,1,novel transcript
ENSG00000233430,PDE4DIPP3,transcribed_unprocessed_pseudogene,1,PDE4DIP pseudogene 3 [Source:HGNC Symbol;Acc:HGNC:55082]
ENSG00000233432,MTIF2P1,processed_pseudogene,1,mitochondrial translational initiation factor 2 pseudogene 1 [Source:HGNC Symbol;Acc:HGNC:14861]
ENSG00000233586,,processed_pseudogene,1,novel pseudogene (FLJ39739)
ENSG00000234571,H2BP2,transcribed_unprocessed_pseudogene,1,H2B histone pseudogene 2 [Source:HGNC Symbol;Acc:HGNC:20654]
ENSG00000235887,LINC02799,lncRNA,1,long intergenic non-protein coding RNA 2799 [Source:HGNC Symbol;Acc:HGNC:54324]
ENSG00000236140,,lncRNA,1,novel transcript
ENSG00000237343,,lncRNA,1,novel transcript
ENSG00000237503,,processed_pseudogene,1,ubiquitin-conjugating enzyme E2D 4 (putative) (UBE2D4) pseudogene
ENSG00000242352,FAM91A3P,transcribed_processed_pseudogene,1,"family with sequence similarity 91 member A3, pseudogene [Source:HGNC Symbol;Acc:HGNC:32273]"
ENSG00000242943,NKAIN1P1,processed_pseudogene,1,NKAIN1 pseudogene 1 [Source:HGNC Symbol;Acc:HGNC:38593]
ENSG00000252105,RNU1-143P,snRNA,1,"RNA, U1 small nuclear 143, pseudogene [Source:HGNC Symbol;Acc:HGNC:48485]"
ENSG00000252826,RNVU1-23,snRNA,1,"RNA, variant U1 small nuclear 23 [Source:HGNC Symbol;Acc:HGNC:48434]"
ENSG00000252830,RNA5SP533,rRNA,1,"RNA, 5S ribosomal pseudogene 533 [Source:HGNC Symbol;Acc:HGNC:53802]"
ENSG00000263353,PPIAL4A,protein_coding,1,peptidylprolyl isomerase A like 4A [Source:HGNC Symbol;Acc:HGNC:24369]
ENSG00000263513,FAM72C,protein_coding,1,family with sequence similarity 72 member C [Source:HGNC Symbol;Acc:HGNC:30602]
ENSG00000263590,LINC02591,lncRNA,1,long intergenic non-protein coding RNA 2591 [Source:HGNC Symbol;Acc:HGNC:53901]
ENSG00000264145,,processed_pseudogene,1,dopamine receptor D5 (DRD5) pseudogene
ENSG00000265531,FCGR1CP,transcribed_unprocessed_pseudogene,1,"Fc gamma receptor Ic, pseudogene [Source:HGNC Symbol;Acc:HGNC:3615]"
ENSG00000266338,NBPF15,protein_coding,1,NBPF member 15 [Source:HGNC Symbol;Acc:HGNC:28791]
ENSG00000268074,RPL22P5,transcribed_processed_pseudogene,1,ribosomal protein L22 pseudogene 5 [Source:HGNC Symbol;Acc:HGNC:37022]
ENSG00000268993,RPL22P6,processed_pseudogene,1,ribosomal protein L22 pseudogene 6 [Source:HGNC Symbol;Acc:HGNC:36473]
ENSG00000270872,SRGAP2D,transcribed_unprocessed_pseudogene,1,SLIT-ROBO Rho GTPase activating protein 2D (pseudogene) [Source:HGNC Symbol;Acc:HGNC:43932]
ENSG00000270962,,processed_pseudogene,1,NHP2 non-histone chromosome protein 2-like 1 (S. cerevisiae) (NHP2L1) pseudogene
ENSG00000271291,,processed_pseudogene,1,"HIG1 hypoxia inducible domain family, member 1C (HIGD1C) pseudogene"
ENSG00000271439,,processed_pseudogene,1,"HIG1 hypoxia inducible domain family, member 1C (HIGD1C) pseudogene"
ENSG00000271567,PPIAL4E,protein_coding,1,peptidylprolyl isomerase A like 4E [Source:HGNC Symbol;Acc:HGNC:33997]
ENSG00000271644,,processed_pseudogene,1,"RAP1, GTP-GDP dissociation stimulator 1 (RAP1GDS1) pseudogene"
ENSG00000272419,LINC01145,transcribed_unprocessed_pseudogene,1,long intergenic non-protein coding RNA 1145 [Source:HGNC Symbol;Acc:HGNC:49462]
ENSG00000273136,NBPF26,protein_coding,1,NBPF member 26 [Source:HGNC Symbol;Acc:HGNC:49571]
ENSG00000273213,H3-7,protein_coding,1,H3.7 histone (putative) [Source:HGNC Symbol;Acc:HGNC:32060]
ENSG00000273516,U1,snRNA,1,U1 spliceosomal RNA [Source:RFAM;Acc:RF00003]
ENSG00000273694,U2,snRNA,1,U2 spliceosomal RNA [Source:RFAM;Acc:RF00004]
ENSG00000273825,,unprocessed_pseudogene,1,otopetrin 1 (OTOP1) pseudogene
ENSG00000274927,KMT2CP3,transcribed_unprocessed_pseudogene,1,lysine methyltransferase 2C pseudogene 3 [Source:HGNC Symbol;Acc:HGNC:56181]
ENSG00000275075,,transcribed_processed_pseudogene,1,transmembrane protein 128  (TMEM128) pseudogene
ENSG00000275129,,processed_pseudogene,1,"RAP1, GTP-GDP dissociation stimulator 1 (RAP1GDS1) pseudogene"
ENSG00000275131,PDE4DIPP2,transcribed_unprocessed_pseudogene,1,PDE4DIP pseudogene 2 [Source:HGNC Symbol;Acc:HGNC:55081]
ENSG00000275291,RNVU1-26,snRNA,1,"RNA, variant U1 small nuclear 26 [Source:HGNC Symbol;Acc:HGNC:54429]"
ENSG00000275296,,processed_pseudogene,1,ubiquitin-conjugating enzyme E2D 4 (putative) (UBE2D4) pseudogene
ENSG00000275538,RNVU1-19,snRNA,1,"RNA, variant U1 small nuclear 19 [Source:HGNC Symbol;Acc:HGNC:48324]"
ENSG00000275585,PDE4DIPP4,transcribed_unprocessed_pseudogene,1,PDE4DIP pseudogene 4 [Source:HGNC Symbol;Acc:HGNC:55083]
ENSG00000275767,,unprocessed_pseudogene,1,otopetrin 1 (OTOP1) pseudogene
ENSG00000275933,7SK,misc_RNA,1,7SK RNA [Source:RFAM;Acc:RF00100]
ENSG00000276118,,transcribed_unprocessed_pseudogene,1,transmembrane protein 128 (TMEM128) pseudogene
ENSG00000276216,,lncRNA,1,novel transcript
ENSG00000276442,RNA5SP529,rRNA,1,"RNA, 5S ribosomal pseudogene 529 [Source:HGNC Symbol;Acc:HGNC:53798]"
ENSG00000276674,IGKV1OR1-1,IG_V_pseudogene,1,immunoglobulin kappa variable 1/OR1-1 (pseudogene) [Source:HGNC Symbol;Acc:HGNC:5764]
ENSG00000276756,KMT2CP2,transcribed_unprocessed_pseudogene,1,lysine methyltransferase 2C pseudogene 2 [Source:HGNC Symbol;Acc:HGNC:56180]
ENSG00000277095,,unprocessed_pseudogene,1,otopetrin 1 (OTOP1) pseudogene
ENSG00000277199,LINC01632,lncRNA,1,long intergenic non-protein coding RNA 1632 [Source:HGNC Symbol;Acc:HGNC:52419]
ENSG00000277610,RNVU1-4,snRNA,1,"RNA, variant U1 small nuclear 4 [Source:HGNC Symbol;Acc:HGNC:48312]"
ENSG00000277678,RNU1-153P,snRNA,1,"RNA, U1 small nuclear 153, pseudogene [Source:HGNC Symbol;Acc:HGNC:54435]"
ENSG00000277702,,transcribed_unprocessed_pseudogene,1,lymphocyte-specific protein 1 (LSP1) pseudogene
ENSG00000277918,RNVU1-28,snRNA,1,"RNA, variant U1 small nuclear 28 [Source:HGNC Symbol;Acc:HGNC:54432]"
ENSG00000278099,RNVU1-2A,snRNA,1,"RNA, variant U1 small nuclear 2A [Source:HGNC Symbol;Acc:HGNC:54430]"
ENSG00000278273,KMT2CP1,transcribed_unprocessed_pseudogene,1,lysine methyltransferase 2C pseudogene 1 [Source:HGNC Symbol;Acc:HGNC:56179]
ENSG00000279782,PPIAL4F,protein_coding,1,peptidylprolyl isomerase A like 4F [Source:HGNC Symbol;Acc:HGNC:33999]
ENSG00000281571,,TEC,1,TEC
ENSG00000281741,,TEC,1,TEC
ENSG00000283752,,transcribed_unprocessed_pseudogene,1,phosphodiesterase 4D interacting protein (PDE4DIP) pseudogene
ENSG00000116128,BCL9,protein_coding,1,BCL9 transcription coactivator [Source:HGNC Symbol;Acc:HGNC:1008]
ENSG00000117262,GPR89A,protein_coding,1,G protein-coupled receptor 89A [Source:HGNC Symbol;Acc:HGNC:31984]
ENSG00000117281,CD160,protein_coding,1,CD160 molecule [Source:HGNC Symbol;Acc:HGNC:17013]
ENSG00000121634,GJA8,protein_coding,1,gap junction protein alpha 8 [Source:HGNC Symbol;Acc:HGNC:4281]
ENSG00000121851,POLR3GL,protein_coding,1,RNA polymerase III subunit GL [Source:HGNC Symbol;Acc:HGNC:28466]
ENSG00000131778,CHD1L,protein_coding,1,chromodomain helicase DNA binding protein 1 like [Source:HGNC Symbol;Acc:HGNC:1916]
ENSG00000131779,PEX11B,protein_coding,1,peroxisomal biogenesis factor 11 beta [Source:HGNC Symbol;Acc:HGNC:8853]
ENSG00000131781,FMO5,protein_coding,1,flavin containing dimethylaniline monoxygenase 5 [Source:HGNC Symbol;Acc:HGNC:3773]
ENSG00000131788,PIAS3,protein_coding,1,protein inhibitor of activated STAT 3 [Source:HGNC Symbol;Acc:HGNC:16861]
ENSG00000131791,PRKAB2,protein_coding,1,protein kinase AMP-activated non-catalytic subunit beta 2 [Source:HGNC Symbol;Acc:HGNC:9379]
ENSG00000143127,ITGA10,protein_coding,1,integrin subunit alpha 10 [Source:HGNC Symbol;Acc:HGNC:6135]
ENSG00000162825,NBPF20,protein_coding,1,NBPF member 20 [Source:HGNC Symbol;Acc:HGNC:32000]
ENSG00000162836,ACP6,protein_coding,1,"acid phosphatase 6, lysophosphatidic [Source:HGNC Symbol;Acc:HGNC:29609]"
ENSG00000168509,HJV,protein_coding,1,hemojuvelin BMP co-receptor [Source:HGNC Symbol;Acc:HGNC:4887]
ENSG00000174827,PDZK1,protein_coding,1,PDZ domain containing 1 [Source:HGNC Symbol;Acc:HGNC:8821]
ENSG00000180867,PDIA3P1,transcribed_processed_pseudogene,1,protein disulfide isomerase family A member 3 pseudogene 1 [Source:HGNC Symbol;Acc:HGNC:4607]
ENSG00000186141,POLR3C,protein_coding,1,RNA polymerase III subunit C [Source:HGNC Symbol;Acc:HGNC:30076]
ENSG00000186364,NUDT17,protein_coding,1,nudix hydrolase 17 [Source:HGNC Symbol;Acc:HGNC:26618]
ENSG00000188092,GPR89B,protein_coding,1,G protein-coupled receptor 89B [Source:HGNC Symbol;Acc:HGNC:13840]
ENSG00000198483,ANKRD35,protein_coding,1,ankyrin repeat domain 35 [Source:HGNC Symbol;Acc:HGNC:26323]
ENSG00000198658,ABHD17AP1,unprocessed_pseudogene,1,ABHD17A pseudogene 1 [Source:HGNC Symbol;Acc:HGNC:28394]
ENSG00000199879,RNVU1-22,snRNA,1,"RNA, variant U1 small nuclear 22 [Source:HGNC Symbol;Acc:HGNC:48462]"
ENSG00000201142,RNU1-151P,snRNA,1,"RNA, U1 small nuclear 151, pseudogene [Source:HGNC Symbol;Acc:HGNC:53616]"
ENSG00000201558,RNVU1-6,snRNA,1,"RNA, variant U1 small nuclear 6 [Source:HGNC Symbol;Acc:HGNC:48314]"
ENSG00000201789,RNU6-1071P,snRNA,1,"RNA, U6 small nuclear 1071, pseudogene [Source:HGNC Symbol;Acc:HGNC:48034]"
ENSG00000206585,RNVU1-7,snRNA,1,"RNA, variant U1 small nuclear 7 [Source:HGNC Symbol;Acc:HGNC:37500]"
ENSG00000206791,RNU1-129P,snRNA,1,"RNA, U1 small nuclear 129, pseudogene [Source:HGNC Symbol;Acc:HGNC:48471]"
ENSG00000207209,Y_RNA,misc_RNA,1,Y RNA [Source:RFAM;Acc:RF00019]
ENSG00000211451,GNRHR2,transcribed_unitary_pseudogene,1,gonadotropin releasing hormone receptor 2 (pseudogene) [Source:HGNC Symbol;Acc:HGNC:16341]
ENSG00000213226,,processed_pseudogene,1,prostaglandin reductase 1 (PTGR1) pseudogene
ENSG00000215859,PDZK1P1,transcribed_unprocessed_pseudogene,1,PDZ domain containing 1 pseudogene 1 [Source:HGNC Symbol;Acc:HGNC:31974]
ENSG00000223728,,processed_pseudogene,1,PRAME family member 17 (PRAMEF17) pseudogene
ENSG00000224335,,unprocessed_pseudogene,1,"neuroblastoma breakpoint family, member 4 (NBPF4) pseudogene"
ENSG00000225080,PFN1P4,transcribed_processed_pseudogene,1,profilin 1 pseudogene 4 [Source:HGNC Symbol;Acc:HGNC:42992]
ENSG00000225603,,processed_pseudogene,1,insulin-like growth factor 2 mRNA binding protein 2 (IGF2BP2) pseudogene
ENSG00000226015,CCT8P1,processed_pseudogene,1,chaperonin containing TCP1 subunit 8 pseudogene 1 [Source:HGNC Symbol;Acc:HGNC:35144]
ENSG00000226653,OR13Z1P,unitary_pseudogene,1,olfactory receptor family 13 subfamily Z member 1 pseudogene [Source:HGNC Symbol;Acc:HGNC:31240]
ENSG00000227139,,lncRNA,1,novel transcript
ENSG00000227242,,transcribed_unprocessed_pseudogene,1,phosphodiesterase 4D interacting protein (PDE4DIP) pseudogene
ENSG00000227700,,processed_pseudogene,1,novel pseudogene
ENSG00000227733,,lncRNA,1,novel transcript
ENSG00000228626,,transcribed_unprocessed_pseudogene,1,novel pseudogene
ENSG00000229828,PDE4DIPP1,transcribed_unprocessed_pseudogene,1,PDE4DIP pseudogene 1 [Source:HGNC Symbol;Acc:HGNC:50867]
ENSG00000230832,SSBL4P,processed_pseudogene,1,"small RNA binding exonuclease protection factor La like 4, pseudogene [Source:HGNC Symbol;Acc:HGNC:54985]"
ENSG00000232265,LINC02805,lncRNA,1,long intergenic non-protein coding RNA 2805 [Source:HGNC Symbol;Acc:HGNC:54339]
ENSG00000233396,LINC01719,lncRNA,1,long intergenic non-protein coding RNA 1719 [Source:HGNC Symbol;Acc:HGNC:52506]
ENSG00000234190,,lncRNA,1,novel transcript
ENSG00000234222,LIX1L-AS1,lncRNA,1,LIX1L antisense RNA 1 [Source:HGNC Symbol;Acc:HGNC:41210]
ENSG00000234225,,lncRNA,1,novel transcript
ENSG00000234367,PFN1P3,transcribed_processed_pseudogene,1,profilin 1 pseudogene 3 [Source:HGNC Symbol;Acc:HGNC:42987]
ENSG00000235988,,transcribed_processed_pseudogene,1,novel pseudogene
ENSG00000236806,RPL7AP15,processed_pseudogene,1,ribosomal protein L7a pseudogene 15 [Source:HGNC Symbol;Acc:HGNC:36873]
ENSG00000237188,,lncRNA,1,"novel transcript, antisense to FMO5"
ENSG00000238107,LINC02806,lncRNA,1,long intergenic non-protein coding RNA 2806 [Source:HGNC Symbol;Acc:HGNC:27628]
ENSG00000238765,RNA5SP57,rRNA_pseudogene,1,"RNA, 5S ribosomal pseudogene 57 [Source:HGNC Symbol;Acc:HGNC:42834]"
ENSG00000244371,PFN1P8,processed_pseudogene,1,profilin 1 pseudogene 8 [Source:HGNC Symbol;Acc:HGNC:42986]
ENSG00000244619,,lncRNA,1,"novel transcript, antisense to ITGA10"
ENSG00000263956,NBPF11,protein_coding,1,NBPF member 11 [Source:HGNC Symbol;Acc:HGNC:31993]
ENSG00000264343,NOTCH2NLA,protein_coding,1,notch 2 N-terminal like A [Source:HGNC Symbol;Acc:HGNC:31862]
ENSG00000265107,GJA5,protein_coding,1,gap junction protein alpha 5 [Source:HGNC Symbol;Acc:HGNC:4279]
ENSG00000265241,RBM8A,protein_coding,1,RNA binding motif protein 8A [Source:HGNC Symbol;Acc:HGNC:9905]
ENSG00000265491,RNF115,protein_coding,1,ring finger protein 115 [Source:HGNC Symbol;Acc:HGNC:18154]
ENSG00000265972,TXNIP,protein_coding,1,thioredoxin interacting protein [Source:HGNC Symbol;Acc:HGNC:16952]
ENSG00000268043,NBPF12,protein_coding,1,NBPF member 12 [Source:HGNC Symbol;Acc:HGNC:24297]
ENSG00000270339,PPIAL4H,protein_coding,1,peptidylprolyl isomerase A like 4H [Source:HGNC Symbol;Acc:HGNC:53889]
ENSG00000270384,RNU1-154P,snRNA,1,"RNA, U1 small nuclear 154, pseudogene [Source:HGNC Symbol;Acc:HGNC:54436]"
ENSG00000270722,RNVU1-31,snRNA,1,"RNA, variant U1 small nuclear 31 [Source:HGNC Symbol;Acc:HGNC:54448]"
ENSG00000271121,NUDT4P2,processed_pseudogene,1,nudix hydrolase 4 pseudogene 2 [Source:HGNC Symbol;Acc:HGNC:18013]
ENSG00000271425,NBPF10,protein_coding,1,NBPF member 10 [Source:HGNC Symbol;Acc:HGNC:31992]
ENSG00000271601,LIX1L,protein_coding,1,limb and CNS expressed 1 like [Source:HGNC Symbol;Acc:HGNC:28715]
ENSG00000272031,ANKRD34A,protein_coding,1,ankyrin repeat domain 34A [Source:HGNC Symbol;Acc:HGNC:27639]
ENSG00000272150,NBPF25P,transcribed_unprocessed_pseudogene,1,"NBPF member 25, pseudogene [Source:HGNC Symbol;Acc:HGNC:45046]"
ENSG00000272443,OR13Z2P,unprocessed_pseudogene,1,olfactory receptor family 13 subfamily Z member 2 pseudogene [Source:HGNC Symbol;Acc:HGNC:31241]
ENSG00000272480,OR13Z3P,unprocessed_pseudogene,1,olfactory receptor family 13 subfamily Z member 3 pseudogene [Source:HGNC Symbol;Acc:HGNC:31242]
ENSG00000273059,,lncRNA,1,novel transcript
ENSG00000273768,RNVU1-29,snRNA,1,"RNA, variant U1 small nuclear 29 [Source:HGNC Symbol;Acc:HGNC:54433]"
ENSG00000274020,LINC01138,lncRNA,1,long intergenic non-protein coding RNA 1138 [Source:HGNC Symbol;Acc:HGNC:49454]
ENSG00000274372,,lncRNA,1,novel transcript
ENSG00000274408,RNA5SP536,rRNA,1,"RNA, 5S ribosomal pseudogene 536 [Source:HGNC Symbol;Acc:HGNC:53805]"
ENSG00000274415,,lncRNA,1,"novel transcript, antisense to GJA5"
ENSG00000274428,RNVU1-25,snRNA,1,"RNA, variant U1 small nuclear 25 [Source:HGNC Symbol;Acc:HGNC:54428]"
ENSG00000274450,,snRNA,1,
ENSG00000275064,PDE4DIPP5,transcribed_unprocessed_pseudogene,1,PDE4DIP pseudogene 5 [Source:HGNC Symbol;Acc:HGNC:55084]
ENSG00000276509,,lncRNA,1,novel transcript
ENSG00000276975,HYDIN2,transcribed_unprocessed_pseudogene,1,HYDIN axonemal central pair apparatus protein 2 (pseudogene) [Source:HGNC Symbol;Acc:HGNC:33129]
ENSG00000277406,SEC22B4P,transcribed_unprocessed_pseudogene,1,"SEC22 homolog B4, pseudogene [Source:HGNC Symbol;Acc:HGNC:53892]"
ENSG00000277655,,unprocessed_pseudogene,1,"neuroblastoma breakpoint family, member 6 (NBPF6) pseudogene"
ENSG00000277762,RN7SL261P,misc_RNA,1,"RNA, 7SL, cytoplasmic 261, pseudogene [Source:HGNC Symbol;Acc:HGNC:46277]"
ENSG00000278182,,transcribed_unprocessed_pseudogene,1,phosphodiesterase 4D interacting protein (PDE4DIP) pseudogene
ENSG00000278431,,lncRNA,1,"novel transcript, antisense to ANKRD34A"
ENSG00000278549,MIR6736,miRNA,1,microRNA 6736 [Source:HGNC Symbol;Acc:HGNC:50072]
ENSG00000278811,LINC00624,lncRNA,1,long intergenic non-protein coding RNA 624 [Source:HGNC Symbol;Acc:HGNC:44254]
ENSG00000280778,,protein_coding,1,"novel protein, lncRNA-POLR3GL readthrough"
ENSG00000283342,NBPF13P,transcribed_unprocessed_pseudogene,1,"NBPF member 13, pseudogene [Source:HGNC Symbol;Acc:HGNC:31995]"
ENSG00000014914,MTMR11,protein_coding,1,myotubularin related protein 11 [Source:HGNC Symbol;Acc:HGNC:24307]
ENSG00000023902,PLEKHO1,protein_coding,1,pleckstrin homology domain containing O1 [Source:HGNC Symbol;Acc:HGNC:24310]
ENSG00000117360,PRPF3,protein_coding,1,pre-mRNA processing factor 3 [Source:HGNC Symbol;Acc:HGNC:17348]
ENSG00000117362,APH1A,protein_coding,1,"aph-1 homolog A, gamma-secretase subunit [Source:HGNC Symbol;Acc:HGNC:29509]"
ENSG00000118292,C1orf54,protein_coding,1,chromosome 1 open reading frame 54 [Source:HGNC Symbol;Acc:HGNC:26258]
ENSG00000118298,CA14,protein_coding,1,carbonic anhydrase 14 [Source:HGNC Symbol;Acc:HGNC:1372]
ENSG00000136631,VPS45,protein_coding,1,vacuolar protein sorting 45 homolog [Source:HGNC Symbol;Acc:HGNC:14579]
ENSG00000143368,SF3B4,protein_coding,1,splicing factor 3b subunit 4 [Source:HGNC Symbol;Acc:HGNC:10771]
ENSG00000143369,ECM1,protein_coding,1,extracellular matrix protein 1 [Source:HGNC Symbol;Acc:HGNC:3153]
ENSG00000143374,TARS2,protein_coding,1,"threonyl-tRNA synthetase 2, mitochondrial [Source:HGNC Symbol;Acc:HGNC:30740]"
ENSG00000143382,ADAMTSL4,protein_coding,1,ADAMTS like 4 [Source:HGNC Symbol;Acc:HGNC:19706]
ENSG00000143384,MCL1,protein_coding,1,"MCL1 apoptosis regulator, BCL2 family member [Source:HGNC Symbol;Acc:HGNC:6943]"
ENSG00000143387,CTSK,protein_coding,1,cathepsin K [Source:HGNC Symbol;Acc:HGNC:2536]
ENSG00000143401,ANP32E,protein_coding,1,acidic nuclear phosphoprotein 32 family member E [Source:HGNC Symbol;Acc:HGNC:16673]
ENSG00000143420,ENSA,protein_coding,1,endosulfine alpha [Source:HGNC Symbol;Acc:HGNC:3360]
ENSG00000143437,ARNT,protein_coding,1,aryl hydrocarbon receptor nuclear translocator [Source:HGNC Symbol;Acc:HGNC:700]
ENSG00000143452,HORMAD1,protein_coding,1,HORMA domain containing 1 [Source:HGNC Symbol;Acc:HGNC:25245]
ENSG00000143457,GOLPH3L,protein_coding,1,golgi phosphoprotein 3 like [Source:HGNC Symbol;Acc:HGNC:24882]
ENSG00000150337,FCGR1A,protein_coding,1,Fc gamma receptor Ia [Source:HGNC Symbol;Acc:HGNC:3613]
ENSG00000159164,SV2A,protein_coding,1,synaptic vesicle glycoprotein 2A [Source:HGNC Symbol;Acc:HGNC:20566]
ENSG00000159208,CIART,protein_coding,1,circadian associated repressor of transcription [Source:HGNC Symbol;Acc:HGNC:25200]
ENSG00000163125,RPRD2,protein_coding,1,regulation of nuclear pre-mRNA domain containing 2 [Source:HGNC Symbol;Acc:HGNC:29039]
ENSG00000163131,CTSS,protein_coding,1,cathepsin S [Source:HGNC Symbol;Acc:HGNC:2545]
ENSG00000177144,NUDT4B,protein_coding,1,nudix hydrolase 4B [Source:HGNC Symbol;Acc:HGNC:18012]
ENSG00000178096,BOLA1,protein_coding,1,bolA family member 1 [Source:HGNC Symbol;Acc:HGNC:24263]
ENSG00000178104,PDE4DIP,protein_coding,1,phosphodiesterase 4D interacting protein [Source:HGNC Symbol;Acc:HGNC:15580]
ENSG00000183598,H3C13,protein_coding,1,H3 clustered histone 13 [Source:HGNC Symbol;Acc:HGNC:25311]
ENSG00000184260,H2AC20,protein_coding,1,H2A clustered histone 20 [Source:HGNC Symbol;Acc:HGNC:4738]
ENSG00000184270,H2AC21,protein_coding,1,H2A clustered histone 21 [Source:HGNC Symbol;Acc:HGNC:20508]
ENSG00000184678,H2BC21,protein_coding,1,H2B clustered histone 21 [Source:HGNC Symbol;Acc:HGNC:4760]
ENSG00000201183,RNVU1-3,snRNA,1,"RNA, variant U1 small nuclear 3 [Source:HGNC Symbol;Acc:HGNC:48311]"
ENSG00000201699,RNVU1-24,snRNA,1,"RNA, variant U1 small nuclear 24 [Source:HGNC Symbol;Acc:HGNC:48401]"
ENSG00000202408,RNVU1-21,snRNA,1,"RNA, variant U1 small nuclear 21 [Source:HGNC Symbol;Acc:HGNC:48464]"
ENSG00000203804,ADAMTSL4-AS1,lncRNA,1,ADAMTSL4 antisense RNA 1 [Source:HGNC Symbol;Acc:HGNC:32041]
ENSG00000203811,H3C14,protein_coding,1,H3 clustered histone 14 [Source:HGNC Symbol;Acc:HGNC:20503]
ENSG00000203814,H2BC18,protein_coding,1,H2B clustered histone 18 [Source:HGNC Symbol;Acc:HGNC:24700]
ENSG00000203852,H3C15,protein_coding,1,H3 clustered histone 15 [Source:HGNC Symbol;Acc:HGNC:20505]
ENSG00000206828,RNVU1-30,snRNA,1,"RNA, variant U1 small nuclear 30 [Source:HGNC Symbol;Acc:HGNC:54434]"
ENSG00000206931,RNU6-1042P,snRNA,1,"RNA, U6 small nuclear 1042, pseudogene [Source:HGNC Symbol;Acc:HGNC:48005]"
ENSG00000207340,RNVU1-1,snRNA,1,"RNA, variant U1 small nuclear 1 [Source:HGNC Symbol;Acc:HGNC:10133]"
ENSG00000215861,,transcribed_unprocessed_pseudogene,1,phosphodiesterase 4D interacting protein (myomegalin) (PDE4DIP) pseudogene
ENSG00000220323,H2BC19P,transcribed_unprocessed_pseudogene,1,"H2B clustered histone 19, pseudogene [Source:HGNC Symbol;Acc:HGNC:20517]"
ENSG00000222222,RNU2-17P,snRNA,1,"RNA, U2 small nuclear 17, pseudogene [Source:HGNC Symbol;Acc:HGNC:48510]"
ENSG00000222788,RNU2-38P,snRNA,1,"RNA, U2 small nuclear 38, pseudogene [Source:HGNC Symbol;Acc:HGNC:48531]"
ENSG00000223945,RPL6P31,processed_pseudogene,1,ribosomal protein L6 pseudogene 31 [Source:HGNC Symbol;Acc:HGNC:55890]
ENSG00000224690,UBE2D3P3,processed_pseudogene,1,ubiquitin conjugating enzyme E2 D3 pseudogene 3 [Source:HGNC Symbol;Acc:HGNC:39011]
ENSG00000225871,,processed_pseudogene,1,"family with sequence similarity 91, member A1 (FAM91A1) pseudogene"
ENSG00000226500,,processed_pseudogene,1,"ubiquitin-conjugating enzyme E2D 1 (UBC4/5 homolog, yeast) (UBE2D1) pseudogene"
ENSG00000228126,FALEC,lncRNA,1,focally amplified lncRNA regulator of ECM1 [Source:HGNC Symbol;Acc:HGNC:43713]
ENSG00000231551,PDE4DIPP6,transcribed_unprocessed_pseudogene,1,PDE4DIP pseudogene 6 [Source:HGNC Symbol;Acc:HGNC:55097]
ENSG00000233030,,lncRNA,1,"novel transcript, antisense to FCGR1A"
ENSG00000234232,PDE4DIPP7,transcribed_unprocessed_pseudogene,1,PDE4DIP pseudogene 7 [Source:HGNC Symbol;Acc:HGNC:55098]
ENSG00000236334,PPIAL4G,protein_coding,1,peptidylprolyl isomerase A like 4G [Source:HGNC Symbol;Acc:HGNC:33996]
ENSG00000236713,,processed_pseudogene,1,pseudogene similar to part of short coiled-coil protein (SCOC)
ENSG00000237781,ADAMTSL4-AS2,lncRNA,1,ADAMTSL4 antisense RNA 2 [Source:HGNC Symbol;Acc:HGNC:40895]
ENSG00000238825,RNVU1-2,snRNA,1,"RNA, variant U1 small nuclear 2 [Source:HGNC Symbol;Acc:HGNC:48308]"
ENSG00000252135,RNU1-155P,snRNA,1,"RNA, U1 small nuclear 155 pseudogene [Source:HGNC Symbol;Acc:HGNC:54437]"
ENSG00000252515,RNU6-1171P,snRNA,1,"RNA, U6 small nuclear 1171, pseudogene [Source:HGNC Symbol;Acc:HGNC:48134]"
ENSG00000252656,RN7SKP88,misc_RNA,1,RN7SK pseudogene 88 [Source:HGNC Symbol;Acc:HGNC:45812]
ENSG00000252744,Y_RNA,misc_RNA,1,Y RNA [Source:RFAM;Acc:RF00019]
ENSG00000253047,,snoRNA,1,
ENSG00000254539,,lncRNA,1,novel transcript
ENSG00000254913,,lncRNA,1,novel transcript
ENSG00000255148,,lncRNA,1,novel transcript
ENSG00000261716,H2BC20P,transcribed_unprocessed_pseudogene,1,"H2B clustered histone 20, pseudogene [Source:HGNC Symbol;Acc:HGNC:20516]"
ENSG00000264207,,lncRNA,1,"novel transcript, antisense HIST2H4A"
ENSG00000264522,OTUD7B,protein_coding,1,OTU deubiquitinase 7B [Source:HGNC Symbol;Acc:HGNC:16683]
ENSG00000264553,MIR4257,miRNA,1,microRNA 4257 [Source:HGNC Symbol;Acc:HGNC:38312]
ENSG00000266187,RN7SL480P,misc_RNA,1,"RNA, 7SL, cytoplasmic 480, pseudogene [Source:HGNC Symbol;Acc:HGNC:46496]"
ENSG00000266472,MRPS21,protein_coding,1,mitochondrial ribosomal protein S21 [Source:HGNC Symbol;Acc:HGNC:14046]
ENSG00000269713,NBPF9,protein_coding,1,NBPF member 9 [Source:HGNC Symbol;Acc:HGNC:31991]
ENSG00000270276,H4C15,protein_coding,1,H4 clustered histone 15 [Source:HGNC Symbol;Acc:HGNC:29607]
ENSG00000270629,NBPF14,protein_coding,1,NBPF member 14 [Source:HGNC Symbol;Acc:HGNC:25232]
ENSG00000270882,H4C14,protein_coding,1,H4 clustered histone 14 [Source:HGNC Symbol;Acc:HGNC:4794]
ENSG00000271383,NBPF19,protein_coding,1,NBPF member 19 [Source:HGNC Symbol;Acc:HGNC:31999]
ENSG00000271546,,processed_pseudogene,1,CKLF-like MARVEL transmembrane domain containing 6 (CMTM6) pseudogene
ENSG00000272824,,lncRNA,1,novel transcript
ENSG00000273591,7SK,misc_RNA,1,7SK RNA [Source:RFAM;Acc:RF00100]
ENSG00000274019,,transcribed_unprocessed_pseudogene,1,Neuroblastoma breakpoint family (NBPF) pseudogene
ENSG00000274210,RNVU1-27,snRNA,1,"RNA, variant U1 small nuclear 27 [Source:HGNC Symbol;Acc:HGNC:54431]"
ENSG00000274265,,lncRNA,1,novel transcript
ENSG00000274423,SEC22B2P,transcribed_unprocessed_pseudogene,1,"SEC22 homolog B2, pseudogene [Source:HGNC Symbol;Acc:HGNC:53890]"
ENSG00000274963,RN7SL600P,misc_RNA,1,"RNA, 7SL, cytoplasmic 600, pseudogene [Source:HGNC Symbol;Acc:HGNC:46616]"
ENSG00000275140,SEC22B3P,transcribed_unprocessed_pseudogene,1,"SEC22 homolog B3, pseudogene [Source:HGNC Symbol;Acc:HGNC:53891]"
ENSG00000275229,RNU1-68P,snRNA,1,"RNA, U1 small nuclear 68, pseudogene [Source:HGNC Symbol;Acc:HGNC:48410]"
ENSG00000276103,U4,snRNA,1,U4 spliceosomal RNA [Source:RFAM;Acc:RF00015]
ENSG00000276110,,lncRNA,1,"novel transcript, antisense to CA14"
ENSG00000277147,LINC00869,transcribed_unprocessed_pseudogene,1,long intergenic non-protein coding RNA 869 [Source:HGNC Symbol;Acc:HGNC:29050]
ENSG00000277452,RN7SL473P,misc_RNA,1,"RNA, 7SL, cytoplasmic 473, pseudogene [Source:HGNC Symbol;Acc:HGNC:46489]"
ENSG00000278596,MIR6077,miRNA,1,microRNA 6077 [Source:HGNC Symbol;Acc:HGNC:50025]
ENSG00000280649,,TEC,1,TEC
ENSG00000283676,MIR5087,miRNA,1,microRNA 5087 [Source:HGNC Symbol;Acc:HGNC:43480]
ENSG00000283933,MIR6878,miRNA,1,microRNA 6878 [Source:HGNC Symbol;Acc:HGNC:50269]
ENSG00000143363,PRUNE1,protein_coding,1,prune exopolyphosphatase 1 [Source:HGNC Symbol;Acc:HGNC:13420]
ENSG00000143365,RORC,protein_coding,1,RAR related orphan receptor C [Source:HGNC Symbol;Acc:HGNC:10260]
ENSG00000143367,TUFT1,protein_coding,1,tuftelin 1 [Source:HGNC Symbol;Acc:HGNC:12422]
ENSG00000143373,ZNF687,protein_coding,1,zinc finger protein 687 [Source:HGNC Symbol;Acc:HGNC:29277]
ENSG00000143375,CGN,protein_coding,1,cingulin [Source:HGNC Symbol;Acc:HGNC:17429]
ENSG00000143376,SNX27,protein_coding,1,sorting nexin 27 [Source:HGNC Symbol;Acc:HGNC:20073]
ENSG00000143379,SETDB1,protein_coding,1,SET domain bifurcated histone lysine methyltransferase 1 [Source:HGNC Symbol;Acc:HGNC:10761]
ENSG00000143390,RFX5,protein_coding,1,regulatory factor X5 [Source:HGNC Symbol;Acc:HGNC:9986]
ENSG00000143393,PI4KB,protein_coding,1,phosphatidylinositol 4-kinase beta [Source:HGNC Symbol;Acc:HGNC:8984]
ENSG00000143398,PIP5K1A,protein_coding,1,phosphatidylinositol-4-phosphate 5-kinase type 1 alpha [Source:HGNC Symbol;Acc:HGNC:8994]
ENSG00000143409,MINDY1,protein_coding,1,MINDY lysine 48 deubiquitinase 1 [Source:HGNC Symbol;Acc:HGNC:25648]
ENSG00000143412,ANXA9,protein_coding,1,annexin A9 [Source:HGNC Symbol;Acc:HGNC:547]
ENSG00000143416,SELENBP1,protein_coding,1,selenium binding protein 1 [Source:HGNC Symbol;Acc:HGNC:10719]
ENSG00000143418,CERS2,protein_coding,1,ceramide synthase 2 [Source:HGNC Symbol;Acc:HGNC:14076]
ENSG00000143434,SEMA6C,protein_coding,1,semaphorin 6C [Source:HGNC Symbol;Acc:HGNC:10740]
ENSG00000143436,MRPL9,protein_coding,1,mitochondrial ribosomal protein L9 [Source:HGNC Symbol;Acc:HGNC:14277]
ENSG00000143442,POGZ,protein_coding,1,pogo transposable element derived with ZNF domain [Source:HGNC Symbol;Acc:HGNC:18801]
ENSG00000143443,C1orf56,protein_coding,1,chromosome 1 open reading frame 56 [Source:HGNC Symbol;Acc:HGNC:26045]
ENSG00000143450,OAZ3,protein_coding,1,ornithine decarboxylase antizyme 3 [Source:HGNC Symbol;Acc:HGNC:8097]
ENSG00000143458,GABPB2,protein_coding,1,GA binding protein transcription factor subunit beta 2 [Source:HGNC Symbol;Acc:HGNC:28441]
ENSG00000143520,FLG2,protein_coding,1,filaggrin 2 [Source:HGNC Symbol;Acc:HGNC:33276]
ENSG00000143536,CRNN,protein_coding,1,cornulin [Source:HGNC Symbol;Acc:HGNC:1230]
ENSG00000143631,FLG,protein_coding,1,filaggrin [Source:HGNC Symbol;Acc:HGNC:3748]
ENSG00000159352,PSMD4,protein_coding,1,"proteasome 26S subunit ubiquitin receptor, non-ATPase 4 [Source:HGNC Symbol;Acc:HGNC:9561]"
ENSG00000159377,PSMB4,protein_coding,1,proteasome 20S subunit beta 4 [Source:HGNC Symbol;Acc:HGNC:9541]
ENSG00000159409,CELF3,protein_coding,1,CUGBP Elav-like family member 3 [Source:HGNC Symbol;Acc:HGNC:11967]
ENSG00000159445,THEM4,protein_coding,1,thioesterase superfamily member 4 [Source:HGNC Symbol;Acc:HGNC:17947]
ENSG00000159450,TCHH,protein_coding,1,trichohyalin [Source:HGNC Symbol;Acc:HGNC:11791]
ENSG00000159455,LCE2B,protein_coding,1,late cornified envelope 2B [Source:HGNC Symbol;Acc:HGNC:16610]
ENSG00000163141,BNIPL,protein_coding,1,BCL2 interacting protein like [Source:HGNC Symbol;Acc:HGNC:16976]
ENSG00000163154,TNFAIP8L2,protein_coding,1,TNF alpha induced protein 8 like 2 [Source:HGNC Symbol;Acc:HGNC:26277]
ENSG00000163155,LYSMD1,protein_coding,1,LysM domain containing 1 [Source:HGNC Symbol;Acc:HGNC:32070]
ENSG00000163156,SCNM1,protein_coding,1,sodium channel modifier 1 [Source:HGNC Symbol;Acc:HGNC:23136]
ENSG00000163157,TMOD4,protein_coding,1,tropomodulin 4 [Source:HGNC Symbol;Acc:HGNC:11874]
ENSG00000163159,VPS72,protein_coding,1,vacuolar protein sorting 72 homolog [Source:HGNC Symbol;Acc:HGNC:11644]
ENSG00000163191,S100A11,protein_coding,1,S100 calcium binding protein A11 [Source:HGNC Symbol;Acc:HGNC:10488]
ENSG00000163202,LCE3D,protein_coding,1,late cornified envelope 3D [Source:HGNC Symbol;Acc:HGNC:16615]
ENSG00000169509,CRCT1,protein_coding,1,cysteine rich C-terminal 1 [Source:HGNC Symbol;Acc:HGNC:29875]
ENSG00000178796,RIIAD1,protein_coding,1,regulatory subunit of type II PKA R-subunit domain containing 1 [Source:HGNC Symbol;Acc:HGNC:26686]
ENSG00000182134,TDRKH,protein_coding,1,tudor and KH domain containing [Source:HGNC Symbol;Acc:HGNC:11713]
ENSG00000182898,TCHHL1,protein_coding,1,trichohyalin like 1 [Source:HGNC Symbol;Acc:HGNC:31796]
ENSG00000183586,HMGN3P1,processed_pseudogene,1,high mobility group nucleosomal binding domain 3 pseudogene 1 [Source:HGNC Symbol;Acc:HGNC:39206]
ENSG00000185962,LCE3A,protein_coding,1,late cornified envelope 3A [Source:HGNC Symbol;Acc:HGNC:29461]
ENSG00000185966,LCE3E,protein_coding,1,late cornified envelope 3E [Source:HGNC Symbol;Acc:HGNC:29463]
ENSG00000186207,LCE5A,protein_coding,1,late cornified envelope 5A [Source:HGNC Symbol;Acc:HGNC:16614]
ENSG00000187173,LCE2A,protein_coding,1,late cornified envelope 2A [Source:HGNC Symbol;Acc:HGNC:29469]
ENSG00000187180,LCE2C,protein_coding,1,late cornified envelope 2C [Source:HGNC Symbol;Acc:HGNC:29460]
ENSG00000187223,LCE2D,protein_coding,1,late cornified envelope 2D [Source:HGNC Symbol;Acc:HGNC:16518]
ENSG00000187238,LCE3B,protein_coding,1,late cornified envelope 3B [Source:HGNC Symbol;Acc:HGNC:29462]
ENSG00000196407,THEM5,protein_coding,1,thioesterase superfamily member 5 [Source:HGNC Symbol;Acc:HGNC:26755]
ENSG00000197622,CDC42SE1,protein_coding,1,CDC42 small effector 1 [Source:HGNC Symbol;Acc:HGNC:17719]
ENSG00000197747,S100A10,protein_coding,1,S100 calcium binding protein A10 [Source:HGNC Symbol;Acc:HGNC:10487]
ENSG00000197915,HRNR,protein_coding,1,hornerin [Source:HGNC Symbol;Acc:HGNC:20846]
ENSG00000200175,RNU6-1309P,snRNA,1,"RNA, U6 small nuclear 1309, pseudogene [Source:HGNC Symbol;Acc:HGNC:48272]"
ENSG00000200759,RNU6-884P,snRNA,1,"RNA, U6 small nuclear 884, pseudogene [Source:HGNC Symbol;Acc:HGNC:47847]"
ENSG00000201134,Y_RNA,misc_RNA,1,Y RNA [Source:RFAM;Acc:RF00019]
ENSG00000203288,TDRKH-AS1,lncRNA,1,TDRKH antisense RNA 1 [Source:HGNC Symbol;Acc:HGNC:40578]
ENSG00000206635,RNU6-1062P,snRNA,1,"RNA, U6 small nuclear 1062, pseudogene [Source:HGNC Symbol;Acc:HGNC:48025]"
ENSG00000206980,RNU6-662P,snRNA,1,"RNA, U6 small nuclear 662, pseudogene [Source:HGNC Symbol;Acc:HGNC:47625]"
ENSG00000207606,MIR554,miRNA,1,microRNA 554 [Source:HGNC Symbol;Acc:HGNC:32810]
ENSG00000213171,LINGO4,protein_coding,1,leucine rich repeat and Ig domain containing 4 [Source:HGNC Symbol;Acc:HGNC:31814]
ENSG00000213190,MLLT11,protein_coding,1,MLLT11 transcription factor 7 cofactor [Source:HGNC Symbol;Acc:HGNC:16997]
ENSG00000215853,RPTN,protein_coding,1,repetin [Source:HGNC Symbol;Acc:HGNC:26809]
ENSG00000223810,KRT8P28,processed_pseudogene,1,keratin 8 pseudogene 28 [Source:HGNC Symbol;Acc:HGNC:33380]
ENSG00000223861,,processed_pseudogene,1,ribosomal protein S10 (RPS10) pseudogene
ENSG00000224645,,lncRNA,1,novel transcript
ENSG00000224800,RPS27AP6,transcribed_processed_pseudogene,1,RPS27A pseudogene 6 [Source:HGNC Symbol;Acc:HGNC:36236]
ENSG00000225556,C2CD4D,protein_coding,1,C2 calcium dependent domain containing 4D [Source:HGNC Symbol;Acc:HGNC:37210]
ENSG00000226716,,lncRNA,1,novel transcript
ENSG00000226947,LCEP4,transcribed_unprocessed_pseudogene,1,late cornified envelope pseudogene 4 [Source:HGNC Symbol;Acc:HGNC:31808]
ENSG00000227045,,lncRNA,1,novel transcript
ENSG00000229021,,lncRNA,1,novel transcript
ENSG00000229357,CYCSP51,processed_pseudogene,1,CYCS pseudogene 51 [Source:HGNC Symbol;Acc:HGNC:24383]
ENSG00000231073,,lncRNA,1,"novel transcript, antisense to CERS2"
ENSG00000232536,,lncRNA,1,novel transcript
ENSG00000232671,ZNF687-AS1,lncRNA,1,ZNF687 antisense RNA 1 [Source:HGNC Symbol;Acc:HGNC:54048]
ENSG00000232678,SPTLC1P4,transcribed_processed_pseudogene,1,serine palmitoyltransferase long chain base subunit 1 pseudogene 4 [Source:HGNC Symbol;Acc:HGNC:39671]
ENSG00000232937,,lncRNA,1,novel transcript
ENSG00000233717,RPS29P29,processed_pseudogene,1,ribosomal protein S29 pseudogene 29 [Source:HGNC Symbol;Acc:HGNC:52362]
ENSG00000233792,PUDPP2,transcribed_processed_pseudogene,1,pseudouridine 5'-phosphatase pseudogene 2 [Source:HGNC Symbol;Acc:HGNC:20195]
ENSG00000234614,C2CD4D-AS1,lncRNA,1,C2CD4D and THEM5 antisense RNA 1 [Source:HGNC Symbol;Acc:HGNC:54045]
ENSG00000236427,CCDST,lncRNA,1,cervical cancer associated DHX9 suppressive transcript [Source:HGNC Symbol;Acc:HGNC:55988]
ENSG00000236940,,processed_pseudogene,1,ribosomal protein S11 (RPS11) pseudogene
ENSG00000237976,RFX5-AS1,lncRNA,1,RFX5 antisense RNA 1 [Source:HGNC Symbol;Acc:HGNC:40503]
ENSG00000238711,RNY4P25,misc_RNA,1,RNY4 pseudogene 25 [Source:HGNC Symbol;Acc:HGNC:42475]
ENSG00000240667,NBPF18P,transcribed_unprocessed_pseudogene,1,"NBPF member 18, pseudogene [Source:HGNC Symbol;Acc:HGNC:31998]"
ENSG00000244057,LCE3C,protein_coding,1,late cornified envelope 3C [Source:HGNC Symbol;Acc:HGNC:16612]
ENSG00000249602,,lncRNA,1,novel transcript
ENSG00000250734,,lncRNA,1,"novel transcript, antisense to SNX27"
ENSG00000252840,,snoRNA,1,
ENSG00000259357,CERS2-AS1,lncRNA,1,CERS2 antisense RNA 1 [Source:HGNC Symbol;Acc:HGNC:58295]
ENSG00000261168,,lncRNA,1,"novel transcript, sense overlapping SEMA6C"
ENSG00000265753,RN7SL444P,misc_RNA,1,"RNA, 7SL, cytoplasmic 444, pseudogene [Source:HGNC Symbol;Acc:HGNC:46460]"
ENSG00000268288,,lncRNA,1,"novel transcript, antisense to OAZ3"
ENSG00000269489,,lncRNA,1,novel transcript
ENSG00000269621,,lncRNA,1,"novel transcript, antisense to MRPL9"
ENSG00000283324,CTXND2,protein_coding,1,cortexin domain containing 2 [Source:HGNC Symbol;Acc:HGNC:53440]
ENSG00000143543,JTB,protein_coding,1,jumping translocation breakpoint [Source:HGNC Symbol;Acc:HGNC:6201]
ENSG00000143545,RAB13,protein_coding,1,"RAB13, member RAS oncogene family [Source:HGNC Symbol;Acc:HGNC:9762]"
ENSG00000143546,S100A8,protein_coding,1,S100 calcium binding protein A8 [Source:HGNC Symbol;Acc:HGNC:10498]
ENSG00000143549,TPM3,protein_coding,1,tropomyosin 3 [Source:HGNC Symbol;Acc:HGNC:12012]
ENSG00000143552,NUP210L,protein_coding,1,nucleoporin 210 like [Source:HGNC Symbol;Acc:HGNC:29915]
ENSG00000143553,SNAPIN,protein_coding,1,SNAP associated protein [Source:HGNC Symbol;Acc:HGNC:17145]
ENSG00000143554,SLC27A3,protein_coding,1,solute carrier family 27 member 3 [Source:HGNC Symbol;Acc:HGNC:10997]
ENSG00000143556,S100A7,protein_coding,1,S100 calcium binding protein A7 [Source:HGNC Symbol;Acc:HGNC:10497]
ENSG00000143569,UBAP2L,protein_coding,1,ubiquitin associated protein 2 like [Source:HGNC Symbol;Acc:HGNC:29877]
ENSG00000143570,SLC39A1,protein_coding,1,solute carrier family 39 member 1 [Source:HGNC Symbol;Acc:HGNC:12876]
ENSG00000143578,CREB3L4,protein_coding,1,cAMP responsive element binding protein 3 like 4 [Source:HGNC Symbol;Acc:HGNC:18854]
ENSG00000143612,C1orf43,protein_coding,1,chromosome 1 open reading frame 43 [Source:HGNC Symbol;Acc:HGNC:29876]
ENSG00000143614,GATAD2B,protein_coding,1,GATA zinc finger domain containing 2B [Source:HGNC Symbol;Acc:HGNC:30778]
ENSG00000143621,ILF2,protein_coding,1,interleukin enhancer binding factor 2 [Source:HGNC Symbol;Acc:HGNC:6037]
ENSG00000143624,INTS3,protein_coding,1,integrator complex subunit 3 [Source:HGNC Symbol;Acc:HGNC:26153]
ENSG00000159516,SPRR2G,protein_coding,1,small proline rich protein 2G [Source:HGNC Symbol;Acc:HGNC:11267]
ENSG00000159527,PGLYRP3,protein_coding,1,peptidoglycan recognition protein 3 [Source:HGNC Symbol;Acc:HGNC:30014]
ENSG00000160678,S100A1,protein_coding,1,S100 calcium binding protein A1 [Source:HGNC Symbol;Acc:HGNC:10486]
ENSG00000160679,CHTOP,protein_coding,1,chromatin target of PRMT1 [Source:HGNC Symbol;Acc:HGNC:24511]
ENSG00000160741,CRTC2,protein_coding,1,CREB regulated transcription coactivator 2 [Source:HGNC Symbol;Acc:HGNC:27301]
ENSG00000163206,SMCP,protein_coding,1,sperm mitochondria associated cysteine rich protein [Source:HGNC Symbol;Acc:HGNC:6962]
ENSG00000163207,IVL,protein_coding,1,involucrin [Source:HGNC Symbol;Acc:HGNC:6187]
ENSG00000163209,SPRR3,protein_coding,1,small proline rich protein 3 [Source:HGNC Symbol;Acc:HGNC:11268]
ENSG00000163216,SPRR2D,protein_coding,1,small proline rich protein 2D [Source:HGNC Symbol;Acc:HGNC:11264]
ENSG00000163218,PGLYRP4,protein_coding,1,peptidoglycan recognition protein 4 [Source:HGNC Symbol;Acc:HGNC:30015]
ENSG00000163220,S100A9,protein_coding,1,S100 calcium binding protein A9 [Source:HGNC Symbol;Acc:HGNC:10499]
ENSG00000163221,S100A12,protein_coding,1,S100 calcium binding protein A12 [Source:HGNC Symbol;Acc:HGNC:10489]
ENSG00000163263,CFAP141,protein_coding,1,cilia and flagella associated protein 141 [Source:HGNC Symbol;Acc:HGNC:32305]
ENSG00000169418,NPR1,protein_coding,1,natriuretic peptide receptor 1 [Source:HGNC Symbol;Acc:HGNC:7943]
ENSG00000169469,SPRR1B,protein_coding,1,small proline rich protein 1B [Source:HGNC Symbol;Acc:HGNC:11260]
ENSG00000169474,SPRR1A,protein_coding,1,small proline rich protein 1A [Source:HGNC Symbol;Acc:HGNC:11259]
ENSG00000172155,LCE1D,protein_coding,1,late cornified envelope 1D [Source:HGNC Symbol;Acc:HGNC:29465]
ENSG00000177954,RPS27,protein_coding,1,ribosomal protein S27 [Source:HGNC Symbol;Acc:HGNC:10416]
ENSG00000184148,SPRR4,protein_coding,1,small proline rich protein 4 [Source:HGNC Symbol;Acc:HGNC:23173]
ENSG00000184330,S100A7A,protein_coding,1,S100 calcium binding protein A7A [Source:HGNC Symbol;Acc:HGNC:21657]
ENSG00000186226,LCE1E,protein_coding,1,late cornified envelope 1E [Source:HGNC Symbol;Acc:HGNC:29466]
ENSG00000186844,LCE1A,protein_coding,1,late cornified envelope 1A [Source:HGNC Symbol;Acc:HGNC:29459]
ENSG00000187170,LCE4A,protein_coding,1,late cornified envelope 4A [Source:HGNC Symbol;Acc:HGNC:16613]
ENSG00000188015,S100A3,protein_coding,1,S100 calcium binding protein A3 [Source:HGNC Symbol;Acc:HGNC:10493]
ENSG00000188643,S100A16,protein_coding,1,S100 calcium binding protein A16 [Source:HGNC Symbol;Acc:HGNC:20441]
ENSG00000189171,S100A13,protein_coding,1,S100 calcium binding protein A13 [Source:HGNC Symbol;Acc:HGNC:10490]
ENSG00000189334,S100A14,protein_coding,1,S100 calcium binding protein A14 [Source:HGNC Symbol;Acc:HGNC:18901]
ENSG00000196154,S100A4,protein_coding,1,S100 calcium binding protein A4 [Source:HGNC Symbol;Acc:HGNC:10494]
ENSG00000196420,S100A5,protein_coding,1,S100 calcium binding protein A5 [Source:HGNC Symbol;Acc:HGNC:10495]
ENSG00000196734,LCE1B,protein_coding,1,late cornified envelope 1B [Source:HGNC Symbol;Acc:HGNC:16611]
ENSG00000196754,S100A2,protein_coding,1,S100 calcium binding protein A2 [Source:HGNC Symbol;Acc:HGNC:10492]
ENSG00000196805,SPRR2B,protein_coding,1,small proline rich protein 2B [Source:HGNC Symbol;Acc:HGNC:11262]
ENSG00000197084,LCE1C,protein_coding,1,late cornified envelope 1C [Source:HGNC Symbol;Acc:HGNC:29464]
ENSG00000197364,S100A7L2,unprocessed_pseudogene,1,S100 calcium binding protein A7 like 2 [Source:HGNC Symbol;Acc:HGNC:21655]
ENSG00000197956,S100A6,protein_coding,1,S100 calcium binding protein A6 [Source:HGNC Symbol;Acc:HGNC:10496]
ENSG00000198837,DENND4B,protein_coding,1,DENN domain containing 4B [Source:HGNC Symbol;Acc:HGNC:29044]
ENSG00000198854,KPLCE,protein_coding,1,KPRP N-terminal and LCE C-terminal like protein [Source:HGNC Symbol;Acc:HGNC:29468]
ENSG00000199565,Y_RNA,misc_RNA,1,Y RNA [Source:RFAM;Acc:RF00019]
ENSG00000200220,RNU6-179P,snRNA,1,"RNA, U6 small nuclear 179, pseudogene [Source:HGNC Symbol;Acc:HGNC:47142]"
ENSG00000201129,SNORA58B,snoRNA,1,"small nucleolar RNA, H/ACA box 58B [Source:HGNC Symbol;Acc:HGNC:52208]"
ENSG00000203781,S100A7P1,unprocessed_pseudogene,1,S100 calcium binding protein A7 pseudogene 1 [Source:HGNC Symbol;Acc:HGNC:21654]
ENSG00000203782,LORICRIN,protein_coding,1,loricrin cornified envelope precursor protein [Source:HGNC Symbol;Acc:HGNC:6663]
ENSG00000203783,PRR9,protein_coding,1,proline rich 9 [Source:HGNC Symbol;Acc:HGNC:32057]
ENSG00000203784,LELP1,protein_coding,1,late cornified envelope like proline rich 1 [Source:HGNC Symbol;Acc:HGNC:32046]
ENSG00000203785,SPRR2E,protein_coding,1,small proline rich protein 2E [Source:HGNC Symbol;Acc:HGNC:11265]
ENSG00000203786,KPRP,protein_coding,1,keratinocyte proline rich protein [Source:HGNC Symbol;Acc:HGNC:31823]
ENSG00000207039,Y_RNA,misc_RNA,1,Y RNA [Source:RFAM;Acc:RF00019]
ENSG00000207321,RNU6-160P,snRNA,1,"RNA, U6 small nuclear 160, pseudogene [Source:HGNC Symbol;Acc:HGNC:47123]"
ENSG00000215938,MIR190B,miRNA,1,microRNA 190b [Source:HGNC Symbol;Acc:HGNC:33656]
ENSG00000223599,,processed_pseudogene,1,adipose differentiation-related protein (ADFP) pseudogene
ENSG00000224308,LINC01527,lncRNA,1,long intergenic non-protein coding RNA 1527 [Source:HGNC Symbol;Acc:HGNC:51266]
ENSG00000224784,S100A15A,processed_pseudogene,1,S100 calcium binding protein A15A (pseudogene) [Source:HGNC Symbol;Acc:HGNC:53871]
ENSG00000229035,SPRR2C,transcribed_unprocessed_pseudogene,1,small proline rich protein 2C (pseudogene) [Source:HGNC Symbol;Acc:HGNC:11263]
ENSG00000229699,,lncRNA,1,novel transcript
ENSG00000229713,LCEP2,unprocessed_pseudogene,1,late cornified envelope pseudogene 2 [Source:HGNC Symbol;Acc:HGNC:31807]
ENSG00000230779,RPLP0P4,processed_pseudogene,1,ribosomal protein lateral stalk subunit P0 pseudogene 4 [Source:HGNC Symbol;Acc:HGNC:36489]
ENSG00000231416,,processed_pseudogene,1,ribosomal protein L34 (RPL34) pseudogene
ENSG00000231827,,transcribed_unprocessed_pseudogene,1,"immunoglobulin superfamily, DCC subclass, member 3 (IGDCC3) pseudogene"
ENSG00000231837,RPS7P2,processed_pseudogene,1,ribosomal protein S7 pseudogene 2 [Source:HGNC Symbol;Acc:HGNC:36079]
ENSG00000233222,,lncRNA,1,novel transcript
ENSG00000233819,LCEP1,unprocessed_pseudogene,1,late cornified envelope pseudogene 1 [Source:HGNC Symbol;Acc:HGNC:31806]
ENSG00000234262,,transcribed_unprocessed_pseudogene,1,small proline-rich protein 3 (SPRR3) pseudogene
ENSG00000235015,GEMIN2P1,processed_pseudogene,1,gem nuclear organelle associated protein 2 pseudogene 1 [Source:HGNC Symbol;Acc:HGNC:49561]
ENSG00000235942,LCE6A,protein_coding,1,late cornified envelope 6A [Source:HGNC Symbol;Acc:HGNC:31824]
ENSG00000236327,,processed_pseudogene,1,ribosomal protein L30 (RPL30) pseudogene
ENSG00000237008,LAPTM4BP1,processed_pseudogene,1,lysosomal protein transmembrane 4 beta pseudogene 1 [Source:HGNC Symbol;Acc:HGNC:51934]
ENSG00000238279,,lncRNA,1,novel transcript
ENSG00000240386,LCE1F,protein_coding,1,late cornified envelope 1F [Source:HGNC Symbol;Acc:HGNC:29467]
ENSG00000241794,SPRR2A,protein_coding,1,small proline rich protein 2A [Source:HGNC Symbol;Acc:HGNC:11261]
ENSG00000242565,RN7SL372P,misc_RNA,1,"RNA, 7SL, cytoplasmic 372, pseudogene [Source:HGNC Symbol;Acc:HGNC:46388]"
ENSG00000243613,,lncRNA,1,novel transcript
ENSG00000244094,SPRR2F,protein_coding,1,small proline rich protein 2F [Source:HGNC Symbol;Acc:HGNC:11266]
ENSG00000252920,,snoRNA,1,
ENSG00000263841,RN7SL44P,misc_RNA,1,"RNA, 7SL, cytoplasmic 44, pseudogene [Source:HGNC Symbol;Acc:HGNC:46060]"
ENSG00000263987,MIR5698,miRNA,1,microRNA 5698 [Source:HGNC Symbol;Acc:HGNC:43487]
ENSG00000264384,RN7SL431P,misc_RNA,1,"RNA, 7SL, cytoplasmic 431, pseudogene [Source:HGNC Symbol;Acc:HGNC:46447]"
ENSG00000272654,JTB-DT,lncRNA,1,JTB divergent transcript [Source:HGNC Symbol;Acc:HGNC:56047]
ENSG00000273026,,lncRNA,1,"novel transcript, antisense to SLC39A1"
ENSG00000274940,MIR8083,miRNA,1,microRNA 8083 [Source:HGNC Symbol;Acc:HGNC:50211]
ENSG00000276584,MIR6737,miRNA,1,microRNA 6737 [Source:HGNC Symbol;Acc:HGNC:50273]
ENSG00000282386,,lncRNA,1,"novel transcript, antisense to SLC39A1"
ENSG00000283227,SPRR5,protein_coding,1,small proline rich protein 5 [Source:HGNC Symbol;Acc:HGNC:53428]
ENSG00000116521,SCAMP3,protein_coding,1,secretory carrier membrane protein 3 [Source:HGNC Symbol;Acc:HGNC:10565]
ENSG00000116539,ASH1L,protein_coding,1,ASH1 like histone lysine methyltransferase [Source:HGNC Symbol;Acc:HGNC:19088]
ENSG00000116580,GON4L,protein_coding,1,gon-4 like [Source:HGNC Symbol;Acc:HGNC:25973]
ENSG00000116584,ARHGEF2,protein_coding,1,Rho/Rac guanine nucleotide exchange factor 2 [Source:HGNC Symbol;Acc:HGNC:682]
ENSG00000116586,LAMTOR2,protein_coding,1,"late endosomal/lysosomal adaptor, MAPK and MTOR activator 2 [Source:HGNC Symbol;Acc:HGNC:29796]"
ENSG00000125459,MSTO1,protein_coding,1,misato mitochondrial distribution and morphology regulator 1 [Source:HGNC Symbol;Acc:HGNC:29678]
ENSG00000132676,DAP3,protein_coding,1,death associated protein 3 [Source:HGNC Symbol;Acc:HGNC:2673]
ENSG00000132680,KHDC4,protein_coding,1,"KH domain containing 4, pre-mRNA splicing factor [Source:HGNC Symbol;Acc:HGNC:29145]"
ENSG00000132718,SYT11,protein_coding,1,synaptotagmin 11 [Source:HGNC Symbol;Acc:HGNC:19239]
ENSG00000143515,ATP8B2,protein_coding,1,ATPase phospholipid transporting 8B2 [Source:HGNC Symbol;Acc:HGNC:13534]
ENSG00000143537,ADAM15,protein_coding,1,ADAM metallopeptidase domain 15 [Source:HGNC Symbol;Acc:HGNC:193]
ENSG00000143575,HAX1,protein_coding,1,HCLS1 associated protein X-1 [Source:HGNC Symbol;Acc:HGNC:16915]
ENSG00000143590,EFNA3,protein_coding,1,ephrin A3 [Source:HGNC Symbol;Acc:HGNC:3223]
ENSG00000143595,AQP10,protein_coding,1,aquaporin 10 [Source:HGNC Symbol;Acc:HGNC:16029]
ENSG00000143603,KCNN3,protein_coding,1,potassium calcium-activated channel subfamily N member 3 [Source:HGNC Symbol;Acc:HGNC:6292]
ENSG00000143622,RIT1,protein_coding,1,Ras like without CAAX 1 [Source:HGNC Symbol;Acc:HGNC:10023]
ENSG00000143627,PKLR,protein_coding,1,pyruvate kinase L/R [Source:HGNC Symbol;Acc:HGNC:9020]
ENSG00000143630,HCN3,protein_coding,1,hyperpolarization activated cyclic nucleotide gated potassium channel 3 [Source:HGNC Symbol;Acc:HGNC:19183]
ENSG00000160685,ZBTB7B,protein_coding,1,zinc finger and BTB domain containing 7B [Source:HGNC Symbol;Acc:HGNC:18668]
ENSG00000160688,FLAD1,protein_coding,1,flavin adenine dinucleotide synthetase 1 [Source:HGNC Symbol;Acc:HGNC:24671]
ENSG00000160691,SHC1,protein_coding,1,SHC adaptor protein 1 [Source:HGNC Symbol;Acc:HGNC:10840]
ENSG00000160710,ADAR,protein_coding,1,adenosine deaminase RNA specific [Source:HGNC Symbol;Acc:HGNC:225]
ENSG00000160712,IL6R,protein_coding,1,interleukin 6 receptor [Source:HGNC Symbol;Acc:HGNC:6019]
ENSG00000160714,UBE2Q1,protein_coding,1,ubiquitin conjugating enzyme E2 Q1 [Source:HGNC Symbol;Acc:HGNC:15698]
ENSG00000160716,CHRNB2,protein_coding,1,cholinergic receptor nicotinic beta 2 subunit [Source:HGNC Symbol;Acc:HGNC:1962]
ENSG00000160752,FDPS,protein_coding,1,farnesyl diphosphate synthase [Source:HGNC Symbol;Acc:HGNC:3631]
ENSG00000160753,RUSC1,protein_coding,1,RUN and SH3 domain containing 1 [Source:HGNC Symbol;Acc:HGNC:17153]
ENSG00000160766,GBA1LP,transcribed_unprocessed_pseudogene,1,"glucosylceramidase beta 1 like, pseudogene [Source:HGNC Symbol;Acc:HGNC:4178]"
ENSG00000160767,ENTREP3,protein_coding,1,endosomal transmembrane epsin interactor 3 [Source:HGNC Symbol;Acc:HGNC:1233]
ENSG00000160803,UBQLN4,protein_coding,1,ubiquilin 4 [Source:HGNC Symbol;Acc:HGNC:1237]
ENSG00000163239,TDRD10,protein_coding,1,tudor domain containing 10 [Source:HGNC Symbol;Acc:HGNC:25316]
ENSG00000163344,PMVK,protein_coding,1,phosphomevalonate kinase [Source:HGNC Symbol;Acc:HGNC:9141]
ENSG00000163346,PBXIP1,protein_coding,1,PBX homeobox interacting protein 1 [Source:HGNC Symbol;Acc:HGNC:21199]
ENSG00000163348,PYGO2,protein_coding,1,pygopus family PHD finger 2 [Source:HGNC Symbol;Acc:HGNC:30257]
ENSG00000163352,LENEP,protein_coding,1,lens epithelial protein [Source:HGNC Symbol;Acc:HGNC:14429]
ENSG00000163354,DCST2,protein_coding,1,DC-STAMP domain containing 2 [Source:HGNC Symbol;Acc:HGNC:26562]
ENSG00000163357,DCST1,protein_coding,1,DC-STAMP domain containing 1 [Source:HGNC Symbol;Acc:HGNC:26539]
ENSG00000163374,YY1AP1,protein_coding,1,YY1 associated protein 1 [Source:HGNC Symbol;Acc:HGNC:30935]
ENSG00000163462,TRIM46,protein_coding,1,tripartite motif containing 46 [Source:HGNC Symbol;Acc:HGNC:19019]
ENSG00000163463,KRTCAP2,protein_coding,1,keratinocyte associated protein 2 [Source:HGNC Symbol;Acc:HGNC:28942]
ENSG00000163479,SSR2,protein_coding,1,signal sequence receptor subunit 2 [Source:HGNC Symbol;Acc:HGNC:11324]
ENSG00000169231,THBS3,protein_coding,1,thrombospondin 3 [Source:HGNC Symbol;Acc:HGNC:11787]
ENSG00000169241,SLC50A1,protein_coding,1,solute carrier family 50 member 1 [Source:HGNC Symbol;Acc:HGNC:30657]
ENSG00000169242,EFNA1,protein_coding,1,ephrin A1 [Source:HGNC Symbol;Acc:HGNC:3221]
ENSG00000169291,SHE,protein_coding,1,Src homology 2 domain containing E [Source:HGNC Symbol;Acc:HGNC:27004]
ENSG00000173080,RXFP4,protein_coding,1,relaxin family peptide/INSL5 receptor 4 [Source:HGNC Symbol;Acc:HGNC:14666]
ENSG00000173171,MTX1,protein_coding,1,metaxin 1 [Source:HGNC Symbol;Acc:HGNC:7504]
ENSG00000173207,CKS1B,protein_coding,1,CDC28 protein kinase regulatory subunit 1B [Source:HGNC Symbol;Acc:HGNC:19083]
ENSG00000176444,CLK2,protein_coding,1,CDC like kinase 2 [Source:HGNC Symbol;Acc:HGNC:2069]
ENSG00000177628,GBA1,protein_coding,1,glucosylceramidase beta 1 [Source:HGNC Symbol;Acc:HGNC:4177]
ENSG00000179085,DPM3,protein_coding,1,"dolichyl-phosphate mannosyltransferase subunit 3, regulatory [Source:HGNC Symbol;Acc:HGNC:3007]"
ENSG00000185499,MUC1,protein_coding,1,"mucin 1, cell surface associated [Source:HGNC Symbol;Acc:HGNC:7508]"
ENSG00000202027,Y_RNA,misc_RNA,1,Y RNA [Source:RFAM;Acc:RF00019]
ENSG00000203761,MSTO2P,transcribed_unprocessed_pseudogene,1,"misato family member 2, pseudogene [Source:HGNC Symbol;Acc:HGNC:26329]"
ENSG00000207134,RNU6-106P,snRNA,1,"RNA, U6 small nuclear 106, pseudogene [Source:HGNC Symbol;Acc:HGNC:47069]"
ENSG00000207144,RNU6-1297P,snRNA,1,"RNA, U6 small nuclear 1297, pseudogene [Source:HGNC Symbol;Acc:HGNC:48260]"
ENSG00000207475,SNORA80E,snoRNA,1,"small nucleolar RNA, H/ACA box 80E [Source:HGNC Symbol;Acc:HGNC:32635]"
ENSG00000212292,RNU6-239P,snRNA,1,"RNA, U6 small nuclear 239, pseudogene [Source:HGNC Symbol;Acc:HGNC:47202]"
ENSG00000222457,RNU6-121P,snRNA,1,"RNA, U6 small nuclear 121, pseudogene [Source:HGNC Symbol;Acc:HGNC:47084]"
ENSG00000223452,HMGN2P18,processed_pseudogene,1,high mobility group nucleosomal binding domain 2 pseudogene 18 [Source:HGNC Symbol;Acc:HGNC:39382]
ENSG00000223503,,processed_pseudogene,1,claudin 6 (CLDN6) pseudogene
ENSG00000224276,ARHGEF2-AS1,lncRNA,1,ARHGEF2 antisense RNA 1 [Source:HGNC Symbol;Acc:HGNC:40082]
ENSG00000225082,DAP3P1,unprocessed_pseudogene,1,death associated protein 3 pseudogene 1 [Source:HGNC Symbol;Acc:HGNC:17624]
ENSG00000225855,RUSC1-AS1,lncRNA,1,RUSC1 antisense RNA 1 [Source:HGNC Symbol;Acc:HGNC:26680]
ENSG00000226855,RPSAP17,processed_pseudogene,1,ribosomal protein SA pseudogene 17 [Source:HGNC Symbol;Acc:HGNC:35707]
ENSG00000227673,,lncRNA,1,"novel transcript, antisense to DAP3"
ENSG00000227773,ASH1L-IT1,lncRNA,1,ASH1L intronic transcript 1 [Source:HGNC Symbol;Acc:HGNC:41449]
ENSG00000228013,IL6R-AS1,lncRNA,1,IL6R antisense RNA 1 [Source:HGNC Symbol;Acc:HGNC:53716]
ENSG00000228264,PSMD8P1,processed_pseudogene,1,"proteasome 26S subunit, non-ATPase, 8 pseudogene 1 [Source:HGNC Symbol;Acc:HGNC:34013]"
ENSG00000229780,UBE2Q1-AS1,lncRNA,1,UBE2Q1 antisense RNA 1 [Source:HGNC Symbol;Acc:HGNC:40722]
ENSG00000231064,THBS3-AS1,lncRNA,1,THBS3 antisense RNA 1 [Source:HGNC Symbol;Acc:HGNC:40582]
ENSG00000232093,DCST1-AS1,lncRNA,1,DCST1 antisense RNA 1 [Source:HGNC Symbol;Acc:HGNC:41147]
ENSG00000232519,,lncRNA,1,"novel transcript, antisense to MSTO1"
ENSG00000233875,,lncRNA,1,novel transcript
ENSG00000234937,,processed_pseudogene,1,"proteasome (prosome, macropain) 26S subunit, non-ATPase, 7 (Mov34 homolog) (PSMD7) pseudogene"
ENSG00000235919,ASH1L-AS1,lncRNA,1,ASH1L antisense RNA 1 [Source:HGNC Symbol;Acc:HGNC:44146]
ENSG00000236675,MTX1LP,transcribed_unprocessed_pseudogene,1,"metaxin 1 like, pseudogene [Source:HGNC Symbol;Acc:HGNC:7505]"
ENSG00000237872,POU5F1P4,processed_pseudogene,1,POU class 5 homeobox 1 pseudogene 4 [Source:HGNC Symbol;Acc:HGNC:33310]
ENSG00000237920,,unprocessed_pseudogene,1,mitochondrial ribosomal protein S33 (MRPS33) pseudogene
ENSG00000238365,RNU7-57P,snRNA,1,"RNA, U7 small nuclear 57 pseudogene [Source:HGNC Symbol;Acc:HGNC:34153]"
ENSG00000243364,EFNA4,protein_coding,1,ephrin A4 [Source:HGNC Symbol;Acc:HGNC:3224]
ENSG00000251246,EFNA4-EFNA3,protein_coding,1,EFNA4-EFNA3 readthrough [Source:NCBI gene (formerly Entrezgene);Acc:125467750]
ENSG00000252682,,snoRNA,1,
ENSG00000264349,MIR4258,miRNA,1,microRNA 4258 [Source:HGNC Symbol;Acc:HGNC:38281]
ENSG00000268154,Metazoa_SRP,misc_RNA,1,Metazoan signal recognition particle RNA [Source:RFAM;Acc:RF00017]
ENSG00000270361,,lncRNA,1,novel transcript
ENSG00000271267,,processed_pseudogene,1,"ATP synthase, H+ transporting, mitochondrial Fo complex, subunit F2 (ATP5J2) pseudogene"
ENSG00000271380,PYGO2-AS1,lncRNA,1,PYGO2 and SHC1 antisense RNA 1 [Source:HGNC Symbol;Acc:HGNC:55250]
ENSG00000273002,ARHGEF2-AS2,lncRNA,1,ARHGEF2 antisense RNA 2 [Source:HGNC Symbol;Acc:HGNC:55175]
ENSG00000273088,,protein_coding,1,novel protein
ENSG00000273110,,lncRNA,1,"novel transcript, antisense to SHE"
ENSG00000277817,MIR6738,miRNA,1,microRNA 6738 [Source:HGNC Symbol;Acc:HGNC:49939]
ENSG00000278694,,unprocessed_pseudogene,1,aquaporin 10 (AQP10) pseudogene
ENSG00000280466,SCARNA4,scaRNA,1,small Cajal body-specific RNA 4 [Source:HGNC Symbol;Acc:HGNC:32560]
ENSG00000281394,SCARNA4,scaRNA,1,small Cajal body-specific RNA 4 [Source:HGNC Symbol;Acc:HGNC:32560]
ENSG00000283442,U4,snRNA,1,U4 spliceosomal RNA [Source:RFAM;Acc:RF00015]
ENSG00000283701,MIR555,miRNA,1,microRNA 555 [Source:HGNC Symbol;Acc:HGNC:32811]
ENSG00000284586,MIR92B,miRNA,1,microRNA 92b [Source:HGNC Symbol;Acc:HGNC:32920]
ENSG00000027644,INSRR,protein_coding,1,insulin receptor related receptor [Source:HGNC Symbol;Acc:HGNC:6093]
ENSG00000027869,SH2D2A,protein_coding,1,SH2 domain containing 2A [Source:HGNC Symbol;Acc:HGNC:10821]
ENSG00000073754,CD5L,protein_coding,1,CD5 molecule like [Source:HGNC Symbol;Acc:HGNC:1690]
ENSG00000116604,MEF2D,protein_coding,1,myocyte enhancer factor 2D [Source:HGNC Symbol;Acc:HGNC:6997]
ENSG00000117036,ETV3,protein_coding,1,ETS variant transcription factor 3 [Source:HGNC Symbol;Acc:HGNC:3492]
ENSG00000125462,MIR9-1HG,lncRNA,1,MIR9-1 host gene [Source:HGNC Symbol;Acc:HGNC:30780]
ENSG00000132677,RHBG,protein_coding,1,Rh family B glycoprotein [Source:HGNC Symbol;Acc:HGNC:14572]
ENSG00000132688,NES,protein_coding,1,nestin [Source:HGNC Symbol;Acc:HGNC:7756]
ENSG00000132692,BCAN,protein_coding,1,brevican [Source:HGNC Symbol;Acc:HGNC:23059]
ENSG00000132694,ARHGEF11,protein_coding,1,Rho guanine nucleotide exchange factor 11 [Source:HGNC Symbol;Acc:HGNC:14580]
ENSG00000132698,RAB25,protein_coding,1,"RAB25, member RAS oncogene family [Source:HGNC Symbol;Acc:HGNC:18238]"
ENSG00000132702,HAPLN2,protein_coding,1,hyaluronan and proteoglycan link protein 2 [Source:HGNC Symbol;Acc:HGNC:17410]
ENSG00000132704,FCRL2,protein_coding,1,Fc receptor like 2 [Source:HGNC Symbol;Acc:HGNC:14875]
ENSG00000143294,PRCC,protein_coding,1,proline rich mitotic checkpoint control factor [Source:HGNC Symbol;Acc:HGNC:9343]
ENSG00000143297,FCRL5,protein_coding,1,Fc receptor like 5 [Source:HGNC Symbol;Acc:HGNC:18508]
ENSG00000143303,METTL25B,protein_coding,1,methyltransferase like 25B [Source:HGNC Symbol;Acc:HGNC:24273]
ENSG00000143314,MRPL24,protein_coding,1,mitochondrial ribosomal protein L24 [Source:HGNC Symbol;Acc:HGNC:14037]
ENSG00000143319,ISG20L2,protein_coding,1,interferon stimulated exonuclease gene 20 like 2 [Source:HGNC Symbol;Acc:HGNC:25745]
ENSG00000143320,CRABP2,protein_coding,1,cellular retinoic acid binding protein 2 [Source:HGNC Symbol;Acc:HGNC:2339]
ENSG00000143321,HDGF,protein_coding,1,heparin binding growth factor [Source:HGNC Symbol;Acc:HGNC:4856]
ENSG00000158473,CD1D,protein_coding,1,CD1d molecule [Source:HGNC Symbol;Acc:HGNC:1637]
ENSG00000158477,CD1A,protein_coding,1,CD1a molecule [Source:HGNC Symbol;Acc:HGNC:1634]
ENSG00000158481,CD1C,protein_coding,1,CD1c molecule [Source:HGNC Symbol;Acc:HGNC:1636]
ENSG00000158485,CD1B,protein_coding,1,CD1b molecule [Source:HGNC Symbol;Acc:HGNC:1635]
ENSG00000158488,CD1E,protein_coding,1,CD1e molecule [Source:HGNC Symbol;Acc:HGNC:1638]
ENSG00000160781,PAQR6,protein_coding,1,progestin and adipoQ receptor family member 6 [Source:HGNC Symbol;Acc:HGNC:30132]
ENSG00000160783,PMF1,protein_coding,1,polyamine modulated factor 1 [Source:HGNC Symbol;Acc:HGNC:9112]
ENSG00000160785,SLC25A44,protein_coding,1,solute carrier family 25 member 44 [Source:HGNC Symbol;Acc:HGNC:29036]
ENSG00000160789,LMNA,protein_coding,1,lamin A/C [Source:HGNC Symbol;Acc:HGNC:6636]
ENSG00000160818,GPATCH4,protein_coding,1,G-patch domain containing 4 (gene/pseudogene) [Source:HGNC Symbol;Acc:HGNC:25982]
ENSG00000160838,LRRC71,protein_coding,1,leucine rich repeat containing 71 [Source:HGNC Symbol;Acc:HGNC:26556]
ENSG00000160856,FCRL3,protein_coding,1,Fc receptor like 3 [Source:HGNC Symbol;Acc:HGNC:18506]
ENSG00000163382,NAXE,protein_coding,1,NAD(P)HX epimerase [Source:HGNC Symbol;Acc:HGNC:18453]
ENSG00000163467,TSACC,protein_coding,1,TSSK6 activating cochaperone [Source:HGNC Symbol;Acc:HGNC:30636]
ENSG00000163468,CCT3,protein_coding,1,chaperonin containing TCP1 subunit 3 [Source:HGNC Symbol;Acc:HGNC:1616]
ENSG00000163472,TMEM79,protein_coding,1,transmembrane protein 79 [Source:HGNC Symbol;Acc:HGNC:28196]
ENSG00000163518,FCRL4,protein_coding,1,Fc receptor like 4 [Source:HGNC Symbol;Acc:HGNC:18507]
ENSG00000163534,FCRL1,protein_coding,1,Fc receptor like 1 [Source:HGNC Symbol;Acc:HGNC:18509]
ENSG00000173285,OR10K1,protein_coding,1,olfactory receptor family 10 subfamily K member 1 [Source:HGNC Symbol;Acc:HGNC:14693]
ENSG00000176320,,lncRNA,1,novel transcript
ENSG00000180708,OR10K2,protein_coding,1,olfactory receptor family 10 subfamily K member 2 [Source:HGNC Symbol;Acc:HGNC:14826]
ENSG00000183853,KIRREL1,protein_coding,1,kirre like nephrin family adhesion molecule 1 [Source:HGNC Symbol;Acc:HGNC:15734]
ENSG00000183856,IQGAP3,protein_coding,1,IQ motif containing GTPase activating protein 3 [Source:HGNC Symbol;Acc:HGNC:20669]
ENSG00000186306,OR10T2,protein_coding,1,olfactory receptor family 10 subfamily T member 2 [Source:HGNC Symbol;Acc:HGNC:14816]
ENSG00000186440,OR6P1,protein_coding,1,olfactory receptor family 6 subfamily P member 1 [Source:HGNC Symbol;Acc:HGNC:15036]
ENSG00000187800,PEAR1,protein_coding,1,platelet endothelial aggregation receptor 1 [Source:HGNC Symbol;Acc:HGNC:33631]
ENSG00000187862,TTC24,protein_coding,1,tetratricopeptide repeat domain 24 [Source:HGNC Symbol;Acc:HGNC:32348]
ENSG00000189030,VHLL,protein_coding,1,VHL like [Source:HGNC Symbol;Acc:HGNC:30666]
ENSG00000196189,SEMA4A,protein_coding,1,semaphorin 4A [Source:HGNC Symbol;Acc:HGNC:10729]
ENSG00000197532,OR6Y1,protein_coding,1,olfactory receptor family 6 subfamily Y member 1 [Source:HGNC Symbol;Acc:HGNC:14823]
ENSG00000198400,NTRK1,protein_coding,1,neurotrophic receptor tyrosine kinase 1 [Source:HGNC Symbol;Acc:HGNC:8031]
ENSG00000198703,OR10R3P,unprocessed_pseudogene,1,olfactory receptor family 10 subfamily R member 3 pseudogene [Source:HGNC Symbol;Acc:HGNC:14829]
ENSG00000198715,GLMP,protein_coding,1,glycosylated lysosomal membrane protein [Source:HGNC Symbol;Acc:HGNC:29436]
ENSG00000198952,SMG5,protein_coding,1,SMG5 nonsense mediated mRNA decay factor [Source:HGNC Symbol;Acc:HGNC:24644]
ENSG00000198965,OR10R2,protein_coding,1,olfactory receptor family 10 subfamily R member 2 [Source:HGNC Symbol;Acc:HGNC:14820]
ENSG00000198967,OR10Z1,protein_coding,1,olfactory receptor family 10 subfamily Z member 1 [Source:HGNC Symbol;Acc:HGNC:14996]
ENSG00000203758,OR10T1P,unprocessed_pseudogene,1,olfactory receptor family 10 subfamily T member 1 pseudogene [Source:HGNC Symbol;Acc:HGNC:14812]
ENSG00000206651,Y_RNA,misc_RNA,1,Y RNA [Source:RFAM;Acc:RF00019]
ENSG00000207933,MIR9-1,miRNA,1,microRNA 9-1 [Source:HGNC Symbol;Acc:HGNC:31641]
ENSG00000211581,MIR765,miRNA,1,microRNA 765 [Source:HGNC Symbol;Acc:HGNC:33141]
ENSG00000223356,,lncRNA,1,novel transcript
ENSG00000224520,KRT8P45,processed_pseudogene,1,keratin 8 pseudogene 45 [Source:HGNC Symbol;Acc:HGNC:39879]
ENSG00000226520,KIRREL1-IT1,lncRNA,1,KIRREL1 intronic transcript 1 [Source:HGNC Symbol;Acc:HGNC:41412]
ENSG00000227217,FCRL3-AS1,lncRNA,1,FCRL3 antisense RNA 1 [Source:HGNC Symbol;Acc:HGNC:40842]
ENSG00000227295,ELL2P1,processed_pseudogene,1,elongation factor for RNA polymerase II 2 pseudogene 1 [Source:HGNC Symbol;Acc:HGNC:39343]
ENSG00000227425,MRPS21P2,processed_pseudogene,1,mitochondrial ribosomal protein S21 pseudogene 2 [Source:HGNC Symbol;Acc:HGNC:29749]
ENSG00000227445,OR10R1P,unprocessed_pseudogene,1,olfactory receptor family 10 subfamily R member 1 pseudogene [Source:HGNC Symbol;Acc:HGNC:14813]
ENSG00000228239,,lncRNA,1,novel transcript
ENSG00000229914,,processed_pseudogene,1,ribosomal protein S10 (RPS10) pseudogene
ENSG00000229953,BCAN-AS2,lncRNA,1,BCAN antisense RNA 2 [Source:HGNC Symbol;Acc:HGNC:56267]
ENSG00000229961,,transcribed_unprocessed_pseudogene,1,novel SLAM family member pseudogene
ENSG00000230942,HMGN1P5,processed_pseudogene,1,high mobility group nucleosome binding domain 1 pseudogene 5 [Source:HGNC Symbol;Acc:HGNC:39348]
ENSG00000231434,HSP90AA3P,processed_pseudogene,1,"heat shock protein 90 alpha family class A member 3, pseudogene [Source:HGNC Symbol;Acc:HGNC:5254]"
ENSG00000231666,LINC01704,lncRNA,1,long intergenic non-protein coding RNA 1704 [Source:HGNC Symbol;Acc:HGNC:52492]
ENSG00000231700,,processed_pseudogene,1,pseudogene similar to part of SON DNA binding protein (SON)
ENSG00000232366,VDAC1P9,processed_pseudogene,1,voltage dependent anion channel 1 pseudogene 9 [Source:HGNC Symbol;Acc:HGNC:37484]
ENSG00000233712,,transcribed_unprocessed_pseudogene,1,pseudogene similar to part of Fc receptor-like protein
ENSG00000235700,CYCSP52,processed_pseudogene,1,CYCS pseudogene 52 [Source:HGNC Symbol;Acc:HGNC:24393]
ENSG00000236257,EI24P2,processed_pseudogene,1,EI24 pseudogene 2 [Source:HGNC Symbol;Acc:HGNC:44587]
ENSG00000236656,,lncRNA,1,novel transcript
ENSG00000236731,,transcribed_unprocessed_pseudogene,1,pseudogene similar to part of Fc receptor-like protein
ENSG00000236957,,transcribed_unprocessed_pseudogene,1,pseudogene similar to part of a immunoglobulin receptor-like protein
ENSG00000237390,,lncRNA,1,novel transcript
ENSG00000237588,,lncRNA,1,novel transcript
ENSG00000237842,SMU1P1,processed_pseudogene,1,SMU1 pseudogene 1 [Source:HGNC Symbol;Acc:HGNC:54527]
ENSG00000242252,BGLAP,protein_coding,1,bone gamma-carboxyglutamate protein [Source:HGNC Symbol;Acc:HGNC:1043]
ENSG00000252236,,snoRNA,1,
ENSG00000253831,ETV3L,protein_coding,1,ETS variant transcription factor 3 like [Source:HGNC Symbol;Acc:HGNC:33834]
ENSG00000254726,MEX3A,protein_coding,1,mex-3 RNA binding family member A [Source:HGNC Symbol;Acc:HGNC:33482]
ENSG00000260238,PMF1-BGLAP,protein_coding,1,PMF1-BGLAP readthrough [Source:HGNC Symbol;Acc:HGNC:42953]
ENSG00000260460,,lncRNA,1,novel transcript
ENSG00000266160,RN7SL612P,misc_RNA,1,"RNA, 7SL, cytoplasmic 612, pseudogene [Source:HGNC Symbol;Acc:HGNC:46628]"
ENSG00000271736,LINC02772,lncRNA,1,long intergenic non-protein coding RNA 2772 [Source:HGNC Symbol;Acc:HGNC:54292]
ENSG00000272068,BCAN-AS1,lncRNA,1,BCAN antisense RNA 1 [Source:HGNC Symbol;Acc:HGNC:55233]
ENSG00000272405,,lncRNA,1,"novel transcript, antisense to BCAN"
ENSG00000279111,OR10X1,protein_coding,1,olfactory receptor family 10 subfamily X member 1 [Source:HGNC Symbol;Acc:HGNC:14995]
ENSG00000284592,,unprocessed_pseudogene,1,novel SLAM family member pseudogene
ENSG00000018625,ATP1A2,protein_coding,1,ATPase Na+/K+ transporting subunit alpha 2 [Source:HGNC Symbol;Acc:HGNC:800]
ENSG00000026751,SLAMF7,protein_coding,1,SLAM family member 7 [Source:HGNC Symbol;Acc:HGNC:21394]
ENSG00000066294,CD84,protein_coding,1,CD84 molecule [Source:HGNC Symbol;Acc:HGNC:1704]
ENSG00000085552,IGSF9,protein_coding,1,immunoglobulin superfamily member 9 [Source:HGNC Symbol;Acc:HGNC:18132]
ENSG00000117090,SLAMF1,protein_coding,1,signaling lymphocytic activation molecule family member 1 [Source:HGNC Symbol;Acc:HGNC:10903]
ENSG00000117091,CD48,protein_coding,1,CD48 molecule [Source:HGNC Symbol;Acc:HGNC:1683]
ENSG00000122218,COPA,protein_coding,1,COPI coat complex subunit alpha [Source:HGNC Symbol;Acc:HGNC:2230]
ENSG00000122223,CD244,protein_coding,1,CD244 molecule [Source:HGNC Symbol;Acc:HGNC:18171]
ENSG00000122224,LY9,protein_coding,1,lymphocyte antigen 9 [Source:HGNC Symbol;Acc:HGNC:6730]
ENSG00000132681,ATP1A4,protein_coding,1,ATPase Na+/K+ transporting subunit alpha 4 [Source:HGNC Symbol;Acc:HGNC:14073]
ENSG00000132693,CRP,protein_coding,1,C-reactive protein [Source:HGNC Symbol;Acc:HGNC:2367]
ENSG00000132703,APCS,protein_coding,1,"amyloid P component, serum [Source:HGNC Symbol;Acc:HGNC:584]"
ENSG00000132716,DCAF8,protein_coding,1,DDB1 and CUL4 associated factor 8 [Source:HGNC Symbol;Acc:HGNC:24891]
ENSG00000143315,PIGM,protein_coding,1,phosphatidylinositol glycan anchor biosynthesis class M [Source:HGNC Symbol;Acc:HGNC:18858]
ENSG00000143318,CASQ1,protein_coding,1,calsequestrin 1 [Source:HGNC Symbol;Acc:HGNC:1512]
ENSG00000158710,TAGLN2,protein_coding,1,transgelin 2 [Source:HGNC Symbol;Acc:HGNC:11554]
ENSG00000158714,SLAMF8,protein_coding,1,SLAM family member 8 [Source:HGNC Symbol;Acc:HGNC:21391]
ENSG00000158716,DUSP23,protein_coding,1,dual specificity phosphatase 23 [Source:HGNC Symbol;Acc:HGNC:21480]
ENSG00000158731,OR10J6P,unprocessed_pseudogene,1,olfactory receptor family 10 subfamily J member 6 pseudogene [Source:HGNC Symbol;Acc:HGNC:14994]
ENSG00000158764,ITLN2,protein_coding,1,intelectin 2 [Source:HGNC Symbol;Acc:HGNC:20599]
ENSG00000162706,CADM3,protein_coding,1,cell adhesion molecule 3 [Source:HGNC Symbol;Acc:HGNC:17601]
ENSG00000162723,SLAMF9,protein_coding,1,SLAM family member 9 [Source:HGNC Symbol;Acc:HGNC:18430]
ENSG00000162728,KCNJ9,protein_coding,1,potassium inwardly rectifying channel subfamily J member 9 [Source:HGNC Symbol;Acc:HGNC:6270]
ENSG00000162729,IGSF8,protein_coding,1,immunoglobulin superfamily member 8 [Source:HGNC Symbol;Acc:HGNC:17813]
ENSG00000162734,PEA15,protein_coding,1,proliferation and apoptosis adaptor protein 15 [Source:HGNC Symbol;Acc:HGNC:8822]
ENSG00000162735,PEX19,protein_coding,1,peroxisomal biogenesis factor 19 [Source:HGNC Symbol;Acc:HGNC:9713]
ENSG00000162736,NCSTN,protein_coding,1,nicastrin [Source:HGNC Symbol;Acc:HGNC:17091]
ENSG00000162738,VANGL2,protein_coding,1,VANGL planar cell polarity protein 2 [Source:HGNC Symbol;Acc:HGNC:15511]
ENSG00000162739,SLAMF6,protein_coding,1,SLAM family member 6 [Source:HGNC Symbol;Acc:HGNC:21392]
ENSG00000163554,SPTA1,protein_coding,1,"spectrin alpha, erythrocytic 1 [Source:HGNC Symbol;Acc:HGNC:11272]"
ENSG00000163563,MNDA,protein_coding,1,myeloid cell nuclear differentiation antigen [Source:HGNC Symbol;Acc:HGNC:7183]
ENSG00000163564,PYHIN1,protein_coding,1,pyrin and HIN domain family member 1 [Source:HGNC Symbol;Acc:HGNC:28894]
ENSG00000163565,IFI16,protein_coding,1,interferon gamma inducible protein 16 [Source:HGNC Symbol;Acc:HGNC:5395]
ENSG00000163568,AIM2,protein_coding,1,absent in melanoma 2 [Source:HGNC Symbol;Acc:HGNC:357]
ENSG00000171786,NHLH1,protein_coding,1,nescient helix-loop-helix 1 [Source:HGNC Symbol;Acc:HGNC:7817]
ENSG00000177807,KCNJ10,protein_coding,1,potassium inwardly rectifying channel subfamily J member 10 [Source:HGNC Symbol;Acc:HGNC:6256]
ENSG00000179639,FCER1A,protein_coding,1,Fc epsilon receptor Ia [Source:HGNC Symbol;Acc:HGNC:3609]
ENSG00000179914,ITLN1,protein_coding,1,intelectin 1 [Source:HGNC Symbol;Acc:HGNC:18259]
ENSG00000180409,OR10AA1P,unprocessed_pseudogene,1,olfactory receptor family 10 subfamily AA member 1 pseudogene [Source:HGNC Symbol;Acc:HGNC:14989]
ENSG00000180433,OR6K6,protein_coding,1,olfactory receptor family 6 subfamily K member 6 [Source:HGNC Symbol;Acc:HGNC:15033]
ENSG00000180437,OR6K4P,transcribed_unitary_pseudogene,1,olfactory receptor family 6 subfamily K member 4 pseudogene [Source:HGNC Symbol;Acc:HGNC:15031]
ENSG00000181036,FCRL6,protein_coding,1,Fc receptor like 6 [Source:HGNC Symbol;Acc:HGNC:31910]
ENSG00000184155,OR10J5,protein_coding,1,olfactory receptor family 10 subfamily J member 5 [Source:HGNC Symbol;Acc:HGNC:14993]
ENSG00000188004,SNHG28,lncRNA,1,small nucleolar RNA host gene 28 [Source:HGNC Symbol;Acc:HGNC:27647]
ENSG00000188340,OR6N2,protein_coding,1,olfactory receptor family 6 subfamily N member 2 [Source:HGNC Symbol;Acc:HGNC:15035]
ENSG00000196171,OR6K2,protein_coding,1,olfactory receptor family 6 subfamily K member 2 [Source:HGNC Symbol;Acc:HGNC:15029]
ENSG00000196184,OR10J1,protein_coding,1,olfactory receptor family 10 subfamily J member 1 [Source:HGNC Symbol;Acc:HGNC:8175]
ENSG00000196266,OR10J3,protein_coding,1,olfactory receptor family 10 subfamily J member 3 (gene/pseudogene) [Source:HGNC Symbol;Acc:HGNC:14992]
ENSG00000197403,OR6N1,protein_coding,1,olfactory receptor family 6 subfamily N member 1 [Source:HGNC Symbol;Acc:HGNC:15034]
ENSG00000198358,,lncRNA,1,antisense to ITLN2
ENSG00000201608,RNU4-42P,snRNA,1,"RNA, U4 small nuclear 42, pseudogene [Source:HGNC Symbol;Acc:HGNC:46978]"
ENSG00000202078,Y_RNA,misc_RNA,1,Y RNA [Source:RFAM;Acc:RF00019]
ENSG00000203757,OR6K3,protein_coding,1,olfactory receptor family 6 subfamily K member 3 [Source:HGNC Symbol;Acc:HGNC:15030]
ENSG00000212161,,snoRNA,1,
ENSG00000213080,,processed_pseudogene,1,spermine synthase (SMS) pseudogene
ENSG00000213085,CFAP45,protein_coding,1,cilia and flagella associated protein 45 [Source:HGNC Symbol;Acc:HGNC:17229]
ENSG00000213088,ACKR1,protein_coding,1,atypical chemokine receptor 1 (Duffy blood group) [Source:HGNC Symbol;Acc:HGNC:4035]
ENSG00000215846,MPTX1,unitary_pseudogene,1,mucosal pentraxin 1 (pseudogene) [Source:HGNC Symbol;Acc:HGNC:48364]
ENSG00000222552,RNA5SP60,rRNA_pseudogene,1,"RNA, 5S ribosomal pseudogene 60 [Source:HGNC Symbol;Acc:HGNC:42837]"
ENSG00000223603,CRPP1,unprocessed_pseudogene,1,C-reactive protein pseudogene 1 [Source:HGNC Symbol;Acc:HGNC:2368]
ENSG00000224259,LINC01133,lncRNA,1,long intergenic non-protein coding RNA 1133 [Source:HGNC Symbol;Acc:HGNC:49447]
ENSG00000224261,RPSAP18,processed_pseudogene,1,ribosomal protein SA pseudogene 18 [Source:HGNC Symbol;Acc:HGNC:36106]
ENSG00000224943,LINC02819,lncRNA,1,long intergenic non-protein coding RNA 2819 [Source:HGNC Symbol;Acc:HGNC:54350]
ENSG00000225279,,lncRNA,1,novel transcript
ENSG00000225670,CADM3-AS1,lncRNA,1,CADM3 antisense RNA 1 [Source:HGNC Symbol;Acc:HGNC:40812]
ENSG00000226003,PPIAP37,processed_pseudogene,1,peptidylprolyl isomerase A pseudogene 37 [Source:HGNC Symbol;Acc:HGNC:53661]
ENSG00000226949,OR6K5P,transcribed_unprocessed_pseudogene,1,olfactory receptor family 6 subfamily K member 5 pseudogene [Source:HGNC Symbol;Acc:HGNC:15032]
ENSG00000227741,PEA15-AS1,lncRNA,1,PEA15 antisense RNA 1 [Source:HGNC Symbol;Acc:HGNC:58221]
ENSG00000228560,,lncRNA,1,novel transcript
ENSG00000228606,DCAF8-DT,lncRNA,1,DCAF8 divergent transcript [Source:HGNC Symbol;Acc:HGNC:55792]
ENSG00000228863,,lncRNA,1,"novel transcript, antisense to CD48"
ENSG00000229724,OR2AQ1P,unprocessed_pseudogene,1,olfactory receptor family 2 subfamily AQ member 1 pseudogene [Source:HGNC Symbol;Acc:HGNC:15003]
ENSG00000229849,PYHIN5P,unprocessed_pseudogene,1,"pyrin and HIN domain family member 5, pseudogene [Source:HGNC Symbol;Acc:HGNC:51820]"
ENSG00000231100,,transcribed_unprocessed_pseudogene,1,"amyloid P component, serum (APCS) pseudogene"
ENSG00000231237,OR6K1P,unprocessed_pseudogene,1,olfactory receptor family 6 subfamily K member 1 pseudogene [Source:HGNC Symbol;Acc:HGNC:15028]
ENSG00000232188,,lncRNA,1,novel transcript
ENSG00000233473,RAD1P2,transcribed_processed_pseudogene,1,RAD1 pseudogene 2 [Source:HGNC Symbol;Acc:HGNC:49480]
ENSG00000233691,,processed_pseudogene,1,pseudogene similar to part of DEAD (Asp-Glu-Ala-Asp) box polypeptide 56 (DDX56)
ENSG00000234425,,lncRNA,1,novel transcript
ENSG00000235082,SUMO1P3,transcribed_processed_pseudogene,1,SUMO1 pseudogene 3 [Source:HGNC Symbol;Acc:HGNC:33150]
ENSG00000235101,SETP9,transcribed_processed_pseudogene,1,SET pseudogene 9 [Source:HGNC Symbol;Acc:HGNC:42928]
ENSG00000235226,,processed_pseudogene,1,ribosomal protein L27 (RPL27) pseudogene
ENSG00000237409,,transcribed_processed_pseudogene,1,ribosomal protein L27a (RPL27A) pseudogene
ENSG00000243284,VSIG8,protein_coding,1,V-set and immunoglobulin domain containing 8 [Source:HGNC Symbol;Acc:HGNC:32063]
ENSG00000248442,OR10J7P,unitary_pseudogene,1,olfactory receptor family 10 subfamily J member 7 pseudogene [Source:HGNC Symbol;Acc:HGNC:19637]
ENSG00000248642,OR10J2P,unprocessed_pseudogene,1,olfactory receptor family 10 subfamily J member 2 pseudogene [Source:HGNC Symbol;Acc:HGNC:14991]
ENSG00000249197,OR10J9P,unprocessed_pseudogene,1,olfactory receptor family 10 subfamily J member 9 pseudogene [Source:HGNC Symbol;Acc:HGNC:19639]
ENSG00000249730,OR10J4,protein_coding,1,olfactory receptor family 10 subfamily J member 4 (gene/pseudogene) [Source:HGNC Symbol;Acc:HGNC:15408]
ENSG00000251686,OR10J8P,unprocessed_pseudogene,1,olfactory receptor family 10 subfamily J member 8 pseudogene [Source:HGNC Symbol;Acc:HGNC:19638]
ENSG00000256029,,protein_coding,1,novel protein
ENSG00000258465,,protein_coding,1,novel protein
ENSG00000266458,MIR4259,miRNA,1,microRNA 4259 [Source:HGNC Symbol;Acc:HGNC:38309]
ENSG00000271890,OR10AE1P,unprocessed_pseudogene,1,olfactory receptor family 10 subfamily AE member 1 pseudogene [Source:HGNC Symbol;Acc:HGNC:14990]
ENSG00000272668,,lncRNA,1,"novel transcript, antisense to VSIG8"
ENSG00000273933,,unprocessed_pseudogene,1,Fc receptor-like 6 (FCRL6) pseudogene
ENSG00000274562,,unprocessed_pseudogene,1,SLAM family member 9 (SLAMF9) pseudogene
ENSG00000275801,,transcribed_unprocessed_pseudogene,1,SLAM family member 9 (SLAMF9) pseudogene
ENSG00000276632,,processed_pseudogene,1,elastin microfibril interfacer 2 (EMILIN2) pseudogene
ENSG00000279430,,TEC,1,novel transcript
ENSG00000072694,FCGR2B,protein_coding,1,Fc gamma receptor IIb [Source:HGNC Symbol;Acc:HGNC:3618]
ENSG00000081721,DUSP12,protein_coding,1,dual specificity phosphatase 12 [Source:HGNC Symbol;Acc:HGNC:3067]
ENSG00000117143,UAP1,protein_coding,1,UDP-N-acetylglucosamine pyrophosphorylase 1 [Source:HGNC Symbol;Acc:HGNC:12457]
ENSG00000117152,RGS4,protein_coding,1,regulator of G protein signaling 4 [Source:HGNC Symbol;Acc:HGNC:10000]
ENSG00000118217,ATF6,protein_coding,1,activating transcription factor 6 [Source:HGNC Symbol;Acc:HGNC:791]
ENSG00000132185,FCRLA,protein_coding,1,Fc receptor like A [Source:HGNC Symbol;Acc:HGNC:18504]
ENSG00000132196,HSD17B7,protein_coding,1,hydroxysteroid 17-beta dehydrogenase 7 [Source:HGNC Symbol;Acc:HGNC:5215]
ENSG00000143217,NECTIN4,protein_coding,1,nectin cell adhesion molecule 4 [Source:HGNC Symbol;Acc:HGNC:19688]
ENSG00000143222,UFC1,protein_coding,1,ubiquitin-fold modifier conjugating enzyme 1 [Source:HGNC Symbol;Acc:HGNC:26941]
ENSG00000143224,PPOX,protein_coding,1,protoporphyrinogen oxidase [Source:HGNC Symbol;Acc:HGNC:9280]
ENSG00000143226,FCGR2A,protein_coding,1,Fc gamma receptor IIa [Source:HGNC Symbol;Acc:HGNC:3616]
ENSG00000143228,NUF2,protein_coding,1,NUF2 component of NDC80 kinetochore complex [Source:HGNC Symbol;Acc:HGNC:14621]
ENSG00000143248,RGS5,protein_coding,1,regulator of G protein signaling 5 [Source:HGNC Symbol;Acc:HGNC:10001]
ENSG00000143252,SDHC,protein_coding,1,succinate dehydrogenase complex subunit C [Source:HGNC Symbol;Acc:HGNC:10682]
ENSG00000143256,PFDN2,protein_coding,1,prefoldin subunit 2 [Source:HGNC Symbol;Acc:HGNC:8867]
ENSG00000143257,NR1I3,protein_coding,1,nuclear receptor subfamily 1 group I member 3 [Source:HGNC Symbol;Acc:HGNC:7969]
ENSG00000143258,USP21,protein_coding,1,ubiquitin specific peptidase 21 [Source:HGNC Symbol;Acc:HGNC:12620]
ENSG00000152332,UHMK1,protein_coding,1,U2AF homology motif kinase 1 [Source:HGNC Symbol;Acc:HGNC:19683]
ENSG00000158769,F11R,protein_coding,1,F11 receptor [Source:HGNC Symbol;Acc:HGNC:14685]
ENSG00000158773,USF1,protein_coding,1,upstream transcription factor 1 [Source:HGNC Symbol;Acc:HGNC:12593]
ENSG00000158793,NIT1,protein_coding,1,nitrilase 1 [Source:HGNC Symbol;Acc:HGNC:7828]
ENSG00000158796,DEDD,protein_coding,1,death effector domain containing [Source:HGNC Symbol;Acc:HGNC:2755]
ENSG00000158850,B4GALT3,protein_coding,1,"beta-1,4-galactosyltransferase 3 [Source:HGNC Symbol;Acc:HGNC:926]"
ENSG00000158859,ADAMTS4,protein_coding,1,ADAM metallopeptidase with thrombospondin type 1 motif 4 [Source:HGNC Symbol;Acc:HGNC:220]
ENSG00000158864,NDUFS2,protein_coding,1,NADH:ubiquinone oxidoreductase core subunit S2 [Source:HGNC Symbol;Acc:HGNC:7708]
ENSG00000158869,FCER1G,protein_coding,1,Fc epsilon receptor Ig [Source:HGNC Symbol;Acc:HGNC:3611]
ENSG00000158874,APOA2,protein_coding,1,apolipoprotein A2 [Source:HGNC Symbol;Acc:HGNC:601]
ENSG00000158882,TOMM40L,protein_coding,1,translocase of outer mitochondrial membrane 40 like [Source:HGNC Symbol;Acc:HGNC:25756]
ENSG00000158887,MPZ,protein_coding,1,myelin protein zero [Source:HGNC Symbol;Acc:HGNC:7225]
ENSG00000162733,DDR2,protein_coding,1,discoidin domain receptor tyrosine kinase 2 [Source:HGNC Symbol;Acc:HGNC:2731]
ENSG00000162745,OLFML2B,protein_coding,1,olfactomedin like 2B [Source:HGNC Symbol;Acc:HGNC:24558]
ENSG00000162746,FCRLB,protein_coding,1,Fc receptor like B [Source:HGNC Symbol;Acc:HGNC:26431]
ENSG00000162747,FCGR3B,protein_coding,1,Fc gamma receptor IIIb [Source:HGNC Symbol;Acc:HGNC:3620]
ENSG00000162755,KLHDC9,protein_coding,1,kelch domain containing 9 [Source:HGNC Symbol;Acc:HGNC:28489]
ENSG00000171722,SPATA46,protein_coding,1,spermatogenesis associated 46 [Source:HGNC Symbol;Acc:HGNC:27648]
ENSG00000173110,HSPA6,protein_coding,1,heat shock protein family A (Hsp70) member 6 [Source:HGNC Symbol;Acc:HGNC:5239]
ENSG00000185630,PBX1,protein_coding,1,PBX homeobox 1 [Source:HGNC Symbol;Acc:HGNC:8632]
ENSG00000185860,CCDC190,protein_coding,1,coiled-coil domain containing 190 [Source:HGNC Symbol;Acc:HGNC:28736]
ENSG00000186517,ARHGAP30,protein_coding,1,Rho GTPase activating protein 30 [Source:HGNC Symbol;Acc:HGNC:27414]
ENSG00000188931,CFAP126,protein_coding,1,cilia and flagella associated protein 126 [Source:HGNC Symbol;Acc:HGNC:32325]
ENSG00000198574,SH2D1B,protein_coding,1,SH2 domain containing 1B [Source:HGNC Symbol;Acc:HGNC:30416]
ENSG00000198929,NOS1AP,protein_coding,1,nitric oxide synthase 1 adaptor protein [Source:HGNC Symbol;Acc:HGNC:16859]
ENSG00000199595,Y_RNA,misc_RNA,1,Y RNA [Source:RFAM;Acc:RF00019]
ENSG00000199849,RNU5F-6P,snRNA,1,"RNA, U5F small nuclear 6, pseudogene [Source:HGNC Symbol;Acc:HGNC:42523]"
ENSG00000200327,RNA5SP62,rRNA_pseudogene,1,"RNA, 5S ribosomal pseudogene 62 [Source:HGNC Symbol;Acc:HGNC:42839]"
ENSG00000203747,FCGR3A,protein_coding,1,Fc gamma receptor IIIa [Source:HGNC Symbol;Acc:HGNC:3619]
ENSG00000206921,RNU6-481P,snRNA,1,"RNA, U6 small nuclear 481, pseudogene [Source:HGNC Symbol;Acc:HGNC:47444]"
ENSG00000207082,RNU6-171P,snRNA,1,"RNA, U6 small nuclear 171, pseudogene [Source:HGNC Symbol;Acc:HGNC:47134]"
ENSG00000207729,MIR556,miRNA,1,microRNA 556 [Source:HGNC Symbol;Acc:HGNC:32812]
ENSG00000212527,RNA5SP63,rRNA_pseudogene,1,"RNA, 5S ribosomal pseudogene 63 [Source:HGNC Symbol;Acc:HGNC:42840]"
ENSG00000212538,U3,snoRNA,1,Small nucleolar RNA U3 [Source:RFAM;Acc:RF00012]
ENSG00000213070,HMGB3P6,processed_pseudogene,1,high mobility group box 3 pseudogene 6 [Source:HGNC Symbol;Acc:HGNC:39283]
ENSG00000213075,RPL31P11,transcribed_processed_pseudogene,1,ribosomal protein L31 pseudogene 11 [Source:HGNC Symbol;Acc:HGNC:35849]
ENSG00000215840,,processed_pseudogene,1,ribosomal protein S2 (RPS2) pseudogene
ENSG00000215845,TSTD1,protein_coding,1,thiosulfate sulfurtransferase like domain containing 1 [Source:HGNC Symbol;Acc:HGNC:35410]
ENSG00000224203,RPS23P10,unprocessed_pseudogene,1,ribosomal protein S23 pseudogene 10 [Source:HGNC Symbol;Acc:HGNC:48342]
ENSG00000224515,,lncRNA,1,novel transcript
ENSG00000224985,,lncRNA,1,novel transcript
ENSG00000225122,,unprocessed_pseudogene,1,"eukaryotic translation initiation factor 3, subunit 1 alpha, 35 kDa (EIF3S1) pseudogene"
ENSG00000225217,HSPA7,transcribed_unprocessed_pseudogene,1,heat shock protein family A (Hsp70) member 7 (pseudogene) [Source:HGNC Symbol;Acc:HGNC:5240]
ENSG00000225719,NMNAT1P2,processed_pseudogene,1,NMNAT1 pseudogene 2 [Source:HGNC Symbol;Acc:HGNC:49164]
ENSG00000225755,TRNT1P1,processed_pseudogene,1,TRNT1 pseudogene 1 [Source:HGNC Symbol;Acc:HGNC:56781]
ENSG00000226889,ATF6-DT,lncRNA,1,ATF6 divergent transcript [Source:HGNC Symbol;Acc:HGNC:55826]
ENSG00000227094,,lncRNA,1,novel transcript
ENSG00000227243,SLAMF6P1,transcribed_unprocessed_pseudogene,1,SLAM family member 6 pseudogene 1 [Source:HGNC Symbol;Acc:HGNC:32012]
ENSG00000227667,,processed_pseudogene,1,cytochrome c oxidase subunit VIIb (COX7B) pseudogene
ENSG00000227818,,lncRNA,1,novel transcript
ENSG00000227941,UQCRBP2,transcribed_processed_pseudogene,1,ubiquinol-cytochrome c reductase binding protein pseudogene 2 [Source:HGNC Symbol;Acc:HGNC:12584]
ENSG00000228289,,transcribed_processed_pseudogene,1,"pseudogene similar to the likely ortholog of mouse gene rich cluster, C10 (GRCC10)"
ENSG00000228917,NECTIN4-AS1,lncRNA,1,NECTIN4 antisense RNA 1 [Source:HGNC Symbol;Acc:HGNC:40893]
ENSG00000229808,,transcribed_processed_pseudogene,1,"proteasome (prosome, macropain) activator subunit 3 (PA28 gamma; Ki) pseudogene"
ENSG00000230739,,unprocessed_pseudogene,1,hydroxysteroid (17-beta) dehydrogenase 7  (HSD17B7) pseudogene
ENSG00000231586,RPS23P9,unprocessed_pseudogene,1,ribosomal protein S23 pseudogene 9 [Source:HGNC Symbol;Acc:HGNC:48341]
ENSG00000232879,GLRX5P2,processed_pseudogene,1,GLR5 pseudogene 2 [Source:HGNC Symbol;Acc:HGNC:55063]
ENSG00000232892,RGS5-AS1,lncRNA,1,RGS5 antisense RNA 1 [Source:HGNC Symbol;Acc:HGNC:40504]
ENSG00000232995,,lncRNA,1,novel transcript
ENSG00000233693,PBX1-AS1,lncRNA,1,PBX1 antisense RNA 1 [Source:HGNC Symbol;Acc:HGNC:40425]
ENSG00000234211,,lncRNA,1,"novel transcript, antisense to FCGR2B"
ENSG00000236484,RRM2P2,processed_pseudogene,1,ribonucleotide reductase M2 polypeptide pseudogene 2 [Source:HGNC Symbol;Acc:HGNC:10454]
ENSG00000237756,,lncRNA,1,novel transcript
ENSG00000238934,,snoRNA,1,
ENSG00000239887,C1orf226,protein_coding,1,chromosome 1 open reading frame 226 [Source:HGNC Symbol;Acc:HGNC:34351]
ENSG00000241347,RN7SL466P,misc_RNA,1,"RNA, 7SL, cytoplasmic 466, pseudogene [Source:HGNC Symbol;Acc:HGNC:46482]"
ENSG00000243173,RN7SL861P,misc_RNA,1,"RNA, 7SL, cytoplasmic 861, pseudogene [Source:HGNC Symbol;Acc:HGNC:46877]"
ENSG00000244682,FCGR2C,protein_coding,1,Fc gamma receptor IIc (gene/pseudogene) [Source:HGNC Symbol;Acc:HGNC:15626]
ENSG00000248485,PCP4L1,protein_coding,1,Purkinje cell protein 4 like 1 [Source:HGNC Symbol;Acc:HGNC:20448]
ENSG00000252262,RNA5SP61,rRNA_pseudogene,1,"RNA, 5S ribosomal pseudogene 61 [Source:HGNC Symbol;Acc:HGNC:42838]"
ENSG00000254706,,protein_coding,1,novel protein
ENSG00000259788,UAP1-DT,lncRNA,1,UAP1 divergent transcript [Source:HGNC Symbol;Acc:HGNC:55410]
ENSG00000266144,MIR4654,miRNA,1,microRNA 4654 [Source:HGNC Symbol;Acc:HGNC:41643]
ENSG00000269887,,lncRNA,1,"novel transcript, sense intronic to PBX1"
ENSG00000270149,,protein_coding,1,"novel transcript, TSTD1 - F11R readthrough"
ENSG00000272574,,lncRNA,1,"novel transcript, sense intronic to UAP1"
ENSG00000273112,,lncRNA,1,"novel transcript, readthrough between FCGR2A and FCGR2C polymormphic pseudogene"
ENSG00000276359,Metazoa_SRP,misc_RNA,1,Metazoan signal recognition particle RNA [Source:RFAM;Acc:RF00017]
ENSG00000277882,,processed_pseudogene,1,COMM domain containing 6 (COMMD6) pseudogene
ENSG00000283317,,lncRNA,1,novel transcript
ENSG00000283360,,lncRNA,1,novel transcript
ENSG00000283696,,lncRNA,1,novel transcript
ENSG00000284035,MIR5187,miRNA,1,microRNA 5187 [Source:HGNC Symbol;Acc:HGNC:43523]
ENSG00000143147,GPR161,protein_coding,1,G protein-coupled receptor 161 [Source:HGNC Symbol;Acc:HGNC:23694]
ENSG00000143149,ALDH9A1,protein_coding,1,aldehyde dehydrogenase 9 family member A1 [Source:HGNC Symbol;Acc:HGNC:412]
ENSG00000143153,ATP1B1,protein_coding,1,ATPase Na+/K+ transporting subunit beta 1 [Source:HGNC Symbol;Acc:HGNC:804]
ENSG00000143155,TIPRL,protein_coding,1,TOR signaling pathway regulator [Source:HGNC Symbol;Acc:HGNC:30231]
ENSG00000143157,POGK,protein_coding,1,pogo transposable element derived with KRAB domain [Source:HGNC Symbol;Acc:HGNC:18800]
ENSG00000143158,MPC2,protein_coding,1,mitochondrial pyruvate carrier 2 [Source:HGNC Symbol;Acc:HGNC:24515]
ENSG00000143162,CREG1,protein_coding,1,cellular repressor of E1A stimulated genes 1 [Source:HGNC Symbol;Acc:HGNC:2351]
ENSG00000143164,DCAF6,protein_coding,1,DDB1 and CUL4 associated factor 6 [Source:HGNC Symbol;Acc:HGNC:30002]
ENSG00000143167,GPA33,protein_coding,1,glycoprotein A33 [Source:HGNC Symbol;Acc:HGNC:4445]
ENSG00000143171,RXRG,protein_coding,1,retinoid X receptor gamma [Source:HGNC Symbol;Acc:HGNC:10479]
ENSG00000143178,TBX19,protein_coding,1,T-box transcription factor 19 [Source:HGNC Symbol;Acc:HGNC:11596]
ENSG00000143179,UCK2,protein_coding,1,uridine-cytidine kinase 2 [Source:HGNC Symbol;Acc:HGNC:12562]
ENSG00000143183,TMCO1,protein_coding,1,transmembrane and coiled-coil domains 1 [Source:HGNC Symbol;Acc:HGNC:18188]
ENSG00000143184,XCL1,protein_coding,1,X-C motif chemokine ligand 1 [Source:HGNC Symbol;Acc:HGNC:10645]
ENSG00000143185,XCL2,protein_coding,1,X-C motif chemokine ligand 2 [Source:HGNC Symbol;Acc:HGNC:10646]
ENSG00000143190,POU2F1,protein_coding,1,POU class 2 homeobox 1 [Source:HGNC Symbol;Acc:HGNC:9212]
ENSG00000143194,MAEL,protein_coding,1,maelstrom spermatogenic transposon silencer [Source:HGNC Symbol;Acc:HGNC:25929]
ENSG00000143195,ILDR2,protein_coding,1,immunoglobulin like domain containing receptor 2 [Source:HGNC Symbol;Acc:HGNC:18131]
ENSG00000143196,DPT,protein_coding,1,dermatopontin [Source:HGNC Symbol;Acc:HGNC:3011]
ENSG00000143198,MGST3,protein_coding,1,microsomal glutathione S-transferase 3 [Source:HGNC Symbol;Acc:HGNC:7064]
ENSG00000143199,ADCY10,protein_coding,1,adenylate cyclase 10 [Source:HGNC Symbol;Acc:HGNC:21285]
ENSG00000152382,TADA1,protein_coding,1,transcriptional adaptor 1 [Source:HGNC Symbol;Acc:HGNC:30631]
ENSG00000162761,LMX1A,protein_coding,1,LIM homeobox transcription factor 1 alpha [Source:HGNC Symbol;Acc:HGNC:6653]
ENSG00000162763,LRRC52,protein_coding,1,leucine rich repeat containing 52 [Source:HGNC Symbol;Acc:HGNC:32156]
ENSG00000188859,FAM78B,protein_coding,1,family with sequence similarity 78 member B [Source:HGNC Symbol;Acc:HGNC:13495]
ENSG00000197965,MPZL1,protein_coding,1,myelin protein zero like 1 [Source:HGNC Symbol;Acc:HGNC:7226]
ENSG00000198771,RCSD1,protein_coding,1,RCSD domain containing 1 [Source:HGNC Symbol;Acc:HGNC:28310]
ENSG00000198821,CD247,protein_coding,1,CD247 molecule [Source:HGNC Symbol;Acc:HGNC:1677]
ENSG00000198842,STYXL2,protein_coding,1,serine/threonine/tyrosine interacting like 2 [Source:HGNC Symbol;Acc:HGNC:25034]
ENSG00000200036,RNA5SP65,rRNA_pseudogene,1,"RNA, 5S ribosomal pseudogene 65 [Source:HGNC Symbol;Acc:HGNC:42842]"
ENSG00000201270,RNU6-755P,snRNA,1,"RNA, U6 small nuclear 755, pseudogene [Source:HGNC Symbol;Acc:HGNC:47718]"
ENSG00000201987,Y_RNA,misc_RNA,1,Y RNA [Source:RFAM;Acc:RF00019]
ENSG00000203307,FAM78B-AS1,lncRNA,1,FAM78B antisense RNA 1 [Source:HGNC Symbol;Acc:HGNC:40639]
ENSG00000203601,LINC00970,lncRNA,1,long intergenic non-protein coding RNA 970 [Source:HGNC Symbol;Acc:HGNC:48730]
ENSG00000206880,RNU6-1310P,snRNA,1,"RNA, U6 small nuclear 1310, pseudogene [Source:HGNC Symbol;Acc:HGNC:48273]"
ENSG00000206990,Y_RNA,misc_RNA,1,Y RNA [Source:RFAM;Acc:RF00019]
ENSG00000207341,RNA5SP64,rRNA_pseudogene,1,"RNA, 5S ribosomal pseudogene 64 [Source:HGNC Symbol;Acc:HGNC:42841]"
ENSG00000207974,MIR557,miRNA,1,microRNA 557 [Source:HGNC Symbol;Acc:HGNC:32813]
ENSG00000213063,RPL29P7,transcribed_processed_pseudogene,1,ribosomal protein L29 pseudogene 7 [Source:HGNC Symbol;Acc:HGNC:36859]
ENSG00000213064,SFT2D2,protein_coding,1,SFT2 domain containing 2 [Source:HGNC Symbol;Acc:HGNC:25140]
ENSG00000213068,,processed_pseudogene,1,ribosomal protein S17 (RPS17) pseudogene
ENSG00000214262,ANKRD36BP1,transcribed_processed_pseudogene,1,ankyrin repeat domain 36B pseudogene 1 [Source:HGNC Symbol;Acc:HGNC:28169]
ENSG00000215833,QRSL1P1,processed_pseudogene,1,QRSL1 pseudogene 1 [Source:HGNC Symbol;Acc:HGNC:43667]
ENSG00000215834,FMO9P,transcribed_unprocessed_pseudogene,1,"flavin containing dimethylaniline monoxygenase 9, pseudogene [Source:HGNC Symbol;Acc:HGNC:32210]"
ENSG00000215835,,processed_pseudogene,1,Ewing sarcoma breakpoint region 1 (EWSR1) pseudogene
ENSG00000215838,,transcribed_processed_pseudogene,1,carbonic anhydrase XIV (CA14) pseudogene
ENSG00000215952,MIR921,miRNA,1,microRNA 921 [Source:HGNC Symbol;Acc:HGNC:33671]
ENSG00000221545,MIR1255B2,miRNA,1,microRNA 1255b-2 [Source:HGNC Symbol;Acc:HGNC:35367]
ENSG00000224358,TMCO1-AS1,lncRNA,1,TMCO1 antisense RNA 1 [Source:HGNC Symbol;Acc:HGNC:54046]
ENSG00000224702,LMX1A-AS2,lncRNA,1,LMX1A antisense RNA 2 [Source:HGNC Symbol;Acc:HGNC:40343]
ENSG00000224837,GCSHP5,transcribed_processed_pseudogene,1,GCSH pseudogene 5 [Source:HGNC Symbol;Acc:HGNC:44195]
ENSG00000225171,DUTP6,processed_pseudogene,1,deoxyuridine triphosphatase pseudogene 6 [Source:HGNC Symbol;Acc:HGNC:39519]
ENSG00000225272,RPL21P27,processed_pseudogene,1,ribosomal protein L21 pseudogene 27 [Source:HGNC Symbol;Acc:HGNC:36371]
ENSG00000225325,,lncRNA,1,novel transcript
ENSG00000225487,RPL35AP7,processed_pseudogene,1,ribosomal protein L35a pseudogene 7 [Source:HGNC Symbol;Acc:HGNC:36212]
ENSG00000225826,LINC00626,lncRNA,1,long intergenic non-protein coding RNA 626 [Source:HGNC Symbol;Acc:HGNC:44257]
ENSG00000226292,RPS3AP10,processed_pseudogene,1,RPS3A pseudogene 10 [Source:HGNC Symbol;Acc:HGNC:36036]
ENSG00000227722,,transcribed_processed_pseudogene,1,dynactin 4 pseudogene
ENSG00000227776,AKR1D1P1,processed_pseudogene,1,aldo-keto reductase family 1 member D1 pseudogene 1 [Source:HGNC Symbol;Acc:HGNC:11288]
ENSG00000227777,RPL7AP19,transcribed_processed_pseudogene,1,ribosomal protein L7a pseudogene 19 [Source:HGNC Symbol;Acc:HGNC:36820]
ENSG00000227907,,lncRNA,1,novel transcript
ENSG00000228697,,lncRNA,1,novel transcript
ENSG00000229588,,lncRNA,1,novel transcript
ENSG00000229612,SUMO1P2,processed_pseudogene,1,SUMO1 pseudogene 2 [Source:HGNC Symbol;Acc:HGNC:33149]
ENSG00000229757,RPL7AP21,processed_pseudogene,1,ribosomal protein L7a pseudogene 21 [Source:HGNC Symbol;Acc:HGNC:37020]
ENSG00000230175,,processed_pseudogene,1,ribosomal protein S13 (RPS13) pseudogene
ENSG00000230231,FMO7P,unprocessed_pseudogene,1,"flavin containing dimethylaniline monoxygenase 7, pseudogene [Source:HGNC Symbol;Acc:HGNC:32208]"
ENSG00000230659,,processed_pseudogene,1,ribosomal protein L26 (RPL26) pseudogene
ENSG00000230748,PRELID1P7,processed_pseudogene,1,PRELID1 pseudogene 7 [Source:HGNC Symbol;Acc:HGNC:54772]
ENSG00000230898,,lncRNA,1,novel transcript
ENSG00000231029,,transcribed_processed_pseudogene,1,ribosomal protein S18 (RPS18) pseudogene
ENSG00000231605,LINC01363,lncRNA,1,long intergenic non-protein coding RNA 1363 [Source:HGNC Symbol;Acc:HGNC:50598]
ENSG00000232148,FMO11P,unprocessed_pseudogene,1,"flavin containing dimethylaniline monoxygenase 11, pseudogene [Source:HGNC Symbol;Acc:HGNC:32212]"
ENSG00000232194,,lncRNA,1,novel transcript
ENSG00000232223,CNN2P10,processed_pseudogene,1,calponin 2 pseudogene 10 [Source:HGNC Symbol;Acc:HGNC:39535]
ENSG00000232341,RPL4P2,processed_pseudogene,1,ribosomal protein L4 pseudogene 2 [Source:HGNC Symbol;Acc:HGNC:36836]
ENSG00000233411,,lncRNA,1,novel transcript
ENSG00000234142,LINC01675,lncRNA,1,long intergenic non-protein coding RNA 1675 [Source:HGNC Symbol;Acc:HGNC:52463]
ENSG00000234984,FMO10P,unprocessed_pseudogene,1,"flavin containing dimethylaniline monoxygenase 10, pseudogene [Source:HGNC Symbol;Acc:HGNC:32211]"
ENSG00000236206,,lncRNA,1,novel transcript
ENSG00000236364,,lncRNA,1,"novel transcript, antisense to UCK2"
ENSG00000237049,RPL34P1,processed_pseudogene,1,ribosomal protein L34 pseudogene 1 [Source:HGNC Symbol;Acc:HGNC:10341]
ENSG00000237131,,processed_pseudogene,1,"NADH dehydrogenase (ubiquinone) 1 alpha subcomplex, 4, 9kDa (NDUFA4) pseudogene"
ENSG00000237463,LRRC52-AS1,lncRNA,1,LRRC52 antisense RNA 1 [Source:HGNC Symbol;Acc:HGNC:54044]
ENSG00000237707,,lncRNA,1,novel transcript
ENSG00000237783,,processed_pseudogene,1,ribosomal protein S2 (RPS2) pseudogene
ENSG00000238022,LMX1A-AS1,lncRNA,1,LMX1A antisense RNA 1 [Source:HGNC Symbol;Acc:HGNC:40344]
ENSG00000238087,FMO8P,unprocessed_pseudogene,1,"flavin containing dimethylaniline monoxygenase 8, pseudogene [Source:HGNC Symbol;Acc:HGNC:32209]"
ENSG00000241666,,lncRNA,1,novel transcript
ENSG00000250762,,unprocessed_pseudogene,1,chromosome 14 open reading frame 24 (C14orf24) pseudogene
ENSG00000252987,RNA5SP66,rRNA_pseudogene,1,"RNA, 5S ribosomal pseudogene 66 [Source:HGNC Symbol;Acc:HGNC:42843]"
ENSG00000271527,,processed_pseudogene,1,post-GPI attachment to proteins 2 (PGAP2) pseudogene
ENSG00000271917,,lncRNA,1,novel transcript
ENSG00000272033,,lncRNA,1,"novel transcript, sense intronic to POU2F1"
ENSG00000272205,POU2F1-DT,lncRNA,1,POU2F1 divergent transcript [Source:HGNC Symbol;Acc:HGNC:55222]
ENSG00000273160,,lncRNA,1,novel transcript
ENSG00000273365,,lncRNA,1,novel transcript
ENSG00000283936,MIR3658,miRNA,1,microRNA 3658 [Source:HGNC Symbol;Acc:HGNC:38963]
ENSG00000000457,SCYL3,protein_coding,1,SCY1 like pseudokinase 3 [Source:HGNC Symbol;Acc:HGNC:19285]
ENSG00000000460,FIRRM,protein_coding,1,FIGNL1 interacting regulator of recombination and mitosis [Source:HGNC Symbol;Acc:HGNC:25565]
ENSG00000007908,SELE,protein_coding,1,selectin E [Source:HGNC Symbol;Acc:HGNC:10718]
ENSG00000007933,FMO3,protein_coding,1,flavin containing dimethylaniline monoxygenase 3 [Source:HGNC Symbol;Acc:HGNC:3771]
ENSG00000010165,METTL13,protein_coding,1,"methyltransferase 13, eEF1A N-terminus and K55 [Source:HGNC Symbol;Acc:HGNC:24248]"
ENSG00000010932,FMO1,protein_coding,1,flavin containing dimethylaniline monoxygenase 1 [Source:HGNC Symbol;Acc:HGNC:3769]
ENSG00000034971,MYOC,protein_coding,1,myocilin [Source:HGNC Symbol;Acc:HGNC:7610]
ENSG00000075945,KIFAP3,protein_coding,1,kinesin associated protein 3 [Source:HGNC Symbol;Acc:HGNC:17060]
ENSG00000076258,FMO4,protein_coding,1,flavin containing dimethylaniline monoxygenase 4 [Source:HGNC Symbol;Acc:HGNC:3772]
ENSG00000076321,KLHL20,protein_coding,1,kelch like family member 20 [Source:HGNC Symbol;Acc:HGNC:25056]
ENSG00000094963,FMO2,protein_coding,1,flavin containing dimethylaniline monoxygenase 2 [Source:HGNC Symbol;Acc:HGNC:3770]
ENSG00000094975,SUCO,protein_coding,1,SUN domain containing ossification factor [Source:HGNC Symbol;Acc:HGNC:1240]
ENSG00000116132,PRRX1,protein_coding,1,paired related homeobox 1 [Source:HGNC Symbol;Acc:HGNC:9142]
ENSG00000117475,BLZF1,protein_coding,1,basic leucine zipper nuclear factor 1 [Source:HGNC Symbol;Acc:HGNC:1065]
ENSG00000117477,CCDC181,protein_coding,1,coiled-coil domain containing 181 [Source:HGNC Symbol;Acc:HGNC:28051]
ENSG00000117479,SLC19A2,protein_coding,1,solute carrier family 19 member 2 [Source:HGNC Symbol;Acc:HGNC:10938]
ENSG00000117501,MROH9,protein_coding,1,maestro heat like repeat family member 9 [Source:HGNC Symbol;Acc:HGNC:26287]
ENSG00000117507,FMO6P,transcribed_unitary_pseudogene,1,"flavin containing dimethylaniline monoxygenase 6, pseudogene [Source:HGNC Symbol;Acc:HGNC:24024]"
ENSG00000117523,PRRC2C,protein_coding,1,proline rich coiled-coil 2C [Source:HGNC Symbol;Acc:HGNC:24903]
ENSG00000117533,VAMP4,protein_coding,1,vesicle associated membrane protein 4 [Source:HGNC Symbol;Acc:HGNC:12645]
ENSG00000117560,FASLG,protein_coding,1,Fas ligand [Source:HGNC Symbol;Acc:HGNC:11936]
ENSG00000117586,TNFSF4,protein_coding,1,TNF superfamily member 4 [Source:HGNC Symbol;Acc:HGNC:11934]
ENSG00000117592,PRDX6,protein_coding,1,peroxiredoxin 6 [Source:HGNC Symbol;Acc:HGNC:16753]
ENSG00000117593,DARS2,protein_coding,1,"aspartyl-tRNA synthetase 2, mitochondrial [Source:HGNC Symbol;Acc:HGNC:25538]"
ENSG00000120334,CENPL,protein_coding,1,centromere protein L [Source:HGNC Symbol;Acc:HGNC:17879]
ENSG00000120337,TNFSF18,protein_coding,1,TNF superfamily member 18 [Source:HGNC Symbol;Acc:HGNC:11932]
ENSG00000120370,GORAB,protein_coding,1,"golgin, RAB6 interacting [Source:HGNC Symbol;Acc:HGNC:25676]"
ENSG00000135845,PIGC,protein_coding,1,phosphatidylinositol glycan anchor biosynthesis class C [Source:HGNC Symbol;Acc:HGNC:8960]
ENSG00000143156,NME7,protein_coding,1,NME/NM23 family member 7 [Source:HGNC Symbol;Acc:HGNC:20461]
ENSG00000162753,SLC9C2,protein_coding,1,solute carrier family 9 member C2 (putative) [Source:HGNC Symbol;Acc:HGNC:28664]
ENSG00000171806,METTL18,protein_coding,1,"methyltransferase 18, RPL3 N3(tau)-histidine [Source:HGNC Symbol;Acc:HGNC:28793]"
ENSG00000174175,SELP,protein_coding,1,selectin P [Source:HGNC Symbol;Acc:HGNC:10721]
ENSG00000180999,C1orf105,protein_coding,1,chromosome 1 open reading frame 105 [Source:HGNC Symbol;Acc:HGNC:29591]
ENSG00000183831,ANKRD45,protein_coding,1,ankyrin repeat domain 45 [Source:HGNC Symbol;Acc:HGNC:24786]
ENSG00000188404,SELL,protein_coding,1,selectin L [Source:HGNC Symbol;Acc:HGNC:10720]
ENSG00000197959,DNM3,protein_coding,1,dynamin 3 [Source:HGNC Symbol;Acc:HGNC:29125]
ENSG00000198734,F5,protein_coding,1,coagulation factor V [Source:HGNC Symbol;Acc:HGNC:3542]
ENSG00000200674,RN7SKP160,misc_RNA,1,RN7SK pseudogene 160 [Source:HGNC Symbol;Acc:HGNC:45884]
ENSG00000203739,PRDX6-AS1,lncRNA,1,PRDX6 antisense RNA 1 [Source:HGNC Symbol;Acc:HGNC:54870]
ENSG00000203740,NTMT2,protein_coding,1,N-terminal Xaa-Pro-Lys N-methyltransferase 2 [Source:HGNC Symbol;Acc:HGNC:31932]
ENSG00000206684,RNU6-157P,snRNA,1,"RNA, U6 small nuclear 157, pseudogene [Source:HGNC Symbol;Acc:HGNC:47120]"
ENSG00000206692,Y_RNA,misc_RNA,1,Y RNA [Source:RFAM;Acc:RF00019]
ENSG00000208024,MIR199A2,miRNA,1,microRNA 199a-2 [Source:HGNC Symbol;Acc:HGNC:31572]
ENSG00000213060,,processed_pseudogene,1,ribosomal protein S15 (RPS15) pseudogene
ENSG00000213062,,lncRNA,1,novel transcript
ENSG00000221390,MIR1295A,miRNA,1,microRNA 1295a [Source:HGNC Symbol;Acc:HGNC:35288]
ENSG00000224000,,lncRNA,1,novel transcript
ENSG00000224286,LINC01142,lncRNA,1,long intergenic non-protein coding RNA 1142 [Source:HGNC Symbol;Acc:HGNC:49456]
ENSG00000224600,,processed_pseudogene,1,"ribosomal protein, large, P1 (RPLP1) pseudogene"
ENSG00000224896,SIGLEC30P,processed_pseudogene,1,"sialic acid binding Ig like lectin 30, pseudogene [Source:HGNC Symbol;Acc:HGNC:15623]"
ENSG00000225243,,lncRNA,1,"novel transcript, antisense to FMO2"
ENSG00000225545,,lncRNA,1,novel transcript
ENSG00000225591,RPS27P7,processed_pseudogene,1,ribosomal protein S27 pseudogene 7 [Source:HGNC Symbol;Acc:HGNC:35622]
ENSG00000226375,,lncRNA,1,novel transcript
ENSG00000226552,,processed_pseudogene,1,novel pseudogene
ENSG00000226967,HAUS4P1,processed_pseudogene,1,HAUS augmin like complex subunit 4 pseudogene 1 [Source:HGNC Symbol;Acc:HGNC:43763]
ENSG00000227177,AIMP1P2,transcribed_processed_pseudogene,1,aminoacyl tRNA synthetase complex interacting multifunctional protein 1 pseudogene 2 [Source:HGNC Symbol;Acc:HGNC:43693]
ENSG00000229785,SLC25A38P1,processed_pseudogene,1,SLC25A38 pseudogene 1 [Source:HGNC Symbol;Acc:HGNC:43858]
ENSG00000230364,RPL4P3,processed_pseudogene,1,ribosomal protein L4 pseudogene 3 [Source:HGNC Symbol;Acc:HGNC:35773]
ENSG00000230547,HMGB1P11,processed_pseudogene,1,high mobility group box 1 pseudogene 11 [Source:HGNC Symbol;Acc:HGNC:13316]
ENSG00000230630,DNM3OS,lncRNA,1,DNM3 opposite strand/antisense RNA [Source:HGNC Symbol;Acc:HGNC:41228]
ENSG00000230704,,lncRNA,1,novel transcript
ENSG00000230849,GOT2P2,processed_pseudogene,1,GOT2 pseudogene 2 [Source:HGNC Symbol;Acc:HGNC:4435]
ENSG00000231407,GORAB-AS1,lncRNA,1,GORAB antisense RNA 1 [Source:HGNC Symbol;Acc:HGNC:54051]
ENSG00000231424,FMO1-AS1,lncRNA,1,FMO1 antisense RNA 1 [Source:HGNC Symbol;Acc:HGNC:40240]
ENSG00000231615,,processed_pseudogene,1,novel pseudogene
ENSG00000232113,TEX50,protein_coding,1,testis expressed 50 [Source:HGNC Symbol;Acc:HGNC:52382]
ENSG00000232261,,unprocessed_pseudogene,1,solute carrier family 5 (sodium/glucose cotransporter) (SLC5A) pseudogene
ENSG00000232751,,processed_pseudogene,1,pseudogene similar to part of ribosomal protein L26 (RPL26)
ENSG00000232959,KIFAP3-AS1,lncRNA,1,KIFAP3 antisense RNA 1 [Source:HGNC Symbol;Acc:HGNC:40788]
ENSG00000233328,PFN1P1,processed_pseudogene,1,profilin 1 pseudogene 1 [Source:HGNC Symbol;Acc:HGNC:42989]
ENSG00000233540,DNM3-IT1,lncRNA,1,DNM3 intronic transcript 1 [Source:HGNC Symbol;Acc:HGNC:41494]
ENSG00000233985,LINC01681,lncRNA,1,long intergenic non-protein coding RNA 1681 [Source:HGNC Symbol;Acc:HGNC:52468]
ENSG00000234333,CYCSP53,processed_pseudogene,1,CYCS pseudogene 53 [Source:HGNC Symbol;Acc:HGNC:24404]
ENSG00000234604,,processed_pseudogene,1,ATP synthase 6 (MTATP6) pseudogene
ENSG00000235303,,lncRNA,1,novel transcript
ENSG00000235378,MRPS10P1,processed_pseudogene,1,mitochondrial ribosomal protein S10 pseudogene 1 [Source:HGNC Symbol;Acc:HGNC:29728]
ENSG00000235575,,lncRNA,1,novel transcript
ENSG00000236741,,transcribed_processed_pseudogene,1,RNA binding motif protein 3 (RBM3) pseudogene
ENSG00000238051,ISCUP1,processed_pseudogene,1,iron-sulfur cluster assembly enzyme pseudogene 1 [Source:HGNC Symbol;Acc:HGNC:38021]
ENSG00000238272,,lncRNA,1,novel transcript
ENSG00000239428,GM2AP2,processed_pseudogene,1,GM2A pseudogene 2 [Source:HGNC Symbol;Acc:HGNC:38002]
ENSG00000239494,RN7SL333P,misc_RNA,1,"RNA, 7SL, cytoplasmic 333, pseudogene [Source:HGNC Symbol;Acc:HGNC:46349]"
ENSG00000243051,RN7SL269P,misc_RNA,1,"RNA, 7SL, cytoplasmic 269, pseudogene [Source:HGNC Symbol;Acc:HGNC:46285]"
ENSG00000251943,RNU6-693P,snRNA,1,"RNA, U6 small nuclear 693, pseudogene [Source:HGNC Symbol;Acc:HGNC:47656]"
ENSG00000252357,Y_RNA,misc_RNA,1,Y RNA [Source:RFAM;Acc:RF00019]
ENSG00000253060,,scaRNA,1,
ENSG00000263390,MIR3119-2,miRNA,1,microRNA 3119-2 [Source:HGNC Symbol;Acc:HGNC:38315]
ENSG00000268062,SRP14P4,processed_pseudogene,1,SRP14 pseudogene 4 [Source:HGNC Symbol;Acc:HGNC:53770]
ENSG00000270084,GAS5-AS1,lncRNA,1,GAS5 antisense RNA 1 [Source:HGNC Symbol;Acc:HGNC:44119]
ENSG00000271459,,processed_pseudogene,1,"solute carrier family 5 (low affinity glucose cotransporter), member 4 (SLC5A4) pseudogene"
ENSG00000271811,,lncRNA,1,novel transcript
ENSG00000279061,,TEC,1,TEC
ENSG00000283152,MIR3120,miRNA,1,microRNA 3120 [Source:HGNC Symbol;Acc:HGNC:38295]
ENSG00000283340,MIR3119-1,miRNA,1,microRNA 3119-1 [Source:HGNC Symbol;Acc:HGNC:38253]
ENSG00000283598,MIR1295B,miRNA,1,microRNA 1295b [Source:HGNC Symbol;Acc:HGNC:43524]
ENSG00000283683,MYOCOS,protein_coding,1,myocilin opposite strand [Source:HGNC Symbol;Acc:HGNC:53429]
ENSG00000283844,MIR214,miRNA,1,microRNA 214 [Source:HGNC Symbol;Acc:HGNC:31591]
ENSG00000057252,SOAT1,protein_coding,1,sterol O-acyltransferase 1 [Source:HGNC Symbol;Acc:HGNC:11177]
ENSG00000075391,RASAL2,protein_coding,1,RAS protein activator like 2 [Source:HGNC Symbol;Acc:HGNC:9874]
ENSG00000116147,TNR,protein_coding,1,tenascin R [Source:HGNC Symbol;Acc:HGNC:11953]
ENSG00000116161,CACYBP,protein_coding,1,calcyclin binding protein [Source:HGNC Symbol;Acc:HGNC:30423]
ENSG00000116183,PAPPA2,protein_coding,1,pappalysin 2 [Source:HGNC Symbol;Acc:HGNC:14615]
ENSG00000116191,RALGPS2,protein_coding,1,Ral GEF with PH domain and SH3 binding motif 2 [Source:HGNC Symbol;Acc:HGNC:30279]
ENSG00000116194,ANGPTL1,protein_coding,1,angiopoietin like 1 [Source:HGNC Symbol;Acc:HGNC:489]
ENSG00000116199,FAM20B,protein_coding,1,FAM20B glycosaminoglycan xylosylkinase [Source:HGNC Symbol;Acc:HGNC:23017]
ENSG00000116218,NPHS2,protein_coding,1,"NPHS2 stomatin family member, podocin [Source:HGNC Symbol;Acc:HGNC:13394]"
ENSG00000117601,SERPINC1,protein_coding,1,serpin family C member 1 [Source:HGNC Symbol;Acc:HGNC:775]
ENSG00000120332,TNN,protein_coding,1,tenascin N [Source:HGNC Symbol;Acc:HGNC:22942]
ENSG00000120333,MRPS14,protein_coding,1,mitochondrial ribosomal protein S14 [Source:HGNC Symbol;Acc:HGNC:14049]
ENSG00000120341,SEC16B,protein_coding,1,"SEC16 homolog B, endoplasmic reticulum export factor [Source:HGNC Symbol;Acc:HGNC:30301]"
ENSG00000135870,RC3H1,protein_coding,1,ring finger and CCCH-type domains 1 [Source:HGNC Symbol;Acc:HGNC:29434]
ENSG00000143207,COP1,protein_coding,1,COP1 E3 ubiquitin ligase [Source:HGNC Symbol;Acc:HGNC:17440]
ENSG00000143322,ABL2,protein_coding,1,"ABL proto-oncogene 2, non-receptor tyrosine kinase [Source:HGNC Symbol;Acc:HGNC:77]"
ENSG00000143340,FAM163A,protein_coding,1,family with sequence similarity 163 member A [Source:HGNC Symbol;Acc:HGNC:28274]
ENSG00000152061,RABGAP1L,protein_coding,1,RAB GTPase activating protein 1 like [Source:HGNC Symbol;Acc:HGNC:24663]
ENSG00000152092,ASTN1,protein_coding,1,astrotactin 1 [Source:HGNC Symbol;Acc:HGNC:773]
ENSG00000162779,AXDND1,protein_coding,1,axonemal dynein light chain domain containing 1 [Source:HGNC Symbol;Acc:HGNC:26564]
ENSG00000162782,TDRD5,protein_coding,1,tudor domain containing 5 [Source:HGNC Symbol;Acc:HGNC:20614]
ENSG00000169905,TOR1AIP2,protein_coding,1,torsin 1A interacting protein 2 [Source:HGNC Symbol;Acc:HGNC:24055]
ENSG00000181101,ENTR1P2,processed_pseudogene,1,ENTR1 pseudogene 2 [Source:HGNC Symbol;Acc:HGNC:39164]
ENSG00000185278,ZBTB37,protein_coding,1,zinc finger and BTB domain containing 37 [Source:HGNC Symbol;Acc:HGNC:28365]
ENSG00000186283,TOR3A,protein_coding,1,torsin family 3 member A [Source:HGNC Symbol;Acc:HGNC:11997]
ENSG00000188585,CLEC20A,protein_coding,1,C-type lectin domain containing 20A [Source:HGNC Symbol;Acc:HGNC:34521]
ENSG00000198797,BRINP2,protein_coding,1,BMP/retinoic acid inducible neural specific 2 [Source:HGNC Symbol;Acc:HGNC:13746]
ENSG00000200755,RNA5SP68,rRNA_pseudogene,1,"RNA, 5S ribosomal pseudogene 68 [Source:HGNC Symbol;Acc:HGNC:42845]"
ENSG00000201347,RNA5SP69,rRNA_pseudogene,1,"RNA, 5S ribosomal pseudogene 69 [Source:HGNC Symbol;Acc:HGNC:42846]"
ENSG00000201619,,snoRNA,1,
ENSG00000201791,SNORA63,snoRNA,1,Small nucleolar RNA SNORA63 [Source:RFAM;Acc:RF00092]
ENSG00000202609,MIR488,miRNA,1,microRNA 488 [Source:HGNC Symbol;Acc:HGNC:32073]
ENSG00000203737,GPR52,protein_coding,1,G protein-coupled receptor 52 [Source:HGNC Symbol;Acc:HGNC:4508]
ENSG00000206659,Y_RNA,misc_RNA,1,Y RNA [Source:RFAM;Acc:RF00019]
ENSG00000212338,,snoRNA,1,
ENSG00000213057,C1orf220,lncRNA,1,chromosome 1 putative open reading frame 220 [Source:HGNC Symbol;Acc:HGNC:33805]
ENSG00000213058,,processed_pseudogene,1,ribosomal protein S14 (RPS14) pseudogene
ENSG00000223525,RABGAP1L-IT1,lncRNA,1,RABGAP1L intronic transcript 1 [Source:HGNC Symbol;Acc:HGNC:41471]
ENSG00000223794,COX5BP8,processed_pseudogene,1,cytochrome c oxidase subunit 5B pseudogene 8 [Source:HGNC Symbol;Acc:HGNC:39083]
ENSG00000223828,BANF1P4,processed_pseudogene,1,BANF1 pseudogene 4 [Source:HGNC Symbol;Acc:HGNC:43884]
ENSG00000224620,MEF2AP1,processed_pseudogene,1,myocyte enhancer factor 2A pseudogene 1 [Source:HGNC Symbol;Acc:HGNC:6994]
ENSG00000224687,RASAL2-AS1,lncRNA,1,RASAL2 antisense RNA 1 [Source:HGNC Symbol;Acc:HGNC:44170]
ENSG00000224718,LINC01657,lncRNA,1,long intergenic non-protein coding RNA 1657 [Source:HGNC Symbol;Acc:HGNC:52445]
ENSG00000224968,LINC01645,lncRNA,1,long intergenic non-protein coding RNA 1645 [Source:HGNC Symbol;Acc:HGNC:52432]
ENSG00000224977,RC3H1-DT,lncRNA,1,RC3H1 divergent transcript [Source:HGNC Symbol;Acc:HGNC:54295]
ENSG00000225711,,processed_pseudogene,1,"UDP-Gal:betaGlcNAc beta 1,3-galactosyltransferase, polypeptide 3 (B3GALT3) pseudogene"
ENSG00000225713,RPL30P1,processed_pseudogene,1,ribosomal protein L30 pseudogene 1 [Source:HGNC Symbol;Acc:HGNC:36642]
ENSG00000225904,MORF4L1P7,processed_pseudogene,1,mortality factor 4 like 1 pseudogene 7 [Source:HGNC Symbol;Acc:HGNC:39259]
ENSG00000227141,,processed_pseudogene,1,"centaurin, gamma 2 (CENTG2) pseudogene"
ENSG00000227373,RABGAP1L-DT,lncRNA,1,RABGAP1L divergent transcript [Source:HGNC Symbol;Acc:HGNC:54296]
ENSG00000227579,,lncRNA,1,novel transcript
ENSG00000227740,LINC02803,lncRNA,1,long intergenic non-protein coding RNA 2803 [Source:HGNC Symbol;Acc:HGNC:54328]
ENSG00000227815,,transcribed_unprocessed_pseudogene,1,novel pseudogene
ENSG00000228191,,processed_pseudogene,1,ribosomal protein L39-like (RPL39L) pseudogene
ENSG00000228196,PTPN2P1,processed_pseudogene,1,PTPN2 pseudogene 1 [Source:HGNC Symbol;Acc:HGNC:9653]
ENSG00000228686,,lncRNA,1,novel transcript
ENSG00000229407,,lncRNA,1,novel transcript
ENSG00000229531,RABGAP1L-AS1,lncRNA,1,RABGAP1L antisense RNA 1 [Source:HGNC Symbol;Acc:HGNC:41057]
ENSG00000230687,,lncRNA,1,novel transcript
ENSG00000230777,RPS29P5,processed_pseudogene,1,ribosomal protein S29 pseudogene 5 [Source:HGNC Symbol;Acc:HGNC:35584]
ENSG00000231020,,processed_pseudogene,1,proteolipid protein 2 (colonic epithelium-enriched) (PLP2) pseudogene
ENSG00000231378,NDUFAF4P4,processed_pseudogene,1,NADH:ubiquinone oxidoreductase complex assembly factor 4 pseudogene 4 [Source:HGNC Symbol;Acc:HGNC:44543]
ENSG00000231564,EIF4A1P11,processed_pseudogene,1,eukaryotic translation initiation factor 4A1 pseudogene 11 [Source:HGNC Symbol;Acc:HGNC:37932]
ENSG00000231905,SETP10,processed_pseudogene,1,SET pseudogene 10 [Source:HGNC Symbol;Acc:HGNC:42929]
ENSG00000231966,LINC02818,lncRNA,1,long intergenic non-protein coding RNA 2818 [Source:HGNC Symbol;Acc:HGNC:54349]
ENSG00000232463,,processed_pseudogene,1,ribosomal protein L13 (RPL13) pseudogene
ENSG00000232750,,processed_pseudogene,1,ribosomal protein S26 (RPS26) pseudogene
ENSG00000233946,RPS29P4,processed_pseudogene,1,ribosomal protein S29 pseudogene 4 [Source:HGNC Symbol;Acc:HGNC:35908]
ENSG00000234041,,processed_pseudogene,1,ubiquinol-cytochrome c reductase (6.4kD) subunit (UQCR) pseudogene
ENSG00000234741,GAS5,lncRNA,1,growth arrest specific 5 [Source:HGNC Symbol;Acc:HGNC:16355]
ENSG00000235628,TNR-IT1,lncRNA,1,TNR intronic transcript 1 [Source:HGNC Symbol;Acc:HGNC:41391]
ENSG00000235750,KIAA0040,protein_coding,1,KIAA0040 [Source:HGNC Symbol;Acc:HGNC:28950]
ENSG00000235869,,processed_pseudogene,1,ribosomal protein S26 (RPS26) pseudogene
ENSG00000236021,COP1-DT,lncRNA,1,COP1 divergent transcript [Source:HGNC Symbol;Acc:HGNC:55666]
ENSG00000236535,RC3H1-IT1,lncRNA,1,RC3H1 intronic transcript 1 [Source:HGNC Symbol;Acc:HGNC:41496]
ENSG00000236539,HNRNPA1P54,processed_pseudogene,1,heterogeneous nuclear ribonucleoprotein A1 pseudogene 54 [Source:HGNC Symbol;Acc:HGNC:48784]
ENSG00000236720,LINC01741,lncRNA,1,long intergenic non-protein coding RNA 1741 [Source:HGNC Symbol;Acc:HGNC:52529]
ENSG00000237249,,processed_pseudogene,1,transmembrane protein 56 (TMEM56) pseudogene
ENSG00000237317,,processed_pseudogene,1,forty-two-three domain containing 1 (FYTTD1) pseudogene
ENSG00000237514,PTP4A1P7,processed_pseudogene,1,PTP4A1 pseudogene 7 [Source:HGNC Symbol;Acc:HGNC:41934]
ENSG00000240021,TEX35,protein_coding,1,testis expressed 35 [Source:HGNC Symbol;Acc:HGNC:25366]
ENSG00000242193,CRYZL2P,transcribed_unitary_pseudogene,1,"crystallin zeta like 2, pseudogene [Source:HGNC Symbol;Acc:HGNC:52164]"
ENSG00000243062,,lncRNA,1,novel transcript
ENSG00000251875,RNU5F-2P,snRNA,1,"RNA, U5F small nuclear 2, pseudogene [Source:HGNC Symbol;Acc:HGNC:42510]"
ENSG00000252231,RNA5SP67,rRNA_pseudogene,1,"RNA, 5S ribosomal pseudogene 67 [Source:HGNC Symbol;Acc:HGNC:42844]"
ENSG00000252552,RNU6-307P,snRNA,1,"RNA, U6 small nuclear 307, pseudogene [Source:HGNC Symbol;Acc:HGNC:47270]"
ENSG00000252906,SCARNA3,scaRNA,1,small Cajal body-specific RNA 3 [Source:HGNC Symbol;Acc:HGNC:32577]
ENSG00000253025,RNU2-12P,snRNA,1,"RNA, U2 small nuclear 12, pseudogene [Source:HGNC Symbol;Acc:HGNC:48505]"
ENSG00000254154,CRYZL2P-SEC16B,lncRNA,1,CRYZL2P-SEC16B readthrough [Source:HGNC Symbol;Acc:HGNC:53757]
ENSG00000260990,,lncRNA,1,novel transcript
ENSG00000261060,,lncRNA,1,"novel transcript, sense overlapping TDRD5"
ENSG00000261250,,lncRNA,1,novel transcript
ENSG00000264809,Metazoa_SRP,misc_RNA,1,Metazoan signal recognition particle RNA [Source:RFAM;Acc:RF00017]
ENSG00000266417,MIR4424,miRNA,1,microRNA 4424 [Source:HGNC Symbol;Acc:HGNC:41805]
ENSG00000270575,,processed_pseudogene,1,"H3 histone, family 3C (H3F3C) pseudogene"
ENSG00000272906,,lncRNA,1,"novel transcript, antisense to TOR1AIP1"
ENSG00000273062,RALGPS2-AS1,lncRNA,1,RALGPS2 antisense RNA 1 [Source:HGNC Symbol;Acc:HGNC:55163]
ENSG00000273384,,lncRNA,1,novel transcript
ENSG00000273629,U7,snRNA,1,U7 small nuclear RNA [Source:RFAM;Acc:RF00066]
ENSG00000276563,,processed_pseudogene,1,ubiquitin-conjugating enzyme E2K (UBE2K) pseudogene
ENSG00000058085,LAMC2,protein_coding,1,laminin subunit gamma 2 [Source:HGNC Symbol;Acc:HGNC:6493]
ENSG00000116260,QSOX1,protein_coding,1,quiescin sulfhydryl oxidase 1 [Source:HGNC Symbol;Acc:HGNC:9756]
ENSG00000116406,EDEM3,protein_coding,1,ER degradation enhancing alpha-mannosidase like protein 3 [Source:HGNC Symbol;Acc:HGNC:16787]
ENSG00000116667,C1orf21,protein_coding,1,chromosome 1 open reading frame 21 [Source:HGNC Symbol;Acc:HGNC:15494]
ENSG00000116668,SWT1,protein_coding,1,SWT1 RNA endoribonuclease homolog [Source:HGNC Symbol;Acc:HGNC:16785]
ENSG00000116698,SMG7,protein_coding,1,SMG7 nonsense mediated mRNA decay factor [Source:HGNC Symbol;Acc:HGNC:16792]
ENSG00000116701,NCF2,protein_coding,1,neutrophil cytosolic factor 2 [Source:HGNC Symbol;Acc:HGNC:7661]
ENSG00000121446,RGSL1,protein_coding,1,regulator of G protein signaling like 1 [Source:HGNC Symbol;Acc:HGNC:18636]
ENSG00000121454,LHX4,protein_coding,1,LIM homeobox 4 [Source:HGNC Symbol;Acc:HGNC:21734]
ENSG00000121481,RNF2,protein_coding,1,ring finger protein 2 [Source:HGNC Symbol;Acc:HGNC:10061]
ENSG00000121486,TRMT1L,protein_coding,1,tRNA methyltransferase 1L [Source:HGNC Symbol;Acc:HGNC:16782]
ENSG00000135821,GLUL,protein_coding,1,glutamate-ammonia ligase [Source:HGNC Symbol;Acc:HGNC:4341]
ENSG00000135823,STX6,protein_coding,1,syntaxin 6 [Source:HGNC Symbol;Acc:HGNC:11441]
ENSG00000135824,RGS8,protein_coding,1,regulator of G protein signaling 8 [Source:HGNC Symbol;Acc:HGNC:16810]
ENSG00000135828,RNASEL,protein_coding,1,ribonuclease L [Source:HGNC Symbol;Acc:HGNC:10050]
ENSG00000135829,DHX9,protein_coding,1,DExH-box helicase 9 [Source:HGNC Symbol;Acc:HGNC:2750]
ENSG00000135835,KIAA1614,protein_coding,1,KIAA1614 [Source:HGNC Symbol;Acc:HGNC:29327]
ENSG00000135837,CEP350,protein_coding,1,centrosomal protein 350 [Source:HGNC Symbol;Acc:HGNC:24238]
ENSG00000135838,NPL,protein_coding,1,N-acetylneuraminate pyruvate lyase [Source:HGNC Symbol;Acc:HGNC:16781]
ENSG00000135842,NIBAN1,protein_coding,1,niban apoptosis regulator 1 [Source:HGNC Symbol;Acc:HGNC:16784]
ENSG00000135862,LAMC1,protein_coding,1,laminin subunit gamma 1 [Source:HGNC Symbol;Acc:HGNC:6492]
ENSG00000143324,XPR1,protein_coding,1,xenotropic and polytropic retrovirus receptor 1 [Source:HGNC Symbol;Acc:HGNC:12827]
ENSG00000143333,RGS16,protein_coding,1,regulator of G protein signaling 16 [Source:HGNC Symbol;Acc:HGNC:9997]
ENSG00000143337,TOR1AIP1,protein_coding,1,torsin 1A interacting protein 1 [Source:HGNC Symbol;Acc:HGNC:29456]
ENSG00000143344,RGL1,protein_coding,1,ral guanine nucleotide dissociation stimulator like 1 [Source:HGNC Symbol;Acc:HGNC:30281]
ENSG00000153029,MR1,protein_coding,1,"major histocompatibility complex, class I-related [Source:HGNC Symbol;Acc:HGNC:4975]"
ENSG00000157060,SHCBP1L,protein_coding,1,SHC binding and spindle associated 1 like [Source:HGNC Symbol;Acc:HGNC:16788]
ENSG00000157064,NMNAT2,protein_coding,1,nicotinamide nucleotide adenylyltransferase 2 [Source:HGNC Symbol;Acc:HGNC:16789]
ENSG00000162704,ARPC5,protein_coding,1,actin related protein 2/3 complex subunit 5 [Source:HGNC Symbol;Acc:HGNC:708]
ENSG00000162783,IER5,protein_coding,1,immediate early response 5 [Source:HGNC Symbol;Acc:HGNC:5393]
ENSG00000173627,APOBEC4,protein_coding,1,apolipoprotein B mRNA editing enzyme catalytic polypeptide like 4 [Source:HGNC Symbol;Acc:HGNC:32152]
ENSG00000176855,KRT18P28,processed_pseudogene,1,keratin 18 pseudogene 28 [Source:HGNC Symbol;Acc:HGNC:33397]
ENSG00000179452,LINC01699,lncRNA,1,long intergenic non-protein coding RNA 1699 [Source:HGNC Symbol;Acc:HGNC:52487]
ENSG00000179930,ZNF648,protein_coding,1,zinc finger protein 648 [Source:HGNC Symbol;Acc:HGNC:18190]
ENSG00000198216,CACNA1E,protein_coding,1,calcium voltage-gated channel subunit alpha1 E [Source:HGNC Symbol;Acc:HGNC:1392]
ENSG00000198756,COLGALT2,protein_coding,1,collagen beta(1-O)galactosyltransferase 2 [Source:HGNC Symbol;Acc:HGNC:16790]
ENSG00000198860,TSEN15,protein_coding,1,tRNA splicing endonuclease subunit 15 [Source:HGNC Symbol;Acc:HGNC:16791]
ENSG00000199840,Y_RNA,misc_RNA,1,Y RNA [Source:RFAM;Acc:RF00019]
ENSG00000201312,RNA5SP72,rRNA_pseudogene,1,"RNA, 5S ribosomal pseudogene 72 [Source:HGNC Symbol;Acc:HGNC:42849]"
ENSG00000201421,Y_RNA,misc_RNA,1,Y RNA [Source:RFAM;Acc:RF00019]
ENSG00000203729,LINC00272,lncRNA,1,long intergenic non-protein coding RNA 272 [Source:HGNC Symbol;Acc:HGNC:26898]
ENSG00000203730,TEDDM1,protein_coding,1,transmembrane epididymal protein 1 [Source:HGNC Symbol;Acc:HGNC:30233]
ENSG00000206640,Y_RNA,misc_RNA,1,Y RNA [Source:RFAM;Acc:RF00019]
ENSG00000206764,RNU6-152P,snRNA,1,"RNA, U6 small nuclear 152, pseudogene [Source:HGNC Symbol;Acc:HGNC:47115]"
ENSG00000206905,Y_RNA,misc_RNA,1,Y RNA [Source:RFAM;Acc:RF00019]
ENSG00000207080,Y_RNA,misc_RNA,1,Y RNA [Source:RFAM;Acc:RF00019]
ENSG00000207472,RNU6-41P,snRNA,1,"RNA, U6 small nuclear 41, pseudogene [Source:HGNC Symbol;Acc:HGNC:34247]"
ENSG00000213051,RPL5P5,processed_pseudogene,1,ribosomal protein L5 pseudogene 5 [Source:HGNC Symbol;Acc:HGNC:35564]
ENSG00000222397,RN7SKP229,misc_RNA,1,RN7SK pseudogene 229 [Source:HGNC Symbol;Acc:HGNC:45953]
ENSG00000223450,,processed_pseudogene,1,ribosomal protein S24 (RPS24) pseudogene
ENSG00000224040,HMGN1P4,processed_pseudogene,1,high mobility group nucleosome binding domain 1 pseudogene 4 [Source:HGNC Symbol;Acc:HGNC:39336]
ENSG00000224468,LAMC1-AS1,lncRNA,1,LAMC1 antisense RNA 1 [Source:HGNC Symbol;Acc:HGNC:52645]
ENSG00000224810,,lncRNA,1,novel transcript (LOC149157)
ENSG00000225359,,lncRNA,1,novel transcript
ENSG00000225857,LINC02816,lncRNA,1,long intergenic non-protein coding RNA 2816 [Source:HGNC Symbol;Acc:HGNC:54348]
ENSG00000225982,,lncRNA,1,novel transcript
ENSG00000226570,,processed_pseudogene,1,natural cytotoxicity triggering receptor 1 (NCR1) pseudogene
ENSG00000227181,LINC01688,lncRNA,1,long intergenic non-protein coding RNA 1688 [Source:HGNC Symbol;Acc:HGNC:52475]
ENSG00000227554,,lncRNA,1,novel transcript
ENSG00000228664,,processed_pseudogene,1,ribosomal protein L18 (RPL18) pseudogene
ENSG00000228918,LINC01344,lncRNA,1,long intergenic non-protein coding RNA 1344 [Source:HGNC Symbol;Acc:HGNC:50554]
ENSG00000230124,ACBD6,protein_coding,1,acyl-CoA binding domain containing 6 [Source:HGNC Symbol;Acc:HGNC:23339]
ENSG00000230470,,lncRNA,1,novel transcript
ENSG00000231084,RPL22P24,processed_pseudogene,1,ribosomal protein L22 pseudogene 24 [Source:HGNC Symbol;Acc:HGNC:53758]
ENSG00000231684,EIF1P3,processed_pseudogene,1,eukaryotic translation initiation factor 1 pseudogene 3 [Source:HGNC Symbol;Acc:HGNC:49616]
ENSG00000231791,,lncRNA,1,novel transcript
ENSG00000232036,,processed_pseudogene,1,novel pseudogene
ENSG00000232096,YPEL5P1,processed_pseudogene,1,YPEL5 pseudogene 1 [Source:HGNC Symbol;Acc:HGNC:50555]
ENSG00000232309,,lncRNA,1,novel transcript
ENSG00000232586,KIAA1614-AS1,lncRNA,1,KIAA1614 antisense RNA 1 [Source:HGNC Symbol;Acc:HGNC:50644]
ENSG00000232792,FTH1P25,processed_pseudogene,1,ferritin heavy chain 1 pseudogene 25 [Source:HGNC Symbol;Acc:HGNC:37643]
ENSG00000232860,SMG7-AS1,lncRNA,1,SMG7 antisense RNA 1 [Source:HGNC Symbol;Acc:HGNC:24518]
ENSG00000233537,TEDDM2P,unitary_pseudogene,1,"transmembrane epididymal protein 2, pseudogene [Source:HGNC Symbol;Acc:HGNC:42447]"
ENSG00000233562,RPS3AP8,processed_pseudogene,1,RPS3A pseudogene 8 [Source:HGNC Symbol;Acc:HGNC:35638]
ENSG00000235060,VDAC1P4,processed_pseudogene,1,voltage dependent anion channel 1 pseudogene 4 [Source:HGNC Symbol;Acc:HGNC:12675]
ENSG00000235145,RPSAP16,processed_pseudogene,1,ribosomal protein SA pseudogene 16 [Source:HGNC Symbol;Acc:HGNC:35478]
ENSG00000236719,OVAAL,lncRNA,1,ovarian adenocarcinoma amplified long non-coding RNA [Source:HGNC Symbol;Acc:HGNC:49422]
ENSG00000237292,LINC01732,lncRNA,1,long intergenic non-protein coding RNA 1732 [Source:HGNC Symbol;Acc:HGNC:52520]
ENSG00000243155,,lncRNA,1,novel transcript
ENSG00000244568,RN7SL654P,misc_RNA,1,"RNA, 7SL, cytoplasmic 654, pseudogene [Source:HGNC Symbol;Acc:HGNC:46670]"
ENSG00000251520,,unprocessed_pseudogene,1,"pseudogene similar to part of major histocompatibility complex, class I-related MR1"
ENSG00000252222,RNU7-13P,snRNA,1,"RNA, U7 small nuclear 13 pseudogene [Source:HGNC Symbol;Acc:HGNC:34109]"
ENSG00000252977,RNA5SP70,rRNA_pseudogene,1,"RNA, 5S ribosomal pseudogene 70 [Source:HGNC Symbol;Acc:HGNC:42847]"
ENSG00000260360,,lncRNA,1,novel transcript
ENSG00000260976,LINC01633,lncRNA,1,long intergenic non-protein coding RNA 1633 [Source:HGNC Symbol;Acc:HGNC:52420]
ENSG00000261504,LINC01686,lncRNA,1,long intergenic non-protein coding RNA 1686 [Source:HGNC Symbol;Acc:HGNC:27643]
ENSG00000261817,,lncRNA,1,novel transcript
ENSG00000261831,,lncRNA,1,novel transcript
ENSG00000264916,RN7SL230P,misc_RNA,1,"RNA, 7SL, cytoplasmic 230, pseudogene [Source:HGNC Symbol;Acc:HGNC:46246]"
ENSG00000265435,MIR3121,miRNA,1,microRNA 3121 [Source:HGNC Symbol;Acc:HGNC:38259]
ENSG00000270443,,processed_pseudogene,1,NOP10 ribonucleoprotein (NOP10) pseudogene
ENSG00000270711,,processed_pseudogene,1,cell division cycle associated 8 (CDCA8) pseudogene
ENSG00000270994,,processed_pseudogene,1,"T, brachyury homolog (mouse) (T) pseudogene"
ENSG00000271269,,processed_pseudogene,1,non-SMC element 4 homolog A (S. cerevisiae) (NSMCE4A) pseudogene
ENSG00000271387,C1orf21-DT,lncRNA,1,C1orf21 divergent transcript [Source:HGNC Symbol;Acc:HGNC:55249]
ENSG00000273573,Metazoa_SRP,misc_RNA,1,Metazoan signal recognition particle RNA [Source:RFAM;Acc:RF00017]
ENSG00000276839,Metazoa_SRP,misc_RNA,1,Metazoan signal recognition particle RNA [Source:RFAM;Acc:RF00017]
ENSG00000283575,U6,snRNA,1,U6 spliceosomal RNA [Source:RFAM;Acc:RF00026]
ENSG00000023572,GLRX2,protein_coding,1,glutaredoxin 2 [Source:HGNC Symbol;Acc:HGNC:16065]
ENSG00000047410,TPR,protein_coding,1,"translocated promoter region, nuclear basket protein [Source:HGNC Symbol;Acc:HGNC:12017]"
ENSG00000073756,PTGS2,protein_coding,1,prostaglandin-endoperoxide synthase 2 [Source:HGNC Symbol;Acc:HGNC:9605]
ENSG00000090104,RGS1,protein_coding,1,regulator of G protein signaling 1 [Source:HGNC Symbol;Acc:HGNC:9991]
ENSG00000116679,IVNS1ABP,protein_coding,1,influenza virus NS1A binding protein [Source:HGNC Symbol;Acc:HGNC:16951]
ENSG00000116690,PRG4,protein_coding,1,proteoglycan 4 [Source:HGNC Symbol;Acc:HGNC:9364]
ENSG00000116703,PDC,protein_coding,1,phosducin [Source:HGNC Symbol;Acc:HGNC:8759]
ENSG00000116711,PLA2G4A,protein_coding,1,phospholipase A2 group IVA [Source:HGNC Symbol;Acc:HGNC:9035]
ENSG00000116741,RGS2,protein_coding,1,regulator of G protein signaling 2 [Source:HGNC Symbol;Acc:HGNC:9998]
ENSG00000116747,RO60,protein_coding,1,"Ro60, Y RNA binding protein [Source:HGNC Symbol;Acc:HGNC:11313]"
ENSG00000116750,UCHL5,protein_coding,1,ubiquitin C-terminal hydrolase L5 [Source:HGNC Symbol;Acc:HGNC:19678]
ENSG00000127074,RGS13,protein_coding,1,regulator of G protein signaling 13 [Source:HGNC Symbol;Acc:HGNC:9995]
ENSG00000134371,CDC73,protein_coding,1,cell division cycle 73 [Source:HGNC Symbol;Acc:HGNC:16783]
ENSG00000143341,HMCN1,protein_coding,1,hemicentin 1 [Source:HGNC Symbol;Acc:HGNC:19194]
ENSG00000150681,RGS18,protein_coding,1,regulator of G protein signaling 18 [Source:HGNC Symbol;Acc:HGNC:14261]
ENSG00000150732,,processed_pseudogene,1,novel zinc finger protein pseudogene
ENSG00000157181,ODR4,protein_coding,1,odr-4 GPCR localization factor homolog [Source:HGNC Symbol;Acc:HGNC:24299]
ENSG00000162630,B3GALT2,protein_coding,1,"beta-1,3-galactosyltransferase 2 [Source:HGNC Symbol;Acc:HGNC:917]"
ENSG00000162670,BRINP3,protein_coding,1,BMP/retinoic acid inducible neural specific 3 [Source:HGNC Symbol;Acc:HGNC:22393]
ENSG00000201596,Y_RNA,misc_RNA,1,Y RNA [Source:RFAM;Acc:RF00019]
ENSG00000202025,RNU6-1240P,snRNA,1,"RNA, U6 small nuclear 1240, pseudogene [Source:HGNC Symbol;Acc:HGNC:48203]"
ENSG00000207108,Y_RNA,misc_RNA,1,Y RNA [Source:RFAM;Acc:RF00019]
ENSG00000221680,MIR1278,miRNA,1,microRNA 1278 [Source:HGNC Symbol;Acc:HGNC:35356]
ENSG00000222240,RN7SKP156,misc_RNA,1,RN7SK pseudogene 156 [Source:HGNC Symbol;Acc:HGNC:45880]
ENSG00000223075,RN7SKP126,misc_RNA,1,RN7SK pseudogene 126 [Source:HGNC Symbol;Acc:HGNC:45850]
ENSG00000223344,,lncRNA,1,novel transcript
ENSG00000223847,,processed_pseudogene,1,NIF3 NGG1 interacting factor 3-like 1 (S. pombe) (NIF3L1) pseudogene
ENSG00000224278,,processed_pseudogene,1,DEAD (Asp-Glu-Ala-As) box polypeptide 19 (DDX19) pseudogene
ENSG00000224691,,lncRNA,1,novel transcript
ENSG00000225006,,lncRNA,1,novel transcript
ENSG00000225462,FDPSP1,processed_pseudogene,1,farnesyl diphosphate synthase pseudogene 1 [Source:HGNC Symbol;Acc:HGNC:3632]
ENSG00000225811,,lncRNA,1,novel transcript
ENSG00000226196,GAPDHP75,processed_pseudogene,1,glyceraldehyde-3-phosphate dehydrogenase pseudogene 75 [Source:HGNC Symbol;Acc:HGNC:50648]
ENSG00000226486,LINC01035,lncRNA,1,long intergenic non-protein coding RNA 1035 [Source:HGNC Symbol;Acc:HGNC:49022]
ENSG00000226640,,lncRNA,1,novel transcript
ENSG00000226723,,processed_pseudogene,1,"pseudogene similar to ATP-binding cassette, sub-family E (OABP), member (ABCE1)"
ENSG00000226814,,processed_pseudogene,1,pseudogene similar to integrin beta 1 binding protein 1 (ITGB1BP1)
ENSG00000227240,,lncRNA,1,novel transcript
ENSG00000228020,HNRNPA1P46,processed_pseudogene,1,heterogeneous nuclear ribonucleoprotein A1 pseudogene 46 [Source:HGNC Symbol;Acc:HGNC:48776]
ENSG00000228215,LINC02770,lncRNA,1,long intergenic non-protein coding RNA 2770 [Source:HGNC Symbol;Acc:HGNC:54290]
ENSG00000228238,,processed_pseudogene,1,zinc-finger protein pseudogene
ENSG00000228309,LINC01350,lncRNA,1,long intergenic non-protein coding RNA 1350 [Source:HGNC Symbol;Acc:HGNC:50575]
ENSG00000228687,,unprocessed_pseudogene,1,pseudogene similar to a hypothetical protein (FLJ10996)
ENSG00000229739,PDC-AS1,lncRNA,1,PDC antisense RNA 1 [Source:HGNC Symbol;Acc:HGNC:40432]
ENSG00000230426,LINC01036,lncRNA,1,long intergenic non-protein coding RNA 1036 [Source:HGNC Symbol;Acc:HGNC:49024]
ENSG00000230987,,processed_pseudogene,1,DEAH (Asp-Glu-Ala-His) box polypeptide 29 (DHX29) pseudogene
ENSG00000231022,RPS3AP9,processed_pseudogene,1,RPS3A pseudogene 9 [Source:HGNC Symbol;Acc:HGNC:36150]
ENSG00000231175,LINC01720,lncRNA,1,long intergenic non-protein coding RNA 1720 [Source:HGNC Symbol;Acc:HGNC:52507]
ENSG00000231714,,lncRNA,1,novel transcript
ENSG00000231767,RPS27AP5,processed_pseudogene,1,ribosomal protein S27a pseudogene 5 [Source:HGNC Symbol;Acc:HGNC:36867]
ENSG00000232077,LINC01031,lncRNA,1,long intergenic non-protein coding RNA 1031 [Source:HGNC Symbol;Acc:HGNC:49017]
ENSG00000232212,LINC01701,lncRNA,1,long intergenic non-protein coding RNA 1701 [Source:HGNC Symbol;Acc:HGNC:52489]
ENSG00000233057,EEF1A1P14,processed_pseudogene,1,eukaryotic translation elongation factor 1 alpha 1 pseudogene 14 [Source:HGNC Symbol;Acc:HGNC:3197]
ENSG00000233196,,processed_pseudogene,1,novel pseudogene
ENSG00000233583,,processed_pseudogene,1,tyrosine aminotransferase (TAT) pseudogene
ENSG00000233882,LINC01680,lncRNA,1,long intergenic non-protein coding RNA 1680 [Source:HGNC Symbol;Acc:HGNC:52467]
ENSG00000234473,ZNF101P2,processed_pseudogene,1,zinc finger protein 101 pseudogene 2 [Source:HGNC Symbol;Acc:HGNC:44942]
ENSG00000235083,,processed_pseudogene,1,"apolipoprotein L, 3 (APOL3) pseudogene"
ENSG00000236025,,processed_pseudogene,1,"coronin, actin binding protein, 1C (CORO1C) pseudogene"
ENSG00000236069,,lncRNA,1,novel transcript
ENSG00000236401,SLC4A1APP2,unprocessed_pseudogene,1,solute carrier family 4 member 1 adaptor protein pseudogene 2 [Source:HGNC Symbol;Acc:HGNC:49812]
ENSG00000236792,,processed_pseudogene,1,"pseudogene similar to ATP-binding cassette, sub-family E (OABP), member (ABCE1)"
ENSG00000237011,,lncRNA,1,novel transcript
ENSG00000237213,RPL23AP22,processed_pseudogene,1,ribosomal protein L23a pseudogene 22 [Source:HGNC Symbol;Acc:HGNC:35505]
ENSG00000237283,,lncRNA,1,novel transcript
ENSG00000237457,BRINP3-DT,lncRNA,1,BRINP3 divergent transcript [Source:HGNC Symbol;Acc:HGNC:50577]
ENSG00000238054,,lncRNA,1,novel transcript
ENSG00000238061,,processed_pseudogene,1,"proteasome (prosome, macropain) 26S subunit, non-ATPase, 7 (Mov34 homolog) (PSMD7) pseudogene"
ENSG00000238108,,processed_pseudogene,1,glycine cleavage system protein H (aminomethyl carrier) (GCSH) pseudogene
ENSG00000238270,,lncRNA,1,novel transcript
ENSG00000238754,SCARNA18B,snoRNA,1,small Cajal body-specific RNA 18B [Source:HGNC Symbol;Acc:HGNC:52236]
ENSG00000241505,,lncRNA,1,novel transcript
ENSG00000251813,RNU6-983P,snRNA,1,"RNA, U6 small nuclear 983, pseudogene [Source:HGNC Symbol;Acc:HGNC:47946]"
ENSG00000252407,RNU7-183P,snRNA,1,"RNA, U7 small nuclear 183 pseudogene [Source:HGNC Symbol;Acc:HGNC:45717]"
ENSG00000252553,RNA5SP73,rRNA_pseudogene,1,"RNA, 5S ribosomal pseudogene 73 [Source:HGNC Symbol;Acc:HGNC:42850]"
ENSG00000252612,Y_RNA,misc_RNA,1,Y RNA [Source:RFAM;Acc:RF00019]
ENSG00000253148,RGS21,protein_coding,1,regulator of G protein signaling 21 [Source:HGNC Symbol;Acc:HGNC:26839]
ENSG00000261024,,transcribed_processed_pseudogene,1,microtubule associated protein 1 light chain 3 beta (MAP1LC3B) pseudogene
ENSG00000261182,LINC03121,lncRNA,1,long intergenic non-protein coding RNA 3121 [Source:HGNC Symbol;Acc:HGNC:56937]
ENSG00000261642,,lncRNA,1,novel transcript
ENSG00000261729,GS1-204I12.4,lncRNA,1,uncharacterized GS1-204I12.4 [Source:NCBI gene (formerly Entrezgene);Acc:105371653]
ENSG00000270920,MCRIP2P2,processed_pseudogene,1,MAPK regulated corepressor interacting protein 2 pseudogene 2 [Source:HGNC Symbol;Acc:HGNC:49631]
ENSG00000271036,CLPTM1LP1,processed_pseudogene,1,CLPTM1L pseudogene 1 [Source:HGNC Symbol;Acc:HGNC:49023]
ENSG00000271187,,processed_pseudogene,1,small integral membrane protein 15 (SMIM15) pseudogene
ENSG00000271558,,transcribed_processed_pseudogene,1,uridine-cytidine kinase 1 (UCK1) pseudogene
ENSG00000273004,,lncRNA,1,novel transcript
ENSG00000273129,PACERR,lncRNA,1,PTGS2 antisense NFKB1 complex-mediated expression regulator RNA [Source:HGNC Symbol;Acc:HGNC:50552]
ENSG00000273198,,lncRNA,1,novel transcript
ENSG00000274702,,processed_pseudogene,1,neuroepithelial cell transforming 1 (NET1) pseudogene
ENSG00000276735,Metazoa_SRP,misc_RNA,1,Metazoan signal recognition particle RNA [Source:RFAM;Acc:RF00017]
ENSG00000279401,,TEC,1,TEC
ENSG00000283795,MIR4426,miRNA,1,microRNA 4426 [Source:HGNC Symbol;Acc:HGNC:41848]
ENSG00000000971,CFH,protein_coding,1,complement factor H [Source:HGNC Symbol;Acc:HGNC:4883]
ENSG00000066279,ASPM,protein_coding,1,assembly factor for spindle microtubules [Source:HGNC Symbol;Acc:HGNC:19048]
ENSG00000080910,CFHR2,protein_coding,1,complement factor H related 2 [Source:HGNC Symbol;Acc:HGNC:4890]
ENSG00000081237,PTPRC,protein_coding,1,protein tyrosine phosphatase receptor type C [Source:HGNC Symbol;Acc:HGNC:9666]
ENSG00000081248,CACNA1S,protein_coding,1,calcium voltage-gated channel subunit alpha1 S [Source:HGNC Symbol;Acc:HGNC:1397]
ENSG00000081277,PKP1,protein_coding,1,plakophilin 1 [Source:HGNC Symbol;Acc:HGNC:9023]
ENSG00000116785,CFHR3,protein_coding,1,complement factor H related 3 [Source:HGNC Symbol;Acc:HGNC:16980]
ENSG00000116833,NR5A2,protein_coding,1,nuclear receptor subfamily 5 group A member 2 [Source:HGNC Symbol;Acc:HGNC:7984]
ENSG00000116852,KIF21B,protein_coding,1,kinesin family member 21B [Source:HGNC Symbol;Acc:HGNC:29442]
ENSG00000116857,TMEM9,protein_coding,1,transmembrane protein 9 [Source:HGNC Symbol;Acc:HGNC:18823]
ENSG00000118193,KIF14,protein_coding,1,kinesin family member 14 [Source:HGNC Symbol;Acc:HGNC:19181]
ENSG00000118194,TNNT2,protein_coding,1,"troponin T2, cardiac type [Source:HGNC Symbol;Acc:HGNC:11949]"
ENSG00000118197,DDX59,protein_coding,1,DEAD-box helicase 59 [Source:HGNC Symbol;Acc:HGNC:25360]
ENSG00000118200,CAMSAP2,protein_coding,1,calmodulin regulated spectrin associated protein family member 2 [Source:HGNC Symbol;Acc:HGNC:29188]
ENSG00000134365,CFHR4,protein_coding,1,complement factor H related 4 [Source:HGNC Symbol;Acc:HGNC:16979]
ENSG00000134369,NAV1,protein_coding,1,neuron navigator 1 [Source:HGNC Symbol;Acc:HGNC:15989]
ENSG00000134376,CRB1,protein_coding,1,crumbs cell polarity complex component 1 [Source:HGNC Symbol;Acc:HGNC:2343]
ENSG00000134389,CFHR5,protein_coding,1,complement factor H related 5 [Source:HGNC Symbol;Acc:HGNC:24668]
ENSG00000143278,F13B,protein_coding,1,coagulation factor XIII B chain [Source:HGNC Symbol;Acc:HGNC:3534]
ENSG00000143355,LHX9,protein_coding,1,LIM homeobox 9 [Source:HGNC Symbol;Acc:HGNC:14222]
ENSG00000151414,NEK7,protein_coding,1,NIMA related kinase 7 [Source:HGNC Symbol;Acc:HGNC:13386]
ENSG00000151418,ATP6V1G3,protein_coding,1,ATPase H+ transporting V1 subunit G3 [Source:HGNC Symbol;Acc:HGNC:18265]
ENSG00000159166,LAD1,protein_coding,1,ladinin 1 [Source:HGNC Symbol;Acc:HGNC:6472]
ENSG00000159173,TNNI1,protein_coding,1,"troponin I1, slow skeletal type [Source:HGNC Symbol;Acc:HGNC:11945]"
ENSG00000159176,CSRP1,protein_coding,1,cysteine and glycine rich protein 1 [Source:HGNC Symbol;Acc:HGNC:2469]
ENSG00000162687,KCNT2,protein_coding,1,potassium sodium-activated channel subfamily T member 2 [Source:HGNC Symbol;Acc:HGNC:18866]
ENSG00000162702,ZNF281,protein_coding,1,zinc finger protein 281 [Source:HGNC Symbol;Acc:HGNC:13075]
ENSG00000163362,INAVA,protein_coding,1,innate immunity activator [Source:HGNC Symbol;Acc:HGNC:25599]
ENSG00000163395,IGFN1,protein_coding,1,immunoglobulin like and fibronectin type III domain containing 1 [Source:HGNC Symbol;Acc:HGNC:24607]
ENSG00000170128,GPR25,protein_coding,1,G protein-coupled receptor 25 [Source:HGNC Symbol;Acc:HGNC:4480]
ENSG00000174307,PHLDA3,protein_coding,1,pleckstrin homology like domain family A member 3 [Source:HGNC Symbol;Acc:HGNC:8934]
ENSG00000177888,ZBTB41,protein_coding,1,zinc finger and BTB domain containing 41 [Source:HGNC Symbol;Acc:HGNC:24819]
ENSG00000198700,IPO9,protein_coding,1,importin 9 [Source:HGNC Symbol;Acc:HGNC:19425]
ENSG00000198892,SHISA4,protein_coding,1,shisa family member 4 [Source:HGNC Symbol;Acc:HGNC:27139]
ENSG00000200139,RNU6-778P,snRNA,1,"RNA, U6 small nuclear 778, pseudogene [Source:HGNC Symbol;Acc:HGNC:47741]"
ENSG00000200942,RNU6-501P,snRNA,1,"RNA, U6 small nuclear 501, pseudogene [Source:HGNC Symbol;Acc:HGNC:47464]"
ENSG00000201032,RNU6-704P,snRNA,1,"RNA, U6 small nuclear 704, pseudogene [Source:HGNC Symbol;Acc:HGNC:47667]"
ENSG00000202329,RNU6-609P,snRNA,1,"RNA, U6 small nuclear 609, pseudogene [Source:HGNC Symbol;Acc:HGNC:47572]"
ENSG00000202491,RNU6-716P,snRNA,1,"RNA, U6 small nuclear 716, pseudogene [Source:HGNC Symbol;Acc:HGNC:47679]"
ENSG00000203721,LINC00862,lncRNA,1,long intergenic non-protein coding RNA 862 [Source:HGNC Symbol;Acc:HGNC:21901]
ENSG00000203724,C1orf53,protein_coding,1,chromosome 1 open reading frame 53 [Source:HGNC Symbol;Acc:HGNC:30003]
ENSG00000207139,Y_RNA,misc_RNA,1,Y RNA [Source:RFAM;Acc:RF00019]
ENSG00000207759,MIR181A1,miRNA,1,microRNA 181a-1 [Source:HGNC Symbol;Acc:HGNC:31590]
ENSG00000207975,MIR181B1,miRNA,1,microRNA 181b-1 [Source:HGNC Symbol;Acc:HGNC:31550]
ENSG00000213045,,processed_pseudogene,1,cofilin 1 (non-muscle) (CFL1) pseudogene
ENSG00000213046,EEF1A1P32,unprocessed_pseudogene,1,eukaryotic translation elongation factor 1 alpha 1 pseudogene 32 [Source:HGNC Symbol;Acc:HGNC:37909]
ENSG00000213047,DENND1B,protein_coding,1,DENN domain containing 1B [Source:HGNC Symbol;Acc:HGNC:28404]
ENSG00000221028,MIR1231,miRNA,1,microRNA 1231 [Source:HGNC Symbol;Acc:HGNC:33921]
ENSG00000221879,MRPS21P3,processed_pseudogene,1,mitochondrial ribosomal protein S21 pseudogene 3 [Source:HGNC Symbol;Acc:HGNC:29750]
ENSG00000223396,RPS10P7,transcribed_processed_pseudogene,1,ribosomal protein S10 pseudogene 7 [Source:HGNC Symbol;Acc:HGNC:36423]
ENSG00000223881,,lncRNA,1,novel transcript
ENSG00000224536,CSRP1-AS1,lncRNA,1,CSRP1 antisense RNA 1 [Source:HGNC Symbol;Acc:HGNC:55856]
ENSG00000224818,,lncRNA,1,novel transcript
ENSG00000224901,,lncRNA,1,novel transcript
ENSG00000225172,,lncRNA,1,novel transcript
ENSG00000227048,,processed_pseudogene,1,"protein (peptidyl-prolyl cis/trans isomerase) NIMA-interacting, 4 (parvulin) (PIN4) pseudogene"
ENSG00000227421,LINC01724,lncRNA,1,long intergenic non-protein coding RNA 1724 [Source:HGNC Symbol;Acc:HGNC:52512]
ENSG00000227747,,processed_pseudogene,1,ribosomal protein S2 (RPS2) pseudogene
ENSG00000228167,,processed_pseudogene,1,translocase of inner mitochondrial membrane 17 homolog A (yeast) (TIMM17A) pseudogene
ENSG00000228190,RPL23AP16,processed_pseudogene,1,ribosomal protein L23a pseudogene 16 [Source:HGNC Symbol;Acc:HGNC:36652]
ENSG00000228530,,processed_pseudogene,1,"NADH dehydrogenase (ubiquinone) 1 alpha subcomplex, 4, 9kDa (NDUFA4) pseudogene"
ENSG00000229220,,processed_pseudogene,1,"collagen, type XXII, alpha 1 (COL22A1) pseudogene"
ENSG00000229747,,processed_pseudogene,1,"phosphatidylinositol transfer protein, cytoplasmic 1 (PITPNC1) pseudogene"
ENSG00000229821,,lncRNA,1,novel transcript
ENSG00000229989,MIR181A1HG,lncRNA,1,MIR181A1 host gene [Source:HGNC Symbol;Acc:HGNC:48659]
ENSG00000230260,,lncRNA,1,novel transcript
ENSG00000230623,,lncRNA,1,"novel transcript, antisense to ZNF281"
ENSG00000231333,RPL34P6,processed_pseudogene,1,ribosomal protein L34 pseudogene 6 [Source:HGNC Symbol;Acc:HGNC:35810]
ENSG00000231718,LINC02789,lncRNA,1,long intergenic non-protein coding RNA 2789 [Source:HGNC Symbol;Acc:HGNC:54310]
ENSG00000231871,IPO9-AS1,lncRNA,1,IPO9 antisense RNA 1 [Source:HGNC Symbol;Acc:HGNC:40892]
ENSG00000231984,,processed_pseudogene,1,translational inhibitor protein p14.5 (UK114) pseudogene
ENSG00000232237,ASCL5,protein_coding,1,achaete-scute family bHLH transcription factor 5 [Source:HGNC Symbol;Acc:HGNC:33169]
ENSG00000232824,PRR13P1,processed_pseudogene,1,proline rich 13 pseudogene 1 [Source:HGNC Symbol;Acc:HGNC:50614]
ENSG00000233040,FAM204BP,processed_pseudogene,1,"family with sequence similarity 204 member B, pseudogene [Source:HGNC Symbol;Acc:HGNC:42011]"
ENSG00000233217,MROH3P,transcribed_unitary_pseudogene,1,"maestro heat like repeat family member 3, pseudogene [Source:HGNC Symbol;Acc:HGNC:33122]"
ENSG00000233410,LINC01222,lncRNA,1,long intergenic non-protein coding RNA 1222 [Source:HGNC Symbol;Acc:HGNC:49672]
ENSG00000233827,CCNQP1,processed_pseudogene,1,CCNQ pseudogene 1 [Source:HGNC Symbol;Acc:HGNC:27373]
ENSG00000234132,,lncRNA,1,"novel transcript, antisense CACNA1S"
ENSG00000235121,,lncRNA,1,novel transcript
ENSG00000235492,LINC01221,lncRNA,1,long intergenic non-protein coding RNA 1221 [Source:HGNC Symbol;Acc:HGNC:49671]
ENSG00000235582,,processed_pseudogene,1,ribosomal protein L24 (RPL24) pseudogene
ENSG00000235748,SEPTIN14P12,processed_pseudogene,1,septin 14 pseudogene 12 [Source:HGNC Symbol;Acc:HGNC:51699]
ENSG00000236278,PEBP1P3,processed_pseudogene,1,phosphatidylethanolamine binding protein 1 pseudogene 3 [Source:HGNC Symbol;Acc:HGNC:44345]
ENSG00000236390,,lncRNA,1,novel transcript
ENSG00000236468,EEF1A1P44,processed_pseudogene,1,eukaryotic translation elongation factor 1 alpha 1 pseudogene 44 [Source:HGNC Symbol;Acc:HGNC:56201]
ENSG00000237861,,transcribed_processed_pseudogene,1,"ATPase, H+ transporting, lysosomal accessory protein 2 (ATP6AP2) pseudogene"
ENSG00000244414,CFHR1,protein_coding,1,complement factor H related 1 [Source:HGNC Symbol;Acc:HGNC:4888]
ENSG00000252860,RNU6-570P,snRNA,1,"RNA, U6 small nuclear 570, pseudogene [Source:HGNC Symbol;Acc:HGNC:47533]"
ENSG00000260088,DDX59-AS1,lncRNA,1,DDX59 antisense RNA 1 [Source:HGNC Symbol;Acc:HGNC:41094]
ENSG00000261573,PTPRC-AS1,lncRNA,1,PTPRC antisense RNA 1 [Source:HGNC Symbol;Acc:HGNC:40483]
ENSG00000264802,MIR5191,miRNA,1,microRNA 5191 [Source:HGNC Symbol;Acc:HGNC:43497]
ENSG00000265986,MIR4735,miRNA,1,microRNA 4735 [Source:HGNC Symbol;Acc:HGNC:41888]
ENSG00000273093,,lncRNA,1,novel transcript
ENSG00000273844,,unprocessed_pseudogene,1,complement factor H-related familily member pseudogene CFHR
ENSG00000277681,MIR6739,miRNA,1,microRNA 6739 [Source:HGNC Symbol;Acc:HGNC:50165]
ENSG00000282221,,lncRNA,1,"novel transcript, antisense to LAD1"
ENSG00000282849,,lncRNA,1,novel transcript
ENSG00000058668,ATP2B4,protein_coding,1,ATPase plasma membrane Ca2+ transporting 4 [Source:HGNC Symbol;Acc:HGNC:817]
ENSG00000058673,ZC3H11A,protein_coding,1,zinc finger CCCH-type containing 11A [Source:HGNC Symbol;Acc:HGNC:29093]
ENSG00000077152,UBE2T,protein_coding,1,ubiquitin conjugating enzyme E2 T [Source:HGNC Symbol;Acc:HGNC:25009]
ENSG00000077157,PPP1R12B,protein_coding,1,protein phosphatase 1 regulatory subunit 12B [Source:HGNC Symbol;Acc:HGNC:7619]
ENSG00000117139,KDM5B,protein_coding,1,lysine demethylase 5B [Source:HGNC Symbol;Acc:HGNC:18039]
ENSG00000117153,KLHL12,protein_coding,1,kelch like family member 12 [Source:HGNC Symbol;Acc:HGNC:19360]
ENSG00000122176,FMOD,protein_coding,1,fibromodulin [Source:HGNC Symbol;Acc:HGNC:3774]
ENSG00000122180,MYOG,protein_coding,1,myogenin [Source:HGNC Symbol;Acc:HGNC:7612]
ENSG00000122188,LAX1,protein_coding,1,lymphocyte transmembrane adaptor 1 [Source:HGNC Symbol;Acc:HGNC:26005]
ENSG00000133048,CHI3L1,protein_coding,1,chitinase 3 like 1 [Source:HGNC Symbol;Acc:HGNC:1932]
ENSG00000133055,MYBPH,protein_coding,1,myosin binding protein H [Source:HGNC Symbol;Acc:HGNC:7552]
ENSG00000133056,PIK3C2B,protein_coding,1,phosphatidylinositol-4-phosphate 3-kinase catalytic subunit type 2 beta [Source:HGNC Symbol;Acc:HGNC:8972]
ENSG00000133063,CHIT1,protein_coding,1,chitinase 1 [Source:HGNC Symbol;Acc:HGNC:1936]
ENSG00000133067,LGR6,protein_coding,1,leucine rich repeat containing G protein-coupled receptor 6 [Source:HGNC Symbol;Acc:HGNC:19719]
ENSG00000134375,TIMM17A,protein_coding,1,translocase of inner mitochondrial membrane 17A [Source:HGNC Symbol;Acc:HGNC:17315]
ENSG00000143839,REN,protein_coding,1,renin [Source:HGNC Symbol;Acc:HGNC:9958]
ENSG00000143842,SOX13,protein_coding,1,SRY-box transcription factor 13 [Source:HGNC Symbol;Acc:HGNC:11192]
ENSG00000143845,ETNK2,protein_coding,1,ethanolamine kinase 2 [Source:HGNC Symbol;Acc:HGNC:25575]
ENSG00000143847,PPFIA4,protein_coding,1,PTPRF interacting protein alpha 4 [Source:HGNC Symbol;Acc:HGNC:9248]
ENSG00000143850,PLEKHA6,protein_coding,1,pleckstrin homology domain containing A6 [Source:HGNC Symbol;Acc:HGNC:17053]
ENSG00000143851,PTPN7,protein_coding,1,protein tyrosine phosphatase non-receptor type 7 [Source:HGNC Symbol;Acc:HGNC:9659]
ENSG00000143858,SYT2,protein_coding,1,synaptotagmin 2 [Source:HGNC Symbol;Acc:HGNC:11510]
ENSG00000143862,ARL8A,protein_coding,1,ARF like GTPase 8A [Source:HGNC Symbol;Acc:HGNC:25192]
ENSG00000158615,PPP1R15B,protein_coding,1,protein phosphatase 1 regulatory subunit 15B [Source:HGNC Symbol;Acc:HGNC:14951]
ENSG00000159346,ADIPOR1,protein_coding,1,adiponectin receptor 1 [Source:HGNC Symbol;Acc:HGNC:24040]
ENSG00000159348,CYB5R1,protein_coding,1,cytochrome b5 reductase 1 [Source:HGNC Symbol;Acc:HGNC:13397]
ENSG00000159388,BTG2,protein_coding,1,BTG anti-proliferation factor 2 [Source:HGNC Symbol;Acc:HGNC:1131]
ENSG00000163431,LMOD1,protein_coding,1,leiomodin 1 [Source:HGNC Symbol;Acc:HGNC:6647]
ENSG00000163435,ELF3,protein_coding,1,E74 like ETS transcription factor 3 [Source:HGNC Symbol;Acc:HGNC:3318]
ENSG00000163444,TMEM183A,protein_coding,1,transmembrane protein 183A [Source:HGNC Symbol;Acc:HGNC:20173]
ENSG00000163485,ADORA1,protein_coding,1,adenosine A1 receptor [Source:HGNC Symbol;Acc:HGNC:262]
ENSG00000170075,GPR37L1,protein_coding,1,G protein-coupled receptor 37 like 1 [Source:HGNC Symbol;Acc:HGNC:14923]
ENSG00000170382,LRRN2,protein_coding,1,leucine rich repeat neuronal 2 [Source:HGNC Symbol;Acc:HGNC:16914]
ENSG00000170498,KISS1,protein_coding,1,KiSS-1 metastasis suppressor [Source:HGNC Symbol;Acc:HGNC:6341]
ENSG00000174567,GOLT1A,protein_coding,1,golgi transport 1A [Source:HGNC Symbol;Acc:HGNC:24766]
ENSG00000176393,RNPEP,protein_coding,1,arginyl aminopeptidase [Source:HGNC Symbol;Acc:HGNC:10078]
ENSG00000176754,LINC00303,lncRNA,1,long intergenic non-protein coding RNA 303 [Source:HGNC Symbol;Acc:HGNC:26865]
ENSG00000182004,SNRPE,protein_coding,1,small nuclear ribonucleoprotein polypeptide E [Source:HGNC Symbol;Acc:HGNC:11161]
ENSG00000183155,RABIF,protein_coding,1,RAB interacting factor [Source:HGNC Symbol;Acc:HGNC:9797]
ENSG00000184774,MGAT4EP,transcribed_unitary_pseudogene,1,"MGAT4 family member E, pseudogene [Source:HGNC Symbol;Acc:HGNC:49418]"
ENSG00000188770,OPTC,protein_coding,1,opticin [Source:HGNC Symbol;Acc:HGNC:8158]
ENSG00000188783,PRELP,protein_coding,1,proline and arginine rich end leucine rich repeat protein [Source:HGNC Symbol;Acc:HGNC:9357]
ENSG00000198625,MDM4,protein_coding,1,MDM4 regulator of p53 [Source:HGNC Symbol;Acc:HGNC:6974]
ENSG00000199471,Y_RNA,misc_RNA,1,Y RNA [Source:RFAM;Acc:RF00019]
ENSG00000200408,RNA5SP74,rRNA_pseudogene,1,"RNA, 5S ribosomal pseudogene 74 [Source:HGNC Symbol;Acc:HGNC:42851]"
ENSG00000202300,RNU6-487P,snRNA,1,"RNA, U6 small nuclear 487, pseudogene [Source:HGNC Symbol;Acc:HGNC:47450]"
ENSG00000206637,SNORA70H,snoRNA,1,"small nucleolar RNA, H/ACA box 70H [Source:HGNC Symbol;Acc:HGNC:52214]"
ENSG00000212512,Y_RNA,misc_RNA,1,Y RNA [Source:RFAM;Acc:RF00019]
ENSG00000214796,TUBA5P,transcribed_unprocessed_pseudogene,1,"tubulin alpha 5, pseudogene [Source:HGNC Symbol;Acc:HGNC:54799]"
ENSG00000219133,RPL21P19,processed_pseudogene,1,ribosomal protein L21 pseudogene 19 [Source:HGNC Symbol;Acc:HGNC:35748]
ENSG00000221643,SNORA77,snoRNA,1,"small nucleolar RNA, H/ACA box 77 [Source:HGNC Symbol;Acc:HGNC:32663]"
ENSG00000223505,RPL35AP5,processed_pseudogene,1,ribosomal protein L35a pseudogene 5 [Source:HGNC Symbol;Acc:HGNC:35570]
ENSG00000223774,,lncRNA,1,novel transcript
ENSG00000224671,ADORA1-AS1,lncRNA,1,ADORA1 antisense RNA 1 [Source:HGNC Symbol;Acc:HGNC:40067]
ENSG00000225522,,processed_pseudogene,1,novel pseudogene
ENSG00000225620,,lncRNA,1,novel transcript
ENSG00000226148,SLC25A39P1,processed_pseudogene,1,solute carrier family 25 member 39 pseudogene 1 [Source:HGNC Symbol;Acc:HGNC:43859]
ENSG00000226330,PPP1R15B-AS1,lncRNA,1,PPP1R15B and PIK3C2B antisense RNA 1 [Source:HGNC Symbol;Acc:HGNC:55838]
ENSG00000226862,SYT2-AS1,lncRNA,1,SYT2 antisense RNA 1 [Source:HGNC Symbol;Acc:HGNC:40572]
ENSG00000227109,CRIP1P3,processed_pseudogene,1,cysteine rich protein 1 pseudogene 3 [Source:HGNC Symbol;Acc:HGNC:44518]
ENSG00000227417,,processed_pseudogene,1,SNF7 domain containing 2 (SNF7DC20) pseudogene
ENSG00000228288,PCAT6,lncRNA,1,prostate cancer associated transcript 6 [Source:HGNC Symbol;Acc:HGNC:43714]
ENSG00000229120,CYCSP4,processed_pseudogene,1,CYCS pseudogene 4 [Source:HGNC Symbol;Acc:HGNC:24413]
ENSG00000229652,,processed_pseudogene,1,small EDRK-rich factor 2 (SERF2) pseudogene
ENSG00000230280,HNRNPA1P59,processed_pseudogene,1,heterogeneous nuclear ribonucleoprotein A1 pseudogene 59 [Source:HGNC Symbol;Acc:HGNC:48789]
ENSG00000230550,ERLNC1,lncRNA,1,estrogen receptor responsive lncRNA 1 [Source:HGNC Symbol;Acc:HGNC:41109]
ENSG00000231507,LINC01353,lncRNA,1,long intergenic non-protein coding RNA 1353 [Source:HGNC Symbol;Acc:HGNC:50580]
ENSG00000231547,,unprocessed_pseudogene,1,ribosomal protein S20 (RPS20) pseudogene
ENSG00000231691,,lncRNA,1,novel transcript
ENSG00000232296,,processed_pseudogene,1,"LSM3 homolog, U6 small nuclear RNA associated (S. cerevisiae) (LSM3) pseudogene"
ENSG00000232626,,transcribed_processed_pseudogene,1,"FK506 binding protein 8, 38kDa (FKBP8) pseudogene"
ENSG00000232917,HSPE1P6,processed_pseudogene,1,heat shock protein family E (Hsp10) member 1 pseudogene 6 [Source:HGNC Symbol;Acc:HGNC:49325]
ENSG00000233791,BTG2-DT,lncRNA,1,BTG2 divergent transcript [Source:HGNC Symbol;Acc:HGNC:49452]
ENSG00000234678,ELF3-AS1,lncRNA,1,ELF3 antisense RNA 1 [Source:HGNC Symbol;Acc:HGNC:40211]
ENSG00000234761,MGAT4FP,transcribed_unitary_pseudogene,1,"MGAT4 family member F, pseudogene [Source:HGNC Symbol;Acc:HGNC:49419]"
ENSG00000234775,ADORA1-AS2,lncRNA,1,ADORA1 antisense RNA 2 [Source:HGNC Symbol;Acc:HGNC:40066]
ENSG00000234996,ACTG1P25,transcribed_processed_pseudogene,1,actin gamma 1 pseudogene 25 [Source:HGNC Symbol;Acc:HGNC:54872]
ENSG00000235449,COX7CP2,processed_pseudogene,1,COX7C pseudogene 2 [Source:HGNC Symbol;Acc:HGNC:56510]
ENSG00000235811,,processed_pseudogene,1,"ATPase, H+ transporting, lysosomal 9kDa, V0 subunit e (ATP6V0E) pseudogene"
ENSG00000236035,NSA2P1,processed_pseudogene,1,NSA2 pseudogene 1 [Source:HGNC Symbol;Acc:HGNC:54580]
ENSG00000236430,KRT8P29,processed_pseudogene,1,keratin 8 pseudogene 29 [Source:HGNC Symbol;Acc:HGNC:33381]
ENSG00000236439,RPS27P8,processed_pseudogene,1,ribosomal protein S27 pseudogene 8 [Source:HGNC Symbol;Acc:HGNC:36022]
ENSG00000236523,NPM1P40,processed_pseudogene,1,nucleophosmin 1 pseudogene 40 [Source:HGNC Symbol;Acc:HGNC:45219]
ENSG00000236779,,processed_pseudogene,1,PEF protein with a long N-terminal hydrophobic domain (peflin) (PEF) pseudogene
ENSG00000237379,CBX1P3,transcribed_processed_pseudogene,1,chromobox 1 pseudogene 3 [Source:HGNC Symbol;Acc:HGNC:38657]
ENSG00000237848,,processed_pseudogene,1,small nuclear ribonucleoprotein polypeptide F (SNRPF) pseudogene
ENSG00000238003,RPL10P4,processed_pseudogene,1,ribosomal protein L10 pseudogene 4 [Source:HGNC Symbol;Acc:HGNC:52342]
ENSG00000240219,,lncRNA,1,novel transcript
ENSG00000240710,,lncRNA,1,novel transcript
ENSG00000243323,PTPRVP,transcribed_unitary_pseudogene,1,"protein tyrosine phosphatase receptor type V, pseudogene [Source:HGNC Symbol;Acc:HGNC:13421]"
ENSG00000249007,,lncRNA,1,novel transcript
ENSG00000253042,SNORA70,snoRNA,1,Small nucleolar RNA SNORA70 [Source:RFAM;Acc:RF00156]
ENSG00000257315,ZBED6,protein_coding,1,zinc finger BED-type containing 6 [Source:HGNC Symbol;Acc:HGNC:33273]
ENSG00000260021,,lncRNA,1,"novel transcript, antisense to a novel transcript"
ENSG00000261065,,lncRNA,1,novel transcript
ENSG00000271588,LARP7P1,processed_pseudogene,1,LARP7 pseudogene 1 [Source:HGNC Symbol;Acc:HGNC:49763]
ENSG00000272262,RNU6-89P,snRNA,1,"RNA, U6 small nuclear 89, pseudogene [Source:HGNC Symbol;Acc:HGNC:47052]"
ENSG00000275207,MIR6740,miRNA,1,microRNA 6740 [Source:HGNC Symbol;Acc:HGNC:50082]
ENSG00000280924,LINC00628,lncRNA,1,long intergenic non-protein coding RNA 628 [Source:HGNC Symbol;Acc:HGNC:27008]
ENSG00000069275,NUCKS1,protein_coding,1,nuclear casein kinase and cyclin dependent kinase substrate 1 [Source:HGNC Symbol;Acc:HGNC:29923]
ENSG00000076356,PLXNA2,protein_coding,1,plexin A2 [Source:HGNC Symbol;Acc:HGNC:9100]
ENSG00000117222,RBBP5,protein_coding,1,"RB binding protein 5, histone lysine methyltransferase complex subunit [Source:HGNC Symbol;Acc:HGNC:9888]"
ENSG00000117266,CDK18,protein_coding,1,cyclin dependent kinase 18 [Source:HGNC Symbol;Acc:HGNC:8751]
ENSG00000117280,RAB29,protein_coding,1,"RAB29, member RAS oncogene family [Source:HGNC Symbol;Acc:HGNC:9789]"
ENSG00000117322,CR2,protein_coding,1,complement C3d receptor 2 [Source:HGNC Symbol;Acc:HGNC:2336]
ENSG00000117335,CD46,protein_coding,1,CD46 molecule [Source:HGNC Symbol;Acc:HGNC:6953]
ENSG00000123836,PFKFB2,protein_coding,1,"6-phosphofructo-2-kinase/fructose-2,6-biphosphatase 2 [Source:HGNC Symbol;Acc:HGNC:8873]"
ENSG00000123838,C4BPA,protein_coding,1,complement component 4 binding protein alpha [Source:HGNC Symbol;Acc:HGNC:1325]
ENSG00000123843,C4BPB,protein_coding,1,complement component 4 binding protein beta [Source:HGNC Symbol;Acc:HGNC:1328]
ENSG00000133059,DSTYK,protein_coding,1,dual serine/threonine and tyrosine protein kinase [Source:HGNC Symbol;Acc:HGNC:29043]
ENSG00000133065,SLC41A1,protein_coding,1,solute carrier family 41 member 1 [Source:HGNC Symbol;Acc:HGNC:19429]
ENSG00000133069,TMCC2,protein_coding,1,transmembrane and coiled-coil domain family 2 [Source:HGNC Symbol;Acc:HGNC:24239]
ENSG00000136634,IL10,protein_coding,1,interleukin 10 [Source:HGNC Symbol;Acc:HGNC:5962]
ENSG00000142224,IL19,protein_coding,1,interleukin 19 [Source:HGNC Symbol;Acc:HGNC:5990]
ENSG00000143479,DYRK3,protein_coding,1,dual specificity tyrosine phosphorylation regulated kinase 3 [Source:HGNC Symbol;Acc:HGNC:3094]
ENSG00000143486,EIF2D,protein_coding,1,eukaryotic translation initiation factor 2D [Source:HGNC Symbol;Acc:HGNC:6583]
ENSG00000158711,ELK4,protein_coding,1,ETS transcription factor ELK4 [Source:HGNC Symbol;Acc:HGNC:3326]
ENSG00000158715,SLC45A3,protein_coding,1,solute carrier family 45 member 3 [Source:HGNC Symbol;Acc:HGNC:8642]
ENSG00000162873,KLHDC8A,protein_coding,1,kelch domain containing 8A [Source:HGNC Symbol;Acc:HGNC:25573]
ENSG00000162877,PM20D1,protein_coding,1,peptidase M20 domain containing 1 [Source:HGNC Symbol;Acc:HGNC:26518]
ENSG00000162888,IKBKE-AS1,lncRNA,1,IKBKE antisense RNA 1 [Source:HGNC Symbol;Acc:HGNC:32061]
ENSG00000162889,MAPKAPK2,protein_coding,1,MAPK activated protein kinase 2 [Source:HGNC Symbol;Acc:HGNC:6887]
ENSG00000162891,IL20,protein_coding,1,interleukin 20 [Source:HGNC Symbol;Acc:HGNC:6002]
ENSG00000162892,IL24,protein_coding,1,interleukin 24 [Source:HGNC Symbol;Acc:HGNC:11346]
ENSG00000162894,FCMR,protein_coding,1,Fc mu receptor [Source:HGNC Symbol;Acc:HGNC:14315]
ENSG00000162896,PIGR,protein_coding,1,polymeric immunoglobulin receptor [Source:HGNC Symbol;Acc:HGNC:8968]
ENSG00000162897,FCAMR,protein_coding,1,Fc alpha and mu receptor [Source:HGNC Symbol;Acc:HGNC:24692]
ENSG00000163531,NFASC,protein_coding,1,neurofascin [Source:HGNC Symbol;Acc:HGNC:29866]
ENSG00000163545,NUAK2,protein_coding,1,NUAK family kinase 2 [Source:HGNC Symbol;Acc:HGNC:29558]
ENSG00000174059,CD34,protein_coding,1,CD34 molecule [Source:HGNC Symbol;Acc:HGNC:1662]
ENSG00000174502,SLC26A9,protein_coding,1,solute carrier family 26 member 9 [Source:HGNC Symbol;Acc:HGNC:14469]
ENSG00000174514,MFSD4A,protein_coding,1,major facilitator superfamily domain containing 4A [Source:HGNC Symbol;Acc:HGNC:25433]
ENSG00000174529,TMEM81,protein_coding,1,transmembrane protein 81 [Source:HGNC Symbol;Acc:HGNC:32349]
ENSG00000180667,YOD1,protein_coding,1,YOD1 deubiquitinase [Source:HGNC Symbol;Acc:HGNC:25035]
ENSG00000182795,C1orf116,protein_coding,1,chromosome 1 open reading frame 116 [Source:HGNC Symbol;Acc:HGNC:28667]
ENSG00000184144,CNTN2,protein_coding,1,contactin 2 [Source:HGNC Symbol;Acc:HGNC:2172]
ENSG00000186007,LEMD1,protein_coding,1,LEM domain containing 1 [Source:HGNC Symbol;Acc:HGNC:18725]
ENSG00000196188,CTSE,protein_coding,1,cathepsin E [Source:HGNC Symbol;Acc:HGNC:2530]
ENSG00000196352,CD55,protein_coding,1,CD55 molecule (Cromer blood group) [Source:HGNC Symbol;Acc:HGNC:2665]
ENSG00000196550,FAM72A,protein_coding,1,family with sequence similarity 72 member A [Source:HGNC Symbol;Acc:HGNC:24044]
ENSG00000197721,CR1L,protein_coding,1,complement C3b/C4b receptor 1 like [Source:HGNC Symbol;Acc:HGNC:2335]
ENSG00000198049,AVPR1B,protein_coding,1,arginine vasopressin receptor 1B [Source:HGNC Symbol;Acc:HGNC:896]
ENSG00000199059,MIR135B,miRNA,1,microRNA 135b [Source:HGNC Symbol;Acc:HGNC:31760]
ENSG00000199349,Y_RNA,misc_RNA,1,Y RNA [Source:RFAM;Acc:RF00019]
ENSG00000201944,SNORA72,snoRNA,1,Small nucleolar RNA SNORA72 [Source:RFAM;Acc:RF00139]
ENSG00000203709,MIR29B2CHG,lncRNA,1,MIR29B2 and MIR29C host gene [Source:HGNC Symbol;Acc:HGNC:32018]
ENSG00000203710,CR1,protein_coding,1,complement C3b/C4b receptor 1 (Knops blood group) [Source:HGNC Symbol;Acc:HGNC:2334]
ENSG00000206762,RNU6-418P,snRNA,1,"RNA, U6 small nuclear 418, pseudogene [Source:HGNC Symbol;Acc:HGNC:47381]"
ENSG00000213041,RPL17P8,processed_pseudogene,1,ribosomal protein L17 pseudogene 8 [Source:HGNC Symbol;Acc:HGNC:35651]
ENSG00000224114,,processed_pseudogene,1,ribosomal protein S14 (RPS14) pseudogene
ENSG00000224462,C4BPAP1,transcribed_unitary_pseudogene,1,C4BPA pseudogene 1 [Source:HGNC Symbol;Acc:HGNC:1326]
ENSG00000224717,LEMD1-DT,lncRNA,1,LEMD1 divergent transcript [Source:HGNC Symbol;Acc:HGNC:27631]
ENSG00000225063,TMCC2-AS1,lncRNA,1,TMCC2 antisense RNA 1 [Source:HGNC Symbol;Acc:HGNC:41042]
ENSG00000225483,RPL22P4,processed_pseudogene,1,ribosomal protein L22 pseudogene 4 [Source:HGNC Symbol;Acc:HGNC:36299]
ENSG00000226235,LEMD1-AS1,lncRNA,1,LEMD1 antisense RNA 1 [Source:HGNC Symbol;Acc:HGNC:44132]
ENSG00000226289,CDCA4P3,unprocessed_pseudogene,1,cell division cycle associated 4 pseudogene 3 [Source:HGNC Symbol;Acc:HGNC:49772]
ENSG00000226565,,processed_pseudogene,1,signal recognition particle 72kDa (SRP72) pseudogene
ENSG00000226780,AVPR1B-DT,lncRNA,1,AVPR1B divergent transcript [Source:HGNC Symbol;Acc:HGNC:55832]
ENSG00000226945,RPL13AP8,processed_pseudogene,1,ribosomal protein L13a pseudogene 8 [Source:HGNC Symbol;Acc:HGNC:36966]
ENSG00000227687,,lncRNA,1,novel transcript
ENSG00000228153,,lncRNA,1,novel transcript
ENSG00000229509,,unprocessed_pseudogene,1,"RAP1, GTP-GDP dissociation stimulator 1 (RAP1GDS1) pseudogene"
ENSG00000229657,RPL13AP11,processed_pseudogene,1,ribosomal protein L13a pseudogene 11 [Source:HGNC Symbol;Acc:HGNC:36566]
ENSG00000232621,C4BPAP2,transcribed_unprocessed_pseudogene,1,C4BPA pseudogene 2 [Source:HGNC Symbol;Acc:HGNC:1327]
ENSG00000234219,CDCA4P4,unprocessed_pseudogene,1,cell division cycle associated 4 pseudogene 4 [Source:HGNC Symbol;Acc:HGNC:49773]
ENSG00000234981,RPL7AP20,processed_pseudogene,1,ribosomal protein L7a pseudogene 20 [Source:HGNC Symbol;Acc:HGNC:36358]
ENSG00000235363,SNRPGP10,processed_pseudogene,1,small nuclear ribonucleoprotein polypeptide G pseudogene 10 [Source:HGNC Symbol;Acc:HGNC:39329]
ENSG00000236108,,processed_pseudogene,1,signal peptidase 12kDa (SPC12) pseudogene
ENSG00000236889,,lncRNA,1,novel transcript
ENSG00000236911,CR1-AS1,lncRNA,1,CR1 antisense RNA 1 [Source:HGNC Symbol;Acc:HGNC:40160]
ENSG00000236942,,processed_pseudogene,1,GABA(A) receptor-associated protein (GABARAP) pseudogene
ENSG00000237074,LINC02942,lncRNA,1,long intergenic non-protein coding RNA 2942 [Source:HGNC Symbol;Acc:HGNC:55957]
ENSG00000237605,DYRK3-AS1,lncRNA,1,DYRK3 antisense RNA 1 [Source:HGNC Symbol;Acc:HGNC:40199]
ENSG00000243636,,lncRNA,1,novel transcript
ENSG00000244703,CD46P1,unprocessed_pseudogene,1,CD46 molecule pseudogene 1 [Source:HGNC Symbol;Acc:HGNC:6959]
ENSG00000251861,,scaRNA,1,
ENSG00000252650,RNA5SP75,rRNA_pseudogene,1,"RNA, 5S ribosomal pseudogene 75 [Source:HGNC Symbol;Acc:HGNC:42852]"
ENSG00000252692,,snoRNA,1,
ENSG00000253097,RNU2-19P,snRNA,1,"RNA, U2 small nuclear 19, pseudogene [Source:HGNC Symbol;Acc:HGNC:48512]"
ENSG00000261000,,lncRNA,1,novel transcript
ENSG00000263528,IKBKE,protein_coding,1,inhibitor of nuclear factor kappa B kinase subunit epsilon [Source:HGNC Symbol;Acc:HGNC:14552]
ENSG00000263961,RHEX,protein_coding,1,regulator of hemoglobinization and erythroid cell expansion [Source:HGNC Symbol;Acc:HGNC:25341]
ENSG00000266028,SRGAP2,protein_coding,1,SLIT-ROBO Rho GTPase activating protein 2 [Source:HGNC Symbol;Acc:HGNC:19751]
ENSG00000266094,RASSF5,protein_coding,1,Ras association domain family member 5 [Source:HGNC Symbol;Acc:HGNC:17609]
ENSG00000271580,,processed_pseudogene,1,glycogenin 2 (GYG2) pseudogene
ENSG00000271680,,processed_pseudogene,1,"La ribonucleoprotein domain family, member 1B (LARP1B) pseudogene"
ENSG00000274059,RNA5SP534,rRNA,1,"RNA, 5S ribosomal pseudogene 534 [Source:HGNC Symbol;Acc:HGNC:53803]"
ENSG00000275213,Metazoa_SRP,misc_RNA,1,Metazoan signal recognition particle RNA [Source:RFAM;Acc:RF00017]
ENSG00000275392,,lncRNA,1,"novel transcript, antisense to C4BPA"
ENSG00000276600,RAB7B,protein_coding,1,"RAB7B, member RAS oncogene family [Source:HGNC Symbol;Acc:HGNC:30513]"
ENSG00000278465,MIR6769B,miRNA,1,microRNA 6769b [Source:HGNC Symbol;Acc:HGNC:50016]
ENSG00000279946,,TEC,1,"novel transcript, sense intronic to RASSF5"
ENSG00000281406,BLACAT1,protein_coding,1,BLACAT1 overlapping LEMD1 locus [Source:HGNC Symbol;Acc:HGNC:48597]
ENSG00000283044,,lncRNA,1,novel transcript
ENSG00000284203,MIR29B2,miRNA,1,microRNA 29b-2 [Source:HGNC Symbol;Acc:HGNC:31620]
ENSG00000284214,MIR29C,miRNA,1,microRNA 29c [Source:HGNC Symbol;Acc:HGNC:31621]
ENSG00000284237,LINC02767,lncRNA,1,long intergenic non-protein coding RNA 2767 [Source:HGNC Symbol;Acc:HGNC:54287]
ENSG00000008118,CAMK1G,protein_coding,1,calcium/calmodulin dependent protein kinase IG [Source:HGNC Symbol;Acc:HGNC:14585]
ENSG00000009790,TRAF3IP3,protein_coding,1,TRAF3 interacting protein 3 [Source:HGNC Symbol;Acc:HGNC:30766]
ENSG00000054392,HHAT,protein_coding,1,hedgehog acyltransferase [Source:HGNC Symbol;Acc:HGNC:18270]
ENSG00000065600,PACC1,protein_coding,1,proton activated chloride channel 1 [Source:HGNC Symbol;Acc:HGNC:25593]
ENSG00000066027,PPP2R5A,protein_coding,1,protein phosphatase 2 regulatory subunit B'alpha [Source:HGNC Symbol;Acc:HGNC:9309]
ENSG00000082497,SERTAD4,protein_coding,1,SERTA domain containing 4 [Source:HGNC Symbol;Acc:HGNC:25236]
ENSG00000082512,TRAF5,protein_coding,1,TNF receptor associated factor 5 [Source:HGNC Symbol;Acc:HGNC:12035]
ENSG00000117594,HSD11B1,protein_coding,1,hydroxysteroid 11-beta dehydrogenase 1 [Source:HGNC Symbol;Acc:HGNC:5208]
ENSG00000117595,IRF6,protein_coding,1,interferon regulatory factor 6 [Source:HGNC Symbol;Acc:HGNC:6121]
ENSG00000117597,UTP25,protein_coding,1,UTP25 small subunit processome component [Source:HGNC Symbol;Acc:HGNC:28440]
ENSG00000117625,RCOR3,protein_coding,1,REST corepressor 3 [Source:HGNC Symbol;Acc:HGNC:25594]
ENSG00000117650,NEK2,protein_coding,1,NIMA related kinase 2 [Source:HGNC Symbol;Acc:HGNC:7745]
ENSG00000117691,NENF,protein_coding,1,neudesin neurotrophic factor [Source:HGNC Symbol;Acc:HGNC:30384]
ENSG00000117697,NSL1,protein_coding,1,NSL1 component of MIS12 kinetochore complex [Source:HGNC Symbol;Acc:HGNC:24548]
ENSG00000123684,LPGAT1,protein_coding,1,lysophosphatidylglycerol acyltransferase 1 [Source:HGNC Symbol;Acc:HGNC:28985]
ENSG00000123685,BATF3,protein_coding,1,basic leucine zipper ATF-like transcription factor 3 [Source:HGNC Symbol;Acc:HGNC:28915]
ENSG00000123689,G0S2,protein_coding,1,G0/G1 switch 2 [Source:HGNC Symbol;Acc:HGNC:30229]
ENSG00000143469,SYT14,protein_coding,1,synaptotagmin 14 [Source:HGNC Symbol;Acc:HGNC:23143]
ENSG00000143473,KCNH1,protein_coding,1,potassium voltage-gated channel subfamily H member 1 [Source:HGNC Symbol;Acc:HGNC:6250]
ENSG00000143476,DTL,protein_coding,1,denticleless E3 ubiquitin protein ligase homolog [Source:HGNC Symbol;Acc:HGNC:30288]
ENSG00000143493,INTS7,protein_coding,1,integrator complex subunit 7 [Source:HGNC Symbol;Acc:HGNC:24484]
ENSG00000143494,VASH2,protein_coding,1,vasohibin 2 [Source:HGNC Symbol;Acc:HGNC:25723]
ENSG00000153363,LINC00467,lncRNA,1,long intergenic non-protein coding RNA 467 [Source:HGNC Symbol;Acc:HGNC:28227]
ENSG00000162757,C1orf74,protein_coding,1,chromosome 1 open reading frame 74 [Source:HGNC Symbol;Acc:HGNC:26319]
ENSG00000162769,FLVCR1,protein_coding,1,FLVCR choline and heme transporter 1 [Source:HGNC Symbol;Acc:HGNC:24682]
ENSG00000162771,GARIN4,protein_coding,1,golgi associated RAB2 interactor family member 4 [Source:HGNC Symbol;Acc:HGNC:26541]
ENSG00000162772,ATF3,protein_coding,1,activating transcription factor 3 [Source:HGNC Symbol;Acc:HGNC:785]
ENSG00000170385,SLC30A1,protein_coding,1,solute carrier family 30 member 1 [Source:HGNC Symbol;Acc:HGNC:11012]
ENSG00000174606,ANGEL2,protein_coding,1,angel homolog 2 [Source:HGNC Symbol;Acc:HGNC:30534]
ENSG00000185523,SPATA45,protein_coding,1,spermatogenesis associated 45 [Source:HGNC Symbol;Acc:HGNC:33709]
ENSG00000196878,LAMB3,protein_coding,1,laminin subunit beta 3 [Source:HGNC Symbol;Acc:HGNC:6490]
ENSG00000198468,FLVCR1-DT,lncRNA,1,FLVCR1 divergent transcript [Source:HGNC Symbol;Acc:HGNC:39077]
ENSG00000198570,RD3,protein_coding,1,RD3 regulator of GUCY2D [Source:HGNC Symbol;Acc:HGNC:19689]
ENSG00000200972,RNU5A-8P,snRNA,1,"RNA, U5A small nuclear 8, pseudogene [Source:HGNC Symbol;Acc:HGNC:42530]"
ENSG00000201544,SNORA16B,snoRNA,1,"small nucleolar RNA, H/ACA box 16B [Source:HGNC Symbol;Acc:HGNC:32606]"
ENSG00000203705,TATDN3,protein_coding,1,TatD DNase domain containing 3 [Source:HGNC Symbol;Acc:HGNC:27010]
ENSG00000203706,SERTAD4-AS1,lncRNA,1,SERTAD4 antisense RNA 1 [Source:HGNC Symbol;Acc:HGNC:32019]
ENSG00000212187,,snoRNA,1,
ENSG00000212205,Y_RNA,misc_RNA,1,Y RNA [Source:RFAM;Acc:RF00019]
ENSG00000220749,RPL21P28,processed_pseudogene,1,ribosomal protein L21 pseudogene 28 [Source:HGNC Symbol;Acc:HGNC:36258]
ENSG00000223649,,lncRNA,1,novel transcript
ENSG00000224260,,lncRNA,1,novel transcript
ENSG00000224535,LINC02771,lncRNA,1,long intergenic non-protein coding RNA 2771 [Source:HGNC Symbol;Acc:HGNC:54291]
ENSG00000224540,TFDP1P1,processed_pseudogene,1,TFDP1 pseudogene 1 [Source:HGNC Symbol;Acc:HGNC:11750]
ENSG00000224668,IPO8P1,processed_pseudogene,1,importin 8 pseudogene 1 [Source:HGNC Symbol;Acc:HGNC:41955]
ENSG00000224763,FDPSP8,processed_pseudogene,1,farnesyl diphosphate synthase pseudogene 8 [Source:HGNC Symbol;Acc:HGNC:39085]
ENSG00000225338,RPL23AP18,processed_pseudogene,1,ribosomal protein L23a pseudogene 18 [Source:HGNC Symbol;Acc:HGNC:36726]
ENSG00000225712,ATP5MC2P1,processed_pseudogene,1,ATP5MC2 pseudogene 1 [Source:HGNC Symbol;Acc:HGNC:844]
ENSG00000226036,RFKP5,processed_pseudogene,1,RFK pseudogene 5 [Source:HGNC Symbol;Acc:HGNC:56489]
ENSG00000226251,LINC02608,lncRNA,1,long intergenic non-protein coding RNA 2608 [Source:HGNC Symbol;Acc:HGNC:54052]
ENSG00000226843,,processed_pseudogene,1,heterogeneous nuclear ribonucleoprotein D-like (HNRPDL) pseudogene
ENSG00000226868,,lncRNA,1,novel transcript
ENSG00000226986,PRELID1P5,processed_pseudogene,1,PRELID1 pseudogene 5 [Source:HGNC Symbol;Acc:HGNC:54770]
ENSG00000227591,HSD11B1-AS1,lncRNA,1,HSD11B1 antisense RNA 1 [Source:HGNC Symbol;Acc:HGNC:54053]
ENSG00000227764,NTRAS,lncRNA,1,non-coding transcript regulating alternative splicing [Source:HGNC Symbol;Acc:HGNC:52478]
ENSG00000227887,RPS26P13,processed_pseudogene,1,ribosomal protein S26 pseudogene 13 [Source:HGNC Symbol;Acc:HGNC:35784]
ENSG00000227940,LINC01696,lncRNA,1,long intergenic non-protein coding RNA 1696 [Source:HGNC Symbol;Acc:HGNC:52484]
ENSG00000228067,LINC01740,lncRNA,1,long intergenic non-protein coding RNA 1740 [Source:HGNC Symbol;Acc:HGNC:52528]
ENSG00000228081,,processed_pseudogene,1,GRB2-related adaptor protein (GRAP) pseudogene
ENSG00000228110,ST13P19,processed_pseudogene,1,"ST13, Hsp70 interacting protein pseudogene 19 [Source:HGNC Symbol;Acc:HGNC:38862]"
ENSG00000228792,,lncRNA,1,novel transcript
ENSG00000229258,LPGAT1-AS1,lncRNA,1,LPGAT1 antisense RNA 1 [Source:HGNC Symbol;Acc:HGNC:41221]
ENSG00000229832,,lncRNA,1,"novel transcript, sense intronic to PPP2R5A"
ENSG00000229983,,lncRNA,1,novel transcript
ENSG00000230063,,lncRNA,1,"novel transcript, sense intronic to PPP2R5A"
ENSG00000230937,MIR205HG,lncRNA,1,MIR205 host gene [Source:HGNC Symbol;Acc:HGNC:43562]
ENSG00000231057,NEK2-DT,lncRNA,1,NEK2 divergent transcript [Source:HGNC Symbol;Acc:HGNC:28085]
ENSG00000231648,LINC01698,lncRNA,1,long intergenic non-protein coding RNA 1698 [Source:HGNC Symbol;Acc:HGNC:52486]
ENSG00000232537,,lncRNA,1,novel transcript
ENSG00000232812,LINC01717,lncRNA,1,long intergenic non-protein coding RNA 1717 [Source:HGNC Symbol;Acc:HGNC:52504]
ENSG00000233455,,processed_pseudogene,1,ribonuclease H1 (RNASEH1) pseudogene
ENSG00000233626,,processed_pseudogene,1,"protein (peptidyl-prolyl cis\\/trans isomerase) NIMA-interacting, 4 (parvulin) (PIN4) pseudogene"
ENSG00000234004,,processed_pseudogene,1,pseudogene similar to ribosomal protein S25 (RPS25)
ENSG00000234233,KCNH1-IT1,lncRNA,1,KCNH1 intronic transcript 1 [Source:HGNC Symbol;Acc:HGNC:41351]
ENSG00000234915,,lncRNA,1,"novel transcript, antisense to PPP2R5A"
ENSG00000235182,,processed_pseudogene,1,pseudogene similar to part of ribosomal protein S15a (RPS15A)
ENSG00000235862,,lncRNA,1,novel transcript
ENSG00000236136,ADORA2BP1,processed_pseudogene,1,adenosine A2b receptor pseudogene 1 [Source:HGNC Symbol;Acc:HGNC:265]
ENSG00000236317,,processed_pseudogene,1,ribosomal protein S28 (RPS28) pseudogene
ENSG00000236809,SNX25P1,unprocessed_pseudogene,1,sorting nexin 25 pseudogene 1 [Source:HGNC Symbol;Acc:HGNC:41509]
ENSG00000236905,,processed_pseudogene,1,ribosomal protein S5 (RPS5) pseudogene
ENSG00000236950,LINC01774,lncRNA,1,long intergenic non-protein coding RNA 1774 [Source:HGNC Symbol;Acc:HGNC:52564]
ENSG00000237980,LINC02773,lncRNA,1,long intergenic non-protein coding RNA 2773 [Source:HGNC Symbol;Acc:HGNC:54293]
ENSG00000238137,ARPC3P2,processed_pseudogene,1,actin related protein 2/3 complex subunit 3 pseudogene 2 [Source:HGNC Symbol;Acc:HGNC:39431]
ENSG00000241395,RN7SL344P,misc_RNA,1,"RNA, 7SL, cytoplasmic 344, pseudogene [Source:HGNC Symbol;Acc:HGNC:46360]"
ENSG00000252879,RN7SKP98,misc_RNA,1,RN7SK pseudogene 98 [Source:HGNC Symbol;Acc:HGNC:45822]
ENSG00000259815,LINC02769,lncRNA,1,long intergenic non-protein coding RNA 2769 [Source:HGNC Symbol;Acc:HGNC:54289]
ENSG00000260805,,lncRNA,1,novel transcript
ENSG00000261314,,lncRNA,1,"novel transcript, sense overlapping SLC30A1"
ENSG00000261453,LINC01735,lncRNA,1,long intergenic non-protein coding RNA 1735 [Source:HGNC Symbol;Acc:HGNC:52523]
ENSG00000264358,MIR3122,miRNA,1,microRNA 3122 [Source:HGNC Symbol;Acc:HGNC:38320]
ENSG00000270936,BPNT2P1,processed_pseudogene,1,BPNT2 pseudogene 1 [Source:HGNC Symbol;Acc:HGNC:54752]
ENSG00000278684,,unprocessed_pseudogene,1,vacuole membrane protein 1 (VMP1) pseudogene
ENSG00000279333,,TEC,1,novel transcript
ENSG00000282718,,lncRNA,1,novel transcript
ENSG00000283876,MIR4260,miRNA,1,microRNA 4260 [Source:HGNC Symbol;Acc:HGNC:38179]
ENSG00000283952,,protein_coding,1,novel protein
ENSG00000284376,,lncRNA,1,novel transcript
ENSG00000284485,MIR205,miRNA,1,microRNA 205 [Source:HGNC Symbol;Acc:HGNC:31583]
ENSG00000042781,USH2A,protein_coding,1,usherin [Source:HGNC Symbol;Acc:HGNC:12601]
ENSG00000067533,RRP15,protein_coding,1,ribosomal RNA processing 15 homolog [Source:HGNC Symbol;Acc:HGNC:24255]
ENSG00000067704,IARS2,protein_coding,1,"isoleucyl-tRNA synthetase 2, mitochondrial [Source:HGNC Symbol;Acc:HGNC:29685]"
ENSG00000082482,KCNK2,protein_coding,1,potassium two pore domain channel subfamily K member 2 [Source:HGNC Symbol;Acc:HGNC:6277]
ENSG00000092969,TGFB2,protein_coding,1,transforming growth factor beta 2 [Source:HGNC Symbol;Acc:HGNC:11768]
ENSG00000092978,GPATCH2,protein_coding,1,G-patch domain containing 2 [Source:HGNC Symbol;Acc:HGNC:25499]
ENSG00000116141,MARK1,protein_coding,1,microtubule affinity regulating kinase 1 [Source:HGNC Symbol;Acc:HGNC:6896]
ENSG00000117707,PROX1,protein_coding,1,prospero homeobox 1 [Source:HGNC Symbol;Acc:HGNC:9459]
ENSG00000117724,CENPF,protein_coding,1,centromere protein F [Source:HGNC Symbol;Acc:HGNC:1857]
ENSG00000117791,MTARC2,protein_coding,1,mitochondrial amidoxime reducing component 2 [Source:HGNC Symbol;Acc:HGNC:26064]
ENSG00000118873,RAB3GAP2,protein_coding,1,RAB3 GTPase activating non-catalytic protein subunit 2 [Source:HGNC Symbol;Acc:HGNC:17168]
ENSG00000136628,EPRS1,protein_coding,1,glutamyl-prolyl-tRNA synthetase 1 [Source:HGNC Symbol;Acc:HGNC:3418]
ENSG00000136630,HLX,protein_coding,1,H2.0 like homeobox [Source:HGNC Symbol;Acc:HGNC:4978]
ENSG00000136636,KCTD3,protein_coding,1,potassium channel tetramerization domain containing 3 [Source:HGNC Symbol;Acc:HGNC:21305]
ENSG00000136643,RPS6KC1,protein_coding,1,ribosomal protein S6 kinase C1 [Source:HGNC Symbol;Acc:HGNC:10439]
ENSG00000143353,LYPLAL1,protein_coding,1,lysophospholipase like 1 [Source:HGNC Symbol;Acc:HGNC:20440]
ENSG00000143499,SMYD2,protein_coding,1,SET and MYND domain containing 2 [Source:HGNC Symbol;Acc:HGNC:20982]
ENSG00000143507,DUSP10,protein_coding,1,dual specificity phosphatase 10 [Source:HGNC Symbol;Acc:HGNC:3065]
ENSG00000152104,PTPN14,protein_coding,1,protein tyrosine phosphatase non-receptor type 14 [Source:HGNC Symbol;Acc:HGNC:9647]
ENSG00000162813,BPNT1,protein_coding,1,"3'(2'), 5'-bisphosphate nucleotidase 1 [Source:HGNC Symbol;Acc:HGNC:1096]"
ENSG00000162814,SPATA17,protein_coding,1,spermatogenesis associated 17 [Source:HGNC Symbol;Acc:HGNC:25184]
ENSG00000162817,C1orf115,protein_coding,1,chromosome 1 open reading frame 115 [Source:HGNC Symbol;Acc:HGNC:25873]
ENSG00000185221,GAPDHP24,processed_pseudogene,1,glyceraldehyde 3 phosphate dehydrogenase pseudogene 24 [Source:HGNC Symbol;Acc:HGNC:37776]
ENSG00000186205,MTARC1,protein_coding,1,mitochondrial amidoxime reducing component 1 [Source:HGNC Symbol;Acc:HGNC:26189]
ENSG00000196482,ESRRG,protein_coding,1,estrogen related receptor gamma [Source:HGNC Symbol;Acc:HGNC:3474]
ENSG00000196660,SLC30A10,protein_coding,1,solute carrier family 30 member 10 [Source:HGNC Symbol;Acc:HGNC:25355]
ENSG00000200033,RNU6-403P,snRNA,1,"RNA, U6 small nuclear 403, pseudogene [Source:HGNC Symbol;Acc:HGNC:47366]"
ENSG00000201493,RNU1-141P,snRNA,1,"RNA, U1 small nuclear 141, pseudogene [Source:HGNC Symbol;Acc:HGNC:48483]"
ENSG00000202498,SNORD116,snoRNA,1,Small nucleolar RNA SNORD116 [Source:RFAM;Acc:RF00108]
ENSG00000207590,MIR215,miRNA,1,microRNA 215 [Source:HGNC Symbol;Acc:HGNC:31592]
ENSG00000207624,MIR194-1,miRNA,1,microRNA 194-1 [Source:HGNC Symbol;Acc:HGNC:31564]
ENSG00000212610,U3,snoRNA,1,Small nucleolar RNA U3 [Source:RFAM;Acc:RF00012]
ENSG00000213033,AURKAP1,transcribed_processed_pseudogene,1,aurora kinase A pseudogene 1 [Source:HGNC Symbol;Acc:HGNC:18611]
ENSG00000213036,,processed_pseudogene,1,adaptor-related protein complex 3 pseudogene
ENSG00000215817,ZC3H11B,protein_coding,1,zinc finger CCCH-type containing 11B [Source:HGNC Symbol;Acc:HGNC:25659]
ENSG00000215819,KRT18P12,processed_pseudogene,1,keratin 18 pseudogene 12 [Source:HGNC Symbol;Acc:HGNC:33410]
ENSG00000218283,MORF4L1P1,processed_pseudogene,1,mortality factor 4 like 1 pseudogene 1 [Source:HGNC Symbol;Acc:HGNC:20400]
ENSG00000221571,RNU6ATAC35P,lncRNA,1,"RNA, U6atac small nuclear 35, pseudogene [Source:HGNC Symbol;Acc:HGNC:46934]"
ENSG00000221673,U3,snoRNA,1,Small nucleolar RNA U3 [Source:RFAM;Acc:RF00012]
ENSG00000222370,SNORA36B,snoRNA,1,"small nucleolar RNA, H/ACA box 36B [Source:HGNC Symbol;Acc:HGNC:32629]"
ENSG00000223375,,processed_pseudogene,1,ribosomal protein S26 (RPS26) pseudogenes
ENSG00000223842,,lncRNA,1,novel transcript
ENSG00000223869,,processed_pseudogene,1,translocase of inner mitochondrial membrane 17 homolog A (yeast) (TIMM17A) pseudogene
ENSG00000224584,UBE2V1P13,processed_pseudogene,1,UBE2V1 pseudogene 13 [Source:HGNC Symbol;Acc:HGNC:52411]
ENSG00000225233,,lncRNA,1,novel transcript
ENSG00000225561,LINC01710,lncRNA,1,long intergenic non-protein coding RNA 1710 [Source:HGNC Symbol;Acc:HGNC:52498]
ENSG00000225920,RIMKLBP2,processed_pseudogene,1,ribosomal modification protein rimK like family member B pseudogene 2 [Source:HGNC Symbol;Acc:HGNC:39163]
ENSG00000226013,MRPS18BP1,processed_pseudogene,1,mitochondrial ribosomal protein S18B pseudogene 1 [Source:HGNC Symbol;Acc:HGNC:29741]
ENSG00000226211,,processed_pseudogene,1,novel pseudogene
ENSG00000226226,PRELID3BP1,processed_pseudogene,1,PRELI domain containing 3B pseudogene 1 [Source:HGNC Symbol;Acc:HGNC:49063]
ENSG00000226693,NXNP1,processed_pseudogene,1,nucleoredoxin pseudogene 1 [Source:HGNC Symbol;Acc:HGNC:50561]
ENSG00000226927,,lncRNA,1,novel transcript
ENSG00000227585,,processed_pseudogene,1,"solute carrier family 35, member E3 (SLC35E3) pseudogene"
ENSG00000228063,LYPLAL1-DT,lncRNA,1,LYPLAL1 divergent transcript [Source:HGNC Symbol;Acc:HGNC:50560]
ENSG00000228208,LINC02869,lncRNA,1,long intergenic non-protein coding RNA 2869 [Source:HGNC Symbol;Acc:HGNC:32045]
ENSG00000228247,UBBP2,transcribed_processed_pseudogene,1,ubiquitin B pseudogene 2 [Source:HGNC Symbol;Acc:HGNC:12465]
ENSG00000228470,,lncRNA,1,novel transcript
ENSG00000228536,LYPLAL1-AS1,lncRNA,1,LYPLAL1 antisense RNA 1 [Source:HGNC Symbol;Acc:HGNC:54054]
ENSG00000228646,RPL31P13,processed_pseudogene,1,ribosomal protein L31 pseudogene 13 [Source:HGNC Symbol;Acc:HGNC:35598]
ENSG00000229016,,processed_pseudogene,1,novel pseudogene
ENSG00000229242,,lncRNA,1,novel transcript
ENSG00000230318,XRCC6P3,processed_pseudogene,1,X-ray repair cross complementing 6 pseudogene 3 [Source:HGNC Symbol;Acc:HGNC:45185]
ENSG00000230461,PROX1-AS1,lncRNA,1,PROX1 antisense RNA 1 [Source:HGNC Symbol;Acc:HGNC:43656]
ENSG00000230714,,lncRNA,1,novel transcript
ENSG00000231529,LINC02779,lncRNA,1,long intergenic non-protein coding RNA 2779 [Source:HGNC Symbol;Acc:HGNC:54299]
ENSG00000231814,LINC00210,lncRNA,1,long intergenic non-protein coding RNA 210 [Source:HGNC Symbol;Acc:HGNC:37458]
ENSG00000232100,LINC01653,lncRNA,1,long intergenic non-protein coding RNA 1653 [Source:HGNC Symbol;Acc:HGNC:52441]
ENSG00000232134,RPS15AP12,processed_pseudogene,1,ribosomal protein S15a pseudogene 12 [Source:HGNC Symbol;Acc:HGNC:36759]
ENSG00000232436,,lncRNA,1,novel transcript
ENSG00000232480,TGFB2-AS1,lncRNA,1,TGFB2 antisense RNA 1 (head to head) [Source:HGNC Symbol;Acc:HGNC:50628]
ENSG00000232809,VDAC1P10,processed_pseudogene,1,voltage dependent anion channel 1 pseudogene 10 [Source:HGNC Symbol;Acc:HGNC:37479]
ENSG00000232883,RPLP0P5,processed_pseudogene,1,ribosomal protein lateral stalk subunit P0 pseudogene 5 [Source:HGNC Symbol;Acc:HGNC:35620]
ENSG00000233012,HDAC1P2,transcribed_processed_pseudogene,1,histone deacetylase 1 pseudogene 2 [Source:HGNC Symbol;Acc:HGNC:45191]
ENSG00000233620,USH2A-AS2,lncRNA,1,USH2A antisense RNA 2 [Source:HGNC Symbol;Acc:HGNC:40605]
ENSG00000234070,SPATA17-AS1,lncRNA,1,SPATA17 antisense RNA 1 [Source:HGNC Symbol;Acc:HGNC:41086]
ENSG00000234754,LINC02817,lncRNA,1,long intergenic non-protein coding RNA 2817 [Source:HGNC Symbol;Acc:HGNC:32042]
ENSG00000234863,,processed_pseudogene,1,part of a cytochrome c oxidase subunit III (COX3) pseudogene
ENSG00000235163,RPL7AP81,processed_pseudogene,1,ribosomal protein L7a pseudogene 81 [Source:HGNC Symbol;Acc:HGNC:55904]
ENSG00000236292,USH2A-AS1,lncRNA,1,USH2A antisense RNA 1 [Source:HGNC Symbol;Acc:HGNC:40606]
ENSG00000238078,LINC01352,lncRNA,1,long intergenic non-protein coding RNA 1352 [Source:HGNC Symbol;Acc:HGNC:50578]
ENSG00000238232,,lncRNA,1,novel transcript
ENSG00000243872,RN7SL464P,misc_RNA,1,"RNA, 7SL, cytoplasmic 464, pseudogene [Source:HGNC Symbol;Acc:HGNC:46480]"
ENSG00000250536,ABHD17AP3,transcribed_unprocessed_pseudogene,1,ABHD17A pseudogene 3 [Source:HGNC Symbol;Acc:HGNC:34041]
ENSG00000252086,RNA5SP76,rRNA_pseudogene,1,"RNA, 5S ribosomal pseudogene 76 [Source:HGNC Symbol;Acc:HGNC:42853]"
ENSG00000257551,HLX-AS1,lncRNA,1,HLX antisense RNA 1 [Source:HGNC Symbol;Acc:HGNC:42509]
ENSG00000260505,,lncRNA,1,novel transcript
ENSG00000270585,SNX2P1,processed_pseudogene,1,sorting nexin 2 pseudogene 1 [Source:HGNC Symbol;Acc:HGNC:41514]
ENSG00000270708,,processed_pseudogene,1,GABA(A) receptor-associated protein-like 2 (GABARAPL2) pseudogene
ENSG00000272167,,lncRNA,1,PROX1 antisense RNA 1
ENSG00000272823,,lncRNA,1,novel transcript
ENSG00000274895,,lncRNA,1,"novel transcript, antisense to PROX1"
ENSG00000276642,,snRNA,1,
ENSG00000277007,,lncRNA,1,novel transcript
ENSG00000281453,TGFB2-OT1,lncRNA,1,TGFB2 overlapping transcript 1 [Source:HGNC Symbol;Acc:HGNC:50629]
ENSG00000281664,LINC00538,lncRNA,1,long intergenic non-protein coding RNA 538 [Source:HGNC Symbol;Acc:HGNC:43655]
ENSG00000281696,MIR664A,miRNA,1,microRNA 664a [Source:HGNC Symbol;Acc:HGNC:35370]
ENSG00000282265,,lncRNA,1,novel transcript
ENSG00000283518,LINC02775,lncRNA,1,long intergenic non-protein coding RNA 2775 [Source:HGNC Symbol;Acc:HGNC:54294]
ENSG00000143498,TAF1A,protein_coding,1,"TATA-box binding protein associated factor, RNA polymerase I subunit A [Source:HGNC Symbol;Acc:HGNC:11532]"
ENSG00000143502,SUSD4,protein_coding,1,sushi domain containing 4 [Source:HGNC Symbol;Acc:HGNC:25470]
ENSG00000143512,HHIPL2,protein_coding,1,HHIP like 2 [Source:HGNC Symbol;Acc:HGNC:25842]
ENSG00000143514,TP53BP2,protein_coding,1,tumor protein p53 binding protein 2 [Source:HGNC Symbol;Acc:HGNC:12000]
ENSG00000143742,SRP9,protein_coding,1,signal recognition particle 9 [Source:HGNC Symbol;Acc:HGNC:11304]
ENSG00000143748,NVL,protein_coding,1,nuclear VCP like [Source:HGNC Symbol;Acc:HGNC:8070]
ENSG00000143751,SDE2,protein_coding,1,SDE2 telomere maintenance homolog [Source:HGNC Symbol;Acc:HGNC:26643]
ENSG00000143753,DEGS1,protein_coding,1,"delta 4-desaturase, sphingolipid 1 [Source:HGNC Symbol;Acc:HGNC:13709]"
ENSG00000143756,FBXO28,protein_coding,1,F-box protein 28 [Source:HGNC Symbol;Acc:HGNC:29046]
ENSG00000143768,LEFTY2,protein_coding,1,left-right determination factor 2 [Source:HGNC Symbol;Acc:HGNC:3122]
ENSG00000143771,CNIH4,protein_coding,1,cornichon family member 4 [Source:HGNC Symbol;Acc:HGNC:25013]
ENSG00000143786,CNIH3,protein_coding,1,cornichon family AMPA receptor auxiliary protein 3 [Source:HGNC Symbol;Acc:HGNC:26802]
ENSG00000143799,PARP1,protein_coding,1,poly(ADP-ribose) polymerase 1 [Source:HGNC Symbol;Acc:HGNC:270]
ENSG00000143811,PYCR2,protein_coding,1,pyrroline-5-carboxylate reductase 2 [Source:HGNC Symbol;Acc:HGNC:30262]
ENSG00000143815,LBR,protein_coding,1,lamin B receptor [Source:HGNC Symbol;Acc:HGNC:6518]
ENSG00000143819,EPHX1,protein_coding,1,epoxide hydrolase 1 [Source:HGNC Symbol;Acc:HGNC:3401]
ENSG00000154305,MIA3,protein_coding,1,MIA SH3 domain ER export factor 3 [Source:HGNC Symbol;Acc:HGNC:24008]
ENSG00000154309,DISP1,protein_coding,1,dispatched RND transporter family member 1 [Source:HGNC Symbol;Acc:HGNC:19711]
ENSG00000154380,ENAH,protein_coding,1,ENAH actin regulator [Source:HGNC Symbol;Acc:HGNC:18271]
ENSG00000162819,BROX,protein_coding,1,BRO1 domain and CAAX motif containing [Source:HGNC Symbol;Acc:HGNC:26512]
ENSG00000162909,CAPN2,protein_coding,1,calpain 2 [Source:HGNC Symbol;Acc:HGNC:1479]
ENSG00000162923,WDR26,protein_coding,1,WD repeat domain 26 [Source:HGNC Symbol;Acc:HGNC:21208]
ENSG00000163041,H3-3A,protein_coding,1,H3.3 histone A [Source:HGNC Symbol;Acc:HGNC:4764]
ENSG00000177770,CDKN2AIPNLP1,processed_pseudogene,1,CDKN2A interacting protein N-terminal like pseudogene 1 [Source:HGNC Symbol;Acc:HGNC:39854]
ENSG00000178395,CCDC185,protein_coding,1,coiled-coil domain containing 185 [Source:HGNC Symbol;Acc:HGNC:26654]
ENSG00000182827,ACBD3,protein_coding,1,acyl-CoA binding domain containing 3 [Source:HGNC Symbol;Acc:HGNC:15453]
ENSG00000183814,LIN9,protein_coding,1,lin-9 DREAM MuvB core complex component [Source:HGNC Symbol;Acc:HGNC:30830]
ENSG00000185155,MIXL1,protein_coding,1,Mix paired-like homeobox [Source:HGNC Symbol;Acc:HGNC:13363]
ENSG00000185495,SEPTIN7P13,transcribed_unprocessed_pseudogene,1,septin 7 pseudogene 13 [Source:HGNC Symbol;Acc:HGNC:55092]
ENSG00000185842,DNAH14,protein_coding,1,dynein axonemal heavy chain 14 [Source:HGNC Symbol;Acc:HGNC:2945]
ENSG00000186063,AIDA,protein_coding,1,"axin interactor, dorsalization associated [Source:HGNC Symbol;Acc:HGNC:25761]"
ENSG00000187554,TLR5,protein_coding,1,toll like receptor 5 [Source:HGNC Symbol;Acc:HGNC:11851]
ENSG00000188460,ACTBP11,processed_pseudogene,1,ACTB pseudogene 11 [Source:HGNC Symbol;Acc:HGNC:33971]
ENSG00000196187,TMEM63A,protein_coding,1,transmembrane protein 63A [Source:HGNC Symbol;Acc:HGNC:29118]
ENSG00000197520,FAM177B,protein_coding,1,family with sequence similarity 177 member B [Source:HGNC Symbol;Acc:HGNC:34395]
ENSG00000201898,SNORA72,snoRNA,1,Small nucleolar RNA SNORA72 [Source:RFAM;Acc:RF00139]
ENSG00000203685,STUM,protein_coding,1,"stum, mechanosensory transduction mediator homolog [Source:HGNC Symbol;Acc:HGNC:30491]"
ENSG00000203697,CAPN8,protein_coding,1,calpain 8 [Source:HGNC Symbol;Acc:HGNC:1485]
ENSG00000206887,RNU6-1008P,snRNA,1,"RNA, U6 small nuclear 1008, pseudogene [Source:HGNC Symbol;Acc:HGNC:47971]"
ENSG00000212157,RNU6-1319P,snRNA,1,"RNA, U6 small nuclear 1319, pseudogene [Source:HGNC Symbol;Acc:HGNC:48282]"
ENSG00000212398,RNU6-1248P,snRNA,1,"RNA, U6 small nuclear 1248, pseudogene [Source:HGNC Symbol;Acc:HGNC:48211]"
ENSG00000213032,NDUFA3P3,processed_pseudogene,1,NADH:ubiquinone oxidoreductase subunit A3 pseudogene 3 [Source:HGNC Symbol;Acc:HGNC:45052]
ENSG00000221406,MIR320B2,miRNA,1,microRNA 320b-2 [Source:HGNC Symbol;Acc:HGNC:35256]
ENSG00000222399,RNU6-791P,snRNA,1,"RNA, U6 small nuclear 791, pseudogene [Source:HGNC Symbol;Acc:HGNC:47754]"
ENSG00000223282,RN7SKP165,misc_RNA,1,RN7SK pseudogene 165 [Source:HGNC Symbol;Acc:HGNC:45889]
ENSG00000223306,RNU6-1304P,snRNA,1,"RNA, U6 small nuclear 1304, pseudogene [Source:HGNC Symbol;Acc:HGNC:48267]"
ENSG00000223570,,processed_pseudogene,1,ribosomal protein L34 (RPL34) pseudogene
ENSG00000225265,TAF1A-AS1,lncRNA,1,TAF1A antisense RNA 1 [Source:HGNC Symbol;Acc:HGNC:40573]
ENSG00000225334,LINC02813,lncRNA,1,long intergenic non-protein coding RNA 2813 [Source:HGNC Symbol;Acc:HGNC:54345]
ENSG00000225518,LINC01703,lncRNA,1,long intergenic non-protein coding RNA 1703 [Source:HGNC Symbol;Acc:HGNC:52491]
ENSG00000226349,,lncRNA,1,novel transcript
ENSG00000226601,,lncRNA,1,novel transcript
ENSG00000226643,,lncRNA,1,novel transcript
ENSG00000227002,SNRPEP10,processed_pseudogene,1,SNRPE pseudogene 10 [Source:HGNC Symbol;Acc:HGNC:43575]
ENSG00000227496,,lncRNA,1,novel transcript
ENSG00000227613,QRSL1P2,processed_pseudogene,1,QRSL1 pseudogene 2 [Source:HGNC Symbol;Acc:HGNC:43668]
ENSG00000227621,PHB1P11,processed_pseudogene,1,PHB1 pseudogene 11 [Source:HGNC Symbol;Acc:HGNC:39290]
ENSG00000228437,LINC02474,lncRNA,1,long intergenic non-protein coding RNA 2474 [Source:HGNC Symbol;Acc:HGNC:53417]
ENSG00000229399,,processed_pseudogene,1,prefoldin 5 (PFDN5) pseudogene
ENSG00000229400,CNIH3-AS1,lncRNA,1,CNIH3 antisense RNA 1 [Source:HGNC Symbol;Acc:HGNC:41163]
ENSG00000229742,,processed_pseudogene,1,ribosomal protein L21 (RPL21) pseudogene
ENSG00000229930,,unprocessed_pseudogene,1,F-box only protein 25 (FBXO25) pseudogene
ENSG00000229965,RPS3AP7,processed_pseudogene,1,RPS3A pseudogene 7 [Source:HGNC Symbol;Acc:HGNC:36376]
ENSG00000229991,AKR1B1P1,processed_pseudogene,1,aldehyde reductase family 1 member B1 pseudogene 1 [Source:HGNC Symbol;Acc:HGNC:420]
ENSG00000232628,,lncRNA,1,novel transcript
ENSG00000232679,LINC01705,lncRNA,1,long intergenic non-protein coding RNA 1705 [Source:HGNC Symbol;Acc:HGNC:52493]
ENSG00000233384,CNIH3-AS2,lncRNA,1,CNIH3 antisense RNA 2 [Source:HGNC Symbol;Acc:HGNC:41162]
ENSG00000233771,CICP5,unprocessed_pseudogene,1,capicua transcriptional repressor pseudogene 5 [Source:HGNC Symbol;Acc:HGNC:37754]
ENSG00000234112,LEFTY3P,processed_pseudogene,1,"left-right determination factor 3, pseudogene [Source:HGNC Symbol;Acc:HGNC:55878]"
ENSG00000234247,DNAJB6P6,processed_pseudogene,1,DNAJB6 pseudogene 6 [Source:HGNC Symbol;Acc:HGNC:54759]
ENSG00000234419,CICP13,processed_pseudogene,1,capicua transcriptional repressor pseudogene 13 [Source:HGNC Symbol;Acc:HGNC:37907]
ENSG00000234476,LINC02765,lncRNA,1,long intergenic non-protein coding RNA 2765 [Source:HGNC Symbol;Acc:HGNC:54285]
ENSG00000234478,ACBD3-AS1,lncRNA,1,ACBD3 antisense RNA 1 [Source:HGNC Symbol;Acc:HGNC:40701]
ENSG00000234523,NDUFB1P2,processed_pseudogene,1,NADH:ubiquinone oxidoreductase subunit B1 pseudogene 2 [Source:HGNC Symbol;Acc:HGNC:37815]
ENSG00000236230,,lncRNA,1,novel transcript
ENSG00000236773,,processed_pseudogene,1,novel pseudogene
ENSG00000236846,,lncRNA,1,novel transcript
ENSG00000236994,YBX1P9,processed_pseudogene,1,Y-box binding protein 1 pseudogene 9 [Source:HGNC Symbol;Acc:HGNC:42430]
ENSG00000237101,,lncRNA,1,novel transcript
ENSG00000242861,,lncRNA,1,novel transcript
ENSG00000243709,LEFTY1,protein_coding,1,left-right determination factor 1 [Source:HGNC Symbol;Acc:HGNC:6552]
ENSG00000248322,,lncRNA,1,novel transcript
ENSG00000251789,RNU4-57P,snRNA,1,"RNA, U4 small nuclear 57, pseudogene [Source:HGNC Symbol;Acc:HGNC:46993]"
ENSG00000252484,RN7SKP49,misc_RNA,1,RN7SK pseudogene 49 [Source:HGNC Symbol;Acc:HGNC:45773]
ENSG00000255835,,protein_coding,1,novel protein
ENSG00000266618,MIR4742,miRNA,1,microRNA 4742 [Source:HGNC Symbol;Acc:HGNC:41565]
ENSG00000267305,,unprocessed_pseudogene,1,general transcription factor IIi (GTF2I) pseudogene
ENSG00000270287,,processed_pseudogene,1,SP100 nuclear antigen (SP100) pseudogene
ENSG00000270598,,processed_pseudogene,1,chromosome 17 open reading frame 89 (C17orf89) pseudogene
ENSG00000272562,H3-3A-DT,lncRNA,1,H3-3A divergent transcript [Source:HGNC Symbol;Acc:HGNC:55210]
ENSG00000272645,GTF2IP20,transcribed_unprocessed_pseudogene,1,general transcription factor IIi pseudogene 20 [Source:HGNC Symbol;Acc:HGNC:51732]
ENSG00000272750,,lncRNA,1,"novel transcript, antisense to MIA3"
ENSG00000275406,,unprocessed_pseudogene,1,signal peptidase complex subunit 3 homolog (S. cerevisiae) (SPCS3) pseudogene
ENSG00000276997,,lncRNA,1,novel transcript
ENSG00000278467,,lncRNA,1,novel transcript
ENSG00000282418,,lncRNA,1,novel transcript
ENSG00000284519,MIR6741,miRNA,1,microRNA 6741 [Source:HGNC Symbol;Acc:HGNC:50004]
ENSG00000081692,JMJD4,protein_coding,1,jumonji domain containing 4 [Source:HGNC Symbol;Acc:HGNC:25724]
ENSG00000116574,RHOU,protein_coding,1,ras homolog family member U [Source:HGNC Symbol;Acc:HGNC:17794]
ENSG00000143740,SNAP47,protein_coding,1,synaptosome associated protein 47 [Source:HGNC Symbol;Acc:HGNC:30669]
ENSG00000143761,ARF1,protein_coding,1,ARF GTPase 1 [Source:HGNC Symbol;Acc:HGNC:652]
ENSG00000143772,ITPKB,protein_coding,1,inositol-trisphosphate 3-kinase B [Source:HGNC Symbol;Acc:HGNC:6179]
ENSG00000143774,GUK1,protein_coding,1,guanylate kinase 1 [Source:HGNC Symbol;Acc:HGNC:4693]
ENSG00000143776,CDC42BPA,protein_coding,1,CDC42 binding protein kinase alpha [Source:HGNC Symbol;Acc:HGNC:1737]
ENSG00000143793,C1orf35,protein_coding,1,chromosome 1 open reading frame 35 [Source:HGNC Symbol;Acc:HGNC:19032]
ENSG00000143801,PSEN2,protein_coding,1,presenilin 2 [Source:HGNC Symbol;Acc:HGNC:9509]
ENSG00000143816,WNT9A,protein_coding,1,Wnt family member 9A [Source:HGNC Symbol;Acc:HGNC:12778]
ENSG00000154342,WNT3A,protein_coding,1,Wnt family member 3A [Source:HGNC Symbol;Acc:HGNC:15983]
ENSG00000154358,OBSCN,protein_coding,1,"obscurin, cytoskeletal calmodulin and titin-interacting RhoGEF [Source:HGNC Symbol;Acc:HGNC:15719]"
ENSG00000154370,TRIM11,protein_coding,1,tripartite motif containing 11 [Source:HGNC Symbol;Acc:HGNC:16281]
ENSG00000162910,MRPL55,protein_coding,1,mitochondrial ribosomal protein L55 [Source:HGNC Symbol;Acc:HGNC:16686]
ENSG00000162913,OBSCN-AS1,lncRNA,1,OBSCN antisense RNA 1 [Source:HGNC Symbol;Acc:HGNC:32047]
ENSG00000162931,TRIM17,protein_coding,1,tripartite motif containing 17 [Source:HGNC Symbol;Acc:HGNC:13430]
ENSG00000163050,COQ8A,protein_coding,1,coenzyme Q8A [Source:HGNC Symbol;Acc:HGNC:16812]
ENSG00000168118,RAB4A,protein_coding,1,"RAB4A, member RAS oncogene family [Source:HGNC Symbol;Acc:HGNC:9781]"
ENSG00000168148,H3-4,protein_coding,1,"H3.4 histone, cluster member [Source:HGNC Symbol;Acc:HGNC:4778]"
ENSG00000168159,RNF187,protein_coding,1,ring finger protein 187 [Source:HGNC Symbol;Acc:HGNC:27146]
ENSG00000177788,RAB4A-AS1,lncRNA,1,RAB4A antisense RNA 1 [Source:HGNC Symbol;Acc:HGNC:55934]
ENSG00000177800,TMEM78,lncRNA,1,transmembrane protein 78 [Source:HGNC Symbol;Acc:HGNC:32307]
ENSG00000181201,H2BC27P,transcribed_unitary_pseudogene,1,"H2B clustered histone 27, pseudogene [Source:HGNC Symbol;Acc:HGNC:20515]"
ENSG00000181218,H2AC25,protein_coding,1,H2A clustered histone 25 [Source:HGNC Symbol;Acc:HGNC:20507]
ENSG00000181450,ZNF678,protein_coding,1,zinc finger protein 678 [Source:HGNC Symbol;Acc:HGNC:28652]
ENSG00000181873,IBA57,protein_coding,1,iron-sulfur cluster assembly factor IBA57 [Source:HGNC Symbol;Acc:HGNC:27302]
ENSG00000183929,DUSP5P1,processed_pseudogene,1,dual specificity phosphatase 5 pseudogene 1 [Source:HGNC Symbol;Acc:HGNC:32020]
ENSG00000185888,PRSS38,protein_coding,1,serine protease 38 [Source:HGNC Symbol;Acc:HGNC:29625]
ENSG00000196890,H2BC26,protein_coding,1,H2B clustered histone 26 [Source:HGNC Symbol;Acc:HGNC:20514]
ENSG00000198835,GJC2,protein_coding,1,gap junction protein gamma 2 [Source:HGNC Symbol;Acc:HGNC:17494]
ENSG00000199270,RNA5S12,rRNA,1,"RNA, 5S ribosomal 12 [Source:HGNC Symbol;Acc:HGNC:34373]"
ENSG00000199334,RNA5S11,rRNA,1,"RNA, 5S ribosomal 11 [Source:HGNC Symbol;Acc:HGNC:34372]"
ENSG00000199337,RNA5S3,rRNA,1,"RNA, 5S ribosomal 3 [Source:HGNC Symbol;Acc:HGNC:34364]"
ENSG00000199352,RNA5S1,rRNA,1,"RNA, 5S ribosomal 1 [Source:HGNC Symbol;Acc:HGNC:34362]"
ENSG00000199396,RNA5S5,rRNA,1,"RNA, 5S ribosomal 5 [Source:HGNC Symbol;Acc:HGNC:34366]"
ENSG00000199910,RNA5S10,rRNA,1,"RNA, 5S ribosomal 10 [Source:HGNC Symbol;Acc:HGNC:34371]"
ENSG00000200343,RNA5S8,rRNA,1,"RNA, 5S ribosomal 8 [Source:HGNC Symbol;Acc:HGNC:34369]"
ENSG00000200370,RNA5S17,rRNA,1,"RNA, 5S ribosomal 17 [Source:HGNC Symbol;Acc:HGNC:34378]"
ENSG00000200381,RNA5S4,rRNA,1,"RNA, 5S ribosomal 4 [Source:HGNC Symbol;Acc:HGNC:34365]"
ENSG00000200624,RNA5S6,rRNA,1,"RNA, 5S ribosomal 6 [Source:HGNC Symbol;Acc:HGNC:34367]"
ENSG00000201321,RNA5S9,rRNA,1,"RNA, 5S ribosomal 9 [Source:HGNC Symbol;Acc:HGNC:34370]"
ENSG00000201355,RNA5S14,rRNA,1,"RNA, 5S ribosomal 14 [Source:HGNC Symbol;Acc:HGNC:34375]"
ENSG00000201588,RNA5S2,rRNA,1,"RNA, 5S ribosomal 2 [Source:HGNC Symbol;Acc:HGNC:34363]"
ENSG00000201925,RNA5S15,rRNA,1,"RNA, 5S ribosomal 15 [Source:HGNC Symbol;Acc:HGNC:34376]"
ENSG00000202056,RNA5SP19,rRNA_pseudogene,1,"RNA, 5S ribosomal pseudogene 19 [Source:HGNC Symbol;Acc:HGNC:42587]"
ENSG00000202257,RNA5S16,rRNA,1,"RNA, 5S ribosomal 16 [Source:HGNC Symbol;Acc:HGNC:34377]"
ENSG00000202264,RNA5SP77,rRNA_pseudogene,1,"RNA, 5S ribosomal pseudogene 77 [Source:HGNC Symbol;Acc:HGNC:42854]"
ENSG00000202521,RNA5S7,rRNA,1,"RNA, 5S ribosomal 7 [Source:HGNC Symbol;Acc:HGNC:34368]"
ENSG00000202526,RNA5S13,rRNA,1,"RNA, 5S ribosomal 13 [Source:HGNC Symbol;Acc:HGNC:34374]"
ENSG00000203684,IBA57-DT,lncRNA,1,IBA57 divergent transcript [Source:HGNC Symbol;Acc:HGNC:32062]
ENSG00000206878,,snoRNA,1,
ENSG00000212237,RNA5SP18,rRNA_pseudogene,1,"RNA, 5S ribosomal pseudogene 18 [Source:HGNC Symbol;Acc:HGNC:42586]"
ENSG00000215811,BTNL10P,transcribed_unitary_pseudogene,1,"butyrophilin like 10, pseudogene [Source:HGNC Symbol;Acc:HGNC:42540]"
ENSG00000215812,ZNF847P,unprocessed_pseudogene,1,"zinc finger protein 847, pseudogene [Source:HGNC Symbol;Acc:HGNC:34384]"
ENSG00000224566,CIAO2AP2,processed_pseudogene,1,CIAO2A pseudogene 2 [Source:HGNC Symbol;Acc:HGNC:43862]
ENSG00000224834,BTF3P9,processed_pseudogene,1,basic transcription factor 3 pseudogene 9 [Source:HGNC Symbol;Acc:HGNC:38573]
ENSG00000225934,FAM133FP,processed_pseudogene,1,"family with sequence similarity 133 member F, pseudogene [Source:HGNC Symbol;Acc:HGNC:54730]"
ENSG00000227625,,processed_pseudogene,1,ribosomal protein S28 (RPS28) pseudogene
ENSG00000227711,,transcribed_unprocessed_pseudogene,1,"FAM166A, pseudogene 4"
ENSG00000228382,ITPKB-IT1,lncRNA,1,ITPKB intronic transcript 1 [Source:HGNC Symbol;Acc:HGNC:41349]
ENSG00000228525,,processed_pseudogene,1,pseudogene similar to part of NADH dehydrogenase subunit 6 (ND6)
ENSG00000228548,ITPKB-AS1,lncRNA,1,ITPKB antisense RNA 1 [Source:HGNC Symbol;Acc:HGNC:40312]
ENSG00000228625,,lncRNA,1,novel transcript
ENSG00000228729,,processed_pseudogene,1,cathepsin B (CTSB) pseudogene
ENSG00000229840,ISCA1P2,processed_pseudogene,1,iron-sulfur cluster assembly 1 pseudogene 2 [Source:HGNC Symbol;Acc:HGNC:38023]
ENSG00000230005,SNAP47-AS1,lncRNA,1,SNAP47 antisense RNA 1 [Source:HGNC Symbol;Acc:HGNC:41501]
ENSG00000230841,RPL23AP15,processed_pseudogene,1,ribosomal protein L23a pseudogene 15 [Source:HGNC Symbol;Acc:HGNC:36486]
ENSG00000231563,,lncRNA,1,novel transcript
ENSG00000232864,NUCKS1P1,processed_pseudogene,1,nuclear casein kinase and cyclin dependent kinase substrate 1 pseudogene 1 [Source:HGNC Symbol;Acc:HGNC:51943]
ENSG00000233003,CICP26,unprocessed_pseudogene,1,capicua transcriptional repressor pseudogene 26 [Source:HGNC Symbol;Acc:HGNC:48834]
ENSG00000233706,,lncRNA,1,novel transcript
ENSG00000233920,,lncRNA,1,novel transcript
ENSG00000234277,LINC01641,lncRNA,1,long intergenic non-protein coding RNA 1641 [Source:HGNC Symbol;Acc:HGNC:52428]
ENSG00000234975,FTH1P2,processed_pseudogene,1,ferritin heavy chain 1 pseudogene 2 [Source:HGNC Symbol;Acc:HGNC:3989]
ENSG00000235827,TUBB8P9,transcribed_unprocessed_pseudogene,1,tubulin beta 8 class VIII pseudogene 9 [Source:HGNC Symbol;Acc:HGNC:42347]
ENSG00000236636,UBA5P1,processed_pseudogene,1,UBA5 pseudogene 1 [Source:HGNC Symbol;Acc:HGNC:56790]
ENSG00000236975,LINC02814,lncRNA,1,long intergenic non-protein coding RNA 2814 [Source:HGNC Symbol;Acc:HGNC:54346]
ENSG00000237193,,processed_pseudogene,1,novel pseudogene
ENSG00000237469,TUBB8P10,unprocessed_pseudogene,1,tubulin beta 8 class VIII pseudogene 10 [Source:HGNC Symbol;Acc:HGNC:42348]
ENSG00000238183,RPS27P5,processed_pseudogene,1,ribosomal protein S27 pseudogene 5 [Source:HGNC Symbol;Acc:HGNC:36734]
ENSG00000242757,,transcribed_processed_pseudogene,1,ribosomal protein S18 (RPS18) pseudogene
ENSG00000251823,RNA5SP162,rRNA_pseudogene,1,"RNA, 5S ribosomal pseudogene 162 [Source:HGNC Symbol;Acc:HGNC:43062]"
ENSG00000264483,MIR5008,miRNA,1,microRNA 5008 [Source:HGNC Symbol;Acc:HGNC:43546]
ENSG00000266174,MIR4666A,miRNA,1,microRNA 4666a [Source:HGNC Symbol;Acc:HGNC:41750]
ENSG00000269934,,lncRNA,1,"novel transcript, antisense to OBSCN"
ENSG00000270094,TRIM11-AS1,lncRNA,1,TRIM11 antisense RNA 1 [Source:HGNC Symbol;Acc:HGNC:58336]
ENSG00000270104,,lncRNA,1,novel transcript
ENSG00000270110,,lncRNA,1,"novel transcript, antisense to OBSCN"
ENSG00000271399,,processed_pseudogene,1,MAP/microtubule affinity-regulating kinase 2 (MARK2) pseudogene
ENSG00000271475,,processed_pseudogene,1,eukaryotic translation elongation factor 1 alpha 2 (EEF1A2) pseudogene
ENSG00000274886,SEPTIN14P17,transcribed_unprocessed_pseudogene,1,septin 14 pseudogene 17 [Source:HGNC Symbol;Acc:HGNC:51703]
ENSG00000276255,LINC02809,lncRNA,1,long intergenic non-protein coding RNA 2809 [Source:HGNC Symbol;Acc:HGNC:54341]
ENSG00000278180,,unprocessed_pseudogene,1,"FAM166A, pseudogene 5"
ENSG00000279306,,TEC,1,novel transcript
ENSG00000280157,,TEC,1,TEC
ENSG00000284163,MIR3620,miRNA,1,microRNA 3620 [Source:HGNC Symbol;Acc:HGNC:38917]
ENSG00000284311,MIR6742,miRNA,1,microRNA 6742 [Source:HGNC Symbol;Acc:HGNC:50090]
ENSG00000010072,SPRTN,protein_coding,1,SprT-like N-terminal domain [Source:HGNC Symbol;Acc:HGNC:25356]
ENSG00000059588,TARBP1,protein_coding,1,tRNA guanosine 2 -O-methyltransferase TARBP1 [Source:HGNC Symbol;Acc:HGNC:11568]
ENSG00000069248,NUP133,protein_coding,1,nucleoporin 133 [Source:HGNC Symbol;Acc:HGNC:18016]
ENSG00000116903,EXOC8,protein_coding,1,exocyst complex component 8 [Source:HGNC Symbol;Acc:HGNC:24659]
ENSG00000116906,GNPAT,protein_coding,1,glyceronephosphate O-acyltransferase [Source:HGNC Symbol;Acc:HGNC:4416]
ENSG00000116918,TSNAX,protein_coding,1,translin associated factor X [Source:HGNC Symbol;Acc:HGNC:12380]
ENSG00000116991,SIPA1L2,protein_coding,1,signal induced proliferation associated 1 like 2 [Source:HGNC Symbol;Acc:HGNC:23800]
ENSG00000119280,C1orf198,protein_coding,1,chromosome 1 open reading frame 198 [Source:HGNC Symbol;Acc:HGNC:25900]
ENSG00000119283,TRIM67,protein_coding,1,tripartite motif containing 67 [Source:HGNC Symbol;Acc:HGNC:31859]
ENSG00000135744,AGT,protein_coding,1,angiotensinogen [Source:HGNC Symbol;Acc:HGNC:333]
ENSG00000135749,PCNX2,protein_coding,1,pecanex 2 [Source:HGNC Symbol;Acc:HGNC:8736]
ENSG00000135750,KCNK1,protein_coding,1,potassium two pore domain channel subfamily K member 1 [Source:HGNC Symbol;Acc:HGNC:6272]
ENSG00000135763,URB2,protein_coding,1,URB2 ribosome biogenesis homolog [Source:HGNC Symbol;Acc:HGNC:28967]
ENSG00000135766,EGLN1,protein_coding,1,egl-9 family hypoxia inducible factor 1 [Source:HGNC Symbol;Acc:HGNC:1232]
ENSG00000135773,CAPN9,protein_coding,1,calpain 9 [Source:HGNC Symbol;Acc:HGNC:1486]
ENSG00000135775,COG2,protein_coding,1,component of oligomeric golgi complex 2 [Source:HGNC Symbol;Acc:HGNC:6546]
ENSG00000135776,ABCB10,protein_coding,1,ATP binding cassette subfamily B member 10 [Source:HGNC Symbol;Acc:HGNC:41]
ENSG00000135778,NTPCR,protein_coding,1,"nucleoside-triphosphatase, cancer-related [Source:HGNC Symbol;Acc:HGNC:28204]"
ENSG00000135801,TAF5L,protein_coding,1,TATA-box binding protein associated factor 5 like [Source:HGNC Symbol;Acc:HGNC:17304]
ENSG00000143632,ACTA1,protein_coding,1,"actin alpha 1, skeletal muscle [Source:HGNC Symbol;Acc:HGNC:129]"
ENSG00000143633,FSAF1,protein_coding,1,40S small subunit processome assembly factor 1 [Source:HGNC Symbol;Acc:HGNC:25332]
ENSG00000143641,GALNT2,protein_coding,1,polypeptide N-acetylgalactosaminyltransferase 2 [Source:HGNC Symbol;Acc:HGNC:4124]
ENSG00000143643,TTC13,protein_coding,1,tetratricopeptide repeat domain 13 [Source:HGNC Symbol;Acc:HGNC:26204]
ENSG00000143674,MAP3K21,protein_coding,1,mitogen-activated protein kinase kinase kinase 21 [Source:HGNC Symbol;Acc:HGNC:29798]
ENSG00000154429,CCSAP,protein_coding,1,"centriole, cilia and spindle associated protein [Source:HGNC Symbol;Acc:HGNC:29578]"
ENSG00000162946,DISC1,protein_coding,1,DISC1 scaffold protein [Source:HGNC Symbol;Acc:HGNC:2888]
ENSG00000168264,IRF2BP2,protein_coding,1,interferon regulatory factor 2 binding protein 2 [Source:HGNC Symbol;Acc:HGNC:21729]
ENSG00000168275,COA6,protein_coding,1,cytochrome c oxidase assembly factor 6 [Source:HGNC Symbol;Acc:HGNC:18025]
ENSG00000173409,ARV1,protein_coding,1,"ARV1 homolog, fatty acid homeostasis modulator [Source:HGNC Symbol;Acc:HGNC:29561]"
ENSG00000177614,PGBD5,protein_coding,1,piggyBac transposable element derived 5 [Source:HGNC Symbol;Acc:HGNC:19405]
ENSG00000182118,FAM89A,protein_coding,1,family with sequence similarity 89 member A [Source:HGNC Symbol;Acc:HGNC:25057]
ENSG00000183780,SLC35F3,protein_coding,1,solute carrier family 35 member F3 [Source:HGNC Symbol;Acc:HGNC:23616]
ENSG00000199672,RNU4-21P,snRNA,1,"RNA, U4 small nuclear 21, pseudogene [Source:HGNC Symbol;Acc:HGNC:46957]"
ENSG00000201492,RNA5SP78,rRNA_pseudogene,1,"RNA, 5S ribosomal pseudogene 78 [Source:HGNC Symbol;Acc:HGNC:42855]"
ENSG00000202063,RNA5SP79,rRNA_pseudogene,1,"RNA, 5S ribosomal pseudogene 79 [Source:HGNC Symbol;Acc:HGNC:42856]"
ENSG00000206835,RNU1-74P,snRNA,1,"RNA, U1 small nuclear 74, pseudogene [Source:HGNC Symbol;Acc:HGNC:48416]"
ENSG00000212144,U8,snoRNA,1,U8 small nucleolar RNA [Source:RFAM;Acc:RF00096]
ENSG00000212916,MAP10,protein_coding,1,microtubule associated protein 10 [Source:HGNC Symbol;Acc:HGNC:29265]
ENSG00000213028,KIAA1191P3,processed_pseudogene,1,KIAA1191 pseudogene 3 [Source:HGNC Symbol;Acc:HGNC:56787]
ENSG00000222407,RNA5SP80,rRNA_pseudogene,1,"RNA, 5S ribosomal pseudogene 80 [Source:HGNC Symbol;Acc:HGNC:42857]"
ENSG00000222986,RNU5A-5P,snRNA,1,"RNA, U5A small nuclear 5, pseudogene [Source:HGNC Symbol;Acc:HGNC:42525]"
ENSG00000223393,,lncRNA,1,novel transcript
ENSG00000223635,NUP133-DT,lncRNA,1,NUP133 divergent transcript [Source:HGNC Symbol;Acc:HGNC:55870]
ENSG00000223982,SNRPD2P2,processed_pseudogene,1,small nuclear ribonucleoprotein D2 pseudogene 2 [Source:HGNC Symbol;Acc:HGNC:38598]
ENSG00000224407,,lncRNA,1,novel transcript
ENSG00000224436,,processed_pseudogene,1,DEAD (Asp-Glu-Ala-Asp) box polypeptide 60 (DDX60) pseudogene
ENSG00000224939,LINC00184,lncRNA,1,long intergenic non-protein coding RNA 184 [Source:HGNC Symbol;Acc:HGNC:37192]
ENSG00000225486,,processed_pseudogene,1,"acid phosphatase 1, soluble (ACP1) pseudogene"
ENSG00000225656,,lncRNA,1,novel transcript
ENSG00000225919,LINC01745,lncRNA,1,long intergenic non-protein coding RNA 1745 [Source:HGNC Symbol;Acc:HGNC:52533]
ENSG00000225984,HMGB1P26,processed_pseudogene,1,high mobility group box 1 pseudogene 26 [Source:HGNC Symbol;Acc:HGNC:39117]
ENSG00000226758,DISC1-IT1,lncRNA,1,DISC1 intronic transcript 1 [Source:HGNC Symbol;Acc:HGNC:41325]
ENSG00000226920,,lncRNA,1,novel transcript
ENSG00000227006,,lncRNA,1,novel transcript
ENSG00000227043,LINC01682,lncRNA,1,long intergenic non-protein coding RNA 1682 [Source:HGNC Symbol;Acc:HGNC:52470]
ENSG00000227934,,processed_pseudogene,1,ring finger protein 4 (RNF4) pseudogene
ENSG00000228044,,lncRNA,1,novel transcript
ENSG00000228058,LINC01736,lncRNA,1,long intergenic non-protein coding RNA 1736 [Source:HGNC Symbol;Acc:HGNC:52524]
ENSG00000228830,,lncRNA,1,novel transcript
ENSG00000229228,LINC00582,lncRNA,1,long intergenic non-protein coding RNA 582 [Source:HGNC Symbol;Acc:HGNC:43842]
ENSG00000229367,HMGN2P19,transcribed_processed_pseudogene,1,high mobility group nucleosomal binding domain 2 pseudogene 19 [Source:HGNC Symbol;Acc:HGNC:39383]
ENSG00000229595,,processed_pseudogene,1,peptidylprolyl isomerase A (cyclophilin A) pseudogene (PPIA)
ENSG00000230331,,processed_pseudogene,1,ribosomal protein L21 (RPL21) pseudogene
ENSG00000230404,,lncRNA,1,novel transcript
ENSG00000231272,,lncRNA,1,novel transcript
ENSG00000231663,COA6-AS1,lncRNA,1,COA6 antisense RNA 1 [Source:HGNC Symbol;Acc:HGNC:40825]
ENSG00000231768,LINC01354,lncRNA,1,long intergenic non-protein coding RNA 1354 [Source:HGNC Symbol;Acc:HGNC:50581]
ENSG00000231940,RPS7P3,processed_pseudogene,1,ribosomal protein S7 pseudogene 3 [Source:HGNC Symbol;Acc:HGNC:36518]
ENSG00000232166,,processed_pseudogene,1,ribosomal protein L9 (RPL9) pseudogene
ENSG00000232175,,processed_pseudogene,1,chromosome 9 open reading frame 78 (C9orf78) pseudogene
ENSG00000232964,LINC01737,lncRNA,1,long intergenic non-protein coding RNA 1737 [Source:HGNC Symbol;Acc:HGNC:52525]
ENSG00000233332,,lncRNA,1,novel transcript
ENSG00000233461,TSNAX-DT,lncRNA,1,TSNAX divergent transcript [Source:HGNC Symbol;Acc:HGNC:58098]
ENSG00000235152,,lncRNA,1,novel transcript
ENSG00000235605,,processed_pseudogene,1,ribosomal protein S15 (RPS15) pseudogene
ENSG00000235710,TRIM67-AS1,lncRNA,1,TRIM67 antisense RNA 1 [Source:HGNC Symbol;Acc:HGNC:41282]
ENSG00000235817,,processed_pseudogene,1,ribosomal protein S24 (RPS24) pseudogene
ENSG00000236101,RAC1P7,processed_pseudogene,1,Rac family small GTPase 1 pseudogene 7 [Source:HGNC Symbol;Acc:HGNC:42007]
ENSG00000236244,SLC35F3-AS1,lncRNA,1,SLC35F3 antisense RNA 1 [Source:HGNC Symbol;Acc:HGNC:41027]
ENSG00000236358,,lncRNA,1,novel transcript
ENSG00000236372,,lncRNA,1,novel transcript
ENSG00000236497,LINC01744,lncRNA,1,long intergenic non-protein coding RNA 1744 [Source:HGNC Symbol;Acc:HGNC:52532]
ENSG00000237481,,lncRNA,1,novel transcript
ENSG00000238382,RNU6-1211P,snRNA,1,"RNA, U6 small nuclear 1211, pseudogene [Source:HGNC Symbol;Acc:HGNC:48174]"
ENSG00000240502,RN7SL837P,misc_RNA,1,"RNA, 7SL, cytoplasmic 837, pseudogene [Source:HGNC Symbol;Acc:HGNC:46853]"
ENSG00000242794,RN7SL299P,misc_RNA,1,"RNA, 7SL, cytoplasmic 299, pseudogene [Source:HGNC Symbol;Acc:HGNC:46315]"
ENSG00000244137,CAPN9-AS1,lncRNA,1,CAPN9 antisense RNA 1 [Source:HGNC Symbol;Acc:HGNC:58238]
ENSG00000251508,,unprocessed_pseudogene,1,pecanex homolog (Drosophila) (PCNX) pseudogene
ENSG00000252051,RN7SKP276,misc_RNA,1,RN7SK pseudogene 276 [Source:HGNC Symbol;Acc:HGNC:46000]
ENSG00000252501,RNU4-77P,snRNA,1,"RNA, U4 small nuclear 77, pseudogene [Source:HGNC Symbol;Acc:HGNC:47013]"
ENSG00000252506,RNU6-180P,snRNA,1,"RNA, U6 small nuclear 180, pseudogene [Source:HGNC Symbol;Acc:HGNC:47143]"
ENSG00000264377,MIR4671,miRNA,1,microRNA 4671 [Source:HGNC Symbol;Acc:HGNC:41598]
ENSG00000265744,MIR4427,miRNA,1,microRNA 4427 [Source:HGNC Symbol;Acc:HGNC:41678]
ENSG00000270106,TSNAX-DISC1,protein_coding,1,TSNAX-DISC1 readthrough (NMD candidate) [Source:HGNC Symbol;Acc:HGNC:49177]
ENSG00000272362,,lncRNA,1,novel transcript
ENSG00000273367,,lncRNA,1,novel transcript
ENSG00000274121,,misc_RNA,1,
ENSG00000282564,,lncRNA,1,novel transcript
ENSG00000283799,MIR1182,miRNA,1,microRNA 1182 [Source:HGNC Symbol;Acc:HGNC:35263]
ENSG00000054267,ARID4B,protein_coding,1,AT-rich interaction domain 4B [Source:HGNC Symbol;Acc:HGNC:15550]
ENSG00000077522,ACTN2,protein_coding,1,actinin alpha 2 [Source:HGNC Symbol;Acc:HGNC:164]
ENSG00000077585,GPR137B,protein_coding,1,G protein-coupled receptor 137B [Source:HGNC Symbol;Acc:HGNC:11862]
ENSG00000086619,ERO1B,protein_coding,1,endoplasmic reticulum oxidoreductase 1 beta [Source:HGNC Symbol;Acc:HGNC:14355]
ENSG00000116962,NID1,protein_coding,1,nidogen 1 [Source:HGNC Symbol;Acc:HGNC:7821]
ENSG00000116977,LGALS8,protein_coding,1,galectin 8 [Source:HGNC Symbol;Acc:HGNC:6569]
ENSG00000116984,MTR,protein_coding,1,5-methyltetrahydrofolate-homocysteine methyltransferase [Source:HGNC Symbol;Acc:HGNC:7468]
ENSG00000116996,ZP4,protein_coding,1,zona pellucida glycoprotein 4 [Source:HGNC Symbol;Acc:HGNC:15770]
ENSG00000119285,HEATR1,protein_coding,1,HEAT repeat containing 1 [Source:HGNC Symbol;Acc:HGNC:25517]
ENSG00000133019,CHRM3,protein_coding,1,cholinergic receptor muscarinic 3 [Source:HGNC Symbol;Acc:HGNC:1952]
ENSG00000143669,LYST,protein_coding,1,lysosomal trafficking regulator [Source:HGNC Symbol;Acc:HGNC:1968]
ENSG00000152904,GGPS1,protein_coding,1,geranylgeranyl diphosphate synthase 1 [Source:HGNC Symbol;Acc:HGNC:4249]
ENSG00000155816,FMN2,protein_coding,1,formin 2 [Source:HGNC Symbol;Acc:HGNC:14074]
ENSG00000162885,B3GALNT2,protein_coding,1,"beta-1,3-N-acetylgalactosaminyltransferase 2 [Source:HGNC Symbol;Acc:HGNC:28596]"
ENSG00000168243,GNG4,protein_coding,1,G protein subunit gamma 4 [Source:HGNC Symbol;Acc:HGNC:4407]
ENSG00000173726,TOMM20,protein_coding,1,translocase of outer mitochondrial membrane 20 [Source:HGNC Symbol;Acc:HGNC:20947]
ENSG00000180875,GREM2,protein_coding,1,"gremlin 2, DAN family BMP antagonist [Source:HGNC Symbol;Acc:HGNC:17655]"
ENSG00000186197,EDARADD,protein_coding,1,EDAR associated via death domain [Source:HGNC Symbol;Acc:HGNC:14341]
ENSG00000188739,RBM34,protein_coding,1,RNA binding motif protein 34 [Source:HGNC Symbol;Acc:HGNC:28965]
ENSG00000198626,RYR2,protein_coding,1,ryanodine receptor 2 [Source:HGNC Symbol;Acc:HGNC:10484]
ENSG00000201638,RNY4P16,misc_RNA,1,RNY4 pseudogene 16 [Source:HGNC Symbol;Acc:HGNC:34066]
ENSG00000202041,Y_RNA,misc_RNA,1,Y RNA [Source:RFAM;Acc:RF00019]
ENSG00000206803,RNU6-968P,snRNA,1,"RNA, U6 small nuclear 968, pseudogene [Source:HGNC Symbol;Acc:HGNC:47931]"
ENSG00000207181,SNORA14B,snoRNA,1,"small nucleolar RNA, H/ACA box 14B [Source:HGNC Symbol;Acc:HGNC:32603]"
ENSG00000215149,KRT18P32,processed_pseudogene,1,keratin 18 pseudogene 32 [Source:HGNC Symbol;Acc:HGNC:33401]
ENSG00000215805,,processed_pseudogene,1,3-hydroxy-3-methylglutaryl-Coenzyme A synthase 1 (soluble) (HMGCS1) pseudogene
ENSG00000215808,LINC01139,lncRNA,1,long intergenic non-protein coding RNA 1139 [Source:HGNC Symbol;Acc:HGNC:27924]
ENSG00000217327,RPS7P5,transcribed_processed_pseudogene,1,ribosomal protein S7 pseudogene 5 [Source:HGNC Symbol;Acc:HGNC:37037]
ENSG00000222650,RNU2-70P,snRNA,1,"RNA, U2 small nuclear 70, pseudogene [Source:HGNC Symbol;Acc:HGNC:48563]"
ENSG00000222831,MIR1537,miRNA,1,microRNA 1537 [Source:HGNC Symbol;Acc:HGNC:35381]
ENSG00000223694,ADH5P3,processed_pseudogene,1,ADH5 pseudogene 3 [Source:HGNC Symbol;Acc:HGNC:22991]
ENSG00000223776,LGALS8-AS1,lncRNA,1,LGALS8 antisense RNA 1 [Source:HGNC Symbol;Acc:HGNC:40340]
ENSG00000224359,,lncRNA,1,"novel transcript, antisense to GREM2"
ENSG00000224783,MIPEPP2,processed_pseudogene,1,mitochondrial intermediate peptidase pseudogene 2 [Source:HGNC Symbol;Acc:HGNC:39457]
ENSG00000225723,MTND6P15,processed_pseudogene,1,MT-ND6 pseudogene 15 [Source:HGNC Symbol;Acc:HGNC:39478]
ENSG00000226498,RPSAP21,processed_pseudogene,1,ribosomal protein SA pseudogene 21 [Source:HGNC Symbol;Acc:HGNC:36928]
ENSG00000226663,MTND4P10,processed_pseudogene,1,MT-ND4 pseudogene 10 [Source:HGNC Symbol;Acc:HGNC:42225]
ENSG00000227236,,processed_pseudogene,1,"solute carrier family 39 (zinc transporter), member 14 pseudogene (SLC39A14)"
ENSG00000227630,LINC01132,lncRNA,1,long intergenic non-protein coding RNA 1132 [Source:HGNC Symbol;Acc:HGNC:49444]
ENSG00000227854,,processed_pseudogene,1,ribosomal protein L39 (RPL39) pseudogene
ENSG00000227860,MTND5P18,processed_pseudogene,1,MT-ND5 pseudogene 18 [Source:HGNC Symbol;Acc:HGNC:42302]
ENSG00000227962,,processed_pseudogene,1,"ubiquitin-conjugating enzyme E2G 1 (UBC7 homolog, C. elegans) (UBE2G10 pseudogene"
ENSG00000228818,,processed_pseudogene,1,proteasome 26S non-ATPase subunit 2 (PSMD2) pseudogene
ENSG00000229291,LINC02768,lncRNA,1,long intergenic non-protein coding RNA 2768 [Source:HGNC Symbol;Acc:HGNC:54288]
ENSG00000229795,RPS21P1,transcribed_processed_pseudogene,1,ribosomal protein S21 pseudogene 1 [Source:HGNC Symbol;Acc:HGNC:36401]
ENSG00000230019,YWHAQP9,processed_pseudogene,1,YWHAQ pseudogene 9 [Source:HGNC Symbol;Acc:HGNC:37688]
ENSG00000230026,,processed_pseudogene,1,dentatorubral-pallidoluysian atrophy (atrophin-1) (DRPLA) pseudogene
ENSG00000230325,,lncRNA,1,novel transcript
ENSG00000230628,,lncRNA,1,novel transcript
ENSG00000231199,MTND5P19,processed_pseudogene,1,MT-ND5 pseudogene 19 [Source:HGNC Symbol;Acc:HGNC:42301]
ENSG00000231582,MTND4LP21,processed_pseudogene,1,MT-ND4L pseudogene 21 [Source:HGNC Symbol;Acc:HGNC:42255]
ENSG00000232154,MTCYBP15,processed_pseudogene,1,MT-CYB pseudogene 15 [Source:HGNC Symbol;Acc:HGNC:51968]
ENSG00000232714,MTND3P8,processed_pseudogene,1,MT-ND3 pseudogene 8 [Source:HGNC Symbol;Acc:HGNC:42153]
ENSG00000232989,,processed_pseudogene,1,"POM (POM121 homolog, rat) and ZP3 fusion (POMZP3) pseudogene fragment"
ENSG00000233018,,processed_pseudogene,1,pseudogene similar to part of ribosomal protein L32 (RPL32)
ENSG00000233355,CHRM3-AS2,lncRNA,1,CHRM3 antisense RNA 2 [Source:HGNC Symbol;Acc:HGNC:43725]
ENSG00000233519,,lncRNA,1,"novel transcript, antisense to FMN2"
ENSG00000233735,,lncRNA,1,novel transcript
ENSG00000234464,,lncRNA,1,novel transcript
ENSG00000234601,CHRM3-AS1,lncRNA,1,CHRM3 antisense RNA 1 [Source:HGNC Symbol;Acc:HGNC:40150]
ENSG00000235371,ACO2P2,processed_pseudogene,1,ACO2 pseudogene 2 [Source:HGNC Symbol;Acc:HGNC:56990]
ENSG00000235638,MTND6P14,processed_pseudogene,1,MT-ND6 pseudogene 14 [Source:HGNC Symbol;Acc:HGNC:39477]
ENSG00000235674,LDHAP2,processed_pseudogene,1,lactate dehydrogenase A pseudogene 2 [Source:HGNC Symbol;Acc:HGNC:6537]
ENSG00000235761,MTCO3P46,processed_pseudogene,1,MT-CO3 pseudogene 46 [Source:HGNC Symbol;Acc:HGNC:52165]
ENSG00000236863,RPL23AP23,processed_pseudogene,1,ribosomal protein L23a pseudogene 23 [Source:HGNC Symbol;Acc:HGNC:36272]
ENSG00000237250,,lncRNA,1,novel transcript
ENSG00000237520,LINC02971,lncRNA,1,long intergenic non-protein coding RNA 2971 [Source:HGNC Symbol;Acc:HGNC:56012]
ENSG00000237922,,processed_pseudogene,1,"FK506 binding protein 3, 25kDa (FKBP3) pseudogene"
ENSG00000237991,RPL35P1,processed_pseudogene,1,ribosomal protein L35 pseudogene 1 [Source:HGNC Symbol;Acc:HGNC:36695]
ENSG00000238005,LNCATV,lncRNA,1,lncRNA negative regulator of antiviral signaling [Source:HGNC Symbol;Acc:HGNC:54478]
ENSG00000238236,MTCYBP14,processed_pseudogene,1,MT-CYB pseudogene 14 [Source:HGNC Symbol;Acc:HGNC:51960]
ENSG00000239690,RN7SL668P,misc_RNA,1,"RNA, 7SL, cytoplasmic 668, pseudogene [Source:HGNC Symbol;Acc:HGNC:46684]"
ENSG00000243781,,transcribed_processed_pseudogene,1,"actin, beta (ACTB) pseudogene"
ENSG00000244020,MT1HL1,protein_coding,1,metallothionein 1H like 1 [Source:HGNC Symbol;Acc:HGNC:31864]
ENSG00000244457,ENO1P1,transcribed_processed_pseudogene,1,enolase 1 pseudogene 1 [Source:HGNC Symbol;Acc:HGNC:3352]
ENSG00000252290,,snoRNA,1,
ENSG00000252317,Y_RNA,misc_RNA,1,Y RNA [Source:RFAM;Acc:RF00019]
ENSG00000252371,RNU6-725P,snRNA,1,"RNA, U6 small nuclear 725, pseudogene [Source:HGNC Symbol;Acc:HGNC:47688]"
ENSG00000252396,RN7SKP195,misc_RNA,1,RN7SK pseudogene 195 [Source:HGNC Symbol;Acc:HGNC:45919]
ENSG00000252822,Y_RNA,misc_RNA,1,Y RNA [Source:RFAM;Acc:RF00019]
ENSG00000258082,LINC03108,lncRNA,1,long intergenic non-protein coding RNA 3108 [Source:HGNC Symbol;Acc:HGNC:56844]
ENSG00000259776,,lncRNA,1,novel transcript
ENSG00000263439,MIR4753,miRNA,1,microRNA 4753 [Source:HGNC Symbol;Acc:HGNC:41527]
ENSG00000266262,MIR4428,miRNA,1,microRNA 4428 [Source:HGNC Symbol;Acc:HGNC:41667]
ENSG00000270710,,processed_pseudogene,1,"methylenetetrahydrofolate dehydrogenase (NADP+ dependent) 1, methenyltetrahydrofolate cyclohydrolase, formyltetrahydrofolate synthetase (MTHFD1) pseudogene"
ENSG00000273058,,lncRNA,1,novel transcript
ENSG00000273416,,lncRNA,1,novel transcript
ENSG00000279261,LINC02961,lncRNA,1,long intergenic non-protein coding RNA 2961 [Source:HGNC Symbol;Acc:HGNC:55986]
ENSG00000280587,LINC01348,lncRNA,1,long intergenic non-protein coding RNA 1348 [Source:HGNC Symbol;Acc:HGNC:50567]
ENSG00000282097,,lncRNA,1,novel transcript
ENSG00000283166,,processed_pseudogene,1,mitochondrially encoded NADH dehydrogenase 2 (MT-ND2) pseudogene
ENSG00000283174,MTCO1P38,processed_pseudogene,1,MT-CO1 pseudogene 38 [Source:HGNC Symbol;Acc:HGNC:52103]
ENSG00000283377,,processed_pseudogene,1,mitochondrially encoded NADH dehydrogenase 1 (MT-ND1) pseudogene
